TransactionID,UserID,CourseID,TransactionDate,Amount,PaymentMethod,TeacherID,Year,Month,MonthName,Quarter,Day,DayOfWeek,DayName
TT00001,U00003,CR00016,2025-10-25,0.0,PayPal,TC00040,2025,10,October,4,25,5,Saturday
TT00002,U00003,CR00037,2025-01-13,0.0,PayPal,TC00040,2025,1,January,1,13,0,Monday
TT00003,U00003,CR00019,2025-03-28,0.0,Bank Transfer,TC00040,2025,3,March,1,28,4,Friday
TT00004,U00004,CR00048,2025-06-02,0.0,Bank Transfer,TC00040,2025,6,June,2,2,0,Monday
TT00005,U00004,CR00060,2025-08-10,0.0,PayPal,TC00042,2025,8,August,3,10,6,Sunday
TT00006,U00004,CR00042,2025-10-30,0.0,Credit Card,TC00042,2025,10,October,4,30,3,Thursday
TT00007,U00004,CR00017,2025-05-09,0.0,Bank Transfer,TC00042,2025,5,May,2,9,4,Friday
TT00008,U00004,CR00025,2025-05-07,299.57,Credit Card,TC00040,2025,5,May,2,7,2,Wednesday
TT00009,U00013,CR00003,2025-10-05,0.0,PayPal,TC00040,2025,10,October,4,5,6,Sunday
TT00010,U00013,CR00032,2025-09-29,0.0,Bank Transfer,TC00040,2025,9,September,3,29,0,Monday
TT00011,U00013,CR00060,2025-11-26,0.0,PayPal,TC00042,2025,11,November,4,26,2,Wednesday
TT00012,U00013,CR00030,2025-01-20,0.0,Bank Transfer,TC00042,2025,1,January,1,20,0,Monday
TT00013,U00013,CR00056,2025-08-28,212.39,Bank Transfer,TC00042,2025,8,August,3,28,3,Thursday
TT00014,U00015,CR00045,2025-04-27,0.0,PayPal,TC00040,2025,4,April,2,27,6,Sunday
TT00015,U00015,CR00046,2025-02-19,248.1,Bank Transfer,TC00040,2025,2,February,1,19,2,Wednesday
TT00016,U00015,CR00040,2025-12-22,327.99,Credit Card,TC00040,2025,12,December,4,22,0,Monday
TT00017,U00015,CR00019,2025-07-14,0.0,Bank Transfer,TC00042,2025,7,July,3,14,0,Monday
TT00018,U00018,CR00046,2025-05-22,248.1,Credit Card,TC00040,2025,5,May,2,22,3,Thursday
TT00019,U00018,CR00047,2025-04-21,89.59,PayPal,TC00040,2025,4,April,2,21,0,Monday
TT00020,U00018,CR00045,2025-01-12,0.0,Credit Card,TC00040,2025,1,January,1,12,6,Sunday
TT00021,U00018,CR00001,2025-03-24,472.28,PayPal,TC00042,2025,3,March,1,24,0,Monday
TT00022,U00018,CR00029,2025-01-20,0.0,Credit Card,TC00042,2025,1,January,1,20,0,Monday
TT00023,U00028,CR00040,2025-05-06,327.99,Bank Transfer,TC00042,2025,5,May,2,6,1,Tuesday
TT00024,U00028,CR00010,2025-08-12,0.0,Bank Transfer,TC00042,2025,8,August,3,12,1,Tuesday
TT00025,U00028,CR00056,2025-03-04,212.39,Credit Card,TC00040,2025,3,March,1,4,1,Tuesday
TT00026,U00028,CR00021,2025-04-17,0.0,Credit Card,TC00040,2025,4,April,2,17,3,Thursday
TT00027,U00028,CR00031,2025-04-20,0.0,Bank Transfer,TC00040,2025,4,April,2,20,6,Sunday
TT00028,U00045,CR00043,2025-05-06,0.0,Credit Card,TC00040,2025,5,May,2,6,1,Tuesday
TT00029,U00045,CR00036,2025-04-28,0.0,PayPal,TC00040,2025,4,April,2,28,0,Monday
TT00030,U00045,CR00045,2025-07-10,0.0,Bank Transfer,TC00040,2025,7,July,3,10,3,Thursday
TT00031,U00045,CR00035,2025-07-27,0.0,Credit Card,TC00040,2025,7,July,3,27,6,Sunday
TT00032,U00048,CR00022,2025-11-19,0.0,Bank Transfer,TC00040,2025,11,November,4,19,2,Wednesday
TT00033,U00048,CR00016,2025-03-21,0.0,Bank Transfer,TC00040,2025,3,March,1,21,4,Friday
TT00034,U00048,CR00037,2025-05-25,0.0,PayPal,TC00040,2025,5,May,2,25,6,Sunday
TT00035,U00048,CR00025,2025-05-08,299.57,Credit Card,TC00040,2025,5,May,2,8,3,Thursday
TT00036,U00055,CR00058,2025-04-29,0.0,Bank Transfer,TC00040,2025,4,April,2,29,1,Tuesday
TT00037,U00055,CR00057,2025-05-17,177.34,PayPal,TC00040,2025,5,May,2,17,5,Saturday
TT00038,U00055,CR00014,2025-09-21,0.0,Credit Card,TC00040,2025,9,September,3,21,6,Sunday
TT00039,U00055,CR00016,2025-06-02,0.0,Credit Card,TC00042,2025,6,June,2,2,0,Monday
TT00040,U00055,CR00051,2025-09-14,37.89,PayPal,TC00042,2025,9,September,3,14,6,Sunday
TT00041,U00071,CR00025,2025-03-02,299.57,Credit Card,TC00042,2025,3,March,1,2,6,Sunday
TT00042,U00071,CR00048,2025-03-18,0.0,Bank Transfer,TC00042,2025,3,March,1,18,1,Tuesday
TT00043,U00071,CR00015,2025-10-16,285.05,Bank Transfer,TC00040,2025,10,October,4,16,3,Thursday
TT00044,U00083,CR00028,2025-12-08,0.78,PayPal,TC00042,2025,12,December,4,8,0,Monday
TT00045,U00083,CR00054,2025-09-09,0.0,Bank Transfer,TC00042,2025,9,September,3,9,1,Tuesday
TT00046,U00083,CR00044,2025-09-21,119.04,Credit Card,TC00040,2025,9,September,3,21,6,Sunday
TT00047,U00083,CR00040,2025-11-15,327.99,PayPal,TC00040,2025,11,November,4,15,5,Saturday
TT00048,U00085,CR00035,2025-11-11,0.0,Bank Transfer,TC00040,2025,11,November,4,11,1,Tuesday
TT00049,U00085,CR00053,2025-06-15,0.0,Credit Card,TC00040,2025,6,June,2,15,6,Sunday
TT00050,U00085,CR00002,2025-03-01,0.0,Credit Card,TC00042,2025,3,March,1,1,5,Saturday
TT00051,U00109,CR00002,2025-04-26,0.0,PayPal,TC00040,2025,4,April,2,26,5,Saturday
TT00052,U00109,CR00023,2025-02-11,0.0,Credit Card,TC00040,2025,2,February,1,11,1,Tuesday
TT00053,U00109,CR00054,2025-02-21,0.0,Credit Card,TC00040,2025,2,February,1,21,4,Friday
TT00054,U00112,CR00024,2025-10-21,117.68,PayPal,TC00042,2025,10,October,4,21,1,Tuesday
TT00055,U00112,CR00036,2025-04-07,0.0,PayPal,TC00040,2025,4,April,2,7,0,Monday
TT00056,U00112,CR00007,2025-02-22,0.0,PayPal,TC00040,2025,2,February,1,22,5,Saturday
TT00057,U00112,CR00016,2025-06-05,0.0,Bank Transfer,TC00042,2025,6,June,2,5,3,Thursday
TT00058,U00112,CR00023,2025-02-25,0.0,PayPal,TC00040,2025,2,February,1,25,1,Tuesday
TT00059,U00117,CR00008,2025-10-15,0.0,PayPal,TC00042,2025,10,October,4,15,2,Wednesday
TT00060,U00117,CR00027,2025-08-03,0.0,Credit Card,TC00042,2025,8,August,3,3,6,Sunday
TT00061,U00117,CR00001,2025-11-28,472.28,PayPal,TC00040,2025,11,November,4,28,4,Friday
TT00062,U00126,CR00060,2025-07-17,0.0,PayPal,TC00042,2025,7,July,3,17,3,Thursday
TT00063,U00126,CR00036,2025-10-01,0.0,Credit Card,TC00042,2025,10,October,4,1,2,Wednesday
TT00064,U00126,CR00050,2025-01-06,490.9,Bank Transfer,TC00042,2025,1,January,1,6,0,Monday
TT00065,U00126,CR00028,2025-04-16,0.78,Credit Card,TC00042,2025,4,April,2,16,2,Wednesday
TT00066,U00128,CR00027,2025-02-21,0.0,Credit Card,TC00042,2025,2,February,1,21,4,Friday
TT00067,U00128,CR00054,2025-12-10,0.0,PayPal,TC00042,2025,12,December,4,10,2,Wednesday
TT00068,U00128,CR00050,2025-01-03,490.9,Credit Card,TC00040,2025,1,January,1,3,4,Friday
TT00069,U00133,CR00052,2025-06-05,0.0,Credit Card,TC00042,2025,6,June,2,5,3,Thursday
TT00070,U00133,CR00010,2025-07-19,0.0,PayPal,TC00042,2025,7,July,3,19,5,Saturday
TT00071,U00133,CR00041,2025-10-10,53.86,Credit Card,TC00042,2025,10,October,4,10,4,Friday
TT00072,U00133,CR00055,2025-07-05,57.32,Credit Card,TC00040,2025,7,July,3,5,5,Saturday
TT00073,U00133,CR00004,2025-03-24,0.0,Credit Card,TC00040,2025,3,March,1,24,0,Monday
TT00074,U00134,CR00055,2025-02-11,57.32,PayPal,TC00040,2025,2,February,1,11,1,Tuesday
TT00075,U00134,CR00012,2025-12-29,487.92,PayPal,TC00040,2025,12,December,4,29,0,Monday
TT00076,U00134,CR00030,2025-08-17,0.0,Credit Card,TC00042,2025,8,August,3,17,6,Sunday
TT00077,U00134,CR00011,2025-10-17,326.02,Credit Card,TC00040,2025,10,October,4,17,4,Friday
TT00078,U00144,CR00032,2025-12-28,0.0,Bank Transfer,TC00040,2025,12,December,4,28,6,Sunday
TT00079,U00144,CR00020,2025-10-03,0.0,Credit Card,TC00042,2025,10,October,4,3,4,Friday
TT00080,U00144,CR00042,2025-07-13,0.0,Bank Transfer,TC00040,2025,7,July,3,13,6,Sunday
TT00081,U00144,CR00012,2025-03-18,487.92,Credit Card,TC00042,2025,3,March,1,18,1,Tuesday
TT00082,U00147,CR00007,2025-09-02,0.0,PayPal,TC00040,2025,9,September,3,2,1,Tuesday
TT00083,U00147,CR00021,2025-12-03,0.0,PayPal,TC00040,2025,12,December,4,3,2,Wednesday
TT00084,U00147,CR00044,2025-09-30,119.04,PayPal,TC00042,2025,9,September,3,30,1,Tuesday
TT00085,U00147,CR00001,2025-11-14,472.28,Credit Card,TC00042,2025,11,November,4,14,4,Friday
TT00086,U00149,CR00021,2025-03-11,0.0,Bank Transfer,TC00040,2025,3,March,1,11,1,Tuesday
TT00087,U00149,CR00032,2025-02-24,0.0,Bank Transfer,TC00040,2025,2,February,1,24,0,Monday
TT00088,U00149,CR00049,2025-07-06,415.51,PayPal,TC00042,2025,7,July,3,6,6,Sunday
TT00089,U00152,CR00033,2025-05-12,0.0,Credit Card,TC00040,2025,5,May,2,12,0,Monday
TT00090,U00152,CR00001,2025-11-05,472.28,Credit Card,TC00042,2025,11,November,4,5,2,Wednesday
TT00091,U00152,CR00008,2025-04-20,0.0,PayPal,TC00040,2025,4,April,2,20,6,Sunday
TT00092,U00161,CR00024,2025-06-27,117.68,PayPal,TC00040,2025,6,June,2,27,4,Friday
TT00093,U00161,CR00042,2025-03-11,0.0,Bank Transfer,TC00042,2025,3,March,1,11,1,Tuesday
TT00094,U00161,CR00008,2025-04-16,0.0,Credit Card,TC00042,2025,4,April,2,16,2,Wednesday
TT00095,U00161,CR00054,2025-10-07,0.0,Credit Card,TC00040,2025,10,October,4,7,1,Tuesday
TT00096,U00166,CR00002,2025-01-03,0.0,Bank Transfer,TC00040,2025,1,January,1,3,4,Friday
TT00097,U00166,CR00004,2025-07-11,0.0,Credit Card,TC00042,2025,7,July,3,11,4,Friday
TT00098,U00166,CR00020,2025-12-11,0.0,PayPal,TC00042,2025,12,December,4,11,3,Thursday
TT00099,U00166,CR00018,2025-10-30,0.0,Credit Card,TC00040,2025,10,October,4,30,3,Thursday
TT00100,U00169,CR00013,2025-04-20,0.0,PayPal,TC00042,2025,4,April,2,20,6,Sunday
TT00101,U00169,CR00044,2025-04-29,119.04,Credit Card,TC00040,2025,4,April,2,29,1,Tuesday
TT00102,U00169,CR00034,2025-11-24,394.26,PayPal,TC00040,2025,11,November,4,24,0,Monday
TT00103,U00169,CR00027,2025-02-15,0.0,Bank Transfer,TC00042,2025,2,February,1,15,5,Saturday
TT00104,U00173,CR00016,2025-04-03,0.0,Credit Card,TC00040,2025,4,April,2,3,3,Thursday
TT00105,U00173,CR00029,2025-07-26,0.0,PayPal,TC00042,2025,7,July,3,26,5,Saturday
TT00106,U00173,CR00048,2025-09-13,0.0,Bank Transfer,TC00042,2025,9,September,3,13,5,Saturday
TT00107,U00177,CR00021,2025-11-24,0.0,Bank Transfer,TC00042,2025,11,November,4,24,0,Monday
TT00108,U00177,CR00006,2025-04-09,276.37,PayPal,TC00040,2025,4,April,2,9,2,Wednesday
TT00109,U00177,CR00060,2025-09-30,0.0,PayPal,TC00042,2025,9,September,3,30,1,Tuesday
TT00110,U00177,CR00002,2025-03-19,0.0,Bank Transfer,TC00042,2025,3,March,1,19,2,Wednesday
TT00111,U00177,CR00055,2025-04-14,57.32,PayPal,TC00042,2025,4,April,2,14,0,Monday
TT00112,U00178,CR00021,2025-06-24,0.0,Credit Card,TC00040,2025,6,June,2,24,1,Tuesday
TT00113,U00178,CR00048,2025-08-14,0.0,PayPal,TC00042,2025,8,August,3,14,3,Thursday
TT00114,U00178,CR00023,2025-02-08,0.0,Credit Card,TC00042,2025,2,February,1,8,5,Saturday
TT00115,U00178,CR00014,2025-05-16,0.0,Credit Card,TC00042,2025,5,May,2,16,4,Friday
TT00116,U00191,CR00043,2025-08-28,0.0,PayPal,TC00042,2025,8,August,3,28,3,Thursday
TT00117,U00191,CR00058,2025-06-04,0.0,PayPal,TC00040,2025,6,June,2,4,2,Wednesday
TT00118,U00191,CR00056,2025-06-08,212.39,Credit Card,TC00040,2025,6,June,2,8,6,Sunday
TT00119,U00192,CR00054,2025-05-30,0.0,PayPal,TC00042,2025,5,May,2,30,4,Friday
TT00120,U00192,CR00014,2025-11-14,0.0,Credit Card,TC00042,2025,11,November,4,14,4,Friday
TT00121,U00192,CR00060,2025-09-06,0.0,Credit Card,TC00040,2025,9,September,3,6,5,Saturday
TT00122,U00192,CR00043,2025-04-21,0.0,Bank Transfer,TC00042,2025,4,April,2,21,0,Monday
TT00123,U00192,CR00004,2025-11-03,0.0,PayPal,TC00040,2025,11,November,4,3,0,Monday
TT00124,U00198,CR00041,2025-02-16,53.86,Credit Card,TC00040,2025,2,February,1,16,6,Sunday
TT00125,U00198,CR00016,2025-08-27,0.0,Bank Transfer,TC00040,2025,8,August,3,27,2,Wednesday
TT00126,U00198,CR00032,2025-04-21,0.0,Credit Card,TC00040,2025,4,April,2,21,0,Monday
TT00127,U00198,CR00020,2025-06-20,0.0,PayPal,TC00042,2025,6,June,2,20,4,Friday
TT00128,U00208,CR00036,2025-03-24,0.0,PayPal,TC00040,2025,3,March,1,24,0,Monday
TT00129,U00208,CR00013,2025-06-18,0.0,PayPal,TC00040,2025,6,June,2,18,2,Wednesday
TT00130,U00208,CR00052,2025-08-22,0.0,PayPal,TC00042,2025,8,August,3,22,4,Friday
TT00131,U00208,CR00047,2025-10-29,89.59,Credit Card,TC00040,2025,10,October,4,29,2,Wednesday
TT00132,U00208,CR00025,2025-03-16,299.57,Credit Card,TC00040,2025,3,March,1,16,6,Sunday
TT00133,U00216,CR00059,2025-03-16,0.0,Bank Transfer,TC00042,2025,3,March,1,16,6,Sunday
TT00134,U00216,CR00054,2025-11-29,0.0,Bank Transfer,TC00042,2025,11,November,4,29,5,Saturday
TT00135,U00216,CR00036,2025-05-08,0.0,Bank Transfer,TC00040,2025,5,May,2,8,3,Thursday
TT00136,U00216,CR00024,2025-05-01,117.68,PayPal,TC00040,2025,5,May,2,1,3,Thursday
TT00137,U00216,CR00017,2025-12-30,0.0,Credit Card,TC00040,2025,12,December,4,30,1,Tuesday
TT00138,U00220,CR00010,2025-04-19,0.0,PayPal,TC00042,2025,4,April,2,19,5,Saturday
TT00139,U00220,CR00014,2025-04-25,0.0,Bank Transfer,TC00040,2025,4,April,2,25,4,Friday
TT00140,U00220,CR00017,2025-04-16,0.0,PayPal,TC00042,2025,4,April,2,16,2,Wednesday
TT00141,U00220,CR00003,2025-04-08,0.0,PayPal,TC00040,2025,4,April,2,8,1,Tuesday
TT00142,U00238,CR00012,2025-03-25,487.92,Bank Transfer,TC00040,2025,3,March,1,25,1,Tuesday
TT00143,U00238,CR00041,2025-11-20,53.86,Credit Card,TC00040,2025,11,November,4,20,3,Thursday
TT00144,U00238,CR00001,2025-08-24,472.28,PayPal,TC00040,2025,8,August,3,24,6,Sunday
TT00145,U00238,CR00052,2025-10-27,0.0,PayPal,TC00040,2025,10,October,4,27,0,Monday
TT00146,U00238,CR00002,2025-10-06,0.0,PayPal,TC00040,2025,10,October,4,6,0,Monday
TT00147,U00251,CR00043,2025-04-16,0.0,Bank Transfer,TC00040,2025,4,April,2,16,2,Wednesday
TT00148,U00251,CR00059,2025-04-11,0.0,Credit Card,TC00042,2025,4,April,2,11,4,Friday
TT00149,U00251,CR00040,2025-01-04,327.99,PayPal,TC00040,2025,1,January,1,4,5,Saturday
TT00150,U00260,CR00060,2025-06-08,0.0,Bank Transfer,TC00042,2025,6,June,2,8,6,Sunday
TT00151,U00260,CR00006,2025-01-15,276.37,Bank Transfer,TC00042,2025,1,January,1,15,2,Wednesday
TT00152,U00260,CR00039,2025-09-15,346.71,Bank Transfer,TC00040,2025,9,September,3,15,0,Monday
TT00153,U00260,CR00028,2025-02-08,0.78,Bank Transfer,TC00042,2025,2,February,1,8,5,Saturday
TT00154,U00260,CR00026,2025-11-23,0.0,Credit Card,TC00042,2025,11,November,4,23,6,Sunday
TT00155,U00265,CR00004,2025-12-20,0.0,Credit Card,TC00040,2025,12,December,4,20,5,Saturday
TT00156,U00265,CR00010,2025-01-14,0.0,PayPal,TC00040,2025,1,January,1,14,1,Tuesday
TT00157,U00265,CR00059,2025-03-22,0.0,Bank Transfer,TC00040,2025,3,March,1,22,5,Saturday
TT00158,U00265,CR00042,2025-04-24,0.0,Bank Transfer,TC00042,2025,4,April,2,24,3,Thursday
TT00159,U00265,CR00060,2025-02-25,0.0,PayPal,TC00042,2025,2,February,1,25,1,Tuesday
TT00160,U00272,CR00051,2025-06-10,37.89,Credit Card,TC00040,2025,6,June,2,10,1,Tuesday
TT00161,U00272,CR00022,2025-06-20,0.0,Credit Card,TC00042,2025,6,June,2,20,4,Friday
TT00162,U00272,CR00044,2025-08-24,119.04,Credit Card,TC00042,2025,8,August,3,24,6,Sunday
TT00163,U00282,CR00007,2025-12-20,0.0,PayPal,TC00042,2025,12,December,4,20,5,Saturday
TT00164,U00282,CR00020,2025-06-11,0.0,PayPal,TC00040,2025,6,June,2,11,2,Wednesday
TT00165,U00282,CR00029,2025-03-07,0.0,Bank Transfer,TC00042,2025,3,March,1,7,4,Friday
TT00166,U00282,CR00014,2025-11-18,0.0,Bank Transfer,TC00042,2025,11,November,4,18,1,Tuesday
TT00167,U00282,CR00046,2025-04-11,248.1,PayPal,TC00042,2025,4,April,2,11,4,Friday
TT00168,U00292,CR00005,2025-10-04,0.0,Bank Transfer,TC00040,2025,10,October,4,4,5,Saturday
TT00169,U00292,CR00038,2025-04-04,342.61,Bank Transfer,TC00040,2025,4,April,2,4,4,Friday
TT00170,U00293,CR00028,2025-11-13,0.78,Bank Transfer,TC00042,2025,11,November,4,13,3,Thursday
TT00171,U00293,CR00016,2025-12-10,0.0,Bank Transfer,TC00042,2025,12,December,4,10,2,Wednesday
TT00172,U00293,CR00025,2025-01-22,299.57,Credit Card,TC00040,2025,1,January,1,22,2,Wednesday
TT00173,U00293,CR00049,2025-01-15,415.51,Credit Card,TC00042,2025,1,January,1,15,2,Wednesday
TT00174,U00298,CR00059,2025-08-22,0.0,PayPal,TC00040,2025,8,August,3,22,4,Friday
TT00175,U00298,CR00026,2025-09-12,0.0,PayPal,TC00042,2025,9,September,3,12,4,Friday
TT00176,U00298,CR00039,2025-07-16,346.71,Credit Card,TC00040,2025,7,July,3,16,2,Wednesday
TT00177,U00298,CR00040,2025-01-06,327.99,PayPal,TC00042,2025,1,January,1,6,0,Monday
TT00178,U00301,CR00003,2025-06-10,0.0,Bank Transfer,TC00040,2025,6,June,2,10,1,Tuesday
TT00179,U00301,CR00037,2025-07-24,0.0,Bank Transfer,TC00040,2025,7,July,3,24,3,Thursday
TT00180,U00301,CR00049,2025-04-24,415.51,PayPal,TC00040,2025,4,April,2,24,3,Thursday
TT00181,U00301,CR00030,2025-01-12,0.0,Bank Transfer,TC00042,2025,1,January,1,12,6,Sunday
TT00182,U00303,CR00014,2025-04-06,0.0,PayPal,TC00040,2025,4,April,2,6,6,Sunday
TT00183,U00303,CR00053,2025-04-08,0.0,PayPal,TC00042,2025,4,April,2,8,1,Tuesday
TT00184,U00303,CR00039,2025-08-15,346.71,PayPal,TC00042,2025,8,August,3,15,4,Friday
TT00185,U00310,CR00010,2025-04-23,0.0,Credit Card,TC00042,2025,4,April,2,23,2,Wednesday
TT00186,U00310,CR00023,2025-04-04,0.0,PayPal,TC00040,2025,4,April,2,4,4,Friday
TT00187,U00310,CR00037,2025-09-07,0.0,PayPal,TC00040,2025,9,September,3,7,6,Sunday
TT00188,U00315,CR00051,2025-10-16,37.89,Bank Transfer,TC00040,2025,10,October,4,16,3,Thursday
TT00189,U00315,CR00045,2025-12-26,0.0,PayPal,TC00040,2025,12,December,4,26,4,Friday
TT00190,U00315,CR00060,2025-08-30,0.0,Credit Card,TC00040,2025,8,August,3,30,5,Saturday
TT00191,U00321,CR00043,2025-05-06,0.0,PayPal,TC00040,2025,5,May,2,6,1,Tuesday
TT00192,U00321,CR00047,2025-01-04,89.59,PayPal,TC00040,2025,1,January,1,4,5,Saturday
TT00193,U00321,CR00049,2025-10-19,415.51,Bank Transfer,TC00042,2025,10,October,4,19,6,Sunday
TT00194,U00322,CR00041,2025-06-26,53.86,Credit Card,TC00040,2025,6,June,2,26,3,Thursday
TT00195,U00322,CR00048,2025-06-26,0.0,Bank Transfer,TC00040,2025,6,June,2,26,3,Thursday
TT00196,U00322,CR00022,2025-05-11,0.0,Credit Card,TC00040,2025,5,May,2,11,6,Sunday
TT00197,U00323,CR00005,2025-03-02,0.0,Credit Card,TC00042,2025,3,March,1,2,6,Sunday
TT00198,U00323,CR00036,2025-03-11,0.0,Credit Card,TC00040,2025,3,March,1,11,1,Tuesday
TT00199,U00323,CR00016,2025-02-01,0.0,PayPal,TC00040,2025,2,February,1,1,5,Saturday
TT00200,U00323,CR00033,2025-02-09,0.0,Bank Transfer,TC00040,2025,2,February,1,9,6,Sunday
TT00201,U00328,CR00042,2025-01-18,0.0,Credit Card,TC00042,2025,1,January,1,18,5,Saturday
TT00202,U00328,CR00003,2025-06-06,0.0,Credit Card,TC00042,2025,6,June,2,6,4,Friday
TT00203,U00328,CR00041,2025-07-01,53.86,Bank Transfer,TC00040,2025,7,July,3,1,1,Tuesday
TT00204,U00328,CR00004,2025-09-21,0.0,PayPal,TC00040,2025,9,September,3,21,6,Sunday
TT00205,U00328,CR00036,2025-04-02,0.0,Bank Transfer,TC00042,2025,4,April,2,2,2,Wednesday
TT00206,U00329,CR00060,2025-01-26,0.0,Bank Transfer,TC00042,2025,1,January,1,26,6,Sunday
TT00207,U00329,CR00021,2025-09-29,0.0,Credit Card,TC00042,2025,9,September,3,29,0,Monday
TT00208,U00329,CR00049,2025-03-25,415.51,PayPal,TC00042,2025,3,March,1,25,1,Tuesday
TT00209,U00330,CR00051,2025-12-12,37.89,Bank Transfer,TC00042,2025,12,December,4,12,4,Friday
TT00210,U00330,CR00040,2025-02-11,327.99,PayPal,TC00040,2025,2,February,1,11,1,Tuesday
TT00211,U00330,CR00054,2025-12-20,0.0,Bank Transfer,TC00040,2025,12,December,4,20,5,Saturday
TT00212,U00334,CR00024,2025-01-21,117.68,PayPal,TC00042,2025,1,January,1,21,1,Tuesday
TT00213,U00334,CR00051,2025-03-04,37.89,PayPal,TC00040,2025,3,March,1,4,1,Tuesday
TT00214,U00334,CR00046,2025-02-18,248.1,Bank Transfer,TC00040,2025,2,February,1,18,1,Tuesday
TT00215,U00334,CR00042,2025-10-06,0.0,Bank Transfer,TC00040,2025,10,October,4,6,0,Monday
TT00216,U00338,CR00023,2025-08-25,0.0,Bank Transfer,TC00040,2025,8,August,3,25,0,Monday
TT00217,U00338,CR00009,2025-11-28,0.0,PayPal,TC00040,2025,11,November,4,28,4,Friday
TT00218,U00338,CR00002,2025-04-11,0.0,PayPal,TC00040,2025,4,April,2,11,4,Friday
TT00219,U00338,CR00039,2025-03-15,346.71,PayPal,TC00040,2025,3,March,1,15,5,Saturday
TT00220,U00338,CR00017,2025-04-10,0.0,PayPal,TC00040,2025,4,April,2,10,3,Thursday
TT00221,U00339,CR00044,2025-08-19,119.04,Bank Transfer,TC00040,2025,8,August,3,19,1,Tuesday
TT00222,U00339,CR00001,2025-05-28,472.28,Credit Card,TC00042,2025,5,May,2,28,2,Wednesday
TT00223,U00339,CR00039,2025-08-10,346.71,Bank Transfer,TC00042,2025,8,August,3,10,6,Sunday
TT00224,U00339,CR00040,2025-08-23,327.99,Bank Transfer,TC00040,2025,8,August,3,23,5,Saturday
TT00225,U00339,CR00060,2025-08-01,0.0,Credit Card,TC00042,2025,8,August,3,1,4,Friday
TT00226,U00340,CR00033,2025-02-03,0.0,Bank Transfer,TC00040,2025,2,February,1,3,0,Monday
TT00227,U00340,CR00048,2025-05-24,0.0,Credit Card,TC00042,2025,5,May,2,24,5,Saturday
TT00228,U00340,CR00034,2025-11-09,394.26,PayPal,TC00040,2025,11,November,4,9,6,Sunday
TT00229,U00340,CR00028,2025-01-23,0.78,Bank Transfer,TC00042,2025,1,January,1,23,3,Thursday
TT00230,U00345,CR00001,2025-05-17,472.28,Bank Transfer,TC00042,2025,5,May,2,17,5,Saturday
TT00231,U00345,CR00017,2025-01-02,0.0,Credit Card,TC00042,2025,1,January,1,2,3,Thursday
TT00232,U00345,CR00007,2025-08-10,0.0,PayPal,TC00042,2025,8,August,3,10,6,Sunday
TT00233,U00345,CR00058,2025-08-05,0.0,Bank Transfer,TC00042,2025,8,August,3,5,1,Tuesday
TT00234,U00345,CR00003,2025-09-12,0.0,Credit Card,TC00040,2025,9,September,3,12,4,Friday
TT00235,U00351,CR00024,2025-08-09,117.68,Bank Transfer,TC00040,2025,8,August,3,9,5,Saturday
TT00236,U00351,CR00008,2025-11-15,0.0,PayPal,TC00042,2025,11,November,4,15,5,Saturday
TT00237,U00351,CR00040,2025-06-24,327.99,Bank Transfer,TC00042,2025,6,June,2,24,1,Tuesday
TT00238,U00351,CR00033,2025-03-20,0.0,Bank Transfer,TC00040,2025,3,March,1,20,3,Thursday
TT00239,U00352,CR00032,2025-09-12,0.0,PayPal,TC00040,2025,9,September,3,12,4,Friday
TT00240,U00352,CR00024,2025-08-06,117.68,Credit Card,TC00040,2025,8,August,3,6,2,Wednesday
TT00241,U00352,CR00058,2025-11-16,0.0,Bank Transfer,TC00042,2025,11,November,4,16,6,Sunday
TT00242,U00352,CR00021,2025-01-23,0.0,Bank Transfer,TC00042,2025,1,January,1,23,3,Thursday
TT00243,U00353,CR00034,2025-11-08,394.26,Credit Card,TC00040,2025,11,November,4,8,5,Saturday
TT00244,U00353,CR00058,2025-10-11,0.0,Credit Card,TC00042,2025,10,October,4,11,5,Saturday
TT00245,U00353,CR00060,2025-10-15,0.0,Credit Card,TC00040,2025,10,October,4,15,2,Wednesday
TT00246,U00353,CR00003,2025-05-09,0.0,Bank Transfer,TC00040,2025,5,May,2,9,4,Friday
TT00247,U00356,CR00028,2025-02-11,0.78,Credit Card,TC00042,2025,2,February,1,11,1,Tuesday
TT00248,U00356,CR00017,2025-02-01,0.0,PayPal,TC00040,2025,2,February,1,1,5,Saturday
TT00249,U00356,CR00047,2025-03-29,89.59,Credit Card,TC00040,2025,3,March,1,29,5,Saturday
TT00250,U00356,CR00032,2025-06-30,0.0,PayPal,TC00040,2025,6,June,2,30,0,Monday
TT00251,U00356,CR00004,2025-04-28,0.0,Credit Card,TC00042,2025,4,April,2,28,0,Monday
TT00252,U00357,CR00048,2025-03-05,0.0,Credit Card,TC00042,2025,3,March,1,5,2,Wednesday
TT00253,U00357,CR00058,2025-04-16,0.0,Credit Card,TC00040,2025,4,April,2,16,2,Wednesday
TT00254,U00357,CR00023,2025-01-11,0.0,Credit Card,TC00042,2025,1,January,1,11,5,Saturday
TT00255,U00357,CR00034,2025-11-25,394.26,PayPal,TC00040,2025,11,November,4,25,1,Tuesday
TT00256,U00357,CR00055,2025-05-07,57.32,Bank Transfer,TC00040,2025,5,May,2,7,2,Wednesday
TT00257,U00362,CR00024,2025-05-22,117.68,PayPal,TC00040,2025,5,May,2,22,3,Thursday
TT00258,U00362,CR00039,2025-03-07,346.71,Bank Transfer,TC00040,2025,3,March,1,7,4,Friday
TT00259,U00362,CR00001,2025-07-11,472.28,PayPal,TC00042,2025,7,July,3,11,4,Friday
TT00260,U00362,CR00014,2025-07-30,0.0,Bank Transfer,TC00042,2025,7,July,3,30,2,Wednesday
TT00261,U00365,CR00013,2025-12-25,0.0,PayPal,TC00040,2025,12,December,4,25,3,Thursday
TT00262,U00365,CR00031,2025-03-10,0.0,Bank Transfer,TC00040,2025,3,March,1,10,0,Monday
TT00263,U00365,CR00045,2025-07-29,0.0,Credit Card,TC00042,2025,7,July,3,29,1,Tuesday
TT00264,U00365,CR00032,2025-11-16,0.0,Bank Transfer,TC00040,2025,11,November,4,16,6,Sunday
TT00265,U00379,CR00038,2025-10-01,342.61,Credit Card,TC00042,2025,10,October,4,1,2,Wednesday
TT00266,U00379,CR00017,2025-10-09,0.0,Bank Transfer,TC00040,2025,10,October,4,9,3,Thursday
TT00267,U00379,CR00001,2025-12-14,472.28,Credit Card,TC00040,2025,12,December,4,14,6,Sunday
TT00268,U00383,CR00021,2025-11-13,0.0,Bank Transfer,TC00040,2025,11,November,4,13,3,Thursday
TT00269,U00383,CR00013,2025-07-25,0.0,Bank Transfer,TC00042,2025,7,July,3,25,4,Friday
TT00270,U00383,CR00040,2025-03-05,327.99,Credit Card,TC00042,2025,3,March,1,5,2,Wednesday
TT00271,U00383,CR00051,2025-06-02,37.89,Credit Card,TC00042,2025,6,June,2,2,0,Monday
TT00272,U00383,CR00017,2025-12-18,0.0,PayPal,TC00042,2025,12,December,4,18,3,Thursday
TT00273,U00394,CR00004,2025-08-14,0.0,Credit Card,TC00042,2025,8,August,3,14,3,Thursday
TT00274,U00394,CR00014,2025-02-12,0.0,Bank Transfer,TC00040,2025,2,February,1,12,2,Wednesday
TT00275,U00394,CR00051,2025-03-03,37.89,Bank Transfer,TC00040,2025,3,March,1,3,0,Monday
TT00276,U00394,CR00052,2025-02-23,0.0,Credit Card,TC00042,2025,2,February,1,23,6,Sunday
TT00277,U00399,CR00008,2025-07-25,0.0,Credit Card,TC00042,2025,7,July,3,25,4,Friday
TT00278,U00399,CR00016,2025-09-18,0.0,Credit Card,TC00042,2025,9,September,3,18,3,Thursday
TT00279,U00399,CR00050,2025-02-06,490.9,Credit Card,TC00040,2025,2,February,1,6,3,Thursday
TT00280,U00399,CR00057,2025-03-14,177.34,PayPal,TC00040,2025,3,March,1,14,4,Friday
TT00281,U00399,CR00033,2025-11-21,0.0,Bank Transfer,TC00040,2025,11,November,4,21,4,Friday
TT00282,U00404,CR00043,2025-05-24,0.0,PayPal,TC00042,2025,5,May,2,24,5,Saturday
TT00283,U00404,CR00049,2025-03-23,415.51,Bank Transfer,TC00042,2025,3,March,1,23,6,Sunday
TT00284,U00404,CR00038,2025-05-06,342.61,Bank Transfer,TC00042,2025,5,May,2,6,1,Tuesday
TT00285,U00404,CR00005,2025-02-13,0.0,Bank Transfer,TC00040,2025,2,February,1,13,3,Thursday
TT00286,U00406,CR00032,2025-04-10,0.0,Bank Transfer,TC00040,2025,4,April,2,10,3,Thursday
TT00287,U00406,CR00025,2025-02-06,299.57,Credit Card,TC00042,2025,2,February,1,6,3,Thursday
TT00288,U00406,CR00031,2025-08-10,0.0,Bank Transfer,TC00040,2025,8,August,3,10,6,Sunday
TT00289,U00406,CR00041,2025-10-09,53.86,PayPal,TC00042,2025,10,October,4,9,3,Thursday
TT00290,U00406,CR00054,2025-08-05,0.0,Credit Card,TC00040,2025,8,August,3,5,1,Tuesday
TT00291,U00407,CR00015,2025-06-05,285.05,Credit Card,TC00042,2025,6,June,2,5,3,Thursday
TT00292,U00407,CR00013,2025-12-27,0.0,PayPal,TC00040,2025,12,December,4,27,5,Saturday
TT00293,U00407,CR00026,2025-05-27,0.0,PayPal,TC00042,2025,5,May,2,27,1,Tuesday
TT00294,U00407,CR00040,2025-12-10,327.99,Bank Transfer,TC00040,2025,12,December,4,10,2,Wednesday
TT00295,U00407,CR00049,2025-07-11,415.51,PayPal,TC00040,2025,7,July,3,11,4,Friday
TT00296,U00411,CR00017,2025-02-05,0.0,PayPal,TC00042,2025,2,February,1,5,2,Wednesday
TT00297,U00411,CR00034,2025-01-17,394.26,PayPal,TC00040,2025,1,January,1,17,4,Friday
TT00298,U00411,CR00044,2025-07-21,119.04,Bank Transfer,TC00040,2025,7,July,3,21,0,Monday
TT00299,U00415,CR00003,2025-08-06,0.0,Bank Transfer,TC00040,2025,8,August,3,6,2,Wednesday
TT00300,U00415,CR00043,2025-01-23,0.0,PayPal,TC00040,2025,1,January,1,23,3,Thursday
TT00301,U00415,CR00045,2025-02-04,0.0,Bank Transfer,TC00040,2025,2,February,1,4,1,Tuesday
TT00302,U00415,CR00024,2025-11-27,117.68,Credit Card,TC00040,2025,11,November,4,27,3,Thursday
TT00303,U00423,CR00048,2025-04-07,0.0,Bank Transfer,TC00042,2025,4,April,2,7,0,Monday
TT00304,U00423,CR00014,2025-09-11,0.0,Credit Card,TC00042,2025,9,September,3,11,3,Thursday
TT00305,U00424,CR00023,2025-06-07,0.0,PayPal,TC00042,2025,6,June,2,7,5,Saturday
TT00306,U00424,CR00048,2025-05-16,0.0,Bank Transfer,TC00040,2025,5,May,2,16,4,Friday
TT00307,U00424,CR00024,2025-03-18,117.68,Bank Transfer,TC00042,2025,3,March,1,18,1,Tuesday
TT00308,U00427,CR00023,2025-06-12,0.0,Credit Card,TC00042,2025,6,June,2,12,3,Thursday
TT00309,U00427,CR00060,2025-10-03,0.0,PayPal,TC00042,2025,10,October,4,3,4,Friday
TT00310,U00427,CR00048,2025-07-14,0.0,PayPal,TC00040,2025,7,July,3,14,0,Monday
TT00311,U00427,CR00036,2025-07-29,0.0,Credit Card,TC00040,2025,7,July,3,29,1,Tuesday
TT00312,U00427,CR00059,2025-03-06,0.0,Credit Card,TC00042,2025,3,March,1,6,3,Thursday
TT00313,U00438,CR00055,2025-07-16,57.32,PayPal,TC00040,2025,7,July,3,16,2,Wednesday
TT00314,U00438,CR00032,2025-04-06,0.0,Credit Card,TC00040,2025,4,April,2,6,6,Sunday
TT00315,U00438,CR00006,2025-07-07,276.37,PayPal,TC00042,2025,7,July,3,7,0,Monday
TT00316,U00438,CR00019,2025-02-23,0.0,Credit Card,TC00040,2025,2,February,1,23,6,Sunday
TT00317,U00438,CR00033,2025-09-06,0.0,Credit Card,TC00040,2025,9,September,3,6,5,Saturday
TT00318,U00444,CR00022,2025-09-19,0.0,Bank Transfer,TC00042,2025,9,September,3,19,4,Friday
TT00319,U00444,CR00023,2025-04-27,0.0,Credit Card,TC00042,2025,4,April,2,27,6,Sunday
TT00320,U00444,CR00001,2025-07-28,472.28,PayPal,TC00040,2025,7,July,3,28,0,Monday
TT00321,U00449,CR00020,2025-02-15,0.0,PayPal,TC00040,2025,2,February,1,15,5,Saturday
TT00322,U00449,CR00052,2025-11-05,0.0,Credit Card,TC00042,2025,11,November,4,5,2,Wednesday
TT00323,U00449,CR00022,2025-07-26,0.0,PayPal,TC00040,2025,7,July,3,26,5,Saturday
TT00324,U00449,CR00049,2025-03-18,415.51,Bank Transfer,TC00040,2025,3,March,1,18,1,Tuesday
TT00325,U00450,CR00051,2025-07-04,37.89,PayPal,TC00042,2025,7,July,3,4,4,Friday
TT00326,U00450,CR00055,2025-11-07,57.32,Bank Transfer,TC00040,2025,11,November,4,7,4,Friday
TT00327,U00450,CR00015,2025-12-25,285.05,PayPal,TC00040,2025,12,December,4,25,3,Thursday
TT00328,U00464,CR00021,2025-01-03,0.0,Credit Card,TC00042,2025,1,January,1,3,4,Friday
TT00329,U00464,CR00008,2025-12-11,0.0,Bank Transfer,TC00040,2025,12,December,4,11,3,Thursday
TT00330,U00464,CR00041,2025-04-19,53.86,PayPal,TC00040,2025,4,April,2,19,5,Saturday
TT00331,U00494,CR00028,2025-08-01,0.78,PayPal,TC00042,2025,8,August,3,1,4,Friday
TT00332,U00494,CR00058,2025-08-29,0.0,Credit Card,TC00040,2025,8,August,3,29,4,Friday
TT00333,U00494,CR00053,2025-01-02,0.0,PayPal,TC00040,2025,1,January,1,2,3,Thursday
TT00334,U00494,CR00038,2025-07-19,342.61,PayPal,TC00042,2025,7,July,3,19,5,Saturday
TT00335,U00494,CR00014,2025-12-25,0.0,Bank Transfer,TC00040,2025,12,December,4,25,3,Thursday
TT00336,U00543,CR00034,2025-01-27,394.26,Bank Transfer,TC00040,2025,1,January,1,27,0,Monday
TT00337,U00543,CR00053,2025-02-17,0.0,Bank Transfer,TC00042,2025,2,February,1,17,0,Monday
TT00338,U00543,CR00050,2025-03-09,490.9,PayPal,TC00042,2025,3,March,1,9,6,Sunday
TT00339,U00548,CR00019,2025-04-27,0.0,PayPal,TC00042,2025,4,April,2,27,6,Sunday
TT00340,U00548,CR00032,2025-10-12,0.0,Credit Card,TC00040,2025,10,October,4,12,6,Sunday
TT00341,U00548,CR00046,2025-07-19,248.1,Credit Card,TC00042,2025,7,July,3,19,5,Saturday
TT00342,U00548,CR00012,2025-02-27,487.92,PayPal,TC00042,2025,2,February,1,27,3,Thursday
TT00343,U00556,CR00036,2025-08-10,0.0,PayPal,TC00040,2025,8,August,3,10,6,Sunday
TT00344,U00556,CR00003,2025-03-15,0.0,Bank Transfer,TC00040,2025,3,March,1,15,5,Saturday
TT00345,U00556,CR00046,2025-12-23,248.1,PayPal,TC00042,2025,12,December,4,23,1,Tuesday
TT00346,U00556,CR00035,2025-07-02,0.0,Credit Card,TC00040,2025,7,July,3,2,2,Wednesday
TT00347,U00559,CR00024,2025-08-27,117.68,Credit Card,TC00040,2025,8,August,3,27,2,Wednesday
TT00348,U00559,CR00041,2025-05-22,53.86,Credit Card,TC00042,2025,5,May,2,22,3,Thursday
TT00349,U00562,CR00055,2025-09-15,57.32,Credit Card,TC00042,2025,9,September,3,15,0,Monday
TT00350,U00562,CR00060,2025-06-25,0.0,PayPal,TC00040,2025,6,June,2,25,2,Wednesday
TT00351,U00562,CR00038,2025-06-14,342.61,Credit Card,TC00042,2025,6,June,2,14,5,Saturday
TT00352,U00562,CR00039,2025-10-23,346.71,Credit Card,TC00040,2025,10,October,4,23,3,Thursday
TT00353,U00562,CR00041,2025-11-01,53.86,Bank Transfer,TC00042,2025,11,November,4,1,5,Saturday
TT00354,U00569,CR00053,2025-10-24,0.0,Credit Card,TC00040,2025,10,October,4,24,4,Friday
TT00355,U00569,CR00039,2025-02-11,346.71,PayPal,TC00040,2025,2,February,1,11,1,Tuesday
TT00356,U00569,CR00042,2025-02-05,0.0,Bank Transfer,TC00042,2025,2,February,1,5,2,Wednesday
TT00357,U00569,CR00021,2025-05-18,0.0,Credit Card,TC00040,2025,5,May,2,18,6,Sunday
TT00358,U00570,CR00033,2025-05-25,0.0,Credit Card,TC00040,2025,5,May,2,25,6,Sunday
TT00359,U00570,CR00058,2025-09-12,0.0,Bank Transfer,TC00040,2025,9,September,3,12,4,Friday
TT00360,U00570,CR00005,2025-03-10,0.0,Bank Transfer,TC00040,2025,3,March,1,10,0,Monday
TT00361,U00570,CR00046,2025-07-28,248.1,PayPal,TC00040,2025,7,July,3,28,0,Monday
TT00362,U00570,CR00016,2025-05-19,0.0,PayPal,TC00042,2025,5,May,2,19,0,Monday
TT00363,U00572,CR00002,2025-12-20,0.0,PayPal,TC00042,2025,12,December,4,20,5,Saturday
TT00364,U00572,CR00037,2025-02-11,0.0,Bank Transfer,TC00040,2025,2,February,1,11,1,Tuesday
TT00365,U00572,CR00019,2025-12-23,0.0,Credit Card,TC00040,2025,12,December,4,23,1,Tuesday
TT00366,U00573,CR00044,2025-11-01,119.04,PayPal,TC00040,2025,11,November,4,1,5,Saturday
TT00367,U00573,CR00028,2025-03-04,0.78,Credit Card,TC00042,2025,3,March,1,4,1,Tuesday
TT00368,U00573,CR00031,2025-10-23,0.0,PayPal,TC00040,2025,10,October,4,23,3,Thursday
TT00369,U00574,CR00046,2025-09-05,248.1,Credit Card,TC00040,2025,9,September,3,5,4,Friday
TT00370,U00574,CR00037,2025-11-19,0.0,Credit Card,TC00042,2025,11,November,4,19,2,Wednesday
TT00371,U00574,CR00047,2025-04-20,89.59,PayPal,TC00042,2025,4,April,2,20,6,Sunday
TT00372,U00574,CR00008,2025-05-23,0.0,Credit Card,TC00042,2025,5,May,2,23,4,Friday
TT00373,U00576,CR00057,2025-07-11,177.34,Credit Card,TC00042,2025,7,July,3,11,4,Friday
TT00374,U00576,CR00051,2025-05-25,37.89,Credit Card,TC00042,2025,5,May,2,25,6,Sunday
TT00375,U00576,CR00059,2025-05-21,0.0,Credit Card,TC00042,2025,5,May,2,21,2,Wednesday
TT00376,U00584,CR00042,2025-08-14,0.0,PayPal,TC00040,2025,8,August,3,14,3,Thursday
TT00377,U00584,CR00025,2025-02-11,299.57,PayPal,TC00040,2025,2,February,1,11,1,Tuesday
TT00378,U00584,CR00039,2025-12-06,346.71,PayPal,TC00040,2025,12,December,4,6,5,Saturday
TT00379,U00584,CR00034,2025-09-08,394.26,Bank Transfer,TC00040,2025,9,September,3,8,0,Monday
TT00380,U00592,CR00022,2025-02-26,0.0,PayPal,TC00040,2025,2,February,1,26,2,Wednesday
TT00381,U00592,CR00052,2025-03-14,0.0,PayPal,TC00040,2025,3,March,1,14,4,Friday
TT00382,U00592,CR00048,2025-09-16,0.0,Credit Card,TC00042,2025,9,September,3,16,1,Tuesday
TT00383,U00592,CR00001,2025-04-01,472.28,PayPal,TC00040,2025,4,April,2,1,1,Tuesday
TT00384,U00592,CR00035,2025-01-20,0.0,PayPal,TC00040,2025,1,January,1,20,0,Monday
TT00385,U00595,CR00048,2025-07-18,0.0,Credit Card,TC00040,2025,7,July,3,18,4,Friday
TT00386,U00595,CR00015,2025-01-05,285.05,Bank Transfer,TC00042,2025,1,January,1,5,6,Sunday
TT00387,U00595,CR00011,2025-02-19,326.02,Bank Transfer,TC00042,2025,2,February,1,19,2,Wednesday
TT00388,U00595,CR00026,2025-03-23,0.0,Bank Transfer,TC00042,2025,3,March,1,23,6,Sunday
TT00389,U00595,CR00005,2025-03-07,0.0,PayPal,TC00040,2025,3,March,1,7,4,Friday
TT00390,U00604,CR00030,2025-06-18,0.0,Bank Transfer,TC00042,2025,6,June,2,18,2,Wednesday
TT00391,U00604,CR00050,2025-09-06,490.9,Credit Card,TC00042,2025,9,September,3,6,5,Saturday
TT00392,U00604,CR00029,2025-10-25,0.0,Credit Card,TC00042,2025,10,October,4,25,5,Saturday
TT00393,U00619,CR00044,2025-06-19,119.04,Bank Transfer,TC00042,2025,6,June,2,19,3,Thursday
TT00394,U00619,CR00033,2025-06-03,0.0,Credit Card,TC00040,2025,6,June,2,3,1,Tuesday
TT00395,U00619,CR00031,2025-03-26,0.0,PayPal,TC00040,2025,3,March,1,26,2,Wednesday
TT00396,U00622,CR00010,2025-04-15,0.0,Bank Transfer,TC00042,2025,4,April,2,15,1,Tuesday
TT00397,U00622,CR00043,2025-07-05,0.0,Bank Transfer,TC00040,2025,7,July,3,5,5,Saturday
TT00398,U00622,CR00016,2025-07-24,0.0,PayPal,TC00040,2025,7,July,3,24,3,Thursday
TT00399,U00633,CR00033,2025-09-27,0.0,PayPal,TC00040,2025,9,September,3,27,5,Saturday
TT00400,U00633,CR00031,2025-05-02,0.0,Bank Transfer,TC00040,2025,5,May,2,2,4,Friday
TT00401,U00633,CR00060,2025-12-22,0.0,Credit Card,TC00042,2025,12,December,4,22,0,Monday
TT00402,U00633,CR00047,2025-09-01,89.59,Credit Card,TC00042,2025,9,September,3,1,0,Monday
TT00403,U00636,CR00011,2025-12-25,326.02,PayPal,TC00042,2025,12,December,4,25,3,Thursday
TT00404,U00636,CR00031,2025-06-10,0.0,Credit Card,TC00040,2025,6,June,2,10,1,Tuesday
TT00405,U00636,CR00049,2025-06-16,415.51,Bank Transfer,TC00042,2025,6,June,2,16,0,Monday
TT00406,U00639,CR00034,2025-04-09,394.26,Credit Card,TC00040,2025,4,April,2,9,2,Wednesday
TT00407,U00639,CR00003,2025-09-01,0.0,Credit Card,TC00042,2025,9,September,3,1,0,Monday
TT00408,U00639,CR00032,2025-02-16,0.0,Credit Card,TC00040,2025,2,February,1,16,6,Sunday
TT00409,U00639,CR00053,2025-06-02,0.0,Bank Transfer,TC00040,2025,6,June,2,2,0,Monday
TT00410,U00639,CR00018,2025-07-13,0.0,Bank Transfer,TC00042,2025,7,July,3,13,6,Sunday
TT00411,U00666,CR00043,2025-06-24,0.0,PayPal,TC00042,2025,6,June,2,24,1,Tuesday
TT00412,U00666,CR00021,2025-06-17,0.0,PayPal,TC00042,2025,6,June,2,17,1,Tuesday
TT00413,U00666,CR00014,2025-08-06,0.0,Bank Transfer,TC00040,2025,8,August,3,6,2,Wednesday
TT00414,U00687,CR00002,2025-05-29,0.0,Credit Card,TC00042,2025,5,May,2,29,3,Thursday
TT00415,U00687,CR00041,2025-06-13,53.86,PayPal,TC00040,2025,6,June,2,13,4,Friday
TT00416,U00687,CR00024,2025-07-25,117.68,Bank Transfer,TC00040,2025,7,July,3,25,4,Friday
TT00417,U00687,CR00034,2025-03-03,394.26,PayPal,TC00040,2025,3,March,1,3,0,Monday
TT00418,U00687,CR00029,2025-07-21,0.0,Bank Transfer,TC00042,2025,7,July,3,21,0,Monday
TT00419,U00701,CR00014,2025-10-30,0.0,PayPal,TC00040,2025,10,October,4,30,3,Thursday
TT00420,U00701,CR00016,2025-11-13,0.0,PayPal,TC00042,2025,11,November,4,13,3,Thursday
TT00421,U00701,CR00048,2025-03-27,0.0,Bank Transfer,TC00042,2025,3,March,1,27,3,Thursday
TT00422,U00701,CR00060,2025-06-12,0.0,Credit Card,TC00040,2025,6,June,2,12,3,Thursday
TT00423,U00704,CR00021,2025-09-28,0.0,PayPal,TC00042,2025,9,September,3,28,6,Sunday
TT00424,U00704,CR00028,2025-02-09,0.78,Credit Card,TC00042,2025,2,February,1,9,6,Sunday
TT00425,U00704,CR00050,2025-03-21,490.9,Bank Transfer,TC00040,2025,3,March,1,21,4,Friday
TT00426,U00709,CR00026,2025-08-13,0.0,Credit Card,TC00042,2025,8,August,3,13,2,Wednesday
TT00427,U00709,CR00016,2025-01-15,0.0,Bank Transfer,TC00042,2025,1,January,1,15,2,Wednesday
TT00428,U00709,CR00054,2025-03-30,0.0,Credit Card,TC00040,2025,3,March,1,30,6,Sunday
TT00429,U00709,CR00056,2025-03-01,212.39,Bank Transfer,TC00042,2025,3,March,1,1,5,Saturday
TT00430,U00709,CR00058,2025-09-01,0.0,Bank Transfer,TC00040,2025,9,September,3,1,0,Monday
TT00431,U00723,CR00023,2025-11-20,0.0,PayPal,TC00040,2025,11,November,4,20,3,Thursday
TT00432,U00723,CR00040,2025-05-19,327.99,PayPal,TC00040,2025,5,May,2,19,0,Monday
TT00433,U00723,CR00033,2025-03-02,0.0,PayPal,TC00040,2025,3,March,1,2,6,Sunday
TT00434,U00723,CR00057,2025-06-23,177.34,Bank Transfer,TC00042,2025,6,June,2,23,0,Monday
TT00435,U00724,CR00037,2025-06-14,0.0,Credit Card,TC00042,2025,6,June,2,14,5,Saturday
TT00436,U00724,CR00016,2025-08-03,0.0,Bank Transfer,TC00040,2025,8,August,3,3,6,Sunday
TT00437,U00724,CR00052,2025-08-09,0.0,PayPal,TC00042,2025,8,August,3,9,5,Saturday
TT00438,U00724,CR00014,2025-05-10,0.0,PayPal,TC00042,2025,5,May,2,10,5,Saturday
TT00439,U00724,CR00017,2025-01-20,0.0,Credit Card,TC00042,2025,1,January,1,20,0,Monday
TT00440,U00752,CR00034,2025-04-03,394.26,Bank Transfer,TC00040,2025,4,April,2,3,3,Thursday
TT00441,U00752,CR00001,2025-09-18,472.28,PayPal,TC00040,2025,9,September,3,18,3,Thursday
TT00442,U00752,CR00007,2025-08-21,0.0,Bank Transfer,TC00040,2025,8,August,3,21,3,Thursday
TT00443,U00752,CR00051,2025-07-22,37.89,Bank Transfer,TC00042,2025,7,July,3,22,1,Tuesday
TT00444,U00752,CR00049,2025-10-14,415.51,Bank Transfer,TC00042,2025,10,October,4,14,1,Tuesday
TT00445,U00760,CR00019,2025-11-22,0.0,Credit Card,TC00042,2025,11,November,4,22,5,Saturday
TT00446,U00760,CR00005,2025-06-29,0.0,PayPal,TC00040,2025,6,June,2,29,6,Sunday
TT00447,U00760,CR00003,2025-12-06,0.0,Bank Transfer,TC00040,2025,12,December,4,6,5,Saturday
TT00448,U00765,CR00044,2025-07-10,119.04,PayPal,TC00042,2025,7,July,3,10,3,Thursday
TT00449,U00765,CR00039,2025-03-21,346.71,Bank Transfer,TC00040,2025,3,March,1,21,4,Friday
TT00450,U00765,CR00008,2025-12-14,0.0,Credit Card,TC00040,2025,12,December,4,14,6,Sunday
TT00451,U00767,CR00032,2025-08-07,0.0,PayPal,TC00040,2025,8,August,3,7,3,Thursday
TT00452,U00767,CR00030,2025-05-23,0.0,PayPal,TC00042,2025,5,May,2,23,4,Friday
TT00453,U00767,CR00007,2025-11-11,0.0,Credit Card,TC00040,2025,11,November,4,11,1,Tuesday
TT00454,U00767,CR00049,2025-05-17,415.51,Credit Card,TC00040,2025,5,May,2,17,5,Saturday
TT00455,U00767,CR00057,2025-02-03,177.34,Bank Transfer,TC00042,2025,2,February,1,3,0,Monday
TT00456,U00772,CR00058,2025-11-23,0.0,Bank Transfer,TC00040,2025,11,November,4,23,6,Sunday
TT00457,U00772,CR00008,2025-01-22,0.0,Bank Transfer,TC00042,2025,1,January,1,22,2,Wednesday
TT00458,U00772,CR00003,2025-08-27,0.0,Credit Card,TC00042,2025,8,August,3,27,2,Wednesday
TT00459,U00772,CR00053,2025-06-03,0.0,Credit Card,TC00042,2025,6,June,2,3,1,Tuesday
TT00460,U00772,CR00022,2025-04-23,0.0,PayPal,TC00040,2025,4,April,2,23,2,Wednesday
TT00461,U00775,CR00044,2025-04-29,119.04,Credit Card,TC00042,2025,4,April,2,29,1,Tuesday
TT00462,U00775,CR00003,2025-12-03,0.0,Bank Transfer,TC00040,2025,12,December,4,3,2,Wednesday
TT00463,U00775,CR00053,2025-12-24,0.0,PayPal,TC00040,2025,12,December,4,24,2,Wednesday
TT00464,U00775,CR00047,2025-06-02,89.59,Bank Transfer,TC00040,2025,6,June,2,2,0,Monday
TT00465,U00775,CR00002,2025-07-13,0.0,Bank Transfer,TC00042,2025,7,July,3,13,6,Sunday
TT00466,U00786,CR00055,2025-12-09,57.32,Bank Transfer,TC00040,2025,12,December,4,9,1,Tuesday
TT00467,U00786,CR00053,2025-09-09,0.0,Credit Card,TC00042,2025,9,September,3,9,1,Tuesday
TT00468,U00786,CR00045,2025-03-21,0.0,Credit Card,TC00040,2025,3,March,1,21,4,Friday
TT00469,U00786,CR00010,2025-08-14,0.0,Bank Transfer,TC00040,2025,8,August,3,14,3,Thursday
TT00470,U00786,CR00034,2025-04-24,394.26,Bank Transfer,TC00040,2025,4,April,2,24,3,Thursday
TT00471,U00787,CR00001,2025-05-10,472.28,Bank Transfer,TC00042,2025,5,May,2,10,5,Saturday
TT00472,U00787,CR00037,2025-03-04,0.0,Credit Card,TC00042,2025,3,March,1,4,1,Tuesday
TT00473,U00819,CR00056,2025-09-10,212.39,PayPal,TC00042,2025,9,September,3,10,2,Wednesday
TT00474,U00819,CR00013,2025-03-21,0.0,Credit Card,TC00040,2025,3,March,1,21,4,Friday
TT00475,U00819,CR00060,2025-01-27,0.0,PayPal,TC00040,2025,1,January,1,27,0,Monday
TT00476,U00821,CR00009,2025-09-12,0.0,PayPal,TC00042,2025,9,September,3,12,4,Friday
TT00477,U00821,CR00024,2025-06-12,117.68,PayPal,TC00040,2025,6,June,2,12,3,Thursday
TT00478,U00821,CR00046,2025-04-12,248.1,Bank Transfer,TC00042,2025,4,April,2,12,5,Saturday
TT00479,U00829,CR00004,2025-01-20,0.0,PayPal,TC00042,2025,1,January,1,20,0,Monday
TT00480,U00829,CR00054,2025-11-23,0.0,Credit Card,TC00042,2025,11,November,4,23,6,Sunday
TT00481,U00829,CR00021,2025-01-17,0.0,PayPal,TC00040,2025,1,January,1,17,4,Friday
TT00482,U00829,CR00040,2025-06-03,327.99,Bank Transfer,TC00042,2025,6,June,2,3,1,Tuesday
TT00483,U00829,CR00037,2025-04-27,0.0,Bank Transfer,TC00042,2025,4,April,2,27,6,Sunday
TT00484,U00836,CR00030,2025-07-20,0.0,PayPal,TC00042,2025,7,July,3,20,6,Sunday
TT00485,U00836,CR00051,2025-11-08,37.89,Credit Card,TC00040,2025,11,November,4,8,5,Saturday
TT00486,U00836,CR00041,2025-08-22,53.86,Credit Card,TC00042,2025,8,August,3,22,4,Friday
TT00487,U00836,CR00054,2025-11-27,0.0,PayPal,TC00040,2025,11,November,4,27,3,Thursday
TT00488,U00838,CR00013,2025-11-02,0.0,PayPal,TC00042,2025,11,November,4,2,6,Sunday
TT00489,U00838,CR00025,2025-03-28,299.57,Bank Transfer,TC00040,2025,3,March,1,28,4,Friday
TT00490,U00838,CR00019,2025-01-23,0.0,PayPal,TC00040,2025,1,January,1,23,3,Thursday
TT00491,U00850,CR00014,2025-06-19,0.0,Credit Card,TC00040,2025,6,June,2,19,3,Thursday
TT00492,U00850,CR00007,2025-12-04,0.0,PayPal,TC00042,2025,12,December,4,4,3,Thursday
TT00493,U00850,CR00022,2025-01-22,0.0,PayPal,TC00042,2025,1,January,1,22,2,Wednesday
TT00494,U00850,CR00027,2025-08-09,0.0,Bank Transfer,TC00042,2025,8,August,3,9,5,Saturday
TT00495,U00852,CR00050,2025-11-29,490.9,Credit Card,TC00042,2025,11,November,4,29,5,Saturday
TT00496,U00852,CR00042,2025-04-26,0.0,Bank Transfer,TC00042,2025,4,April,2,26,5,Saturday
TT00497,U00852,CR00058,2025-04-08,0.0,PayPal,TC00042,2025,4,April,2,8,1,Tuesday
TT00498,U00852,CR00039,2025-03-21,346.71,Bank Transfer,TC00042,2025,3,March,1,21,4,Friday
TT00499,U00858,CR00002,2025-06-02,0.0,Bank Transfer,TC00042,2025,6,June,2,2,0,Monday
TT00500,U00858,CR00027,2025-05-12,0.0,Credit Card,TC00042,2025,5,May,2,12,0,Monday
TT00501,U00858,CR00060,2025-05-28,0.0,PayPal,TC00040,2025,5,May,2,28,2,Wednesday
TT00502,U00858,CR00052,2025-11-07,0.0,PayPal,TC00042,2025,11,November,4,7,4,Friday
TT00503,U00870,CR00020,2025-11-19,0.0,PayPal,TC00042,2025,11,November,4,19,2,Wednesday
TT00504,U00870,CR00025,2025-01-02,299.57,Bank Transfer,TC00042,2025,1,January,1,2,3,Thursday
TT00505,U00870,CR00058,2025-06-21,0.0,Credit Card,TC00042,2025,6,June,2,21,5,Saturday
TT00506,U00870,CR00031,2025-12-30,0.0,Credit Card,TC00040,2025,12,December,4,30,1,Tuesday
TT00507,U00870,CR00043,2025-01-12,0.0,PayPal,TC00042,2025,1,January,1,12,6,Sunday
TT00508,U00874,CR00045,2025-04-18,0.0,Credit Card,TC00042,2025,4,April,2,18,4,Friday
TT00509,U00874,CR00024,2025-04-21,117.68,PayPal,TC00042,2025,4,April,2,21,0,Monday
TT00510,U00874,CR00034,2025-02-24,394.26,Credit Card,TC00040,2025,2,February,1,24,0,Monday
TT00511,U00876,CR00038,2025-12-28,342.61,PayPal,TC00040,2025,12,December,4,28,6,Sunday
TT00512,U00876,CR00032,2025-12-02,0.0,Credit Card,TC00040,2025,12,December,4,2,1,Tuesday
TT00513,U00876,CR00049,2025-06-07,415.51,Bank Transfer,TC00040,2025,6,June,2,7,5,Saturday
TT00514,U00881,CR00013,2025-12-03,0.0,Credit Card,TC00040,2025,12,December,4,3,2,Wednesday
TT00515,U00881,CR00048,2025-02-09,0.0,Credit Card,TC00042,2025,2,February,1,9,6,Sunday
TT00516,U00881,CR00035,2025-08-03,0.0,Credit Card,TC00040,2025,8,August,3,3,6,Sunday
TT00517,U00881,CR00030,2025-03-20,0.0,PayPal,TC00042,2025,3,March,1,20,3,Thursday
TT00518,U00881,CR00034,2025-02-01,394.26,Bank Transfer,TC00040,2025,2,February,1,1,5,Saturday
TT00519,U00893,CR00007,2025-12-10,0.0,Credit Card,TC00042,2025,12,December,4,10,2,Wednesday
TT00520,U00893,CR00045,2025-07-08,0.0,PayPal,TC00042,2025,7,July,3,8,1,Tuesday
TT00521,U00893,CR00028,2025-01-09,0.78,Bank Transfer,TC00042,2025,1,January,1,9,3,Thursday
TT00522,U00893,CR00050,2025-10-05,490.9,PayPal,TC00042,2025,10,October,4,5,6,Sunday
TT00523,U00893,CR00029,2025-03-21,0.0,Bank Transfer,TC00042,2025,3,March,1,21,4,Friday
TT00524,U00898,CR00020,2025-10-28,0.0,Bank Transfer,TC00042,2025,10,October,4,28,1,Tuesday
TT00525,U00898,CR00041,2025-11-06,53.86,Bank Transfer,TC00040,2025,11,November,4,6,3,Thursday
TT00526,U00898,CR00060,2025-07-05,0.0,Bank Transfer,TC00042,2025,7,July,3,5,5,Saturday
TT00527,U00903,CR00039,2025-09-21,346.71,Credit Card,TC00042,2025,9,September,3,21,6,Sunday
TT00528,U00903,CR00014,2025-03-11,0.0,Credit Card,TC00040,2025,3,March,1,11,1,Tuesday
TT00529,U00903,CR00016,2025-11-24,0.0,Bank Transfer,TC00042,2025,11,November,4,24,0,Monday
TT00530,U00903,CR00022,2025-10-05,0.0,PayPal,TC00040,2025,10,October,4,5,6,Sunday
TT00531,U00907,CR00016,2025-01-18,0.0,Bank Transfer,TC00042,2025,1,January,1,18,5,Saturday
TT00532,U00907,CR00057,2025-02-26,177.34,PayPal,TC00040,2025,2,February,1,26,2,Wednesday
TT00533,U00907,CR00012,2025-05-05,487.92,PayPal,TC00042,2025,5,May,2,5,0,Monday
TT00534,U00907,CR00011,2025-03-07,326.02,Bank Transfer,TC00040,2025,3,March,1,7,4,Friday
TT00535,U00911,CR00043,2025-11-15,0.0,Bank Transfer,TC00042,2025,11,November,4,15,5,Saturday
TT00536,U00911,CR00006,2025-12-23,276.37,Bank Transfer,TC00042,2025,12,December,4,23,1,Tuesday
TT00537,U00911,CR00036,2025-12-18,0.0,PayPal,TC00040,2025,12,December,4,18,3,Thursday
TT00538,U00915,CR00013,2025-07-10,0.0,Credit Card,TC00040,2025,7,July,3,10,3,Thursday
TT00539,U00915,CR00031,2025-09-20,0.0,Credit Card,TC00040,2025,9,September,3,20,5,Saturday
TT00540,U00915,CR00016,2025-09-03,0.0,Credit Card,TC00042,2025,9,September,3,3,2,Wednesday
TT00541,U00917,CR00026,2025-04-21,0.0,Bank Transfer,TC00042,2025,4,April,2,21,0,Monday
TT00542,U00917,CR00040,2025-01-24,327.99,PayPal,TC00042,2025,1,January,1,24,4,Friday
TT00543,U00917,CR00055,2025-01-02,57.32,PayPal,TC00040,2025,1,January,1,2,3,Thursday
TT00544,U00917,CR00043,2025-04-23,0.0,Bank Transfer,TC00040,2025,4,April,2,23,2,Wednesday
TT00545,U00917,CR00045,2025-11-11,0.0,Credit Card,TC00040,2025,11,November,4,11,1,Tuesday
TT00546,U00919,CR00046,2025-12-25,248.1,Bank Transfer,TC00042,2025,12,December,4,25,3,Thursday
TT00547,U00919,CR00027,2025-06-29,0.0,Credit Card,TC00042,2025,6,June,2,29,6,Sunday
TT00548,U00919,CR00012,2025-07-27,487.92,Credit Card,TC00042,2025,7,July,3,27,6,Sunday
TT00549,U00919,CR00021,2025-05-17,0.0,Bank Transfer,TC00042,2025,5,May,2,17,5,Saturday
TT00550,U00919,CR00002,2025-09-26,0.0,Bank Transfer,TC00042,2025,9,September,3,26,4,Friday
TT00551,U00928,CR00038,2025-12-17,342.61,Credit Card,TC00042,2025,12,December,4,17,2,Wednesday
TT00552,U00928,CR00004,2025-03-23,0.0,PayPal,TC00042,2025,3,March,1,23,6,Sunday
TT00553,U00928,CR00040,2025-03-13,327.99,PayPal,TC00040,2025,3,March,1,13,3,Thursday
TT00554,U00959,CR00019,2025-05-07,0.0,Credit Card,TC00040,2025,5,May,2,7,2,Wednesday
TT00555,U00959,CR00010,2025-04-15,0.0,PayPal,TC00040,2025,4,April,2,15,1,Tuesday
TT00556,U00959,CR00026,2025-10-25,0.0,Bank Transfer,TC00042,2025,10,October,4,25,5,Saturday
TT00557,U00959,CR00028,2025-07-15,0.78,PayPal,TC00042,2025,7,July,3,15,1,Tuesday
TT00558,U00961,CR00058,2025-08-05,0.0,PayPal,TC00042,2025,8,August,3,5,1,Tuesday
TT00559,U00961,CR00042,2025-01-13,0.0,Credit Card,TC00042,2025,1,January,1,13,0,Monday
TT00560,U00961,CR00024,2025-08-18,117.68,Bank Transfer,TC00042,2025,8,August,3,18,0,Monday
TT00561,U00961,CR00046,2025-01-26,248.1,Bank Transfer,TC00040,2025,1,January,1,26,6,Sunday
TT00562,U00961,CR00028,2025-09-02,0.78,PayPal,TC00042,2025,9,September,3,2,1,Tuesday
TT00563,U00967,CR00059,2025-08-01,0.0,Bank Transfer,TC00042,2025,8,August,3,1,4,Friday
TT00564,U00967,CR00056,2025-10-23,212.39,Bank Transfer,TC00040,2025,10,October,4,23,3,Thursday
TT00565,U00967,CR00036,2025-02-09,0.0,Credit Card,TC00042,2025,2,February,1,9,6,Sunday
TT00566,U00967,CR00054,2025-01-12,0.0,PayPal,TC00042,2025,1,January,1,12,6,Sunday
TT00567,U00976,CR00056,2025-02-07,212.39,Bank Transfer,TC00042,2025,2,February,1,7,4,Friday
TT00568,U00976,CR00031,2025-05-12,0.0,Credit Card,TC00040,2025,5,May,2,12,0,Monday
TT00569,U00976,CR00047,2025-12-10,89.59,Credit Card,TC00040,2025,12,December,4,10,2,Wednesday
TT00570,U00976,CR00053,2025-09-07,0.0,PayPal,TC00042,2025,9,September,3,7,6,Sunday
TT00571,U00981,CR00025,2025-02-04,299.57,PayPal,TC00040,2025,2,February,1,4,1,Tuesday
TT00572,U00981,CR00037,2025-04-12,0.0,PayPal,TC00040,2025,4,April,2,12,5,Saturday
TT00573,U00981,CR00028,2025-04-06,0.78,PayPal,TC00042,2025,4,April,2,6,6,Sunday
TT00574,U00981,CR00049,2025-08-21,415.51,Bank Transfer,TC00040,2025,8,August,3,21,3,Thursday
TT00575,U00989,CR00003,2025-03-02,0.0,PayPal,TC00042,2025,3,March,1,2,6,Sunday
TT00576,U00989,CR00006,2025-11-15,276.37,PayPal,TC00042,2025,11,November,4,15,5,Saturday
TT00577,U00989,CR00005,2025-11-09,0.0,Credit Card,TC00040,2025,11,November,4,9,6,Sunday
TT00578,U00989,CR00047,2025-11-08,89.59,Credit Card,TC00042,2025,11,November,4,8,5,Saturday
TT00579,U00989,CR00013,2025-06-16,0.0,Credit Card,TC00040,2025,6,June,2,16,0,Monday
TT00580,U00997,CR00058,2025-04-17,0.0,Credit Card,TC00040,2025,4,April,2,17,3,Thursday
TT00581,U00997,CR00059,2025-11-11,0.0,Credit Card,TC00040,2025,11,November,4,11,1,Tuesday
TT00582,U00997,CR00008,2025-03-24,0.0,PayPal,TC00042,2025,3,March,1,24,0,Monday
TT00583,U00997,CR00030,2025-03-20,0.0,Bank Transfer,TC00042,2025,3,March,1,20,3,Thursday
TT00584,U01000,CR00028,2025-09-10,0.78,Bank Transfer,TC00042,2025,9,September,3,10,2,Wednesday
TT00585,U01000,CR00002,2025-01-12,0.0,PayPal,TC00040,2025,1,January,1,12,6,Sunday
TT00586,U01000,CR00011,2025-02-25,326.02,PayPal,TC00040,2025,2,February,1,25,1,Tuesday
TT00587,U01015,CR00043,2025-02-02,0.0,Bank Transfer,TC00040,2025,2,February,1,2,6,Sunday
TT00588,U01015,CR00056,2025-01-27,212.39,PayPal,TC00042,2025,1,January,1,27,0,Monday
TT00589,U01015,CR00049,2025-01-14,415.51,Credit Card,TC00042,2025,1,January,1,14,1,Tuesday
TT00590,U01015,CR00060,2025-09-25,0.0,Credit Card,TC00040,2025,9,September,3,25,3,Thursday
TT00591,U01020,CR00046,2025-10-06,248.1,Credit Card,TC00042,2025,10,October,4,6,0,Monday
TT00592,U01020,CR00041,2025-05-16,53.86,Bank Transfer,TC00042,2025,5,May,2,16,4,Friday
TT00593,U01020,CR00055,2025-08-10,57.32,PayPal,TC00042,2025,8,August,3,10,6,Sunday
TT00594,U01022,CR00041,2025-07-26,53.86,PayPal,TC00040,2025,7,July,3,26,5,Saturday
TT00595,U01022,CR00049,2025-03-30,415.51,Credit Card,TC00040,2025,3,March,1,30,6,Sunday
TT00596,U01022,CR00037,2025-01-23,0.0,PayPal,TC00042,2025,1,January,1,23,3,Thursday
TT00597,U01031,CR00010,2025-11-12,0.0,Credit Card,TC00040,2025,11,November,4,12,2,Wednesday
TT00598,U01031,CR00041,2025-03-29,53.86,PayPal,TC00040,2025,3,March,1,29,5,Saturday
TT00599,U01031,CR00033,2025-09-20,0.0,Credit Card,TC00040,2025,9,September,3,20,5,Saturday
TT00600,U01032,CR00041,2025-10-23,53.86,PayPal,TC00040,2025,10,October,4,23,3,Thursday
TT00601,U01032,CR00053,2025-02-11,0.0,PayPal,TC00042,2025,2,February,1,11,1,Tuesday
TT00602,U01032,CR00050,2025-03-17,490.9,Bank Transfer,TC00042,2025,3,March,1,17,0,Monday
TT00603,U01032,CR00055,2025-12-19,57.32,Credit Card,TC00042,2025,12,December,4,19,4,Friday
TT00604,U01032,CR00018,2025-02-10,0.0,Credit Card,TC00042,2025,2,February,1,10,0,Monday
TT00605,U01033,CR00012,2025-03-15,487.92,PayPal,TC00042,2025,3,March,1,15,5,Saturday
TT00606,U01033,CR00010,2025-06-23,0.0,Bank Transfer,TC00040,2025,6,June,2,23,0,Monday
TT00607,U01033,CR00004,2025-04-08,0.0,PayPal,TC00042,2025,4,April,2,8,1,Tuesday
TT00608,U01034,CR00021,2025-05-08,0.0,Bank Transfer,TC00040,2025,5,May,2,8,3,Thursday
TT00609,U01034,CR00055,2025-03-25,57.32,PayPal,TC00042,2025,3,March,1,25,1,Tuesday
TT00610,U01034,CR00016,2025-01-29,0.0,Bank Transfer,TC00042,2025,1,January,1,29,2,Wednesday
TT00611,U01066,CR00030,2025-11-20,0.0,Bank Transfer,TC00042,2025,11,November,4,20,3,Thursday
TT00612,U01066,CR00038,2025-06-04,342.61,PayPal,TC00040,2025,6,June,2,4,2,Wednesday
TT00613,U01066,CR00040,2025-01-30,327.99,Credit Card,TC00040,2025,1,January,1,30,3,Thursday
TT00614,U01066,CR00017,2025-12-02,0.0,Credit Card,TC00042,2025,12,December,4,2,1,Tuesday
TT00615,U01066,CR00005,2025-01-18,0.0,PayPal,TC00040,2025,1,January,1,18,5,Saturday
TT00616,U01079,CR00018,2025-03-13,0.0,Bank Transfer,TC00040,2025,3,March,1,13,3,Thursday
TT00617,U01079,CR00021,2025-04-15,0.0,PayPal,TC00042,2025,4,April,2,15,1,Tuesday
TT00618,U01079,CR00043,2025-01-16,0.0,PayPal,TC00040,2025,1,January,1,16,3,Thursday
TT00619,U01083,CR00006,2025-05-01,276.37,Bank Transfer,TC00040,2025,5,May,2,1,3,Thursday
TT00620,U01083,CR00047,2025-11-03,89.59,Credit Card,TC00042,2025,11,November,4,3,0,Monday
TT00621,U01083,CR00039,2025-01-13,346.71,Bank Transfer,TC00042,2025,1,January,1,13,0,Monday
TT00622,U01083,CR00057,2025-01-09,177.34,Credit Card,TC00042,2025,1,January,1,9,3,Thursday
TT00623,U01083,CR00008,2025-11-09,0.0,Bank Transfer,TC00042,2025,11,November,4,9,6,Sunday
TT00624,U01084,CR00008,2025-07-18,0.0,PayPal,TC00042,2025,7,July,3,18,4,Friday
TT00625,U01084,CR00048,2025-02-25,0.0,Bank Transfer,TC00042,2025,2,February,1,25,1,Tuesday
TT00626,U01084,CR00036,2025-02-16,0.0,Credit Card,TC00042,2025,2,February,1,16,6,Sunday
TT00627,U01084,CR00057,2025-09-09,177.34,Credit Card,TC00040,2025,9,September,3,9,1,Tuesday
TT00628,U01092,CR00001,2025-05-18,472.28,PayPal,TC00042,2025,5,May,2,18,6,Sunday
TT00629,U01092,CR00007,2025-03-03,0.0,Credit Card,TC00042,2025,3,March,1,3,0,Monday
TT00630,U01092,CR00013,2025-11-30,0.0,Credit Card,TC00040,2025,11,November,4,30,6,Sunday
TT00631,U01092,CR00026,2025-12-02,0.0,Bank Transfer,TC00042,2025,12,December,4,2,1,Tuesday
TT00632,U01096,CR00028,2025-03-04,0.78,Credit Card,TC00042,2025,3,March,1,4,1,Tuesday
TT00633,U01096,CR00021,2025-12-21,0.0,Credit Card,TC00042,2025,12,December,4,21,6,Sunday
TT00634,U01096,CR00048,2025-01-17,0.0,PayPal,TC00042,2025,1,January,1,17,4,Friday
TT00635,U01096,CR00052,2025-02-08,0.0,PayPal,TC00042,2025,2,February,1,8,5,Saturday
TT00636,U01096,CR00043,2025-10-27,0.0,Credit Card,TC00042,2025,10,October,4,27,0,Monday
TT00637,U01123,CR00013,2025-03-30,0.0,Credit Card,TC00042,2025,3,March,1,30,6,Sunday
TT00638,U01123,CR00031,2025-05-15,0.0,PayPal,TC00040,2025,5,May,2,15,3,Thursday
TT00639,U01123,CR00044,2025-07-02,119.04,Bank Transfer,TC00040,2025,7,July,3,2,2,Wednesday
TT00640,U01123,CR00005,2025-02-21,0.0,Bank Transfer,TC00042,2025,2,February,1,21,4,Friday
TT00641,U01123,CR00010,2025-10-13,0.0,PayPal,TC00040,2025,10,October,4,13,0,Monday
TT00642,U01143,CR00030,2025-06-29,0.0,Credit Card,TC00042,2025,6,June,2,29,6,Sunday
TT00643,U01143,CR00033,2025-06-26,0.0,PayPal,TC00040,2025,6,June,2,26,3,Thursday
TT00644,U01143,CR00052,2025-06-01,0.0,PayPal,TC00042,2025,6,June,2,1,6,Sunday
TT00645,U01143,CR00054,2025-03-13,0.0,PayPal,TC00042,2025,3,March,1,13,3,Thursday
TT00646,U01143,CR00006,2025-03-14,276.37,Bank Transfer,TC00042,2025,3,March,1,14,4,Friday
TT00647,U01146,CR00029,2025-11-24,0.0,PayPal,TC00042,2025,11,November,4,24,0,Monday
TT00648,U01146,CR00004,2025-08-04,0.0,Credit Card,TC00042,2025,8,August,3,4,0,Monday
TT00649,U01146,CR00014,2025-05-28,0.0,Bank Transfer,TC00040,2025,5,May,2,28,2,Wednesday
TT00650,U01151,CR00049,2025-01-09,415.51,PayPal,TC00040,2025,1,January,1,9,3,Thursday
TT00651,U01151,CR00039,2025-08-13,346.71,PayPal,TC00040,2025,8,August,3,13,2,Wednesday
TT00652,U01151,CR00003,2025-04-16,0.0,PayPal,TC00042,2025,4,April,2,16,2,Wednesday
TT00653,U01151,CR00031,2025-12-29,0.0,Bank Transfer,TC00040,2025,12,December,4,29,0,Monday
TT00654,U01158,CR00034,2025-09-18,394.26,Credit Card,TC00040,2025,9,September,3,18,3,Thursday
TT00655,U01158,CR00059,2025-12-11,0.0,PayPal,TC00042,2025,12,December,4,11,3,Thursday
TT00656,U01158,CR00033,2025-03-14,0.0,PayPal,TC00040,2025,3,March,1,14,4,Friday
TT00657,U01163,CR00006,2025-10-02,276.37,Bank Transfer,TC00040,2025,10,October,4,2,3,Thursday
TT00658,U01163,CR00014,2025-03-25,0.0,Credit Card,TC00042,2025,3,March,1,25,1,Tuesday
TT00659,U01163,CR00015,2025-02-24,285.05,PayPal,TC00040,2025,2,February,1,24,0,Monday
TT00660,U01167,CR00044,2025-06-05,119.04,Credit Card,TC00042,2025,6,June,2,5,3,Thursday
TT00661,U01167,CR00051,2025-03-04,37.89,Credit Card,TC00042,2025,3,March,1,4,1,Tuesday
TT00662,U01170,CR00047,2025-07-09,89.59,PayPal,TC00042,2025,7,July,3,9,2,Wednesday
TT00663,U01170,CR00058,2025-10-02,0.0,Bank Transfer,TC00040,2025,10,October,4,2,3,Thursday
TT00664,U01170,CR00005,2025-06-15,0.0,Credit Card,TC00042,2025,6,June,2,15,6,Sunday
TT00665,U01170,CR00046,2025-12-07,248.1,PayPal,TC00040,2025,12,December,4,7,6,Sunday
TT00666,U01170,CR00007,2025-11-08,0.0,Credit Card,TC00040,2025,11,November,4,8,5,Saturday
TT00667,U01177,CR00058,2025-12-16,0.0,Bank Transfer,TC00042,2025,12,December,4,16,1,Tuesday
TT00668,U01177,CR00047,2025-10-11,89.59,Credit Card,TC00040,2025,10,October,4,11,5,Saturday
TT00669,U01177,CR00006,2025-11-16,276.37,Credit Card,TC00042,2025,11,November,4,16,6,Sunday
TT00670,U01177,CR00020,2025-08-09,0.0,PayPal,TC00040,2025,8,August,3,9,5,Saturday
TT00671,U01180,CR00025,2025-03-07,299.57,PayPal,TC00040,2025,3,March,1,7,4,Friday
TT00672,U01180,CR00024,2025-12-04,117.68,Credit Card,TC00042,2025,12,December,4,4,3,Thursday
TT00673,U01180,CR00021,2025-12-19,0.0,Credit Card,TC00040,2025,12,December,4,19,4,Friday
TT00674,U01180,CR00031,2025-04-06,0.0,Credit Card,TC00040,2025,4,April,2,6,6,Sunday
TT00675,U01197,CR00013,2025-08-19,0.0,PayPal,TC00042,2025,8,August,3,19,1,Tuesday
TT00676,U01197,CR00036,2025-09-14,0.0,PayPal,TC00042,2025,9,September,3,14,6,Sunday
TT00677,U01197,CR00015,2025-01-18,285.05,Bank Transfer,TC00042,2025,1,January,1,18,5,Saturday
TT00678,U01203,CR00028,2025-03-22,0.78,PayPal,TC00042,2025,3,March,1,22,5,Saturday
TT00679,U01203,CR00035,2025-03-08,0.0,Bank Transfer,TC00040,2025,3,March,1,8,5,Saturday
TT00680,U01203,CR00038,2025-10-13,342.61,Credit Card,TC00042,2025,10,October,4,13,0,Monday
TT00681,U01203,CR00031,2025-03-12,0.0,Credit Card,TC00040,2025,3,March,1,12,2,Wednesday
TT00682,U01203,CR00048,2025-05-03,0.0,Bank Transfer,TC00040,2025,5,May,2,3,5,Saturday
TT00683,U01221,CR00028,2025-09-20,0.78,Bank Transfer,TC00042,2025,9,September,3,20,5,Saturday
TT00684,U01221,CR00053,2025-05-11,0.0,Credit Card,TC00040,2025,5,May,2,11,6,Sunday
TT00685,U01221,CR00048,2025-10-15,0.0,PayPal,TC00042,2025,10,October,4,15,2,Wednesday
TT00686,U01221,CR00051,2025-03-17,37.89,Credit Card,TC00040,2025,3,March,1,17,0,Monday
TT00687,U01224,CR00047,2025-08-14,89.59,Bank Transfer,TC00040,2025,8,August,3,14,3,Thursday
TT00688,U01224,CR00015,2025-05-12,285.05,PayPal,TC00042,2025,5,May,2,12,0,Monday
TT00689,U01224,CR00059,2025-04-02,0.0,Credit Card,TC00040,2025,4,April,2,2,2,Wednesday
TT00690,U01231,CR00032,2025-08-12,0.0,Bank Transfer,TC00040,2025,8,August,3,12,1,Tuesday
TT00691,U01231,CR00015,2025-09-12,285.05,Credit Card,TC00042,2025,9,September,3,12,4,Friday
TT00692,U01231,CR00039,2025-08-24,346.71,Credit Card,TC00042,2025,8,August,3,24,6,Sunday
TT00693,U01233,CR00011,2025-04-20,326.02,Credit Card,TC00040,2025,4,April,2,20,6,Sunday
TT00694,U01233,CR00050,2025-05-05,490.9,Bank Transfer,TC00042,2025,5,May,2,5,0,Monday
TT00695,U01233,CR00041,2025-01-17,53.86,Credit Card,TC00040,2025,1,January,1,17,4,Friday
TT00696,U01235,CR00021,2025-01-09,0.0,PayPal,TC00040,2025,1,January,1,9,3,Thursday
TT00697,U01235,CR00055,2025-10-09,57.32,PayPal,TC00040,2025,10,October,4,9,3,Thursday
TT00698,U01235,CR00001,2025-01-20,472.28,Credit Card,TC00040,2025,1,January,1,20,0,Monday
TT00699,U01237,CR00053,2025-08-03,0.0,PayPal,TC00042,2025,8,August,3,3,6,Sunday
TT00700,U01237,CR00006,2025-09-26,276.37,PayPal,TC00042,2025,9,September,3,26,4,Friday
TT00701,U01237,CR00041,2025-02-20,53.86,PayPal,TC00042,2025,2,February,1,20,3,Thursday
TT00702,U01237,CR00001,2025-11-18,472.28,PayPal,TC00042,2025,11,November,4,18,1,Tuesday
TT00703,U01237,CR00025,2025-11-01,299.57,Credit Card,TC00040,2025,11,November,4,1,5,Saturday
TT00704,U01239,CR00009,2025-04-24,0.0,PayPal,TC00042,2025,4,April,2,24,3,Thursday
TT00705,U01239,CR00058,2025-02-09,0.0,Bank Transfer,TC00040,2025,2,February,1,9,6,Sunday
TT00706,U01239,CR00029,2025-08-15,0.0,Bank Transfer,TC00042,2025,8,August,3,15,4,Friday
TT00707,U01239,CR00015,2025-04-08,285.05,PayPal,TC00042,2025,4,April,2,8,1,Tuesday
TT00708,U01244,CR00013,2025-05-01,0.0,PayPal,TC00042,2025,5,May,2,1,3,Thursday
TT00709,U01244,CR00012,2025-12-24,487.92,Bank Transfer,TC00042,2025,12,December,4,24,2,Wednesday
TT00710,U01244,CR00030,2025-12-01,0.0,Credit Card,TC00042,2025,12,December,4,1,0,Monday
TT00711,U01249,CR00015,2025-03-11,285.05,Credit Card,TC00040,2025,3,March,1,11,1,Tuesday
TT00712,U01249,CR00040,2025-03-30,327.99,Credit Card,TC00042,2025,3,March,1,30,6,Sunday
TT00713,U01249,CR00009,2025-05-28,0.0,Credit Card,TC00042,2025,5,May,2,28,2,Wednesday
TT00714,U01249,CR00059,2025-08-14,0.0,PayPal,TC00040,2025,8,August,3,14,3,Thursday
TT00715,U01249,CR00013,2025-07-19,0.0,Bank Transfer,TC00042,2025,7,July,3,19,5,Saturday
TT00716,U01250,CR00022,2025-11-11,0.0,PayPal,TC00040,2025,11,November,4,11,1,Tuesday
TT00717,U01250,CR00056,2025-09-04,212.39,Credit Card,TC00040,2025,9,September,3,4,3,Thursday
TT00718,U01250,CR00006,2025-06-27,276.37,Bank Transfer,TC00042,2025,6,June,2,27,4,Friday
TT00719,U01250,CR00009,2025-04-11,0.0,PayPal,TC00040,2025,4,April,2,11,4,Friday
TT00720,U01250,CR00060,2025-12-27,0.0,PayPal,TC00042,2025,12,December,4,27,5,Saturday
TT00721,U01261,CR00033,2025-03-01,0.0,PayPal,TC00040,2025,3,March,1,1,5,Saturday
TT00722,U01261,CR00060,2025-02-03,0.0,PayPal,TC00040,2025,2,February,1,3,0,Monday
TT00723,U01261,CR00018,2025-10-28,0.0,Credit Card,TC00040,2025,10,October,4,28,1,Tuesday
TT00724,U01266,CR00005,2025-12-29,0.0,Credit Card,TC00042,2025,12,December,4,29,0,Monday
TT00725,U01266,CR00004,2025-01-11,0.0,Bank Transfer,TC00042,2025,1,January,1,11,5,Saturday
TT00726,U01266,CR00024,2025-08-16,117.68,PayPal,TC00042,2025,8,August,3,16,5,Saturday
TT00727,U01266,CR00047,2025-05-01,89.59,Credit Card,TC00042,2025,5,May,2,1,3,Thursday
TT00728,U01266,CR00033,2025-09-24,0.0,Credit Card,TC00040,2025,9,September,3,24,2,Wednesday
TT00729,U01267,CR00053,2025-07-04,0.0,PayPal,TC00040,2025,7,July,3,4,4,Friday
TT00730,U01267,CR00008,2025-12-20,0.0,Bank Transfer,TC00042,2025,12,December,4,20,5,Saturday
TT00731,U01267,CR00049,2025-08-27,415.51,Bank Transfer,TC00040,2025,8,August,3,27,2,Wednesday
TT00732,U01267,CR00010,2025-12-02,0.0,PayPal,TC00042,2025,12,December,4,2,1,Tuesday
TT00733,U01267,CR00005,2025-09-09,0.0,Credit Card,TC00040,2025,9,September,3,9,1,Tuesday
TT00734,U01268,CR00001,2025-01-23,472.28,Bank Transfer,TC00040,2025,1,January,1,23,3,Thursday
TT00735,U01268,CR00021,2025-11-21,0.0,Credit Card,TC00042,2025,11,November,4,21,4,Friday
TT00736,U01268,CR00006,2025-01-24,276.37,PayPal,TC00042,2025,1,January,1,24,4,Friday
TT00737,U01277,CR00010,2025-02-08,0.0,Credit Card,TC00042,2025,2,February,1,8,5,Saturday
TT00738,U01277,CR00033,2025-07-25,0.0,Credit Card,TC00040,2025,7,July,3,25,4,Friday
TT00739,U01277,CR00043,2025-06-15,0.0,PayPal,TC00040,2025,6,June,2,15,6,Sunday
TT00740,U01277,CR00057,2025-02-21,177.34,PayPal,TC00040,2025,2,February,1,21,4,Friday
TT00741,U01280,CR00014,2025-01-06,0.0,Bank Transfer,TC00042,2025,1,January,1,6,0,Monday
TT00742,U01280,CR00027,2025-05-23,0.0,Bank Transfer,TC00042,2025,5,May,2,23,4,Friday
TT00743,U01280,CR00003,2025-03-21,0.0,Credit Card,TC00042,2025,3,March,1,21,4,Friday
TT00744,U01281,CR00022,2025-07-27,0.0,Bank Transfer,TC00040,2025,7,July,3,27,6,Sunday
TT00745,U01281,CR00043,2025-06-20,0.0,Credit Card,TC00042,2025,6,June,2,20,4,Friday
TT00746,U01281,CR00047,2025-01-09,89.59,PayPal,TC00042,2025,1,January,1,9,3,Thursday
TT00747,U01281,CR00010,2025-07-12,0.0,Credit Card,TC00040,2025,7,July,3,12,5,Saturday
TT00748,U01284,CR00012,2025-01-18,487.92,Bank Transfer,TC00042,2025,1,January,1,18,5,Saturday
TT00749,U01284,CR00006,2025-01-24,276.37,Credit Card,TC00042,2025,1,January,1,24,4,Friday
TT00750,U01284,CR00040,2025-01-20,327.99,PayPal,TC00040,2025,1,January,1,20,0,Monday
TT00751,U01284,CR00056,2025-07-21,212.39,Credit Card,TC00040,2025,7,July,3,21,0,Monday
TT00752,U01284,CR00038,2025-04-17,342.61,Bank Transfer,TC00040,2025,4,April,2,17,3,Thursday
TT00753,U01286,CR00059,2025-02-05,0.0,Credit Card,TC00042,2025,2,February,1,5,2,Wednesday
TT00754,U01286,CR00058,2025-10-04,0.0,Bank Transfer,TC00040,2025,10,October,4,4,5,Saturday
TT00755,U01286,CR00015,2025-08-15,285.05,PayPal,TC00042,2025,8,August,3,15,4,Friday
TT00756,U01287,CR00016,2025-10-18,0.0,Bank Transfer,TC00040,2025,10,October,4,18,5,Saturday
TT00757,U01287,CR00049,2025-10-12,415.51,PayPal,TC00040,2025,10,October,4,12,6,Sunday
TT00758,U01287,CR00033,2025-08-02,0.0,PayPal,TC00040,2025,8,August,3,2,5,Saturday
TT00759,U01287,CR00043,2025-02-17,0.0,Bank Transfer,TC00042,2025,2,February,1,17,0,Monday
TT00760,U01290,CR00014,2025-11-18,0.0,Credit Card,TC00040,2025,11,November,4,18,1,Tuesday
TT00761,U01290,CR00030,2025-09-21,0.0,Bank Transfer,TC00042,2025,9,September,3,21,6,Sunday
TT00762,U01290,CR00004,2025-06-28,0.0,PayPal,TC00040,2025,6,June,2,28,5,Saturday
TT00763,U01290,CR00031,2025-01-05,0.0,Credit Card,TC00040,2025,1,January,1,5,6,Sunday
TT00764,U01315,CR00011,2025-11-27,326.02,Bank Transfer,TC00042,2025,11,November,4,27,3,Thursday
TT00765,U01315,CR00057,2025-02-21,177.34,PayPal,TC00042,2025,2,February,1,21,4,Friday
TT00766,U01315,CR00025,2025-08-04,299.57,Credit Card,TC00040,2025,8,August,3,4,0,Monday
TT00767,U01318,CR00050,2025-04-07,490.9,PayPal,TC00042,2025,4,April,2,7,0,Monday
TT00768,U01318,CR00039,2025-05-18,346.71,Bank Transfer,TC00040,2025,5,May,2,18,6,Sunday
TT00769,U01318,CR00010,2025-04-20,0.0,PayPal,TC00042,2025,4,April,2,20,6,Sunday
TT00770,U01321,CR00045,2025-09-24,0.0,PayPal,TC00042,2025,9,September,3,24,2,Wednesday
TT00771,U01321,CR00060,2025-03-09,0.0,Credit Card,TC00040,2025,3,March,1,9,6,Sunday
TT00772,U01321,CR00031,2025-11-05,0.0,Credit Card,TC00040,2025,11,November,4,5,2,Wednesday
TT00773,U01321,CR00028,2025-07-30,0.78,Bank Transfer,TC00042,2025,7,July,3,30,2,Wednesday
TT00774,U01321,CR00001,2025-05-29,472.28,Credit Card,TC00040,2025,5,May,2,29,3,Thursday
TT00775,U01322,CR00019,2025-11-11,0.0,Credit Card,TC00040,2025,11,November,4,11,1,Tuesday
TT00776,U01322,CR00022,2025-04-15,0.0,Credit Card,TC00042,2025,4,April,2,15,1,Tuesday
TT00777,U01322,CR00024,2025-09-17,117.68,PayPal,TC00040,2025,9,September,3,17,2,Wednesday
TT00778,U01322,CR00045,2025-05-13,0.0,Bank Transfer,TC00040,2025,5,May,2,13,1,Tuesday
TT00779,U01331,CR00004,2025-05-26,0.0,Bank Transfer,TC00040,2025,5,May,2,26,0,Monday
TT00780,U01331,CR00021,2025-08-17,0.0,Bank Transfer,TC00042,2025,8,August,3,17,6,Sunday
TT00781,U01331,CR00005,2025-04-01,0.0,Credit Card,TC00042,2025,4,April,2,1,1,Tuesday
TT00782,U01332,CR00019,2025-12-12,0.0,Credit Card,TC00042,2025,12,December,4,12,4,Friday
TT00783,U01332,CR00020,2025-11-12,0.0,PayPal,TC00040,2025,11,November,4,12,2,Wednesday
TT00784,U01332,CR00016,2025-11-16,0.0,PayPal,TC00040,2025,11,November,4,16,6,Sunday
TT00785,U01334,CR00008,2025-06-01,0.0,Bank Transfer,TC00042,2025,6,June,2,1,6,Sunday
TT00786,U01334,CR00013,2025-08-11,0.0,PayPal,TC00040,2025,8,August,3,11,0,Monday
TT00787,U01334,CR00023,2025-09-19,0.0,PayPal,TC00040,2025,9,September,3,19,4,Friday
TT00788,U01334,CR00047,2025-12-05,89.59,Credit Card,TC00042,2025,12,December,4,5,4,Friday
TT00789,U01334,CR00057,2025-11-06,177.34,Credit Card,TC00042,2025,11,November,4,6,3,Thursday
TT00790,U01336,CR00005,2025-06-01,0.0,Bank Transfer,TC00042,2025,6,June,2,1,6,Sunday
TT00791,U01336,CR00023,2025-11-11,0.0,Credit Card,TC00042,2025,11,November,4,11,1,Tuesday
TT00792,U01336,CR00020,2025-10-27,0.0,Credit Card,TC00040,2025,10,October,4,27,0,Monday
TT00793,U01337,CR00051,2025-12-10,37.89,Credit Card,TC00042,2025,12,December,4,10,2,Wednesday
TT00794,U01337,CR00027,2025-07-20,0.0,PayPal,TC00042,2025,7,July,3,20,6,Sunday
TT00795,U01337,CR00028,2025-05-04,0.78,Bank Transfer,TC00042,2025,5,May,2,4,6,Sunday
TT00796,U01337,CR00017,2025-04-05,0.0,Bank Transfer,TC00040,2025,4,April,2,5,5,Saturday
TT00797,U01337,CR00014,2025-11-24,0.0,PayPal,TC00042,2025,11,November,4,24,0,Monday
TT00798,U01343,CR00059,2025-12-25,0.0,Bank Transfer,TC00040,2025,12,December,4,25,3,Thursday
TT00799,U01343,CR00057,2025-05-01,177.34,Bank Transfer,TC00040,2025,5,May,2,1,3,Thursday
TT00800,U01343,CR00002,2025-08-04,0.0,Credit Card,TC00042,2025,8,August,3,4,0,Monday
TT00801,U01343,CR00055,2025-01-27,57.32,PayPal,TC00042,2025,1,January,1,27,0,Monday
TT00802,U01343,CR00034,2025-11-08,394.26,Credit Card,TC00040,2025,11,November,4,8,5,Saturday
TT00803,U01344,CR00036,2025-11-11,0.0,Credit Card,TC00042,2025,11,November,4,11,1,Tuesday
TT00804,U01344,CR00045,2025-01-11,0.0,PayPal,TC00042,2025,1,January,1,11,5,Saturday
TT00805,U01344,CR00008,2025-07-15,0.0,Bank Transfer,TC00042,2025,7,July,3,15,1,Tuesday
TT00806,U01346,CR00045,2025-12-29,0.0,Credit Card,TC00042,2025,12,December,4,29,0,Monday
TT00807,U01346,CR00031,2025-07-26,0.0,PayPal,TC00040,2025,7,July,3,26,5,Saturday
TT00808,U01346,CR00037,2025-08-14,0.0,PayPal,TC00042,2025,8,August,3,14,3,Thursday
TT00809,U01346,CR00028,2025-06-07,0.78,PayPal,TC00042,2025,6,June,2,7,5,Saturday
TT00810,U01346,CR00039,2025-03-25,346.71,Credit Card,TC00040,2025,3,March,1,25,1,Tuesday
TT00811,U01347,CR00026,2025-05-01,0.0,PayPal,TC00042,2025,5,May,2,1,3,Thursday
TT00812,U01347,CR00045,2025-11-07,0.0,Credit Card,TC00040,2025,11,November,4,7,4,Friday
TT00813,U01347,CR00019,2025-07-29,0.0,Credit Card,TC00040,2025,7,July,3,29,1,Tuesday
TT00814,U01350,CR00046,2025-05-20,248.1,Credit Card,TC00040,2025,5,May,2,20,1,Tuesday
TT00815,U01350,CR00015,2025-04-22,285.05,Bank Transfer,TC00042,2025,4,April,2,22,1,Tuesday
TT00816,U01350,CR00009,2025-12-13,0.0,Bank Transfer,TC00040,2025,12,December,4,13,5,Saturday
TT00817,U01350,CR00048,2025-01-29,0.0,PayPal,TC00042,2025,1,January,1,29,2,Wednesday
TT00818,U01352,CR00055,2025-12-14,57.32,PayPal,TC00040,2025,12,December,4,14,6,Sunday
TT00819,U01352,CR00049,2025-05-03,415.51,Credit Card,TC00040,2025,5,May,2,3,5,Saturday
TT00820,U01352,CR00036,2025-07-25,0.0,Credit Card,TC00042,2025,7,July,3,25,4,Friday
TT00821,U01352,CR00003,2025-02-24,0.0,PayPal,TC00042,2025,2,February,1,24,0,Monday
TT00822,U01355,CR00019,2025-02-07,0.0,PayPal,TC00042,2025,2,February,1,7,4,Friday
TT00823,U01355,CR00032,2025-03-13,0.0,Bank Transfer,TC00040,2025,3,March,1,13,3,Thursday
TT00824,U01355,CR00018,2025-10-04,0.0,PayPal,TC00040,2025,10,October,4,4,5,Saturday
TT00825,U01364,CR00049,2025-06-07,415.51,PayPal,TC00040,2025,6,June,2,7,5,Saturday
TT00826,U01364,CR00019,2025-11-30,0.0,Credit Card,TC00040,2025,11,November,4,30,6,Sunday
TT00827,U01364,CR00009,2025-10-17,0.0,Bank Transfer,TC00042,2025,10,October,4,17,4,Friday
TT00828,U01364,CR00056,2025-01-14,212.39,Credit Card,TC00040,2025,1,January,1,14,1,Tuesday
TT00829,U01364,CR00060,2025-12-09,0.0,Credit Card,TC00042,2025,12,December,4,9,1,Tuesday
TT00830,U01365,CR00011,2025-12-21,326.02,Credit Card,TC00040,2025,12,December,4,21,6,Sunday
TT00831,U01365,CR00042,2025-02-25,0.0,Credit Card,TC00042,2025,2,February,1,25,1,Tuesday
TT00832,U01365,CR00031,2025-02-18,0.0,Bank Transfer,TC00040,2025,2,February,1,18,1,Tuesday
TT00833,U01365,CR00052,2025-06-01,0.0,Credit Card,TC00040,2025,6,June,2,1,6,Sunday
TT00834,U01375,CR00025,2025-05-04,299.57,PayPal,TC00042,2025,5,May,2,4,6,Sunday
TT00835,U01375,CR00015,2025-11-25,285.05,Bank Transfer,TC00040,2025,11,November,4,25,1,Tuesday
TT00836,U01375,CR00022,2025-01-29,0.0,Credit Card,TC00042,2025,1,January,1,29,2,Wednesday
TT00837,U01394,CR00022,2025-06-02,0.0,PayPal,TC00042,2025,6,June,2,2,0,Monday
TT00838,U01394,CR00016,2025-11-13,0.0,Credit Card,TC00042,2025,11,November,4,13,3,Thursday
TT00839,U01394,CR00054,2025-07-29,0.0,Bank Transfer,TC00042,2025,7,July,3,29,1,Tuesday
TT00840,U01395,CR00008,2025-04-23,0.0,Credit Card,TC00042,2025,4,April,2,23,2,Wednesday
TT00841,U01395,CR00009,2025-11-05,0.0,PayPal,TC00040,2025,11,November,4,5,2,Wednesday
TT00842,U01395,CR00037,2025-03-14,0.0,Bank Transfer,TC00042,2025,3,March,1,14,4,Friday
TT00843,U01395,CR00015,2025-05-20,285.05,PayPal,TC00040,2025,5,May,2,20,1,Tuesday
TT00844,U01397,CR00047,2025-05-04,89.59,Credit Card,TC00040,2025,5,May,2,4,6,Sunday
TT00845,U01397,CR00033,2025-10-28,0.0,PayPal,TC00040,2025,10,October,4,28,1,Tuesday
TT00846,U01397,CR00051,2025-11-05,37.89,Bank Transfer,TC00040,2025,11,November,4,5,2,Wednesday
TT00847,U01397,CR00024,2025-06-19,117.68,Bank Transfer,TC00042,2025,6,June,2,19,3,Thursday
TT00848,U01397,CR00035,2025-08-20,0.0,Credit Card,TC00040,2025,8,August,3,20,2,Wednesday
TT00849,U01399,CR00028,2025-03-20,0.78,Credit Card,TC00042,2025,3,March,1,20,3,Thursday
TT00850,U01399,CR00003,2025-10-15,0.0,Bank Transfer,TC00040,2025,10,October,4,15,2,Wednesday
TT00851,U01399,CR00055,2025-09-06,57.32,Bank Transfer,TC00042,2025,9,September,3,6,5,Saturday
TT00852,U01399,CR00058,2025-08-09,0.0,Credit Card,TC00040,2025,8,August,3,9,5,Saturday
TT00853,U01399,CR00013,2025-07-21,0.0,Bank Transfer,TC00040,2025,7,July,3,21,0,Monday
TT00854,U01405,CR00053,2025-08-14,0.0,Bank Transfer,TC00040,2025,8,August,3,14,3,Thursday
TT00855,U01405,CR00021,2025-01-06,0.0,Credit Card,TC00042,2025,1,January,1,6,0,Monday
TT00856,U01405,CR00020,2025-09-19,0.0,Bank Transfer,TC00042,2025,9,September,3,19,4,Friday
TT00857,U01411,CR00010,2025-07-26,0.0,Bank Transfer,TC00042,2025,7,July,3,26,5,Saturday
TT00858,U01411,CR00017,2025-11-28,0.0,PayPal,TC00042,2025,11,November,4,28,4,Friday
TT00859,U01411,CR00007,2025-06-16,0.0,Bank Transfer,TC00040,2025,6,June,2,16,0,Monday
TT00860,U01411,CR00042,2025-03-25,0.0,PayPal,TC00042,2025,3,March,1,25,1,Tuesday
TT00861,U01411,CR00026,2025-10-24,0.0,Credit Card,TC00042,2025,10,October,4,24,4,Friday
TT00862,U01414,CR00045,2025-10-23,0.0,Bank Transfer,TC00042,2025,10,October,4,23,3,Thursday
TT00863,U01414,CR00007,2025-09-27,0.0,Bank Transfer,TC00042,2025,9,September,3,27,5,Saturday
TT00864,U01414,CR00059,2025-08-26,0.0,PayPal,TC00042,2025,8,August,3,26,1,Tuesday
TT00865,U01414,CR00023,2025-09-23,0.0,Bank Transfer,TC00042,2025,9,September,3,23,1,Tuesday
TT00866,U01414,CR00011,2025-07-14,326.02,Bank Transfer,TC00042,2025,7,July,3,14,0,Monday
TT00867,U01429,CR00036,2025-10-12,0.0,PayPal,TC00040,2025,10,October,4,12,6,Sunday
TT00868,U01429,CR00033,2025-11-21,0.0,Credit Card,TC00040,2025,11,November,4,21,4,Friday
TT00869,U01429,CR00001,2025-05-15,472.28,PayPal,TC00040,2025,5,May,2,15,3,Thursday
TT00870,U01429,CR00045,2025-04-16,0.0,PayPal,TC00040,2025,4,April,2,16,2,Wednesday
TT00871,U01429,CR00055,2025-02-21,57.32,Credit Card,TC00042,2025,2,February,1,21,4,Friday
TT00872,U01430,CR00013,2025-02-06,0.0,Credit Card,TC00042,2025,2,February,1,6,3,Thursday
TT00873,U01430,CR00025,2025-02-07,299.57,PayPal,TC00042,2025,2,February,1,7,4,Friday
TT00874,U01430,CR00043,2025-06-02,0.0,Credit Card,TC00042,2025,6,June,2,2,0,Monday
TT00875,U01430,CR00039,2025-10-11,346.71,PayPal,TC00042,2025,10,October,4,11,5,Saturday
TT00876,U01432,CR00049,2025-02-23,415.51,Bank Transfer,TC00042,2025,2,February,1,23,6,Sunday
TT00877,U01432,CR00042,2025-05-04,0.0,Bank Transfer,TC00042,2025,5,May,2,4,6,Sunday
TT00878,U01432,CR00023,2025-06-18,0.0,Bank Transfer,TC00042,2025,6,June,2,18,2,Wednesday
TT00879,U01435,CR00004,2025-03-20,0.0,Bank Transfer,TC00040,2025,3,March,1,20,3,Thursday
TT00880,U01435,CR00048,2025-05-24,0.0,Bank Transfer,TC00042,2025,5,May,2,24,5,Saturday
TT00881,U01435,CR00052,2025-11-08,0.0,PayPal,TC00042,2025,11,November,4,8,5,Saturday
TT00882,U01435,CR00034,2025-06-01,394.26,Bank Transfer,TC00040,2025,6,June,2,1,6,Sunday
TT00883,U01445,CR00016,2025-11-10,0.0,Bank Transfer,TC00042,2025,11,November,4,10,0,Monday
TT00884,U01445,CR00018,2025-11-06,0.0,PayPal,TC00040,2025,11,November,4,6,3,Thursday
TT00885,U01445,CR00040,2025-07-09,327.99,Credit Card,TC00042,2025,7,July,3,9,2,Wednesday
TT00886,U01450,CR00038,2025-07-03,342.61,Credit Card,TC00040,2025,7,July,3,3,3,Thursday
TT00887,U01450,CR00016,2025-07-07,0.0,Bank Transfer,TC00042,2025,7,July,3,7,0,Monday
TT00888,U01450,CR00030,2025-11-30,0.0,Credit Card,TC00042,2025,11,November,4,30,6,Sunday
TT00889,U01451,CR00026,2025-07-15,0.0,PayPal,TC00042,2025,7,July,3,15,1,Tuesday
TT00890,U01451,CR00043,2025-01-26,0.0,Bank Transfer,TC00040,2025,1,January,1,26,6,Sunday
TT00891,U01451,CR00045,2025-02-13,0.0,Bank Transfer,TC00042,2025,2,February,1,13,3,Thursday
TT00892,U01455,CR00057,2025-04-13,177.34,Bank Transfer,TC00040,2025,4,April,2,13,6,Sunday
TT00893,U01455,CR00047,2025-05-03,89.59,PayPal,TC00040,2025,5,May,2,3,5,Saturday
TT00894,U01455,CR00021,2025-09-16,0.0,PayPal,TC00042,2025,9,September,3,16,1,Tuesday
TT00895,U01460,CR00037,2025-04-22,0.0,PayPal,TC00040,2025,4,April,2,22,1,Tuesday
TT00896,U01460,CR00016,2025-11-22,0.0,Credit Card,TC00042,2025,11,November,4,22,5,Saturday
TT00897,U01460,CR00050,2025-01-11,490.9,Bank Transfer,TC00040,2025,1,January,1,11,5,Saturday
TT00898,U01460,CR00022,2025-03-15,0.0,PayPal,TC00040,2025,3,March,1,15,5,Saturday
TT00899,U01463,CR00001,2025-01-04,472.28,Credit Card,TC00040,2025,1,January,1,4,5,Saturday
TT00900,U01463,CR00035,2025-07-18,0.0,Bank Transfer,TC00040,2025,7,July,3,18,4,Friday
TT00901,U01463,CR00052,2025-03-29,0.0,Credit Card,TC00042,2025,3,March,1,29,5,Saturday
TT00902,U01463,CR00030,2025-04-27,0.0,Credit Card,TC00042,2025,4,April,2,27,6,Sunday
TT00903,U01472,CR00007,2025-12-17,0.0,Bank Transfer,TC00040,2025,12,December,4,17,2,Wednesday
TT00904,U01472,CR00032,2025-02-07,0.0,Bank Transfer,TC00040,2025,2,February,1,7,4,Friday
TT00905,U01472,CR00035,2025-04-07,0.0,PayPal,TC00040,2025,4,April,2,7,0,Monday
TT00906,U01473,CR00057,2025-06-27,177.34,Bank Transfer,TC00040,2025,6,June,2,27,4,Friday
TT00907,U01473,CR00049,2025-07-14,415.51,Bank Transfer,TC00040,2025,7,July,3,14,0,Monday
TT00908,U01473,CR00034,2025-07-05,394.26,Credit Card,TC00040,2025,7,July,3,5,5,Saturday
TT00909,U01473,CR00039,2025-08-06,346.71,PayPal,TC00040,2025,8,August,3,6,2,Wednesday
TT00910,U01473,CR00058,2025-01-17,0.0,Credit Card,TC00042,2025,1,January,1,17,4,Friday
TT00911,U01475,CR00019,2025-04-06,0.0,PayPal,TC00042,2025,4,April,2,6,6,Sunday
TT00912,U01475,CR00048,2025-03-21,0.0,PayPal,TC00040,2025,3,March,1,21,4,Friday
TT00913,U01475,CR00042,2025-11-24,0.0,PayPal,TC00042,2025,11,November,4,24,0,Monday
TT00914,U01475,CR00014,2025-01-05,0.0,Credit Card,TC00040,2025,1,January,1,5,6,Sunday
TT00915,U01475,CR00045,2025-01-30,0.0,Credit Card,TC00042,2025,1,January,1,30,3,Thursday
TT00916,U01488,CR00001,2025-05-17,472.28,Credit Card,TC00042,2025,5,May,2,17,5,Saturday
TT00917,U01488,CR00002,2025-08-09,0.0,PayPal,TC00042,2025,8,August,3,9,5,Saturday
TT00918,U01488,CR00019,2025-08-07,0.0,Bank Transfer,TC00040,2025,8,August,3,7,3,Thursday
TT00919,U01488,CR00052,2025-07-07,0.0,PayPal,TC00040,2025,7,July,3,7,0,Monday
TT00920,U01496,CR00007,2025-10-15,0.0,Credit Card,TC00040,2025,10,October,4,15,2,Wednesday
TT00921,U01496,CR00051,2025-04-22,37.89,PayPal,TC00042,2025,4,April,2,22,1,Tuesday
TT00922,U01496,CR00039,2025-11-04,346.71,PayPal,TC00042,2025,11,November,4,4,1,Tuesday
TT00923,U01496,CR00034,2025-07-12,394.26,Credit Card,TC00040,2025,7,July,3,12,5,Saturday
TT00924,U01496,CR00049,2025-02-19,415.51,Credit Card,TC00042,2025,2,February,1,19,2,Wednesday
TT00925,U01497,CR00059,2025-12-04,0.0,PayPal,TC00042,2025,12,December,4,4,3,Thursday
TT00926,U01497,CR00053,2025-05-19,0.0,Credit Card,TC00040,2025,5,May,2,19,0,Monday
TT00927,U01497,CR00022,2025-02-15,0.0,Credit Card,TC00042,2025,2,February,1,15,5,Saturday
TT00928,U01500,CR00056,2025-02-14,212.39,Bank Transfer,TC00040,2025,2,February,1,14,4,Friday
TT00929,U01500,CR00020,2025-08-30,0.0,Credit Card,TC00042,2025,8,August,3,30,5,Saturday
TT00930,U01500,CR00004,2025-05-20,0.0,Bank Transfer,TC00040,2025,5,May,2,20,1,Tuesday
TT00931,U01506,CR00057,2025-05-06,177.34,PayPal,TC00040,2025,5,May,2,6,1,Tuesday
TT00932,U01506,CR00026,2025-01-19,0.0,Bank Transfer,TC00042,2025,1,January,1,19,6,Sunday
TT00933,U01506,CR00050,2025-11-15,490.9,Bank Transfer,TC00040,2025,11,November,4,15,5,Saturday
TT00934,U01506,CR00013,2025-01-12,0.0,PayPal,TC00040,2025,1,January,1,12,6,Sunday
TT00935,U01511,CR00008,2025-07-24,0.0,Bank Transfer,TC00040,2025,7,July,3,24,3,Thursday
TT00936,U01511,CR00014,2025-01-24,0.0,Credit Card,TC00040,2025,1,January,1,24,4,Friday
TT00937,U01511,CR00042,2025-03-12,0.0,Bank Transfer,TC00042,2025,3,March,1,12,2,Wednesday
TT00938,U01511,CR00007,2025-04-14,0.0,PayPal,TC00040,2025,4,April,2,14,0,Monday
TT00939,U01512,CR00025,2025-09-24,299.57,PayPal,TC00040,2025,9,September,3,24,2,Wednesday
TT00940,U01512,CR00034,2025-04-14,394.26,Bank Transfer,TC00040,2025,4,April,2,14,0,Monday
TT00941,U01512,CR00006,2025-05-04,276.37,PayPal,TC00042,2025,5,May,2,4,6,Sunday
TT00942,U01517,CR00014,2025-07-23,0.0,PayPal,TC00040,2025,7,July,3,23,2,Wednesday
TT00943,U01517,CR00060,2025-06-29,0.0,PayPal,TC00042,2025,6,June,2,29,6,Sunday
TT00944,U01517,CR00040,2025-07-09,327.99,Bank Transfer,TC00040,2025,7,July,3,9,2,Wednesday
TT00945,U01517,CR00050,2025-08-06,490.9,Bank Transfer,TC00042,2025,8,August,3,6,2,Wednesday
TT00946,U01522,CR00058,2025-11-19,0.0,PayPal,TC00040,2025,11,November,4,19,2,Wednesday
TT00947,U01522,CR00060,2025-12-18,0.0,Credit Card,TC00040,2025,12,December,4,18,3,Thursday
TT00948,U01522,CR00032,2025-04-22,0.0,PayPal,TC00040,2025,4,April,2,22,1,Tuesday
TT00949,U01526,CR00020,2025-06-05,0.0,Credit Card,TC00040,2025,6,June,2,5,3,Thursday
TT00950,U01526,CR00017,2025-06-17,0.0,PayPal,TC00042,2025,6,June,2,17,1,Tuesday
TT00951,U01526,CR00056,2025-09-29,212.39,PayPal,TC00042,2025,9,September,3,29,0,Monday
TT00952,U01526,CR00040,2025-11-17,327.99,Bank Transfer,TC00042,2025,11,November,4,17,0,Monday
TT00953,U01526,CR00038,2025-06-07,342.61,Bank Transfer,TC00040,2025,6,June,2,7,5,Saturday
TT00954,U01528,CR00036,2025-02-28,0.0,PayPal,TC00042,2025,2,February,1,28,4,Friday
TT00955,U01528,CR00028,2025-05-25,0.78,PayPal,TC00042,2025,5,May,2,25,6,Sunday
TT00956,U01528,CR00044,2025-02-05,119.04,Bank Transfer,TC00040,2025,2,February,1,5,2,Wednesday
TT00957,U01528,CR00009,2025-01-25,0.0,Credit Card,TC00042,2025,1,January,1,25,5,Saturday
TT00958,U01528,CR00011,2025-08-14,326.02,Credit Card,TC00040,2025,8,August,3,14,3,Thursday
TT00959,U01530,CR00034,2025-01-21,394.26,PayPal,TC00040,2025,1,January,1,21,1,Tuesday
TT00960,U01530,CR00041,2025-02-14,53.86,Bank Transfer,TC00042,2025,2,February,1,14,4,Friday
TT00961,U01530,CR00058,2025-03-28,0.0,Credit Card,TC00040,2025,3,March,1,28,4,Friday
TT00962,U01530,CR00030,2025-06-20,0.0,PayPal,TC00042,2025,6,June,2,20,4,Friday
TT00963,U01530,CR00055,2025-01-28,57.32,Bank Transfer,TC00040,2025,1,January,1,28,1,Tuesday
TT00964,U01531,CR00009,2025-12-21,0.0,Bank Transfer,TC00040,2025,12,December,4,21,6,Sunday
TT00965,U01531,CR00022,2025-04-17,0.0,PayPal,TC00042,2025,4,April,2,17,3,Thursday
TT00966,U01531,CR00054,2025-09-09,0.0,PayPal,TC00040,2025,9,September,3,9,1,Tuesday
TT00967,U01531,CR00016,2025-07-09,0.0,PayPal,TC00040,2025,7,July,3,9,2,Wednesday
TT00968,U01536,CR00014,2025-11-08,0.0,Credit Card,TC00042,2025,11,November,4,8,5,Saturday
TT00969,U01536,CR00059,2025-03-13,0.0,Credit Card,TC00040,2025,3,March,1,13,3,Thursday
TT00970,U01536,CR00036,2025-04-24,0.0,PayPal,TC00042,2025,4,April,2,24,3,Thursday
TT00971,U01536,CR00046,2025-06-24,248.1,Bank Transfer,TC00042,2025,6,June,2,24,1,Tuesday
TT00972,U01543,CR00012,2025-04-03,487.92,Credit Card,TC00040,2025,4,April,2,3,3,Thursday
TT00973,U01543,CR00041,2025-11-21,53.86,Credit Card,TC00042,2025,11,November,4,21,4,Friday
TT00974,U01543,CR00001,2025-05-11,472.28,PayPal,TC00042,2025,5,May,2,11,6,Sunday
TT00975,U01543,CR00025,2025-03-06,299.57,Credit Card,TC00042,2025,3,March,1,6,3,Thursday
TT00976,U01543,CR00044,2025-07-18,119.04,PayPal,TC00040,2025,7,July,3,18,4,Friday
TT00977,U01553,CR00010,2025-12-20,0.0,PayPal,TC00042,2025,12,December,4,20,5,Saturday
TT00978,U01553,CR00036,2025-01-20,0.0,Bank Transfer,TC00040,2025,1,January,1,20,0,Monday
TT00979,U01553,CR00027,2025-12-30,0.0,Bank Transfer,TC00042,2025,12,December,4,30,1,Tuesday
TT00980,U01553,CR00002,2025-02-26,0.0,Credit Card,TC00042,2025,2,February,1,26,2,Wednesday
TT00981,U01553,CR00056,2025-09-03,212.39,Bank Transfer,TC00042,2025,9,September,3,3,2,Wednesday
TT00982,U01575,CR00003,2025-12-08,0.0,PayPal,TC00040,2025,12,December,4,8,0,Monday
TT00983,U01575,CR00024,2025-07-22,117.68,PayPal,TC00042,2025,7,July,3,22,1,Tuesday
TT00984,U01575,CR00051,2025-07-02,37.89,PayPal,TC00042,2025,7,July,3,2,2,Wednesday
TT00985,U01575,CR00035,2025-01-20,0.0,Bank Transfer,TC00040,2025,1,January,1,20,0,Monday
TT00986,U01575,CR00028,2025-10-08,0.78,Credit Card,TC00042,2025,10,October,4,8,2,Wednesday
TT00987,U01578,CR00002,2025-04-18,0.0,PayPal,TC00040,2025,4,April,2,18,4,Friday
TT00988,U01578,CR00030,2025-08-14,0.0,Bank Transfer,TC00042,2025,8,August,3,14,3,Thursday
TT00989,U01578,CR00022,2025-12-25,0.0,PayPal,TC00042,2025,12,December,4,25,3,Thursday
TT00990,U01578,CR00057,2025-04-18,177.34,Credit Card,TC00042,2025,4,April,2,18,4,Friday
TT00991,U01585,CR00003,2025-08-04,0.0,Bank Transfer,TC00042,2025,8,August,3,4,0,Monday
TT00992,U01585,CR00025,2025-10-10,299.57,PayPal,TC00042,2025,10,October,4,10,4,Friday
TT00993,U01585,CR00043,2025-05-01,0.0,PayPal,TC00040,2025,5,May,2,1,3,Thursday
TT00994,U01585,CR00029,2025-01-22,0.0,PayPal,TC00042,2025,1,January,1,22,2,Wednesday
TT00995,U01586,CR00023,2025-10-16,0.0,Bank Transfer,TC00042,2025,10,October,4,16,3,Thursday
TT00996,U01586,CR00030,2025-12-14,0.0,PayPal,TC00042,2025,12,December,4,14,6,Sunday
TT00997,U01586,CR00036,2025-03-15,0.0,PayPal,TC00042,2025,3,March,1,15,5,Saturday
TT00998,U01586,CR00022,2025-01-30,0.0,Credit Card,TC00040,2025,1,January,1,30,3,Thursday
TT00999,U01586,CR00039,2025-08-12,346.71,PayPal,TC00040,2025,8,August,3,12,1,Tuesday
TT01000,U01602,CR00030,2025-05-11,0.0,PayPal,TC00042,2025,5,May,2,11,6,Sunday
TT01001,U01602,CR00032,2025-05-01,0.0,Credit Card,TC00040,2025,5,May,2,1,3,Thursday
TT01002,U01602,CR00022,2025-10-03,0.0,Bank Transfer,TC00040,2025,10,October,4,3,4,Friday
TT01003,U01602,CR00051,2025-01-24,37.89,Bank Transfer,TC00042,2025,1,January,1,24,4,Friday
TT01004,U01602,CR00058,2025-04-19,0.0,Credit Card,TC00042,2025,4,April,2,19,5,Saturday
TT01005,U01618,CR00041,2025-12-07,53.86,Bank Transfer,TC00042,2025,12,December,4,7,6,Sunday
TT01006,U01618,CR00039,2025-02-18,346.71,Bank Transfer,TC00042,2025,2,February,1,18,1,Tuesday
TT01007,U01618,CR00051,2025-09-15,37.89,Bank Transfer,TC00042,2025,9,September,3,15,0,Monday
TT01008,U01618,CR00009,2025-08-27,0.0,PayPal,TC00042,2025,8,August,3,27,2,Wednesday
TT01009,U01618,CR00026,2025-08-12,0.0,Bank Transfer,TC00042,2025,8,August,3,12,1,Tuesday
TT01010,U01627,CR00021,2025-06-07,0.0,Credit Card,TC00040,2025,6,June,2,7,5,Saturday
TT01011,U01627,CR00033,2025-05-06,0.0,Bank Transfer,TC00040,2025,5,May,2,6,1,Tuesday
TT01012,U01627,CR00015,2025-05-09,285.05,Credit Card,TC00042,2025,5,May,2,9,4,Friday
TT01013,U01627,CR00028,2025-01-14,0.78,Credit Card,TC00042,2025,1,January,1,14,1,Tuesday
TT01014,U01628,CR00030,2025-10-25,0.0,PayPal,TC00042,2025,10,October,4,25,5,Saturday
TT01015,U01628,CR00060,2025-09-25,0.0,PayPal,TC00042,2025,9,September,3,25,3,Thursday
TT01016,U01628,CR00039,2025-08-08,346.71,Credit Card,TC00042,2025,8,August,3,8,4,Friday
TT01017,U01635,CR00008,2025-05-13,0.0,PayPal,TC00042,2025,5,May,2,13,1,Tuesday
TT01018,U01635,CR00034,2025-06-20,394.26,Credit Card,TC00040,2025,6,June,2,20,4,Friday
TT01019,U01635,CR00060,2025-10-20,0.0,Credit Card,TC00040,2025,10,October,4,20,0,Monday
TT01020,U01637,CR00040,2025-06-11,327.99,Bank Transfer,TC00042,2025,6,June,2,11,2,Wednesday
TT01021,U01637,CR00035,2025-07-28,0.0,Credit Card,TC00040,2025,7,July,3,28,0,Monday
TT01022,U01637,CR00054,2025-09-16,0.0,Bank Transfer,TC00040,2025,9,September,3,16,1,Tuesday
TT01023,U01637,CR00058,2025-02-14,0.0,PayPal,TC00040,2025,2,February,1,14,4,Friday
TT01024,U01637,CR00001,2025-07-10,472.28,Credit Card,TC00042,2025,7,July,3,10,3,Thursday
TT01025,U01647,CR00037,2025-09-02,0.0,PayPal,TC00040,2025,9,September,3,2,1,Tuesday
TT01026,U01647,CR00033,2025-08-02,0.0,Bank Transfer,TC00040,2025,8,August,3,2,5,Saturday
TT01027,U01647,CR00052,2025-09-01,0.0,Bank Transfer,TC00040,2025,9,September,3,1,0,Monday
TT01028,U01647,CR00035,2025-12-10,0.0,Bank Transfer,TC00040,2025,12,December,4,10,2,Wednesday
TT01029,U01649,CR00046,2025-08-17,248.1,PayPal,TC00040,2025,8,August,3,17,6,Sunday
TT01030,U01649,CR00050,2025-10-25,490.9,Credit Card,TC00042,2025,10,October,4,25,5,Saturday
TT01031,U01649,CR00014,2025-09-18,0.0,PayPal,TC00040,2025,9,September,3,18,3,Thursday
TT01032,U01649,CR00031,2025-06-15,0.0,Credit Card,TC00040,2025,6,June,2,15,6,Sunday
TT01033,U01654,CR00049,2025-11-02,415.51,PayPal,TC00042,2025,11,November,4,2,6,Sunday
TT01034,U01654,CR00039,2025-01-07,346.71,PayPal,TC00040,2025,1,January,1,7,1,Tuesday
TT01035,U01654,CR00010,2025-10-08,0.0,Credit Card,TC00040,2025,10,October,4,8,2,Wednesday
TT01036,U01654,CR00012,2025-02-07,487.92,Credit Card,TC00042,2025,2,February,1,7,4,Friday
TT01037,U01656,CR00010,2025-12-03,0.0,Bank Transfer,TC00040,2025,12,December,4,3,2,Wednesday
TT01038,U01656,CR00035,2025-02-12,0.0,Credit Card,TC00040,2025,2,February,1,12,2,Wednesday
TT01039,U01656,CR00004,2025-10-07,0.0,Bank Transfer,TC00042,2025,10,October,4,7,1,Tuesday
TT01040,U01656,CR00031,2025-04-21,0.0,PayPal,TC00040,2025,4,April,2,21,0,Monday
TT01041,U01662,CR00054,2025-07-24,0.0,Bank Transfer,TC00040,2025,7,July,3,24,3,Thursday
TT01042,U01662,CR00049,2025-12-18,415.51,Bank Transfer,TC00042,2025,12,December,4,18,3,Thursday
TT01043,U01662,CR00045,2025-07-04,0.0,PayPal,TC00040,2025,7,July,3,4,4,Friday
TT01044,U01662,CR00019,2025-11-20,0.0,Credit Card,TC00040,2025,11,November,4,20,3,Thursday
TT01045,U01666,CR00054,2025-01-10,0.0,Credit Card,TC00040,2025,1,January,1,10,4,Friday
TT01046,U01666,CR00010,2025-06-25,0.0,Credit Card,TC00040,2025,6,June,2,25,2,Wednesday
TT01047,U01666,CR00021,2025-12-09,0.0,Credit Card,TC00040,2025,12,December,4,9,1,Tuesday
TT01048,U01671,CR00048,2025-06-10,0.0,Credit Card,TC00040,2025,6,June,2,10,1,Tuesday
TT01049,U01671,CR00043,2025-12-19,0.0,PayPal,TC00040,2025,12,December,4,19,4,Friday
TT01050,U01671,CR00005,2025-06-17,0.0,Credit Card,TC00040,2025,6,June,2,17,1,Tuesday
TT01051,U01671,CR00058,2025-10-07,0.0,Credit Card,TC00042,2025,10,October,4,7,1,Tuesday
TT01052,U01671,CR00015,2025-09-11,285.05,Credit Card,TC00040,2025,9,September,3,11,3,Thursday
TT01053,U01674,CR00009,2025-09-13,0.0,Credit Card,TC00040,2025,9,September,3,13,5,Saturday
TT01054,U01674,CR00058,2025-02-19,0.0,Credit Card,TC00042,2025,2,February,1,19,2,Wednesday
TT01055,U01674,CR00033,2025-11-26,0.0,PayPal,TC00040,2025,11,November,4,26,2,Wednesday
TT01056,U01692,CR00055,2025-12-29,57.32,PayPal,TC00040,2025,12,December,4,29,0,Monday
TT01057,U01692,CR00045,2025-10-14,0.0,PayPal,TC00040,2025,10,October,4,14,1,Tuesday
TT01058,U01692,CR00026,2025-10-24,0.0,Bank Transfer,TC00042,2025,10,October,4,24,4,Friday
TT01059,U01695,CR00019,2025-11-05,0.0,PayPal,TC00040,2025,11,November,4,5,2,Wednesday
TT01060,U01695,CR00020,2025-11-26,0.0,Credit Card,TC00040,2025,11,November,4,26,2,Wednesday
TT01061,U01702,CR00035,2025-06-09,0.0,Bank Transfer,TC00040,2025,6,June,2,9,0,Monday
TT01062,U01702,CR00011,2025-02-01,326.02,Bank Transfer,TC00040,2025,2,February,1,1,5,Saturday
TT01063,U01702,CR00033,2025-11-16,0.0,Bank Transfer,TC00040,2025,11,November,4,16,6,Sunday
TT01064,U01702,CR00052,2025-10-03,0.0,Bank Transfer,TC00042,2025,10,October,4,3,4,Friday
TT01065,U01708,CR00037,2025-09-09,0.0,Credit Card,TC00042,2025,9,September,3,9,1,Tuesday
TT01066,U01708,CR00011,2025-05-03,326.02,PayPal,TC00040,2025,5,May,2,3,5,Saturday
TT01067,U01708,CR00040,2025-03-05,327.99,Credit Card,TC00042,2025,3,March,1,5,2,Wednesday
TT01068,U01708,CR00030,2025-09-17,0.0,Credit Card,TC00042,2025,9,September,3,17,2,Wednesday
TT01069,U01708,CR00041,2025-10-08,53.86,Credit Card,TC00042,2025,10,October,4,8,2,Wednesday
TT01070,U01720,CR00044,2025-09-14,119.04,Bank Transfer,TC00042,2025,9,September,3,14,6,Sunday
TT01071,U01720,CR00001,2025-01-11,472.28,Bank Transfer,TC00042,2025,1,January,1,11,5,Saturday
TT01072,U01720,CR00006,2025-12-28,276.37,PayPal,TC00042,2025,12,December,4,28,6,Sunday
TT01073,U01720,CR00003,2025-01-01,0.0,PayPal,TC00042,2025,1,January,1,1,2,Wednesday
TT01074,U01721,CR00055,2025-07-30,57.32,Credit Card,TC00040,2025,7,July,3,30,2,Wednesday
TT01075,U01721,CR00036,2025-05-03,0.0,Credit Card,TC00040,2025,5,May,2,3,5,Saturday
TT01076,U01721,CR00014,2025-04-10,0.0,Credit Card,TC00040,2025,4,April,2,10,3,Thursday
TT01077,U01724,CR00059,2025-05-25,0.0,Bank Transfer,TC00040,2025,5,May,2,25,6,Sunday
TT01078,U01724,CR00005,2025-11-24,0.0,Credit Card,TC00040,2025,11,November,4,24,0,Monday
TT01079,U01724,CR00027,2025-12-20,0.0,PayPal,TC00042,2025,12,December,4,20,5,Saturday
TT01080,U01724,CR00032,2025-11-06,0.0,Bank Transfer,TC00040,2025,11,November,4,6,3,Thursday
TT01081,U01724,CR00050,2025-02-28,490.9,Credit Card,TC00040,2025,2,February,1,28,4,Friday
TT01082,U01726,CR00028,2025-12-26,0.78,Credit Card,TC00042,2025,12,December,4,26,4,Friday
TT01083,U01726,CR00055,2025-06-17,57.32,PayPal,TC00040,2025,6,June,2,17,1,Tuesday
TT01084,U01729,CR00050,2025-03-12,490.9,Credit Card,TC00040,2025,3,March,1,12,2,Wednesday
TT01085,U01729,CR00039,2025-11-16,346.71,Bank Transfer,TC00042,2025,11,November,4,16,6,Sunday
TT01086,U01729,CR00007,2025-07-09,0.0,Credit Card,TC00040,2025,7,July,3,9,2,Wednesday
TT01087,U01729,CR00042,2025-10-27,0.0,Bank Transfer,TC00042,2025,10,October,4,27,0,Monday
TT01088,U01745,CR00060,2025-07-27,0.0,PayPal,TC00042,2025,7,July,3,27,6,Sunday
TT01089,U01745,CR00023,2025-11-15,0.0,PayPal,TC00040,2025,11,November,4,15,5,Saturday
TT01090,U01745,CR00022,2025-04-27,0.0,PayPal,TC00042,2025,4,April,2,27,6,Sunday
TT01091,U01745,CR00055,2025-10-24,57.32,Bank Transfer,TC00040,2025,10,October,4,24,4,Friday
TT01092,U01746,CR00040,2025-12-01,327.99,Credit Card,TC00040,2025,12,December,4,1,0,Monday
TT01093,U01746,CR00007,2025-05-26,0.0,Credit Card,TC00042,2025,5,May,2,26,0,Monday
TT01094,U01746,CR00024,2025-10-30,117.68,Credit Card,TC00040,2025,10,October,4,30,3,Thursday
TT01095,U01746,CR00001,2025-09-26,472.28,PayPal,TC00040,2025,9,September,3,26,4,Friday
TT01096,U01762,CR00007,2025-09-09,0.0,PayPal,TC00040,2025,9,September,3,9,1,Tuesday
TT01097,U01762,CR00011,2025-12-03,326.02,PayPal,TC00042,2025,12,December,4,3,2,Wednesday
TT01098,U01762,CR00018,2025-07-14,0.0,PayPal,TC00042,2025,7,July,3,14,0,Monday
TT01099,U01762,CR00048,2025-08-23,0.0,Credit Card,TC00040,2025,8,August,3,23,5,Saturday
TT01100,U01773,CR00054,2025-10-03,0.0,PayPal,TC00042,2025,10,October,4,3,4,Friday
TT01101,U01773,CR00015,2025-04-07,285.05,PayPal,TC00042,2025,4,April,2,7,0,Monday
TT01102,U01773,CR00051,2025-01-21,37.89,PayPal,TC00040,2025,1,January,1,21,1,Tuesday
TT01103,U01773,CR00045,2025-11-11,0.0,PayPal,TC00042,2025,11,November,4,11,1,Tuesday
TT01104,U01773,CR00001,2025-11-06,472.28,PayPal,TC00042,2025,11,November,4,6,3,Thursday
TT01105,U01786,CR00043,2025-01-25,0.0,PayPal,TC00040,2025,1,January,1,25,5,Saturday
TT01106,U01786,CR00036,2025-08-07,0.0,PayPal,TC00042,2025,8,August,3,7,3,Thursday
TT01107,U01786,CR00008,2025-05-06,0.0,Bank Transfer,TC00040,2025,5,May,2,6,1,Tuesday
TT01108,U01786,CR00050,2025-07-07,490.9,PayPal,TC00042,2025,7,July,3,7,0,Monday
TT01109,U01789,CR00003,2025-11-01,0.0,Credit Card,TC00042,2025,11,November,4,1,5,Saturday
TT01110,U01789,CR00054,2025-03-04,0.0,Bank Transfer,TC00040,2025,3,March,1,4,1,Tuesday
TT01111,U01789,CR00001,2025-08-07,472.28,Credit Card,TC00040,2025,8,August,3,7,3,Thursday
TT01112,U01789,CR00055,2025-09-05,57.32,PayPal,TC00042,2025,9,September,3,5,4,Friday
TT01113,U01795,CR00049,2025-04-11,415.51,Credit Card,TC00042,2025,4,April,2,11,4,Friday
TT01114,U01795,CR00048,2025-12-02,0.0,PayPal,TC00042,2025,12,December,4,2,1,Tuesday
TT01115,U01795,CR00019,2025-06-29,0.0,Credit Card,TC00042,2025,6,June,2,29,6,Sunday
TT01116,U01805,CR00013,2025-02-06,0.0,Credit Card,TC00042,2025,2,February,1,6,3,Thursday
TT01117,U01805,CR00022,2025-08-10,0.0,Bank Transfer,TC00040,2025,8,August,3,10,6,Sunday
TT01118,U01805,CR00053,2025-03-05,0.0,PayPal,TC00042,2025,3,March,1,5,2,Wednesday
TT01119,U01805,CR00037,2025-09-05,0.0,Credit Card,TC00040,2025,9,September,3,5,4,Friday
TT01120,U01809,CR00058,2025-03-11,0.0,Bank Transfer,TC00040,2025,3,March,1,11,1,Tuesday
TT01121,U01809,CR00034,2025-12-18,394.26,PayPal,TC00040,2025,12,December,4,18,3,Thursday
TT01122,U01809,CR00037,2025-03-25,0.0,Credit Card,TC00042,2025,3,March,1,25,1,Tuesday
TT01123,U01809,CR00050,2025-11-06,490.9,Bank Transfer,TC00040,2025,11,November,4,6,3,Thursday
TT01124,U01809,CR00030,2025-12-13,0.0,PayPal,TC00042,2025,12,December,4,13,5,Saturday
TT01125,U01810,CR00039,2025-05-10,346.71,PayPal,TC00042,2025,5,May,2,10,5,Saturday
TT01126,U01810,CR00050,2025-10-10,490.9,Bank Transfer,TC00040,2025,10,October,4,10,4,Friday
TT01127,U01810,CR00012,2025-12-22,487.92,Credit Card,TC00042,2025,12,December,4,22,0,Monday
TT01128,U01810,CR00054,2025-12-16,0.0,Bank Transfer,TC00042,2025,12,December,4,16,1,Tuesday
TT01129,U01810,CR00010,2025-07-22,0.0,PayPal,TC00042,2025,7,July,3,22,1,Tuesday
TT01130,U01812,CR00025,2025-04-09,299.57,Bank Transfer,TC00040,2025,4,April,2,9,2,Wednesday
TT01131,U01812,CR00060,2025-11-22,0.0,Bank Transfer,TC00042,2025,11,November,4,22,5,Saturday
TT01132,U01812,CR00005,2025-05-02,0.0,Credit Card,TC00042,2025,5,May,2,2,4,Friday
TT01133,U01812,CR00038,2025-12-24,342.61,PayPal,TC00040,2025,12,December,4,24,2,Wednesday
TT01134,U01812,CR00042,2025-11-18,0.0,Bank Transfer,TC00040,2025,11,November,4,18,1,Tuesday
TT01135,U01820,CR00007,2025-09-09,0.0,PayPal,TC00040,2025,9,September,3,9,1,Tuesday
TT01136,U01820,CR00022,2025-07-09,0.0,PayPal,TC00042,2025,7,July,3,9,2,Wednesday
TT01137,U01820,CR00046,2025-06-14,248.1,PayPal,TC00042,2025,6,June,2,14,5,Saturday
TT01138,U01820,CR00012,2025-01-13,487.92,PayPal,TC00042,2025,1,January,1,13,0,Monday
TT01139,U01820,CR00038,2025-12-06,342.61,Bank Transfer,TC00040,2025,12,December,4,6,5,Saturday
TT01140,U01822,CR00044,2025-10-10,119.04,PayPal,TC00042,2025,10,October,4,10,4,Friday
TT01141,U01822,CR00058,2025-04-02,0.0,Credit Card,TC00042,2025,4,April,2,2,2,Wednesday
TT01142,U01822,CR00043,2025-08-11,0.0,Credit Card,TC00042,2025,8,August,3,11,0,Monday
TT01143,U01822,CR00027,2025-03-11,0.0,Credit Card,TC00042,2025,3,March,1,11,1,Tuesday
TT01144,U01822,CR00029,2025-03-03,0.0,Bank Transfer,TC00042,2025,3,March,1,3,0,Monday
TT01145,U01825,CR00059,2025-05-04,0.0,Credit Card,TC00040,2025,5,May,2,4,6,Sunday
TT01146,U01825,CR00045,2025-09-06,0.0,Bank Transfer,TC00040,2025,9,September,3,6,5,Saturday
TT01147,U01825,CR00029,2025-03-06,0.0,Credit Card,TC00042,2025,3,March,1,6,3,Thursday
TT01148,U01840,CR00055,2025-01-22,57.32,PayPal,TC00042,2025,1,January,1,22,2,Wednesday
TT01149,U01840,CR00037,2025-05-03,0.0,PayPal,TC00040,2025,5,May,2,3,5,Saturday
TT01150,U01840,CR00015,2025-04-25,285.05,PayPal,TC00040,2025,4,April,2,25,4,Friday
TT01151,U01840,CR00028,2025-05-02,0.78,PayPal,TC00042,2025,5,May,2,2,4,Friday
TT01152,U01842,CR00048,2025-07-04,0.0,PayPal,TC00040,2025,7,July,3,4,4,Friday
TT01153,U01842,CR00001,2025-04-11,472.28,PayPal,TC00042,2025,4,April,2,11,4,Friday
TT01154,U01842,CR00020,2025-07-11,0.0,Credit Card,TC00040,2025,7,July,3,11,4,Friday
TT01155,U01854,CR00051,2025-07-30,37.89,Credit Card,TC00042,2025,7,July,3,30,2,Wednesday
TT01156,U01854,CR00023,2025-01-09,0.0,Credit Card,TC00040,2025,1,January,1,9,3,Thursday
TT01157,U01854,CR00020,2025-01-27,0.0,PayPal,TC00042,2025,1,January,1,27,0,Monday
TT01158,U01854,CR00042,2025-03-04,0.0,Bank Transfer,TC00040,2025,3,March,1,4,1,Tuesday
TT01159,U01867,CR00020,2025-05-20,0.0,Bank Transfer,TC00042,2025,5,May,2,20,1,Tuesday
TT01160,U01867,CR00054,2025-08-23,0.0,Credit Card,TC00042,2025,8,August,3,23,5,Saturday
TT01161,U01867,CR00047,2025-06-08,89.59,PayPal,TC00040,2025,6,June,2,8,6,Sunday
TT01162,U01871,CR00008,2025-08-19,0.0,Bank Transfer,TC00040,2025,8,August,3,19,1,Tuesday
TT01163,U01871,CR00037,2025-03-21,0.0,PayPal,TC00042,2025,3,March,1,21,4,Friday
TT01164,U01871,CR00049,2025-09-21,415.51,Bank Transfer,TC00042,2025,9,September,3,21,6,Sunday
TT01165,U01871,CR00007,2025-05-22,0.0,Bank Transfer,TC00040,2025,5,May,2,22,3,Thursday
TT01166,U01872,CR00040,2025-01-30,327.99,PayPal,TC00040,2025,1,January,1,30,3,Thursday
TT01167,U01872,CR00042,2025-05-17,0.0,Bank Transfer,TC00042,2025,5,May,2,17,5,Saturday
TT01168,U01872,CR00023,2025-06-09,0.0,Credit Card,TC00042,2025,6,June,2,9,0,Monday
TT01169,U01876,CR00035,2025-09-25,0.0,Bank Transfer,TC00040,2025,9,September,3,25,3,Thursday
TT01170,U01876,CR00003,2025-03-03,0.0,Credit Card,TC00040,2025,3,March,1,3,0,Monday
TT01171,U01876,CR00053,2025-07-13,0.0,PayPal,TC00042,2025,7,July,3,13,6,Sunday
TT01172,U01876,CR00033,2025-06-04,0.0,Credit Card,TC00040,2025,6,June,2,4,2,Wednesday
TT01173,U01876,CR00013,2025-02-13,0.0,PayPal,TC00040,2025,2,February,1,13,3,Thursday
TT01174,U01877,CR00019,2025-09-15,0.0,Credit Card,TC00042,2025,9,September,3,15,0,Monday
TT01175,U01877,CR00039,2025-09-26,346.71,Bank Transfer,TC00040,2025,9,September,3,26,4,Friday
TT01176,U01877,CR00059,2025-08-19,0.0,Credit Card,TC00040,2025,8,August,3,19,1,Tuesday
TT01177,U01879,CR00012,2025-06-25,487.92,Credit Card,TC00042,2025,6,June,2,25,2,Wednesday
TT01178,U01879,CR00015,2025-05-15,285.05,PayPal,TC00040,2025,5,May,2,15,3,Thursday
TT01179,U01879,CR00025,2025-01-28,299.57,Credit Card,TC00040,2025,1,January,1,28,1,Tuesday
TT01180,U01879,CR00010,2025-09-12,0.0,PayPal,TC00040,2025,9,September,3,12,4,Friday
TT01181,U01879,CR00045,2025-07-10,0.0,Credit Card,TC00040,2025,7,July,3,10,3,Thursday
TT01182,U01893,CR00004,2025-04-15,0.0,PayPal,TC00040,2025,4,April,2,15,1,Tuesday
TT01183,U01893,CR00057,2025-07-28,177.34,Credit Card,TC00040,2025,7,July,3,28,0,Monday
TT01184,U01893,CR00060,2025-03-22,0.0,Credit Card,TC00040,2025,3,March,1,22,5,Saturday
TT01185,U01896,CR00026,2025-01-24,0.0,Credit Card,TC00042,2025,1,January,1,24,4,Friday
TT01186,U01896,CR00020,2025-09-21,0.0,PayPal,TC00040,2025,9,September,3,21,6,Sunday
TT01187,U01896,CR00034,2025-01-08,394.26,PayPal,TC00040,2025,1,January,1,8,2,Wednesday
TT01188,U01896,CR00033,2025-07-15,0.0,Bank Transfer,TC00040,2025,7,July,3,15,1,Tuesday
TT01189,U01900,CR00011,2025-04-06,326.02,Bank Transfer,TC00040,2025,4,April,2,6,6,Sunday
TT01190,U01900,CR00022,2025-10-16,0.0,Credit Card,TC00040,2025,10,October,4,16,3,Thursday
TT01191,U01900,CR00039,2025-02-12,346.71,PayPal,TC00042,2025,2,February,1,12,2,Wednesday
TT01192,U01903,CR00046,2025-04-17,248.1,PayPal,TC00042,2025,4,April,2,17,3,Thursday
TT01193,U01903,CR00040,2025-11-03,327.99,PayPal,TC00042,2025,11,November,4,3,0,Monday
TT01194,U01903,CR00048,2025-08-01,0.0,Credit Card,TC00042,2025,8,August,3,1,4,Friday
TT01195,U01903,CR00050,2025-06-03,490.9,Bank Transfer,TC00042,2025,6,June,2,3,1,Tuesday
TT01196,U01903,CR00059,2025-11-04,0.0,Credit Card,TC00040,2025,11,November,4,4,1,Tuesday
TT01197,U01906,CR00021,2025-06-13,0.0,Bank Transfer,TC00042,2025,6,June,2,13,4,Friday
TT01198,U01906,CR00018,2025-04-19,0.0,Bank Transfer,TC00040,2025,4,April,2,19,5,Saturday
TT01199,U01906,CR00044,2025-06-26,119.04,Bank Transfer,TC00040,2025,6,June,2,26,3,Thursday
TT01200,U01906,CR00019,2025-02-04,0.0,Credit Card,TC00042,2025,2,February,1,4,1,Tuesday
TT01201,U01906,CR00007,2025-03-28,0.0,PayPal,TC00040,2025,3,March,1,28,4,Friday
TT01202,U01908,CR00017,2025-11-07,0.0,PayPal,TC00040,2025,11,November,4,7,4,Friday
TT01203,U01908,CR00040,2025-10-05,327.99,Credit Card,TC00042,2025,10,October,4,5,6,Sunday
TT01204,U01908,CR00057,2025-12-26,177.34,Bank Transfer,TC00040,2025,12,December,4,26,4,Friday
TT01205,U01917,CR00032,2025-10-14,0.0,PayPal,TC00040,2025,10,October,4,14,1,Tuesday
TT01206,U01917,CR00022,2025-11-02,0.0,Bank Transfer,TC00040,2025,11,November,4,2,6,Sunday
TT01207,U01917,CR00023,2025-03-26,0.0,Credit Card,TC00042,2025,3,March,1,26,2,Wednesday
TT01208,U01917,CR00040,2025-01-13,327.99,Bank Transfer,TC00040,2025,1,January,1,13,0,Monday
TT01209,U01917,CR00051,2025-04-06,37.89,PayPal,TC00042,2025,4,April,2,6,6,Sunday
TT01210,U01918,CR00002,2025-10-10,0.0,PayPal,TC00042,2025,10,October,4,10,4,Friday
TT01211,U01918,CR00005,2025-02-21,0.0,Bank Transfer,TC00040,2025,2,February,1,21,4,Friday
TT01212,U01918,CR00032,2025-01-25,0.0,Bank Transfer,TC00040,2025,1,January,1,25,5,Saturday
TT01213,U01920,CR00023,2025-09-28,0.0,Bank Transfer,TC00042,2025,9,September,3,28,6,Sunday
TT01214,U01920,CR00026,2025-09-13,0.0,Credit Card,TC00042,2025,9,September,3,13,5,Saturday
TT01215,U01920,CR00034,2025-12-09,394.26,PayPal,TC00040,2025,12,December,4,9,1,Tuesday
TT01216,U01920,CR00007,2025-05-01,0.0,PayPal,TC00042,2025,5,May,2,1,3,Thursday
TT01217,U01926,CR00001,2025-04-24,472.28,PayPal,TC00040,2025,4,April,2,24,3,Thursday
TT01218,U01926,CR00029,2025-11-27,0.0,Credit Card,TC00042,2025,11,November,4,27,3,Thursday
TT01219,U01926,CR00045,2025-11-16,0.0,Bank Transfer,TC00040,2025,11,November,4,16,6,Sunday
TT01220,U01929,CR00011,2025-02-02,326.02,Bank Transfer,TC00040,2025,2,February,1,2,6,Sunday
TT01221,U01929,CR00023,2025-01-01,0.0,PayPal,TC00042,2025,1,January,1,1,2,Wednesday
TT01222,U01929,CR00027,2025-05-15,0.0,Bank Transfer,TC00042,2025,5,May,2,15,3,Thursday
TT01223,U01929,CR00028,2025-06-23,0.78,PayPal,TC00042,2025,6,June,2,23,0,Monday
TT01224,U01931,CR00004,2025-07-09,0.0,PayPal,TC00042,2025,7,July,3,9,2,Wednesday
TT01225,U01931,CR00015,2025-10-09,285.05,PayPal,TC00042,2025,10,October,4,9,3,Thursday
TT01226,U01931,CR00034,2025-04-07,394.26,Credit Card,TC00040,2025,4,April,2,7,0,Monday
TT01227,U01931,CR00046,2025-05-26,248.1,Bank Transfer,TC00040,2025,5,May,2,26,0,Monday
TT01228,U01931,CR00027,2025-06-30,0.0,Credit Card,TC00042,2025,6,June,2,30,0,Monday
TT01229,U01934,CR00049,2025-11-14,415.51,Bank Transfer,TC00042,2025,11,November,4,14,4,Friday
TT01230,U01934,CR00026,2025-06-14,0.0,PayPal,TC00042,2025,6,June,2,14,5,Saturday
TT01231,U01934,CR00006,2025-02-08,276.37,Credit Card,TC00042,2025,2,February,1,8,5,Saturday
TT01232,U01934,CR00039,2025-02-23,346.71,Credit Card,TC00040,2025,2,February,1,23,6,Sunday
TT01233,U01934,CR00050,2025-09-04,490.9,PayPal,TC00042,2025,9,September,3,4,3,Thursday
TT01234,U01943,CR00027,2025-08-25,0.0,Credit Card,TC00042,2025,8,August,3,25,0,Monday
TT01235,U01943,CR00035,2025-01-03,0.0,Bank Transfer,TC00040,2025,1,January,1,3,4,Friday
TT01236,U01943,CR00030,2025-06-26,0.0,PayPal,TC00042,2025,6,June,2,26,3,Thursday
TT01237,U01943,CR00044,2025-11-16,119.04,Bank Transfer,TC00042,2025,11,November,4,16,6,Sunday
TT01238,U01943,CR00025,2025-02-07,299.57,Bank Transfer,TC00042,2025,2,February,1,7,4,Friday
TT01239,U01953,CR00016,2025-09-07,0.0,Credit Card,TC00042,2025,9,September,3,7,6,Sunday
TT01240,U01953,CR00025,2025-08-29,299.57,Credit Card,TC00040,2025,8,August,3,29,4,Friday
TT01241,U01953,CR00057,2025-02-05,177.34,PayPal,TC00040,2025,2,February,1,5,2,Wednesday
TT01242,U01953,CR00031,2025-10-07,0.0,Credit Card,TC00040,2025,10,October,4,7,1,Tuesday
TT01243,U01953,CR00017,2025-02-01,0.0,PayPal,TC00040,2025,2,February,1,1,5,Saturday
TT01244,U01958,CR00008,2025-08-06,0.0,PayPal,TC00042,2025,8,August,3,6,2,Wednesday
TT01245,U01958,CR00047,2025-04-16,89.59,PayPal,TC00040,2025,4,April,2,16,2,Wednesday
TT01246,U01958,CR00045,2025-08-11,0.0,PayPal,TC00040,2025,8,August,3,11,0,Monday
TT01247,U01959,CR00044,2025-12-03,119.04,PayPal,TC00040,2025,12,December,4,3,2,Wednesday
TT01248,U01959,CR00012,2025-01-07,487.92,Bank Transfer,TC00042,2025,1,January,1,7,1,Tuesday
TT01249,U01959,CR00010,2025-04-09,0.0,Bank Transfer,TC00042,2025,4,April,2,9,2,Wednesday
TT01250,U01961,CR00051,2025-10-29,37.89,Bank Transfer,TC00042,2025,10,October,4,29,2,Wednesday
TT01251,U01961,CR00048,2025-04-12,0.0,Bank Transfer,TC00040,2025,4,April,2,12,5,Saturday
TT01252,U01961,CR00026,2025-09-08,0.0,Credit Card,TC00042,2025,9,September,3,8,0,Monday
TT01253,U01961,CR00040,2025-08-21,327.99,Credit Card,TC00042,2025,8,August,3,21,3,Thursday
TT01254,U01961,CR00039,2025-05-04,346.71,Bank Transfer,TC00040,2025,5,May,2,4,6,Sunday
TT01255,U01962,CR00009,2025-03-15,0.0,Bank Transfer,TC00042,2025,3,March,1,15,5,Saturday
TT01256,U01962,CR00038,2025-03-14,342.61,Credit Card,TC00042,2025,3,March,1,14,4,Friday
TT01257,U01962,CR00010,2025-03-10,0.0,Credit Card,TC00040,2025,3,March,1,10,0,Monday
TT01258,U01962,CR00013,2025-01-09,0.0,Bank Transfer,TC00042,2025,1,January,1,9,3,Thursday
TT01259,U01979,CR00023,2025-10-08,0.0,Credit Card,TC00042,2025,10,October,4,8,2,Wednesday
TT01260,U01979,CR00015,2025-12-24,285.05,Credit Card,TC00042,2025,12,December,4,24,2,Wednesday
TT01261,U01979,CR00039,2025-05-22,346.71,PayPal,TC00042,2025,5,May,2,22,3,Thursday
TT01262,U01979,CR00030,2025-09-08,0.0,Credit Card,TC00042,2025,9,September,3,8,0,Monday
TT01263,U01979,CR00005,2025-03-02,0.0,Bank Transfer,TC00042,2025,3,March,1,2,6,Sunday
TT01264,U01987,CR00012,2025-10-15,487.92,Bank Transfer,TC00040,2025,10,October,4,15,2,Wednesday
TT01265,U01987,CR00015,2025-12-25,285.05,PayPal,TC00042,2025,12,December,4,25,3,Thursday
TT01266,U01987,CR00040,2025-01-03,327.99,Credit Card,TC00042,2025,1,January,1,3,4,Friday
TT01267,U01989,CR00022,2025-03-08,0.0,Credit Card,TC00040,2025,3,March,1,8,5,Saturday
TT01268,U01989,CR00058,2025-01-04,0.0,Bank Transfer,TC00042,2025,1,January,1,4,5,Saturday
TT01269,U01989,CR00002,2025-08-02,0.0,PayPal,TC00040,2025,8,August,3,2,5,Saturday
TT01270,U01993,CR00045,2025-05-23,0.0,Credit Card,TC00040,2025,5,May,2,23,4,Friday
TT01271,U01993,CR00026,2025-04-28,0.0,Bank Transfer,TC00042,2025,4,April,2,28,0,Monday
TT01272,U01993,CR00029,2025-04-22,0.0,PayPal,TC00042,2025,4,April,2,22,1,Tuesday
TT01273,U01994,CR00001,2025-10-20,472.28,PayPal,TC00042,2025,10,October,4,20,0,Monday
TT01274,U01994,CR00046,2025-11-05,248.1,Credit Card,TC00042,2025,11,November,4,5,2,Wednesday
TT01275,U01994,CR00057,2025-12-21,177.34,PayPal,TC00042,2025,12,December,4,21,6,Sunday
TT01276,U01998,CR00059,2025-03-26,0.0,PayPal,TC00042,2025,3,March,1,26,2,Wednesday
TT01277,U01998,CR00047,2025-08-04,89.59,Bank Transfer,TC00040,2025,8,August,3,4,0,Monday
TT01278,U01998,CR00029,2025-08-06,0.0,Bank Transfer,TC00042,2025,8,August,3,6,2,Wednesday
TT01279,U01998,CR00053,2025-12-30,0.0,PayPal,TC00042,2025,12,December,4,30,1,Tuesday
TT01280,U01998,CR00025,2025-06-04,299.57,Bank Transfer,TC00042,2025,6,June,2,4,2,Wednesday
TT01281,U02010,CR00038,2025-01-29,342.61,Credit Card,TC00040,2025,1,January,1,29,2,Wednesday
TT01282,U02010,CR00019,2025-10-02,0.0,Bank Transfer,TC00040,2025,10,October,4,2,3,Thursday
TT01283,U02010,CR00028,2025-09-26,0.78,Credit Card,TC00042,2025,9,September,3,26,4,Friday
TT01284,U02010,CR00006,2025-09-02,276.37,Credit Card,TC00042,2025,9,September,3,2,1,Tuesday
TT01285,U02015,CR00038,2025-10-12,342.61,PayPal,TC00042,2025,10,October,4,12,6,Sunday
TT01286,U02015,CR00036,2025-05-27,0.0,Bank Transfer,TC00040,2025,5,May,2,27,1,Tuesday
TT01287,U02015,CR00052,2025-05-27,0.0,Credit Card,TC00040,2025,5,May,2,27,1,Tuesday
TT01288,U02015,CR00016,2025-02-18,0.0,PayPal,TC00042,2025,2,February,1,18,1,Tuesday
TT01289,U02015,CR00031,2025-11-16,0.0,PayPal,TC00040,2025,11,November,4,16,6,Sunday
TT01290,U02022,CR00022,2025-03-13,0.0,Credit Card,TC00040,2025,3,March,1,13,3,Thursday
TT01291,U02022,CR00008,2025-09-18,0.0,Bank Transfer,TC00042,2025,9,September,3,18,3,Thursday
TT01292,U02022,CR00002,2025-10-21,0.0,Credit Card,TC00040,2025,10,October,4,21,1,Tuesday
TT01293,U02022,CR00001,2025-08-12,472.28,Bank Transfer,TC00042,2025,8,August,3,12,1,Tuesday
TT01294,U02035,CR00038,2025-04-16,342.61,Bank Transfer,TC00042,2025,4,April,2,16,2,Wednesday
TT01295,U02035,CR00045,2025-08-13,0.0,Bank Transfer,TC00040,2025,8,August,3,13,2,Wednesday
TT01296,U02035,CR00056,2025-10-09,212.39,Credit Card,TC00042,2025,10,October,4,9,3,Thursday
TT01297,U02035,CR00006,2025-09-28,276.37,PayPal,TC00042,2025,9,September,3,28,6,Sunday
TT01298,U02038,CR00036,2025-02-18,0.0,Bank Transfer,TC00040,2025,2,February,1,18,1,Tuesday
TT01299,U02038,CR00057,2025-06-01,177.34,Credit Card,TC00040,2025,6,June,2,1,6,Sunday
TT01300,U02039,CR00016,2025-06-21,0.0,Credit Card,TC00042,2025,6,June,2,21,5,Saturday
TT01301,U02039,CR00009,2025-08-15,0.0,PayPal,TC00040,2025,8,August,3,15,4,Friday
TT01302,U02039,CR00025,2025-09-14,299.57,PayPal,TC00040,2025,9,September,3,14,6,Sunday
TT01303,U02039,CR00012,2025-03-08,487.92,Bank Transfer,TC00042,2025,3,March,1,8,5,Saturday
TT01304,U02055,CR00018,2025-04-22,0.0,Credit Card,TC00042,2025,4,April,2,22,1,Tuesday
TT01305,U02055,CR00014,2025-11-12,0.0,Credit Card,TC00040,2025,11,November,4,12,2,Wednesday
TT01306,U02055,CR00004,2025-07-08,0.0,Credit Card,TC00042,2025,7,July,3,8,1,Tuesday
TT01307,U02055,CR00059,2025-04-14,0.0,Credit Card,TC00042,2025,4,April,2,14,0,Monday
TT01308,U02055,CR00008,2025-06-10,0.0,Credit Card,TC00042,2025,6,June,2,10,1,Tuesday
TT01309,U02058,CR00049,2025-02-13,415.51,Credit Card,TC00042,2025,2,February,1,13,3,Thursday
TT01310,U02058,CR00058,2025-06-01,0.0,Credit Card,TC00040,2025,6,June,2,1,6,Sunday
TT01311,U02058,CR00046,2025-03-02,248.1,Bank Transfer,TC00040,2025,3,March,1,2,6,Sunday
TT01312,U02064,CR00054,2025-04-05,0.0,Credit Card,TC00042,2025,4,April,2,5,5,Saturday
TT01313,U02064,CR00006,2025-02-03,276.37,PayPal,TC00042,2025,2,February,1,3,0,Monday
TT01314,U02064,CR00044,2025-08-13,119.04,Credit Card,TC00042,2025,8,August,3,13,2,Wednesday
TT01315,U02064,CR00048,2025-09-07,0.0,Credit Card,TC00042,2025,9,September,3,7,6,Sunday
TT01316,U02064,CR00043,2025-05-04,0.0,Bank Transfer,TC00040,2025,5,May,2,4,6,Sunday
TT01317,U02068,CR00044,2025-09-27,119.04,Bank Transfer,TC00042,2025,9,September,3,27,5,Saturday
TT01318,U02068,CR00009,2025-08-15,0.0,Bank Transfer,TC00042,2025,8,August,3,15,4,Friday
TT01319,U02068,CR00055,2025-06-25,57.32,Bank Transfer,TC00042,2025,6,June,2,25,2,Wednesday
TT01320,U02071,CR00047,2025-05-03,89.59,PayPal,TC00040,2025,5,May,2,3,5,Saturday
TT01321,U02071,CR00048,2025-08-30,0.0,Bank Transfer,TC00042,2025,8,August,3,30,5,Saturday
TT01322,U02071,CR00029,2025-03-03,0.0,PayPal,TC00042,2025,3,March,1,3,0,Monday
TT01323,U02074,CR00003,2025-11-26,0.0,PayPal,TC00042,2025,11,November,4,26,2,Wednesday
TT01324,U02074,CR00046,2025-10-24,248.1,PayPal,TC00042,2025,10,October,4,24,4,Friday
TT01325,U02074,CR00034,2025-06-07,394.26,Credit Card,TC00040,2025,6,June,2,7,5,Saturday
TT01326,U02074,CR00027,2025-11-01,0.0,Credit Card,TC00042,2025,11,November,4,1,5,Saturday
TT01327,U02077,CR00059,2025-08-18,0.0,Bank Transfer,TC00040,2025,8,August,3,18,0,Monday
TT01328,U02077,CR00040,2025-12-27,327.99,Credit Card,TC00040,2025,12,December,4,27,5,Saturday
TT01329,U02077,CR00036,2025-02-15,0.0,PayPal,TC00040,2025,2,February,1,15,5,Saturday
TT01330,U02077,CR00058,2025-02-23,0.0,PayPal,TC00040,2025,2,February,1,23,6,Sunday
TT01331,U02094,CR00005,2025-10-10,0.0,Credit Card,TC00042,2025,10,October,4,10,4,Friday
TT01332,U02094,CR00034,2025-09-04,394.26,Credit Card,TC00040,2025,9,September,3,4,3,Thursday
TT01333,U02094,CR00021,2025-04-11,0.0,Bank Transfer,TC00040,2025,4,April,2,11,4,Friday
TT01334,U02096,CR00013,2025-12-06,0.0,Bank Transfer,TC00040,2025,12,December,4,6,5,Saturday
TT01335,U02096,CR00021,2025-03-07,0.0,PayPal,TC00042,2025,3,March,1,7,4,Friday
TT01336,U02096,CR00027,2025-12-22,0.0,PayPal,TC00042,2025,12,December,4,22,0,Monday
TT01337,U02096,CR00003,2025-07-07,0.0,Bank Transfer,TC00040,2025,7,July,3,7,0,Monday
TT01338,U02098,CR00018,2025-06-19,0.0,Bank Transfer,TC00040,2025,6,June,2,19,3,Thursday
TT01339,U02098,CR00030,2025-08-21,0.0,Credit Card,TC00042,2025,8,August,3,21,3,Thursday
TT01340,U02098,CR00011,2025-03-01,326.02,PayPal,TC00042,2025,3,March,1,1,5,Saturday
TT01341,U02125,CR00001,2025-11-09,472.28,Bank Transfer,TC00042,2025,11,November,4,9,6,Sunday
TT01342,U02125,CR00019,2025-06-13,0.0,Bank Transfer,TC00040,2025,6,June,2,13,4,Friday
TT01343,U02125,CR00029,2025-04-26,0.0,PayPal,TC00042,2025,4,April,2,26,5,Saturday
TT01344,U02125,CR00006,2025-03-03,276.37,Credit Card,TC00042,2025,3,March,1,3,0,Monday
TT01345,U02144,CR00047,2025-01-18,89.59,PayPal,TC00040,2025,1,January,1,18,5,Saturday
TT01346,U02144,CR00023,2025-09-16,0.0,PayPal,TC00040,2025,9,September,3,16,1,Tuesday
TT01347,U02144,CR00053,2025-02-15,0.0,Bank Transfer,TC00040,2025,2,February,1,15,5,Saturday
TT01348,U02144,CR00052,2025-08-30,0.0,PayPal,TC00040,2025,8,August,3,30,5,Saturday
TT01349,U02147,CR00002,2025-10-04,0.0,PayPal,TC00040,2025,10,October,4,4,5,Saturday
TT01350,U02147,CR00001,2025-09-28,472.28,Credit Card,TC00040,2025,9,September,3,28,6,Sunday
TT01351,U02147,CR00051,2025-09-16,37.89,Bank Transfer,TC00042,2025,9,September,3,16,1,Tuesday
TT01352,U02147,CR00013,2025-11-13,0.0,Bank Transfer,TC00040,2025,11,November,4,13,3,Thursday
TT01353,U02149,CR00042,2025-11-21,0.0,Bank Transfer,TC00042,2025,11,November,4,21,4,Friday
TT01354,U02149,CR00029,2025-02-21,0.0,PayPal,TC00042,2025,2,February,1,21,4,Friday
TT01355,U02149,CR00033,2025-06-22,0.0,Credit Card,TC00040,2025,6,June,2,22,6,Sunday
TT01356,U02149,CR00035,2025-10-03,0.0,Bank Transfer,TC00040,2025,10,October,4,3,4,Friday
TT01357,U02151,CR00043,2025-04-05,0.0,Credit Card,TC00040,2025,4,April,2,5,5,Saturday
TT01358,U02151,CR00001,2025-11-16,472.28,Bank Transfer,TC00042,2025,11,November,4,16,6,Sunday
TT01359,U02151,CR00048,2025-10-06,0.0,Credit Card,TC00040,2025,10,October,4,6,0,Monday
TT01360,U02151,CR00047,2025-07-14,89.59,Bank Transfer,TC00042,2025,7,July,3,14,0,Monday
TT01361,U02151,CR00056,2025-08-21,212.39,Credit Card,TC00042,2025,8,August,3,21,3,Thursday
TT01362,U02152,CR00006,2025-05-29,276.37,Credit Card,TC00042,2025,5,May,2,29,3,Thursday
TT01363,U02152,CR00054,2025-03-14,0.0,Credit Card,TC00042,2025,3,March,1,14,4,Friday
TT01364,U02152,CR00017,2025-12-21,0.0,Bank Transfer,TC00042,2025,12,December,4,21,6,Sunday
TT01365,U02153,CR00049,2025-01-06,415.51,Bank Transfer,TC00040,2025,1,January,1,6,0,Monday
TT01366,U02153,CR00040,2025-06-02,327.99,Credit Card,TC00040,2025,6,June,2,2,0,Monday
TT01367,U02153,CR00022,2025-04-04,0.0,Bank Transfer,TC00040,2025,4,April,2,4,4,Friday
TT01368,U02155,CR00018,2025-04-15,0.0,Bank Transfer,TC00040,2025,4,April,2,15,1,Tuesday
TT01369,U02155,CR00056,2025-11-14,212.39,PayPal,TC00040,2025,11,November,4,14,4,Friday
TT01370,U02155,CR00045,2025-02-09,0.0,PayPal,TC00042,2025,2,February,1,9,6,Sunday
TT01371,U02155,CR00009,2025-06-10,0.0,Credit Card,TC00042,2025,6,June,2,10,1,Tuesday
TT01372,U02161,CR00029,2025-07-03,0.0,Credit Card,TC00042,2025,7,July,3,3,3,Thursday
TT01373,U02161,CR00008,2025-07-01,0.0,Bank Transfer,TC00040,2025,7,July,3,1,1,Tuesday
TT01374,U02161,CR00055,2025-03-30,57.32,Credit Card,TC00040,2025,3,March,1,30,6,Sunday
TT01375,U02161,CR00017,2025-08-02,0.0,Bank Transfer,TC00040,2025,8,August,3,2,5,Saturday
TT01376,U02161,CR00036,2025-03-23,0.0,PayPal,TC00040,2025,3,March,1,23,6,Sunday
TT01377,U02174,CR00008,2025-12-11,0.0,Bank Transfer,TC00040,2025,12,December,4,11,3,Thursday
TT01378,U02174,CR00006,2025-11-27,276.37,PayPal,TC00040,2025,11,November,4,27,3,Thursday
TT01379,U02174,CR00002,2025-09-22,0.0,Credit Card,TC00040,2025,9,September,3,22,0,Monday
TT01380,U02174,CR00016,2025-12-08,0.0,PayPal,TC00040,2025,12,December,4,8,0,Monday
TT01381,U02174,CR00041,2025-02-23,53.86,Credit Card,TC00042,2025,2,February,1,23,6,Sunday
TT01382,U02199,CR00011,2025-11-02,326.02,Bank Transfer,TC00042,2025,11,November,4,2,6,Sunday
TT01383,U02199,CR00041,2025-11-17,53.86,PayPal,TC00042,2025,11,November,4,17,0,Monday
TT01384,U02199,CR00044,2025-02-15,119.04,Bank Transfer,TC00042,2025,2,February,1,15,5,Saturday
TT01385,U02199,CR00048,2025-02-25,0.0,Credit Card,TC00042,2025,2,February,1,25,1,Tuesday
TT01386,U02212,CR00024,2025-07-23,117.68,Credit Card,TC00042,2025,7,July,3,23,2,Wednesday
TT01387,U02212,CR00029,2025-02-12,0.0,Bank Transfer,TC00042,2025,2,February,1,12,2,Wednesday
TT01388,U02212,CR00042,2025-09-30,0.0,Credit Card,TC00040,2025,9,September,3,30,1,Tuesday
TT01389,U02212,CR00009,2025-04-29,0.0,Bank Transfer,TC00042,2025,4,April,2,29,1,Tuesday
TT01390,U02215,CR00004,2025-02-06,0.0,Credit Card,TC00040,2025,2,February,1,6,3,Thursday
TT01391,U02215,CR00028,2025-11-11,0.78,PayPal,TC00042,2025,11,November,4,11,1,Tuesday
TT01392,U02215,CR00058,2025-03-07,0.0,PayPal,TC00040,2025,3,March,1,7,4,Friday
TT01393,U02217,CR00018,2025-06-07,0.0,Credit Card,TC00042,2025,6,June,2,7,5,Saturday
TT01394,U02217,CR00010,2025-12-03,0.0,Bank Transfer,TC00042,2025,12,December,4,3,2,Wednesday
TT01395,U02217,CR00029,2025-04-06,0.0,Credit Card,TC00042,2025,4,April,2,6,6,Sunday
TT01396,U02217,CR00009,2025-05-30,0.0,Credit Card,TC00042,2025,5,May,2,30,4,Friday
TT01397,U02224,CR00039,2025-10-28,346.71,Bank Transfer,TC00042,2025,10,October,4,28,1,Tuesday
TT01398,U02224,CR00048,2025-12-19,0.0,PayPal,TC00042,2025,12,December,4,19,4,Friday
TT01399,U02224,CR00016,2025-02-26,0.0,Credit Card,TC00042,2025,2,February,1,26,2,Wednesday
TT01400,U02224,CR00005,2025-03-25,0.0,Credit Card,TC00042,2025,3,March,1,25,1,Tuesday
TT01401,U02231,CR00012,2025-07-11,487.92,Credit Card,TC00042,2025,7,July,3,11,4,Friday
TT01402,U02231,CR00054,2025-12-26,0.0,Credit Card,TC00042,2025,12,December,4,26,4,Friday
TT01403,U02231,CR00024,2025-12-10,117.68,PayPal,TC00040,2025,12,December,4,10,2,Wednesday
TT01404,U02248,CR00014,2025-05-12,0.0,Credit Card,TC00042,2025,5,May,2,12,0,Monday
TT01405,U02248,CR00001,2025-09-20,472.28,PayPal,TC00042,2025,9,September,3,20,5,Saturday
TT01406,U02248,CR00054,2025-02-21,0.0,PayPal,TC00042,2025,2,February,1,21,4,Friday
TT01407,U02250,CR00036,2025-05-09,0.0,PayPal,TC00040,2025,5,May,2,9,4,Friday
TT01408,U02250,CR00020,2025-01-06,0.0,PayPal,TC00040,2025,1,January,1,6,0,Monday
TT01409,U02250,CR00019,2025-06-30,0.0,Credit Card,TC00042,2025,6,June,2,30,0,Monday
TT01410,U02250,CR00038,2025-09-08,342.61,PayPal,TC00040,2025,9,September,3,8,0,Monday
TT01411,U02250,CR00003,2025-11-23,0.0,Bank Transfer,TC00042,2025,11,November,4,23,6,Sunday
TT01412,U02254,CR00032,2025-06-13,0.0,Credit Card,TC00040,2025,6,June,2,13,4,Friday
TT01413,U02254,CR00009,2025-08-27,0.0,Bank Transfer,TC00042,2025,8,August,3,27,2,Wednesday
TT01414,U02254,CR00023,2025-02-01,0.0,Credit Card,TC00042,2025,2,February,1,1,5,Saturday
TT01415,U02254,CR00007,2025-06-03,0.0,Credit Card,TC00042,2025,6,June,2,3,1,Tuesday
TT01416,U02254,CR00049,2025-01-07,415.51,Credit Card,TC00042,2025,1,January,1,7,1,Tuesday
TT01417,U02258,CR00019,2025-09-16,0.0,PayPal,TC00042,2025,9,September,3,16,1,Tuesday
TT01418,U02258,CR00005,2025-03-04,0.0,Credit Card,TC00042,2025,3,March,1,4,1,Tuesday
TT01419,U02258,CR00053,2025-12-03,0.0,Credit Card,TC00042,2025,12,December,4,3,2,Wednesday
TT01420,U02258,CR00025,2025-12-02,299.57,Bank Transfer,TC00042,2025,12,December,4,2,1,Tuesday
TT01421,U02258,CR00026,2025-05-24,0.0,Bank Transfer,TC00042,2025,5,May,2,24,5,Saturday
TT01422,U02284,CR00041,2025-09-25,53.86,Bank Transfer,TC00040,2025,9,September,3,25,3,Thursday
TT01423,U02284,CR00051,2025-06-29,37.89,Credit Card,TC00040,2025,6,June,2,29,6,Sunday
TT01424,U02284,CR00052,2025-09-18,0.0,Bank Transfer,TC00042,2025,9,September,3,18,3,Thursday
TT01425,U02284,CR00009,2025-09-17,0.0,Credit Card,TC00042,2025,9,September,3,17,2,Wednesday
TT01426,U02288,CR00048,2025-12-17,0.0,Bank Transfer,TC00042,2025,12,December,4,17,2,Wednesday
TT01427,U02288,CR00031,2025-02-21,0.0,PayPal,TC00040,2025,2,February,1,21,4,Friday
TT01428,U02288,CR00015,2025-02-11,285.05,Bank Transfer,TC00040,2025,2,February,1,11,1,Tuesday
TT01429,U02288,CR00030,2025-08-20,0.0,Credit Card,TC00042,2025,8,August,3,20,2,Wednesday
TT01430,U02290,CR00050,2025-02-07,490.9,PayPal,TC00040,2025,2,February,1,7,4,Friday
TT01431,U02290,CR00042,2025-11-22,0.0,PayPal,TC00040,2025,11,November,4,22,5,Saturday
TT01432,U02290,CR00002,2025-08-27,0.0,PayPal,TC00040,2025,8,August,3,27,2,Wednesday
TT01433,U02290,CR00027,2025-10-09,0.0,Credit Card,TC00042,2025,10,October,4,9,3,Thursday
TT01434,U02290,CR00053,2025-11-18,0.0,Credit Card,TC00040,2025,11,November,4,18,1,Tuesday
TT01435,U02300,CR00038,2025-11-25,342.61,Bank Transfer,TC00042,2025,11,November,4,25,1,Tuesday
TT01436,U02300,CR00023,2025-05-15,0.0,PayPal,TC00042,2025,5,May,2,15,3,Thursday
TT01437,U02300,CR00052,2025-07-09,0.0,PayPal,TC00040,2025,7,July,3,9,2,Wednesday
TT01438,U02300,CR00058,2025-08-07,0.0,Bank Transfer,TC00042,2025,8,August,3,7,3,Thursday
TT01439,U02301,CR00031,2025-04-01,0.0,Bank Transfer,TC00040,2025,4,April,2,1,1,Tuesday
TT01440,U02301,CR00019,2025-01-03,0.0,Credit Card,TC00042,2025,1,January,1,3,4,Friday
TT01441,U02301,CR00025,2025-03-08,299.57,Credit Card,TC00042,2025,3,March,1,8,5,Saturday
TT01442,U02306,CR00040,2025-06-02,327.99,Bank Transfer,TC00042,2025,6,June,2,2,0,Monday
TT01443,U02306,CR00009,2025-06-27,0.0,Credit Card,TC00040,2025,6,June,2,27,4,Friday
TT01444,U02306,CR00010,2025-07-12,0.0,PayPal,TC00042,2025,7,July,3,12,5,Saturday
TT01445,U02306,CR00041,2025-06-28,53.86,PayPal,TC00040,2025,6,June,2,28,5,Saturday
TT01446,U02315,CR00038,2025-07-08,342.61,Credit Card,TC00042,2025,7,July,3,8,1,Tuesday
TT01447,U02315,CR00015,2025-03-30,285.05,PayPal,TC00042,2025,3,March,1,30,6,Sunday
TT01448,U02315,CR00043,2025-10-23,0.0,PayPal,TC00042,2025,10,October,4,23,3,Thursday
TT01449,U02315,CR00042,2025-04-23,0.0,PayPal,TC00042,2025,4,April,2,23,2,Wednesday
TT01450,U02336,CR00047,2025-06-20,89.59,PayPal,TC00040,2025,6,June,2,20,4,Friday
TT01451,U02336,CR00030,2025-10-24,0.0,PayPal,TC00042,2025,10,October,4,24,4,Friday
TT01452,U02336,CR00057,2025-06-07,177.34,Credit Card,TC00042,2025,6,June,2,7,5,Saturday
TT01453,U02336,CR00042,2025-08-17,0.0,Credit Card,TC00040,2025,8,August,3,17,6,Sunday
TT01454,U02337,CR00046,2025-11-07,248.1,PayPal,TC00042,2025,11,November,4,7,4,Friday
TT01455,U02337,CR00015,2025-07-09,285.05,Credit Card,TC00042,2025,7,July,3,9,2,Wednesday
TT01456,U02337,CR00003,2025-07-12,0.0,Bank Transfer,TC00040,2025,7,July,3,12,5,Saturday
TT01457,U02341,CR00022,2025-11-27,0.0,Credit Card,TC00040,2025,11,November,4,27,3,Thursday
TT01458,U02341,CR00036,2025-11-29,0.0,PayPal,TC00042,2025,11,November,4,29,5,Saturday
TT01459,U02341,CR00019,2025-05-01,0.0,Bank Transfer,TC00040,2025,5,May,2,1,3,Thursday
TT01460,U02341,CR00033,2025-07-30,0.0,PayPal,TC00040,2025,7,July,3,30,2,Wednesday
TT01461,U02344,CR00022,2025-04-27,0.0,Bank Transfer,TC00040,2025,4,April,2,27,6,Sunday
TT01462,U02344,CR00014,2025-11-01,0.0,PayPal,TC00042,2025,11,November,4,1,5,Saturday
TT01463,U02344,CR00018,2025-10-06,0.0,Bank Transfer,TC00042,2025,10,October,4,6,0,Monday
TT01464,U02344,CR00051,2025-12-18,37.89,Credit Card,TC00042,2025,12,December,4,18,3,Thursday
TT01465,U02345,CR00028,2025-06-12,0.78,PayPal,TC00042,2025,6,June,2,12,3,Thursday
TT01466,U02345,CR00026,2025-06-06,0.0,Credit Card,TC00042,2025,6,June,2,6,4,Friday
TT01467,U02345,CR00005,2025-06-10,0.0,Bank Transfer,TC00042,2025,6,June,2,10,1,Tuesday
TT01468,U02345,CR00027,2025-09-20,0.0,PayPal,TC00042,2025,9,September,3,20,5,Saturday
TT01469,U02349,CR00026,2025-07-19,0.0,Credit Card,TC00042,2025,7,July,3,19,5,Saturday
TT01470,U02349,CR00012,2025-03-23,487.92,PayPal,TC00040,2025,3,March,1,23,6,Sunday
TT01471,U02349,CR00053,2025-03-08,0.0,Credit Card,TC00040,2025,3,March,1,8,5,Saturday
TT01472,U02349,CR00016,2025-10-07,0.0,Bank Transfer,TC00042,2025,10,October,4,7,1,Tuesday
TT01473,U02370,CR00041,2025-11-03,53.86,Credit Card,TC00040,2025,11,November,4,3,0,Monday
TT01474,U02370,CR00002,2025-10-16,0.0,Bank Transfer,TC00040,2025,10,October,4,16,3,Thursday
TT01475,U02370,CR00025,2025-05-04,299.57,PayPal,TC00042,2025,5,May,2,4,6,Sunday
TT01476,U02371,CR00024,2025-09-29,117.68,Credit Card,TC00042,2025,9,September,3,29,0,Monday
TT01477,U02371,CR00008,2025-05-11,0.0,Credit Card,TC00040,2025,5,May,2,11,6,Sunday
TT01478,U02371,CR00030,2025-12-26,0.0,PayPal,TC00042,2025,12,December,4,26,4,Friday
TT01479,U02410,CR00022,2025-03-15,0.0,Bank Transfer,TC00042,2025,3,March,1,15,5,Saturday
TT01480,U02410,CR00057,2025-04-29,177.34,PayPal,TC00040,2025,4,April,2,29,1,Tuesday
TT01481,U02410,CR00003,2025-02-09,0.0,Bank Transfer,TC00040,2025,2,February,1,9,6,Sunday
TT01482,U02415,CR00056,2025-10-08,212.39,Credit Card,TC00040,2025,10,October,4,8,2,Wednesday
TT01483,U02415,CR00048,2025-09-17,0.0,PayPal,TC00042,2025,9,September,3,17,2,Wednesday
TT01484,U02415,CR00050,2025-01-15,490.9,Credit Card,TC00040,2025,1,January,1,15,2,Wednesday
TT01485,U02427,CR00035,2025-04-16,0.0,PayPal,TC00040,2025,4,April,2,16,2,Wednesday
TT01486,U02427,CR00043,2025-01-01,0.0,Credit Card,TC00040,2025,1,January,1,1,2,Wednesday
TT01487,U02427,CR00054,2025-02-07,0.0,PayPal,TC00040,2025,2,February,1,7,4,Friday
TT01488,U02427,CR00025,2025-01-13,299.57,PayPal,TC00042,2025,1,January,1,13,0,Monday
TT01489,U02432,CR00040,2025-08-16,327.99,Credit Card,TC00040,2025,8,August,3,16,5,Saturday
TT01490,U02432,CR00058,2025-08-19,0.0,Bank Transfer,TC00040,2025,8,August,3,19,1,Tuesday
TT01491,U02432,CR00033,2025-10-01,0.0,PayPal,TC00040,2025,10,October,4,1,2,Wednesday
TT01492,U02432,CR00039,2025-10-03,346.71,Bank Transfer,TC00042,2025,10,October,4,3,4,Friday
TT01493,U02432,CR00005,2025-09-26,0.0,Bank Transfer,TC00042,2025,9,September,3,26,4,Friday
TT01494,U02445,CR00031,2025-11-27,0.0,PayPal,TC00040,2025,11,November,4,27,3,Thursday
TT01495,U02445,CR00030,2025-08-24,0.0,Credit Card,TC00042,2025,8,August,3,24,6,Sunday
TT01496,U02445,CR00049,2025-12-24,415.51,Bank Transfer,TC00040,2025,12,December,4,24,2,Wednesday
TT01497,U02459,CR00043,2025-05-17,0.0,Bank Transfer,TC00042,2025,5,May,2,17,5,Saturday
TT01498,U02459,CR00010,2025-11-27,0.0,PayPal,TC00040,2025,11,November,4,27,3,Thursday
TT01499,U02459,CR00016,2025-08-30,0.0,PayPal,TC00042,2025,8,August,3,30,5,Saturday
TT01500,U02470,CR00022,2025-09-26,0.0,Credit Card,TC00040,2025,9,September,3,26,4,Friday
TT01501,U02470,CR00006,2025-12-16,276.37,Credit Card,TC00040,2025,12,December,4,16,1,Tuesday
TT01502,U02470,CR00045,2025-01-30,0.0,Bank Transfer,TC00040,2025,1,January,1,30,3,Thursday
TT01503,U02470,CR00041,2025-04-24,53.86,PayPal,TC00040,2025,4,April,2,24,3,Thursday
TT01504,U02470,CR00030,2025-04-02,0.0,Credit Card,TC00042,2025,4,April,2,2,2,Wednesday
TT01505,U02485,CR00001,2025-06-07,472.28,Credit Card,TC00040,2025,6,June,2,7,5,Saturday
TT01506,U02485,CR00052,2025-05-10,0.0,Bank Transfer,TC00040,2025,5,May,2,10,5,Saturday
TT01507,U02485,CR00017,2025-08-12,0.0,PayPal,TC00040,2025,8,August,3,12,1,Tuesday
TT01508,U02485,CR00058,2025-04-24,0.0,Bank Transfer,TC00042,2025,4,April,2,24,3,Thursday
TT01509,U02490,CR00026,2025-03-09,0.0,PayPal,TC00042,2025,3,March,1,9,6,Sunday
TT01510,U02490,CR00023,2025-04-27,0.0,Bank Transfer,TC00040,2025,4,April,2,27,6,Sunday
TT01511,U02490,CR00013,2025-06-07,0.0,Bank Transfer,TC00042,2025,6,June,2,7,5,Saturday
TT01512,U02512,CR00036,2025-01-15,0.0,Bank Transfer,TC00040,2025,1,January,1,15,2,Wednesday
TT01513,U02512,CR00013,2025-01-30,0.0,PayPal,TC00042,2025,1,January,1,30,3,Thursday
TT01514,U02512,CR00004,2025-03-18,0.0,PayPal,TC00040,2025,3,March,1,18,1,Tuesday
TT01515,U02515,CR00051,2025-11-30,37.89,Credit Card,TC00042,2025,11,November,4,30,6,Sunday
TT01516,U02515,CR00025,2025-07-12,299.57,Credit Card,TC00040,2025,7,July,3,12,5,Saturday
TT01517,U02515,CR00058,2025-04-24,0.0,Credit Card,TC00042,2025,4,April,2,24,3,Thursday
TT01518,U02515,CR00059,2025-02-04,0.0,Bank Transfer,TC00040,2025,2,February,1,4,1,Tuesday
TT01519,U02537,CR00016,2025-09-06,0.0,Credit Card,TC00042,2025,9,September,3,6,5,Saturday
TT01520,U02537,CR00040,2025-05-11,327.99,PayPal,TC00042,2025,5,May,2,11,6,Sunday
TT01521,U02537,CR00047,2025-02-27,89.59,PayPal,TC00042,2025,2,February,1,27,3,Thursday
TT01522,U02540,CR00018,2025-07-28,0.0,PayPal,TC00040,2025,7,July,3,28,0,Monday
TT01523,U02540,CR00050,2025-01-07,490.9,PayPal,TC00042,2025,1,January,1,7,1,Tuesday
TT01524,U02540,CR00033,2025-04-21,0.0,Bank Transfer,TC00040,2025,4,April,2,21,0,Monday
TT01525,U02540,CR00003,2025-05-20,0.0,Bank Transfer,TC00042,2025,5,May,2,20,1,Tuesday
TT01526,U02540,CR00037,2025-03-27,0.0,PayPal,TC00042,2025,3,March,1,27,3,Thursday
TT01527,U02541,CR00059,2025-12-27,0.0,Credit Card,TC00040,2025,12,December,4,27,5,Saturday
TT01528,U02541,CR00052,2025-02-05,0.0,Bank Transfer,TC00042,2025,2,February,1,5,2,Wednesday
TT01529,U02541,CR00003,2025-08-14,0.0,PayPal,TC00040,2025,8,August,3,14,3,Thursday
TT01530,U02542,CR00018,2025-01-17,0.0,PayPal,TC00040,2025,1,January,1,17,4,Friday
TT01531,U02542,CR00050,2025-11-13,490.9,Bank Transfer,TC00042,2025,11,November,4,13,3,Thursday
TT01532,U02542,CR00060,2025-04-24,0.0,PayPal,TC00042,2025,4,April,2,24,3,Thursday
TT01533,U02564,CR00055,2025-03-01,57.32,Credit Card,TC00040,2025,3,March,1,1,5,Saturday
TT01534,U02564,CR00060,2025-04-20,0.0,PayPal,TC00042,2025,4,April,2,20,6,Sunday
TT01535,U02564,CR00003,2025-10-16,0.0,PayPal,TC00040,2025,10,October,4,16,3,Thursday
TT01536,U02564,CR00027,2025-06-29,0.0,PayPal,TC00042,2025,6,June,2,29,6,Sunday
TT01537,U02566,CR00033,2025-04-18,0.0,Credit Card,TC00040,2025,4,April,2,18,4,Friday
TT01538,U02566,CR00014,2025-10-22,0.0,Bank Transfer,TC00042,2025,10,October,4,22,2,Wednesday
TT01539,U02566,CR00002,2025-07-20,0.0,PayPal,TC00042,2025,7,July,3,20,6,Sunday
TT01540,U02582,CR00003,2025-07-29,0.0,PayPal,TC00040,2025,7,July,3,29,1,Tuesday
TT01541,U02582,CR00048,2025-12-24,0.0,PayPal,TC00042,2025,12,December,4,24,2,Wednesday
TT01542,U02582,CR00035,2025-02-22,0.0,Credit Card,TC00040,2025,2,February,1,22,5,Saturday
TT01543,U02582,CR00037,2025-01-18,0.0,Credit Card,TC00042,2025,1,January,1,18,5,Saturday
TT01544,U02582,CR00042,2025-04-10,0.0,Bank Transfer,TC00042,2025,4,April,2,10,3,Thursday
TT01545,U02583,CR00032,2025-12-24,0.0,Credit Card,TC00040,2025,12,December,4,24,2,Wednesday
TT01546,U02583,CR00038,2025-05-06,342.61,Bank Transfer,TC00040,2025,5,May,2,6,1,Tuesday
TT01547,U02583,CR00060,2025-03-25,0.0,Bank Transfer,TC00042,2025,3,March,1,25,1,Tuesday
TT01548,U02593,CR00006,2025-02-12,276.37,Bank Transfer,TC00040,2025,2,February,1,12,2,Wednesday
TT01549,U02593,CR00008,2025-02-09,0.0,Credit Card,TC00042,2025,2,February,1,9,6,Sunday
TT01550,U02593,CR00012,2025-06-17,487.92,PayPal,TC00040,2025,6,June,2,17,1,Tuesday
TT01551,U02593,CR00003,2025-07-15,0.0,Bank Transfer,TC00040,2025,7,July,3,15,1,Tuesday
TT01552,U02593,CR00057,2025-06-19,177.34,Bank Transfer,TC00040,2025,6,June,2,19,3,Thursday
TT01553,U02602,CR00042,2025-05-29,0.0,PayPal,TC00040,2025,5,May,2,29,3,Thursday
TT01554,U02602,CR00047,2025-02-26,89.59,Bank Transfer,TC00042,2025,2,February,1,26,2,Wednesday
TT01555,U02602,CR00032,2025-06-11,0.0,Credit Card,TC00040,2025,6,June,2,11,2,Wednesday
TT01556,U02602,CR00010,2025-10-16,0.0,PayPal,TC00042,2025,10,October,4,16,3,Thursday
TT01557,U02602,CR00034,2025-11-08,394.26,Bank Transfer,TC00040,2025,11,November,4,8,5,Saturday
TT01558,U02605,CR00019,2025-06-15,0.0,PayPal,TC00042,2025,6,June,2,15,6,Sunday
TT01559,U02605,CR00057,2025-11-17,177.34,Credit Card,TC00042,2025,11,November,4,17,0,Monday
TT01560,U02605,CR00047,2025-09-12,89.59,Bank Transfer,TC00040,2025,9,September,3,12,4,Friday
TT01561,U02612,CR00044,2025-07-13,119.04,Bank Transfer,TC00042,2025,7,July,3,13,6,Sunday
TT01562,U02612,CR00059,2025-03-12,0.0,PayPal,TC00040,2025,3,March,1,12,2,Wednesday
TT01563,U02612,CR00045,2025-11-10,0.0,Bank Transfer,TC00042,2025,11,November,4,10,0,Monday
TT01564,U02612,CR00005,2025-08-11,0.0,Credit Card,TC00042,2025,8,August,3,11,0,Monday
TT01565,U02614,CR00009,2025-06-07,0.0,Bank Transfer,TC00040,2025,6,June,2,7,5,Saturday
TT01566,U02614,CR00017,2025-08-12,0.0,Credit Card,TC00040,2025,8,August,3,12,1,Tuesday
TT01567,U02614,CR00005,2025-02-14,0.0,Credit Card,TC00040,2025,2,February,1,14,4,Friday
TT01568,U02616,CR00008,2025-11-07,0.0,PayPal,TC00042,2025,11,November,4,7,4,Friday
TT01569,U02616,CR00007,2025-12-14,0.0,Bank Transfer,TC00042,2025,12,December,4,14,6,Sunday
TT01570,U02616,CR00006,2025-03-28,276.37,PayPal,TC00040,2025,3,March,1,28,4,Friday
TT01571,U02623,CR00032,2025-03-14,0.0,Bank Transfer,TC00040,2025,3,March,1,14,4,Friday
TT01572,U02623,CR00057,2025-04-14,177.34,Credit Card,TC00042,2025,4,April,2,14,0,Monday
TT01573,U02623,CR00055,2025-08-10,57.32,PayPal,TC00040,2025,8,August,3,10,6,Sunday
TT01574,U02623,CR00016,2025-08-27,0.0,PayPal,TC00040,2025,8,August,3,27,2,Wednesday
TT01575,U02623,CR00018,2025-06-02,0.0,Credit Card,TC00042,2025,6,June,2,2,0,Monday
TT01576,U02630,CR00029,2025-01-09,0.0,Bank Transfer,TC00042,2025,1,January,1,9,3,Thursday
TT01577,U02630,CR00014,2025-05-19,0.0,Bank Transfer,TC00040,2025,5,May,2,19,0,Monday
TT01578,U02630,CR00048,2025-09-08,0.0,PayPal,TC00042,2025,9,September,3,8,0,Monday
TT01579,U02630,CR00006,2025-07-30,276.37,Bank Transfer,TC00042,2025,7,July,3,30,2,Wednesday
TT01580,U02633,CR00010,2025-10-02,0.0,Bank Transfer,TC00040,2025,10,October,4,2,3,Thursday
TT01581,U02633,CR00045,2025-03-03,0.0,PayPal,TC00040,2025,3,March,1,3,0,Monday
TT01582,U02633,CR00057,2025-09-01,177.34,Credit Card,TC00042,2025,9,September,3,1,0,Monday
TT01583,U02633,CR00047,2025-03-18,89.59,PayPal,TC00040,2025,3,March,1,18,1,Tuesday
TT01584,U02633,CR00023,2025-07-09,0.0,Bank Transfer,TC00040,2025,7,July,3,9,2,Wednesday
TT01585,U02643,CR00041,2025-07-12,53.86,Bank Transfer,TC00040,2025,7,July,3,12,5,Saturday
TT01586,U02643,CR00002,2025-11-24,0.0,Credit Card,TC00042,2025,11,November,4,24,0,Monday
TT01587,U02643,CR00048,2025-09-05,0.0,Bank Transfer,TC00042,2025,9,September,3,5,4,Friday
TT01588,U02643,CR00051,2025-03-28,37.89,Credit Card,TC00042,2025,3,March,1,28,4,Friday
TT01589,U02643,CR00042,2025-09-27,0.0,Bank Transfer,TC00042,2025,9,September,3,27,5,Saturday
TT01590,U02645,CR00003,2025-10-03,0.0,PayPal,TC00042,2025,10,October,4,3,4,Friday
TT01591,U02645,CR00041,2025-05-12,53.86,Credit Card,TC00042,2025,5,May,2,12,0,Monday
TT01592,U02645,CR00059,2025-01-07,0.0,Bank Transfer,TC00040,2025,1,January,1,7,1,Tuesday
TT01593,U02651,CR00053,2025-01-07,0.0,Credit Card,TC00040,2025,1,January,1,7,1,Tuesday
TT01594,U02651,CR00037,2025-01-17,0.0,PayPal,TC00040,2025,1,January,1,17,4,Friday
TT01595,U02651,CR00056,2025-11-28,212.39,Credit Card,TC00042,2025,11,November,4,28,4,Friday
TT01596,U02651,CR00057,2025-07-23,177.34,Bank Transfer,TC00040,2025,7,July,3,23,2,Wednesday
TT01597,U02651,CR00035,2025-01-19,0.0,Credit Card,TC00040,2025,1,January,1,19,6,Sunday
TT01598,U02663,CR00058,2025-02-16,0.0,Bank Transfer,TC00042,2025,2,February,1,16,6,Sunday
TT01599,U02663,CR00010,2025-05-07,0.0,Bank Transfer,TC00040,2025,5,May,2,7,2,Wednesday
TT01600,U02663,CR00030,2025-05-27,0.0,PayPal,TC00042,2025,5,May,2,27,1,Tuesday
TT01601,U02663,CR00004,2025-02-17,0.0,Credit Card,TC00042,2025,2,February,1,17,0,Monday
TT01602,U02672,CR00051,2025-09-16,37.89,Bank Transfer,TC00042,2025,9,September,3,16,1,Tuesday
TT01603,U02672,CR00059,2025-01-16,0.0,PayPal,TC00042,2025,1,January,1,16,3,Thursday
TT01604,U02672,CR00010,2025-05-20,0.0,Credit Card,TC00040,2025,5,May,2,20,1,Tuesday
TT01605,U02672,CR00060,2025-02-09,0.0,Credit Card,TC00040,2025,2,February,1,9,6,Sunday
TT01606,U02672,CR00015,2025-01-19,285.05,PayPal,TC00042,2025,1,January,1,19,6,Sunday
TT01607,U02679,CR00011,2025-07-26,326.02,PayPal,TC00042,2025,7,July,3,26,5,Saturday
TT01608,U02679,CR00014,2025-06-08,0.0,Credit Card,TC00040,2025,6,June,2,8,6,Sunday
TT01609,U02679,CR00004,2025-06-12,0.0,Bank Transfer,TC00042,2025,6,June,2,12,3,Thursday
TT01610,U02683,CR00045,2025-03-17,0.0,Bank Transfer,TC00040,2025,3,March,1,17,0,Monday
TT01611,U02683,CR00012,2025-11-18,487.92,PayPal,TC00042,2025,11,November,4,18,1,Tuesday
TT01612,U02683,CR00008,2025-12-01,0.0,Credit Card,TC00040,2025,12,December,4,1,0,Monday
TT01613,U02683,CR00047,2025-05-14,89.59,Bank Transfer,TC00040,2025,5,May,2,14,2,Wednesday
TT01614,U02683,CR00044,2025-04-24,119.04,Bank Transfer,TC00042,2025,4,April,2,24,3,Thursday
TT01615,U02684,CR00027,2025-08-14,0.0,PayPal,TC00042,2025,8,August,3,14,3,Thursday
TT01616,U02684,CR00007,2025-06-02,0.0,Credit Card,TC00040,2025,6,June,2,2,0,Monday
TT01617,U02684,CR00023,2025-07-25,0.0,Credit Card,TC00040,2025,7,July,3,25,4,Friday
TT01618,U02684,CR00057,2025-01-05,177.34,Credit Card,TC00042,2025,1,January,1,5,6,Sunday
TT01619,U02698,CR00050,2025-01-05,490.9,Bank Transfer,TC00042,2025,1,January,1,5,6,Sunday
TT01620,U02698,CR00039,2025-02-16,346.71,Credit Card,TC00040,2025,2,February,1,16,6,Sunday
TT01621,U02698,CR00010,2025-11-03,0.0,Bank Transfer,TC00042,2025,11,November,4,3,0,Monday
TT01622,U02709,CR00034,2025-09-07,394.26,PayPal,TC00040,2025,9,September,3,7,6,Sunday
TT01623,U02709,CR00015,2025-06-03,285.05,Credit Card,TC00042,2025,6,June,2,3,1,Tuesday
TT01624,U02709,CR00028,2025-05-14,0.78,Bank Transfer,TC00042,2025,5,May,2,14,2,Wednesday
TT01625,U02709,CR00023,2025-03-20,0.0,Credit Card,TC00042,2025,3,March,1,20,3,Thursday
TT01626,U02733,CR00017,2025-04-01,0.0,PayPal,TC00040,2025,4,April,2,1,1,Tuesday
TT01627,U02733,CR00015,2025-12-19,285.05,Bank Transfer,TC00040,2025,12,December,4,19,4,Friday
TT01628,U02733,CR00011,2025-10-25,326.02,Bank Transfer,TC00040,2025,10,October,4,25,5,Saturday
TT01629,U02733,CR00008,2025-07-11,0.0,Credit Card,TC00040,2025,7,July,3,11,4,Friday
TT01630,U02743,CR00016,2025-09-18,0.0,PayPal,TC00042,2025,9,September,3,18,3,Thursday
TT01631,U02743,CR00042,2025-09-08,0.0,Bank Transfer,TC00042,2025,9,September,3,8,0,Monday
TT01632,U02743,CR00037,2025-05-15,0.0,Credit Card,TC00040,2025,5,May,2,15,3,Thursday
TT01633,U02743,CR00040,2025-04-23,327.99,PayPal,TC00042,2025,4,April,2,23,2,Wednesday
TT01634,U02754,CR00018,2025-05-29,0.0,Bank Transfer,TC00042,2025,5,May,2,29,3,Thursday
TT01635,U02754,CR00015,2025-05-05,285.05,PayPal,TC00042,2025,5,May,2,5,0,Monday
TT01636,U02754,CR00041,2025-11-15,53.86,Credit Card,TC00042,2025,11,November,4,15,5,Saturday
TT01637,U02767,CR00042,2025-02-04,0.0,Bank Transfer,TC00040,2025,2,February,1,4,1,Tuesday
TT01638,U02767,CR00039,2025-01-05,346.71,Credit Card,TC00040,2025,1,January,1,5,6,Sunday
TT01639,U02767,CR00053,2025-09-25,0.0,Bank Transfer,TC00042,2025,9,September,3,25,3,Thursday
TT01640,U02767,CR00040,2025-03-01,327.99,Bank Transfer,TC00040,2025,3,March,1,1,5,Saturday
TT01641,U02767,CR00012,2025-01-09,487.92,PayPal,TC00042,2025,1,January,1,9,3,Thursday
TT01642,U02770,CR00047,2025-08-27,89.59,Credit Card,TC00042,2025,8,August,3,27,2,Wednesday
TT01643,U02770,CR00021,2025-10-25,0.0,Bank Transfer,TC00040,2025,10,October,4,25,5,Saturday
TT01644,U02770,CR00060,2025-10-26,0.0,Bank Transfer,TC00042,2025,10,October,4,26,6,Sunday
TT01645,U02770,CR00054,2025-09-06,0.0,PayPal,TC00042,2025,9,September,3,6,5,Saturday
TT01646,U02775,CR00001,2025-09-12,472.28,Credit Card,TC00042,2025,9,September,3,12,4,Friday
TT01647,U02775,CR00010,2025-09-04,0.0,PayPal,TC00040,2025,9,September,3,4,3,Thursday
TT01648,U02775,CR00027,2025-02-26,0.0,Bank Transfer,TC00042,2025,2,February,1,26,2,Wednesday
TT01649,U02786,CR00053,2025-08-08,0.0,PayPal,TC00040,2025,8,August,3,8,4,Friday
TT01650,U02786,CR00054,2025-11-11,0.0,PayPal,TC00040,2025,11,November,4,11,1,Tuesday
TT01651,U02786,CR00030,2025-07-30,0.0,Credit Card,TC00042,2025,7,July,3,30,2,Wednesday
TT01652,U02786,CR00020,2025-06-13,0.0,Credit Card,TC00040,2025,6,June,2,13,4,Friday
TT01653,U02788,CR00026,2025-04-18,0.0,PayPal,TC00042,2025,4,April,2,18,4,Friday
TT01654,U02788,CR00055,2025-01-25,57.32,Bank Transfer,TC00042,2025,1,January,1,25,5,Saturday
TT01655,U02788,CR00031,2025-09-13,0.0,Credit Card,TC00040,2025,9,September,3,13,5,Saturday
TT01656,U02791,CR00009,2025-06-08,0.0,PayPal,TC00042,2025,6,June,2,8,6,Sunday
TT01657,U02791,CR00055,2025-09-27,57.32,Credit Card,TC00040,2025,9,September,3,27,5,Saturday
TT01658,U02791,CR00049,2025-06-21,415.51,Credit Card,TC00042,2025,6,June,2,21,5,Saturday
TT01659,U02791,CR00036,2025-01-07,0.0,PayPal,TC00040,2025,1,January,1,7,1,Tuesday
TT01660,U02792,CR00020,2025-08-16,0.0,Credit Card,TC00040,2025,8,August,3,16,5,Saturday
TT01661,U02792,CR00021,2025-09-15,0.0,Bank Transfer,TC00040,2025,9,September,3,15,0,Monday
TT01662,U02792,CR00008,2025-05-12,0.0,PayPal,TC00040,2025,5,May,2,12,0,Monday
TT01663,U02792,CR00029,2025-10-14,0.0,Credit Card,TC00042,2025,10,October,4,14,1,Tuesday
TT01664,U02792,CR00052,2025-03-19,0.0,Bank Transfer,TC00040,2025,3,March,1,19,2,Wednesday
TT01665,U02793,CR00015,2025-11-09,285.05,Credit Card,TC00042,2025,11,November,4,9,6,Sunday
TT01666,U02793,CR00039,2025-08-18,346.71,Bank Transfer,TC00042,2025,8,August,3,18,0,Monday
TT01667,U02793,CR00026,2025-04-27,0.0,Credit Card,TC00042,2025,4,April,2,27,6,Sunday
TT01668,U02793,CR00006,2025-12-10,276.37,Bank Transfer,TC00040,2025,12,December,4,10,2,Wednesday
TT01669,U02821,CR00011,2025-01-28,326.02,Credit Card,TC00042,2025,1,January,1,28,1,Tuesday
TT01670,U02821,CR00017,2025-11-20,0.0,Credit Card,TC00040,2025,11,November,4,20,3,Thursday
TT01671,U02821,CR00020,2025-07-14,0.0,Bank Transfer,TC00040,2025,7,July,3,14,0,Monday
TT01672,U02821,CR00040,2025-12-08,327.99,Bank Transfer,TC00040,2025,12,December,4,8,0,Monday
TT01673,U02825,CR00015,2025-09-20,285.05,Credit Card,TC00042,2025,9,September,3,20,5,Saturday
TT01674,U02825,CR00040,2025-09-07,327.99,Bank Transfer,TC00040,2025,9,September,3,7,6,Sunday
TT01675,U02825,CR00011,2025-05-13,326.02,PayPal,TC00042,2025,5,May,2,13,1,Tuesday
TT01676,U02832,CR00030,2025-07-13,0.0,Credit Card,TC00042,2025,7,July,3,13,6,Sunday
TT01677,U02832,CR00042,2025-02-11,0.0,Credit Card,TC00040,2025,2,February,1,11,1,Tuesday
TT01678,U02832,CR00022,2025-03-26,0.0,Credit Card,TC00040,2025,3,March,1,26,2,Wednesday
TT01679,U02843,CR00034,2025-04-23,394.26,PayPal,TC00040,2025,4,April,2,23,2,Wednesday
TT01680,U02843,CR00046,2025-01-13,248.1,Bank Transfer,TC00040,2025,1,January,1,13,0,Monday
TT01681,U02843,CR00024,2025-09-03,117.68,PayPal,TC00042,2025,9,September,3,3,2,Wednesday
TT01682,U02844,CR00035,2025-08-03,0.0,PayPal,TC00040,2025,8,August,3,3,6,Sunday
TT01683,U02844,CR00046,2025-10-17,248.1,Credit Card,TC00040,2025,10,October,4,17,4,Friday
TT01684,U02844,CR00047,2025-05-15,89.59,Credit Card,TC00042,2025,5,May,2,15,3,Thursday
TT01685,U02844,CR00016,2025-03-24,0.0,Bank Transfer,TC00040,2025,3,March,1,24,0,Monday
TT01686,U02850,CR00026,2025-10-30,0.0,PayPal,TC00042,2025,10,October,4,30,3,Thursday
TT01687,U02850,CR00031,2025-10-09,0.0,PayPal,TC00040,2025,10,October,4,9,3,Thursday
TT01688,U02850,CR00057,2025-08-03,177.34,Credit Card,TC00040,2025,8,August,3,3,6,Sunday
TT01689,U02857,CR00028,2025-06-01,0.78,Bank Transfer,TC00042,2025,6,June,2,1,6,Sunday
TT01690,U02857,CR00011,2025-09-24,326.02,Bank Transfer,TC00042,2025,9,September,3,24,2,Wednesday
TT01691,U02857,CR00039,2025-07-02,346.71,PayPal,TC00040,2025,7,July,3,2,2,Wednesday
TT01692,U02874,CR00019,2025-05-25,0.0,PayPal,TC00040,2025,5,May,2,25,6,Sunday
TT01693,U02874,CR00050,2025-06-25,490.9,Bank Transfer,TC00040,2025,6,June,2,25,2,Wednesday
TT01694,U02874,CR00005,2025-07-10,0.0,Credit Card,TC00042,2025,7,July,3,10,3,Thursday
TT01695,U02874,CR00052,2025-03-02,0.0,Bank Transfer,TC00042,2025,3,March,1,2,6,Sunday
TT01696,U02883,CR00011,2025-05-11,326.02,PayPal,TC00040,2025,5,May,2,11,6,Sunday
TT01697,U02883,CR00012,2025-04-23,487.92,Bank Transfer,TC00042,2025,4,April,2,23,2,Wednesday
TT01698,U02883,CR00033,2025-03-24,0.0,Credit Card,TC00040,2025,3,March,1,24,0,Monday
TT01699,U02899,CR00040,2025-03-17,327.99,PayPal,TC00042,2025,3,March,1,17,0,Monday
TT01700,U02899,CR00020,2025-12-05,0.0,PayPal,TC00040,2025,12,December,4,5,4,Friday
TT01701,U02899,CR00008,2025-10-24,0.0,PayPal,TC00040,2025,10,October,4,24,4,Friday
TT01702,U02909,CR00021,2025-02-06,0.0,Credit Card,TC00040,2025,2,February,1,6,3,Thursday
TT01703,U02909,CR00046,2025-05-16,248.1,Bank Transfer,TC00042,2025,5,May,2,16,4,Friday
TT01704,U02909,CR00059,2025-02-22,0.0,PayPal,TC00040,2025,2,February,1,22,5,Saturday
TT01705,U02915,CR00017,2025-07-22,0.0,Bank Transfer,TC00042,2025,7,July,3,22,1,Tuesday
TT01706,U02915,CR00036,2025-05-14,0.0,PayPal,TC00040,2025,5,May,2,14,2,Wednesday
TT01707,U02915,CR00002,2025-05-28,0.0,PayPal,TC00042,2025,5,May,2,28,2,Wednesday
TT01708,U02916,CR00054,2025-06-15,0.0,PayPal,TC00040,2025,6,June,2,15,6,Sunday
TT01709,U02916,CR00011,2025-07-27,326.02,Bank Transfer,TC00042,2025,7,July,3,27,6,Sunday
TT01710,U02916,CR00005,2025-02-21,0.0,Credit Card,TC00040,2025,2,February,1,21,4,Friday
TT01711,U02916,CR00016,2025-10-03,0.0,Bank Transfer,TC00040,2025,10,October,4,3,4,Friday
TT01712,U02927,CR00008,2025-09-24,0.0,PayPal,TC00040,2025,9,September,3,24,2,Wednesday
TT01713,U02927,CR00039,2025-11-30,346.71,Credit Card,TC00040,2025,11,November,4,30,6,Sunday
TT01714,U02927,CR00059,2025-01-08,0.0,PayPal,TC00040,2025,1,January,1,8,2,Wednesday
TT01715,U02927,CR00041,2025-01-09,53.86,Credit Card,TC00040,2025,1,January,1,9,3,Thursday
TT01716,U02931,CR00004,2025-09-30,0.0,PayPal,TC00042,2025,9,September,3,30,1,Tuesday
TT01717,U02931,CR00010,2025-11-19,0.0,Bank Transfer,TC00042,2025,11,November,4,19,2,Wednesday
TT01718,U02931,CR00051,2025-05-05,37.89,Bank Transfer,TC00042,2025,5,May,2,5,0,Monday
TT01719,U02931,CR00033,2025-11-04,0.0,Bank Transfer,TC00040,2025,11,November,4,4,1,Tuesday
TT01720,U02931,CR00030,2025-11-13,0.0,Bank Transfer,TC00042,2025,11,November,4,13,3,Thursday
TT01721,U02937,CR00040,2025-08-20,327.99,Credit Card,TC00040,2025,8,August,3,20,2,Wednesday
TT01722,U02937,CR00037,2025-06-14,0.0,PayPal,TC00042,2025,6,June,2,14,5,Saturday
TT01723,U02937,CR00045,2025-06-26,0.0,Bank Transfer,TC00040,2025,6,June,2,26,3,Thursday
TT01724,U02937,CR00013,2025-03-23,0.0,Credit Card,TC00042,2025,3,March,1,23,6,Sunday
TT01725,U02941,CR00054,2025-09-18,0.0,Credit Card,TC00040,2025,9,September,3,18,3,Thursday
TT01726,U02941,CR00052,2025-05-08,0.0,Credit Card,TC00042,2025,5,May,2,8,3,Thursday
TT01727,U02941,CR00033,2025-07-23,0.0,Credit Card,TC00040,2025,7,July,3,23,2,Wednesday
TT01728,U02945,CR00002,2025-06-18,0.0,PayPal,TC00042,2025,6,June,2,18,2,Wednesday
TT01729,U02945,CR00050,2025-06-12,490.9,Bank Transfer,TC00042,2025,6,June,2,12,3,Thursday
TT01730,U02945,CR00037,2025-04-22,0.0,PayPal,TC00040,2025,4,April,2,22,1,Tuesday
TT01731,U02945,CR00058,2025-11-05,0.0,Credit Card,TC00040,2025,11,November,4,5,2,Wednesday
TT01732,U02947,CR00018,2025-10-13,0.0,Credit Card,TC00040,2025,10,October,4,13,0,Monday
TT01733,U02947,CR00050,2025-02-04,490.9,Bank Transfer,TC00042,2025,2,February,1,4,1,Tuesday
TT01734,U02947,CR00022,2025-01-02,0.0,PayPal,TC00040,2025,1,January,1,2,3,Thursday
TT01735,U02958,CR00006,2025-01-24,276.37,Bank Transfer,TC00042,2025,1,January,1,24,4,Friday
TT01736,U02958,CR00011,2025-03-12,326.02,PayPal,TC00040,2025,3,March,1,12,2,Wednesday
TT01737,U02958,CR00009,2025-08-22,0.0,Credit Card,TC00040,2025,8,August,3,22,4,Friday
TT01738,U02969,CR00023,2025-06-23,0.0,Bank Transfer,TC00040,2025,6,June,2,23,0,Monday
TT01739,U02969,CR00060,2025-02-25,0.0,Credit Card,TC00040,2025,2,February,1,25,1,Tuesday
TT01740,U02969,CR00029,2025-07-10,0.0,Bank Transfer,TC00042,2025,7,July,3,10,3,Thursday
TT01741,U02969,CR00035,2025-09-04,0.0,Bank Transfer,TC00040,2025,9,September,3,4,3,Thursday
TT01742,U02969,CR00018,2025-02-09,0.0,PayPal,TC00042,2025,2,February,1,9,6,Sunday
TT01743,U02971,CR00013,2025-11-05,0.0,PayPal,TC00040,2025,11,November,4,5,2,Wednesday
TT01744,U02971,CR00045,2025-06-15,0.0,PayPal,TC00042,2025,6,June,2,15,6,Sunday
TT01745,U02971,CR00048,2025-12-05,0.0,Credit Card,TC00042,2025,12,December,4,5,4,Friday
TT01746,U02974,CR00016,2025-05-19,0.0,Credit Card,TC00042,2025,5,May,2,19,0,Monday
TT01747,U02974,CR00035,2025-01-11,0.0,Credit Card,TC00040,2025,1,January,1,11,5,Saturday
TT01748,U02974,CR00018,2025-03-27,0.0,Bank Transfer,TC00042,2025,3,March,1,27,3,Thursday
TT01749,U02976,CR00037,2025-05-18,0.0,PayPal,TC00040,2025,5,May,2,18,6,Sunday
TT01750,U02976,CR00030,2025-11-22,0.0,Bank Transfer,TC00042,2025,11,November,4,22,5,Saturday
TT01751,U02976,CR00033,2025-02-07,0.0,Credit Card,TC00040,2025,2,February,1,7,4,Friday
TT01752,U02976,CR00001,2025-01-13,472.28,Bank Transfer,TC00042,2025,1,January,1,13,0,Monday
TT01753,U02976,CR00040,2025-12-01,327.99,Credit Card,TC00040,2025,12,December,4,1,0,Monday
TT01754,U02980,CR00007,2025-09-14,0.0,Bank Transfer,TC00040,2025,9,September,3,14,6,Sunday
TT01755,U02980,CR00026,2025-05-03,0.0,PayPal,TC00042,2025,5,May,2,3,5,Saturday
TT01756,U02980,CR00043,2025-05-03,0.0,Bank Transfer,TC00040,2025,5,May,2,3,5,Saturday
TT01757,U02981,CR00023,2025-12-25,0.0,PayPal,TC00040,2025,12,December,4,25,3,Thursday
TT01758,U02981,CR00015,2025-02-28,285.05,PayPal,TC00040,2025,2,February,1,28,4,Friday
TT01759,U02981,CR00054,2025-09-16,0.0,PayPal,TC00040,2025,9,September,3,16,1,Tuesday
TT01760,U02984,CR00040,2025-03-12,327.99,Bank Transfer,TC00040,2025,3,March,1,12,2,Wednesday
TT01761,U02984,CR00036,2025-12-03,0.0,Credit Card,TC00040,2025,12,December,4,3,2,Wednesday
TT01762,U02984,CR00021,2025-10-15,0.0,Credit Card,TC00042,2025,10,October,4,15,2,Wednesday
TT01763,U02989,CR00038,2025-11-20,342.61,Bank Transfer,TC00042,2025,11,November,4,20,3,Thursday
TT01764,U02989,CR00031,2025-12-08,0.0,Bank Transfer,TC00040,2025,12,December,4,8,0,Monday
TT01765,U02989,CR00058,2025-10-20,0.0,Credit Card,TC00042,2025,10,October,4,20,0,Monday
TT01766,U02992,CR00040,2025-10-17,327.99,Bank Transfer,TC00040,2025,10,October,4,17,4,Friday
TT01767,U02992,CR00012,2025-07-05,487.92,Bank Transfer,TC00040,2025,7,July,3,5,5,Saturday
TT01768,U02992,CR00023,2025-06-20,0.0,PayPal,TC00042,2025,6,June,2,20,4,Friday
TT01769,U02992,CR00005,2025-10-30,0.0,Credit Card,TC00040,2025,10,October,4,30,3,Thursday
TT01770,U02994,CR00014,2025-08-06,0.0,PayPal,TC00040,2025,8,August,3,6,2,Wednesday
TT01771,U02994,CR00046,2025-02-11,248.1,Bank Transfer,TC00042,2025,2,February,1,11,1,Tuesday
TT01772,U02994,CR00004,2025-06-09,0.0,Credit Card,TC00040,2025,6,June,2,9,0,Monday
TT01773,U02994,CR00015,2025-01-22,285.05,PayPal,TC00042,2025,1,January,1,22,2,Wednesday
TT01774,U02994,CR00029,2025-03-12,0.0,Bank Transfer,TC00042,2025,3,March,1,12,2,Wednesday
TT01775,U00005,CR00004,2025-12-03,0.0,Bank Transfer,TC00015,2025,12,December,4,3,2,Wednesday
TT01776,U00005,CR00039,2025-09-11,346.71,PayPal,TC00060,2025,9,September,3,11,3,Thursday
TT01777,U00011,CR00053,2025-03-28,0.0,PayPal,TC00030,2025,3,March,1,28,4,Friday
TT01778,U00011,CR00025,2025-09-24,299.57,Credit Card,TC00015,2025,9,September,3,24,2,Wednesday
TT01779,U00014,CR00027,2025-04-11,0.0,Credit Card,TC00049,2025,4,April,2,11,4,Friday
TT01780,U00019,CR00009,2025-11-10,0.0,Credit Card,TC00020,2025,11,November,4,10,0,Monday
TT01781,U00021,CR00057,2025-04-08,177.34,Bank Transfer,TC00050,2025,4,April,2,8,1,Tuesday
TT01782,U00021,CR00032,2025-05-08,0.0,PayPal,TC00001,2025,5,May,2,8,3,Thursday
TT01783,U00024,CR00033,2025-09-27,0.0,PayPal,TC00006,2025,9,September,3,27,5,Saturday
TT01784,U00027,CR00037,2025-07-25,0.0,PayPal,TC00060,2025,7,July,3,25,4,Friday
TT01785,U00027,CR00032,2025-10-08,0.0,Credit Card,TC00006,2025,10,October,4,8,2,Wednesday
TT01786,U00029,CR00011,2025-07-09,326.02,Credit Card,TC00052,2025,7,July,3,9,2,Wednesday
TT01787,U00034,CR00043,2025-07-02,0.0,Bank Transfer,TC00005,2025,7,July,3,2,2,Wednesday
TT01788,U00034,CR00046,2025-04-20,248.1,Bank Transfer,TC00030,2025,4,April,2,20,6,Sunday
TT01789,U00037,CR00032,2025-02-28,0.0,Bank Transfer,TC00001,2025,2,February,1,28,4,Friday
TT01790,U00037,CR00045,2025-11-12,0.0,Credit Card,TC00005,2025,11,November,4,12,2,Wednesday
TT01791,U00041,CR00058,2025-06-10,0.0,Bank Transfer,TC00020,2025,6,June,2,10,1,Tuesday
TT01792,U00041,CR00011,2025-05-28,326.02,Bank Transfer,TC00052,2025,5,May,2,28,2,Wednesday
TT01793,U00042,CR00047,2025-10-27,89.59,Bank Transfer,TC00029,2025,10,October,4,27,0,Monday
TT01794,U00043,CR00040,2025-08-29,327.99,Credit Card,TC00060,2025,8,August,3,29,4,Friday
TT01795,U00057,CR00012,2025-06-10,487.92,Credit Card,TC00052,2025,6,June,2,10,1,Tuesday
TT01796,U00063,CR00004,2025-01-22,0.0,PayPal,TC00030,2025,1,January,1,22,2,Wednesday
TT01797,U00063,CR00025,2025-02-03,299.57,Bank Transfer,TC00015,2025,2,February,1,3,0,Monday
TT01798,U00066,CR00040,2025-04-12,327.99,Credit Card,TC00060,2025,4,April,2,12,5,Saturday
TT01799,U00068,CR00037,2025-03-29,0.0,PayPal,TC00060,2025,3,March,1,29,5,Saturday
TT01800,U00073,CR00028,2025-06-23,0.78,Bank Transfer,TC00049,2025,6,June,2,23,0,Monday
TT01801,U00075,CR00010,2025-11-12,0.0,Bank Transfer,TC00035,2025,11,November,4,12,2,Wednesday
TT01802,U00078,CR00020,2025-04-09,0.0,PayPal,TC00030,2025,4,April,2,9,2,Wednesday
TT01803,U00091,CR00043,2025-10-30,0.0,PayPal,TC00039,2025,10,October,4,30,3,Thursday
TT01804,U00094,CR00025,2025-02-11,299.57,Credit Card,TC00015,2025,2,February,1,11,1,Tuesday
TT01805,U00097,CR00027,2025-07-10,0.0,Credit Card,TC00049,2025,7,July,3,10,3,Thursday
TT01806,U00097,CR00032,2025-07-07,0.0,Bank Transfer,TC00032,2025,7,July,3,7,0,Monday
TT01807,U00102,CR00025,2025-10-01,299.57,Bank Transfer,TC00015,2025,10,October,4,1,2,Wednesday
TT01808,U00104,CR00041,2025-10-29,53.86,Credit Card,TC00005,2025,10,October,4,29,2,Wednesday
TT01809,U00106,CR00060,2025-10-22,0.0,Credit Card,TC00019,2025,10,October,4,22,2,Wednesday
TT01810,U00106,CR00055,2025-12-01,57.32,Bank Transfer,TC00050,2025,12,December,4,1,0,Monday
TT01811,U00110,CR00012,2025-12-05,487.92,Bank Transfer,TC00052,2025,12,December,4,5,4,Friday
TT01812,U00114,CR00032,2025-02-22,0.0,Bank Transfer,TC00001,2025,2,February,1,22,5,Saturday
TT01813,U00118,CR00013,2025-03-12,0.0,Bank Transfer,TC00052,2025,3,March,1,12,2,Wednesday
TT01814,U00120,CR00054,2025-04-09,0.0,Credit Card,TC00029,2025,4,April,2,9,2,Wednesday
TT01815,U00120,CR00049,2025-03-06,415.51,Credit Card,TC00029,2025,3,March,1,6,3,Thursday
TT01816,U00121,CR00040,2025-11-22,327.99,Credit Card,TC00060,2025,11,November,4,22,5,Saturday
TT01817,U00121,CR00028,2025-06-08,0.78,Bank Transfer,TC00049,2025,6,June,2,8,6,Sunday
TT01818,U00123,CR00025,2025-05-02,299.57,Credit Card,TC00057,2025,5,May,2,2,4,Friday
TT01819,U00123,CR00055,2025-10-21,57.32,PayPal,TC00020,2025,10,October,4,21,1,Tuesday
TT01820,U00124,CR00056,2025-09-07,212.39,Credit Card,TC00019,2025,9,September,3,7,6,Sunday
TT01821,U00124,CR00046,2025-02-28,248.1,PayPal,TC00030,2025,2,February,1,28,4,Friday
TT01822,U00129,CR00049,2025-01-23,415.51,PayPal,TC00030,2025,1,January,1,23,3,Thursday
TT01823,U00129,CR00059,2025-03-19,0.0,Credit Card,TC00013,2025,3,March,1,19,2,Wednesday
TT01824,U00136,CR00014,2025-03-23,0.0,Bank Transfer,TC00052,2025,3,March,1,23,6,Sunday
TT01825,U00138,CR00029,2025-01-21,0.0,PayPal,TC00049,2025,1,January,1,21,1,Tuesday
TT01826,U00138,CR00007,2025-08-11,0.0,PayPal,TC00005,2025,8,August,3,11,0,Monday
TT01827,U00140,CR00059,2025-02-19,0.0,Credit Card,TC00035,2025,2,February,1,19,2,Wednesday
TT01828,U00140,CR00041,2025-03-26,53.86,Credit Card,TC00005,2025,3,March,1,26,2,Wednesday
TT01829,U00145,CR00035,2025-02-26,0.0,Bank Transfer,TC00006,2025,2,February,1,26,2,Wednesday
TT01830,U00155,CR00042,2025-01-19,0.0,PayPal,TC00039,2025,1,January,1,19,6,Sunday
TT01831,U00155,CR00054,2025-05-19,0.0,Bank Transfer,TC00052,2025,5,May,2,19,0,Monday
TT01832,U00157,CR00056,2025-12-18,212.39,Credit Card,TC00035,2025,12,December,4,18,3,Thursday
TT01833,U00157,CR00031,2025-05-07,0.0,Credit Card,TC00032,2025,5,May,2,7,2,Wednesday
TT01834,U00159,CR00041,2025-04-16,53.86,Bank Transfer,TC00039,2025,4,April,2,16,2,Wednesday
TT01835,U00159,CR00030,2025-03-09,0.0,Credit Card,TC00049,2025,3,March,1,9,6,Sunday
TT01836,U00164,CR00027,2025-05-15,0.0,Bank Transfer,TC00049,2025,5,May,2,15,3,Thursday
TT01837,U00164,CR00026,2025-09-11,0.0,PayPal,TC00049,2025,9,September,3,11,3,Thursday
TT01838,U00168,CR00011,2025-09-20,326.02,PayPal,TC00052,2025,9,September,3,20,5,Saturday
TT01839,U00171,CR00036,2025-09-29,0.0,PayPal,TC00060,2025,9,September,3,29,0,Monday
TT01840,U00171,CR00037,2025-06-24,0.0,Bank Transfer,TC00060,2025,6,June,2,24,1,Tuesday
TT01841,U00175,CR00005,2025-10-07,0.0,Bank Transfer,TC00049,2025,10,October,4,7,1,Tuesday
TT01842,U00175,CR00050,2025-01-01,490.9,PayPal,TC00029,2025,1,January,1,1,2,Wednesday
TT01843,U00179,CR00012,2025-11-18,487.92,Credit Card,TC00052,2025,11,November,4,18,1,Tuesday
TT01844,U00179,CR00030,2025-08-27,0.0,PayPal,TC00049,2025,8,August,3,27,2,Wednesday
TT01845,U00180,CR00026,2025-09-26,0.0,Credit Card,TC00049,2025,9,September,3,26,4,Friday
TT01846,U00196,CR00034,2025-07-04,394.26,PayPal,TC00032,2025,7,July,3,4,4,Friday
TT01847,U00203,CR00054,2025-01-10,0.0,Credit Card,TC00049,2025,1,January,1,10,4,Friday
TT01848,U00203,CR00011,2025-07-22,326.02,Bank Transfer,TC00052,2025,7,July,3,22,1,Tuesday
TT01849,U00205,CR00038,2025-06-12,342.61,Credit Card,TC00060,2025,6,June,2,12,3,Thursday
TT01850,U00206,CR00047,2025-05-06,89.59,Credit Card,TC00030,2025,5,May,2,6,1,Tuesday
TT01851,U00207,CR00057,2025-11-11,177.34,Bank Transfer,TC00019,2025,11,November,4,11,1,Tuesday
TT01852,U00207,CR00005,2025-07-17,0.0,Credit Card,TC00057,2025,7,July,3,17,3,Thursday
TT01853,U00210,CR00051,2025-02-20,37.89,PayPal,TC00048,2025,2,February,1,20,3,Thursday
TT01854,U00210,CR00030,2025-03-29,0.0,Credit Card,TC00049,2025,3,March,1,29,5,Saturday
TT01855,U00212,CR00036,2025-07-04,0.0,Credit Card,TC00060,2025,7,July,3,4,4,Friday
TT01856,U00212,CR00003,2025-04-24,0.0,Bank Transfer,TC00006,2025,4,April,2,24,3,Thursday
TT01857,U00217,CR00051,2025-05-02,37.89,Credit Card,TC00005,2025,5,May,2,2,4,Friday
TT01858,U00227,CR00042,2025-03-04,0.0,PayPal,TC00039,2025,3,March,1,4,1,Tuesday
TT01859,U00227,CR00009,2025-06-04,0.0,Credit Card,TC00005,2025,6,June,2,4,2,Wednesday
TT01860,U00229,CR00022,2025-05-22,0.0,Credit Card,TC00015,2025,5,May,2,22,3,Thursday
TT01861,U00229,CR00027,2025-01-18,0.0,PayPal,TC00049,2025,1,January,1,18,5,Saturday
TT01862,U00230,CR00058,2025-11-28,0.0,PayPal,TC00035,2025,11,November,4,28,4,Friday
TT01863,U00230,CR00044,2025-11-01,119.04,Bank Transfer,TC00048,2025,11,November,4,1,5,Saturday
TT01864,U00231,CR00056,2025-06-27,212.39,PayPal,TC00050,2025,6,June,2,27,4,Friday
TT01865,U00231,CR00028,2025-03-30,0.78,Bank Transfer,TC00049,2025,3,March,1,30,6,Sunday
TT01866,U00237,CR00014,2025-11-27,0.0,PayPal,TC00052,2025,11,November,4,27,3,Thursday
TT01867,U00239,CR00058,2025-05-01,0.0,PayPal,TC00050,2025,5,May,2,1,3,Thursday
TT01868,U00242,CR00057,2025-01-18,177.34,Credit Card,TC00013,2025,1,January,1,18,5,Saturday
TT01869,U00242,CR00047,2025-03-27,89.59,Bank Transfer,TC00030,2025,3,March,1,27,3,Thursday
TT01870,U00245,CR00043,2025-07-20,0.0,PayPal,TC00039,2025,7,July,3,20,6,Sunday
TT01871,U00254,CR00035,2025-08-02,0.0,Credit Card,TC00006,2025,8,August,3,2,5,Saturday
TT01872,U00255,CR00034,2025-07-12,394.26,PayPal,TC00006,2025,7,July,3,12,5,Saturday
TT01873,U00268,CR00021,2025-05-22,0.0,PayPal,TC00015,2025,5,May,2,22,3,Thursday
TT01874,U00274,CR00014,2025-09-02,0.0,PayPal,TC00052,2025,9,September,3,2,1,Tuesday
TT01875,U00274,CR00057,2025-04-07,177.34,PayPal,TC00035,2025,4,April,2,7,0,Monday
TT01876,U00280,CR00025,2025-04-11,299.57,Credit Card,TC00057,2025,4,April,2,11,4,Friday
TT01877,U00296,CR00057,2025-01-08,177.34,PayPal,TC00035,2025,1,January,1,8,2,Wednesday
TT01878,U00296,CR00037,2025-05-17,0.0,PayPal,TC00060,2025,5,May,2,17,5,Saturday
TT01879,U00297,CR00060,2025-06-26,0.0,Credit Card,TC00019,2025,6,June,2,26,3,Thursday
TT01880,U00300,CR00012,2025-12-20,487.92,PayPal,TC00052,2025,12,December,4,20,5,Saturday
TT01881,U00300,CR00052,2025-12-03,0.0,PayPal,TC00015,2025,12,December,4,3,2,Wednesday
TT01882,U00311,CR00014,2025-07-05,0.0,PayPal,TC00052,2025,7,July,3,5,5,Saturday
TT01883,U00312,CR00037,2025-06-30,0.0,Bank Transfer,TC00060,2025,6,June,2,30,0,Monday
TT01884,U00350,CR00047,2025-10-13,89.59,PayPal,TC00029,2025,10,October,4,13,0,Monday
TT01885,U00350,CR00035,2025-04-22,0.0,Bank Transfer,TC00032,2025,4,April,2,22,1,Tuesday
TT01886,U00367,CR00053,2025-07-03,0.0,Credit Card,TC00029,2025,7,July,3,3,3,Thursday
TT01887,U00371,CR00023,2025-08-22,0.0,Bank Transfer,TC00015,2025,8,August,3,22,4,Friday
TT01888,U00375,CR00011,2025-10-25,326.02,Bank Transfer,TC00052,2025,10,October,4,25,5,Saturday
TT01889,U00384,CR00018,2025-10-26,0.0,Credit Card,TC00020,2025,10,October,4,26,6,Sunday
TT01890,U00384,CR00025,2025-05-08,299.57,Credit Card,TC00057,2025,5,May,2,8,3,Thursday
TT01891,U00388,CR00038,2025-01-07,342.61,Bank Transfer,TC00060,2025,1,January,1,7,1,Tuesday
TT01892,U00392,CR00040,2025-09-09,327.99,Bank Transfer,TC00060,2025,9,September,3,9,1,Tuesday
TT01893,U00400,CR00027,2025-04-09,0.0,Bank Transfer,TC00049,2025,4,April,2,9,2,Wednesday
TT01894,U00400,CR00003,2025-05-20,0.0,PayPal,TC00005,2025,5,May,2,20,1,Tuesday
TT01895,U00401,CR00023,2025-12-08,0.0,PayPal,TC00015,2025,12,December,4,8,0,Monday
TT01896,U00401,CR00004,2025-02-02,0.0,PayPal,TC00029,2025,2,February,1,2,6,Sunday
TT01897,U00403,CR00042,2025-05-08,0.0,PayPal,TC00039,2025,5,May,2,8,3,Thursday
TT01898,U00405,CR00038,2025-12-04,342.61,Bank Transfer,TC00060,2025,12,December,4,4,3,Thursday
TT01899,U00405,CR00039,2025-05-28,346.71,PayPal,TC00060,2025,5,May,2,28,2,Wednesday
TT01900,U00409,CR00020,2025-02-23,0.0,PayPal,TC00020,2025,2,February,1,23,6,Sunday
TT01901,U00409,CR00045,2025-01-13,0.0,Credit Card,TC00005,2025,1,January,1,13,0,Monday
TT01902,U00416,CR00022,2025-01-11,0.0,Bank Transfer,TC00057,2025,1,January,1,11,5,Saturday
TT01903,U00416,CR00052,2025-01-27,0.0,PayPal,TC00049,2025,1,January,1,27,0,Monday
TT01904,U00417,CR00048,2025-09-26,0.0,Bank Transfer,TC00030,2025,9,September,3,26,4,Friday
TT01905,U00417,CR00052,2025-04-13,0.0,Bank Transfer,TC00032,2025,4,April,2,13,6,Sunday
TT01906,U00436,CR00050,2025-04-21,490.9,Bank Transfer,TC00030,2025,4,April,2,21,0,Monday
TT01907,U00443,CR00050,2025-12-15,490.9,PayPal,TC00029,2025,12,December,4,15,0,Monday
TT01908,U00443,CR00012,2025-11-10,487.92,PayPal,TC00052,2025,11,November,4,10,0,Monday
TT01909,U00460,CR00022,2025-12-16,0.0,Credit Card,TC00015,2025,12,December,4,16,1,Tuesday
TT01910,U00460,CR00049,2025-02-26,415.51,PayPal,TC00030,2025,2,February,1,26,2,Wednesday
TT01911,U00466,CR00056,2025-12-09,212.39,Credit Card,TC00019,2025,12,December,4,9,1,Tuesday
TT01912,U00466,CR00016,2025-08-25,0.0,Credit Card,TC00005,2025,8,August,3,25,0,Monday
TT01913,U00469,CR00029,2025-10-27,0.0,Bank Transfer,TC00049,2025,10,October,4,27,0,Monday
TT01914,U00469,CR00053,2025-08-24,0.0,Credit Card,TC00029,2025,8,August,3,24,6,Sunday
TT01915,U00474,CR00055,2025-10-07,57.32,Bank Transfer,TC00049,2025,10,October,4,7,1,Tuesday
TT01916,U00476,CR00006,2025-04-21,276.37,Credit Card,TC00019,2025,4,April,2,21,0,Monday
TT01917,U00476,CR00045,2025-10-25,0.0,PayPal,TC00005,2025,10,October,4,25,5,Saturday
TT01918,U00478,CR00030,2025-06-18,0.0,Bank Transfer,TC00049,2025,6,June,2,18,2,Wednesday
TT01919,U00478,CR00055,2025-08-14,57.32,Credit Card,TC00029,2025,8,August,3,14,3,Thursday
TT01920,U00484,CR00023,2025-04-28,0.0,Credit Card,TC00015,2025,4,April,2,28,0,Monday
TT01921,U00484,CR00002,2025-06-21,0.0,Bank Transfer,TC00015,2025,6,June,2,21,5,Saturday
TT01922,U00485,CR00036,2025-10-05,0.0,Credit Card,TC00060,2025,10,October,4,5,6,Sunday
TT01923,U00496,CR00032,2025-12-18,0.0,PayPal,TC00006,2025,12,December,4,18,3,Thursday
TT01924,U00504,CR00054,2025-07-24,0.0,PayPal,TC00032,2025,7,July,3,24,3,Thursday
TT01925,U00504,CR00033,2025-03-04,0.0,PayPal,TC00006,2025,3,March,1,4,1,Tuesday
TT01926,U00506,CR00021,2025-02-25,0.0,Credit Card,TC00015,2025,2,February,1,25,1,Tuesday
TT01927,U00507,CR00057,2025-04-28,177.34,Bank Transfer,TC00035,2025,4,April,2,28,0,Monday
TT01928,U00507,CR00023,2025-07-06,0.0,Bank Transfer,TC00057,2025,7,July,3,6,6,Sunday
TT01929,U00512,CR00011,2025-10-03,326.02,Bank Transfer,TC00052,2025,10,October,4,3,4,Friday
TT01930,U00512,CR00045,2025-07-15,0.0,Bank Transfer,TC00039,2025,7,July,3,15,1,Tuesday
TT01931,U00521,CR00027,2025-05-01,0.0,PayPal,TC00049,2025,5,May,2,1,3,Thursday
TT01932,U00524,CR00044,2025-06-25,119.04,PayPal,TC00005,2025,6,June,2,25,2,Wednesday
TT01933,U00524,CR00043,2025-12-03,0.0,Bank Transfer,TC00005,2025,12,December,4,3,2,Wednesday
TT01934,U00531,CR00034,2025-04-04,394.26,Credit Card,TC00032,2025,4,April,2,4,4,Friday
TT01935,U00531,CR00058,2025-10-08,0.0,PayPal,TC00035,2025,10,October,4,8,2,Wednesday
TT01936,U00533,CR00007,2025-06-26,0.0,Bank Transfer,TC00035,2025,6,June,2,26,3,Thursday
TT01937,U00533,CR00016,2025-10-25,0.0,PayPal,TC00015,2025,10,October,4,25,5,Saturday
TT01938,U00550,CR00007,2025-04-08,0.0,PayPal,TC00006,2025,4,April,2,8,1,Tuesday
TT01939,U00550,CR00053,2025-03-05,0.0,Credit Card,TC00035,2025,3,March,1,5,2,Wednesday
TT01940,U00552,CR00004,2025-12-10,0.0,Credit Card,TC00013,2025,12,December,4,10,2,Wednesday
TT01941,U00552,CR00029,2025-04-13,0.0,Bank Transfer,TC00049,2025,4,April,2,13,6,Sunday
TT01942,U00555,CR00049,2025-12-30,415.51,Credit Card,TC00029,2025,12,December,4,30,1,Tuesday
TT01943,U00557,CR00017,2025-02-22,0.0,Bank Transfer,TC00020,2025,2,February,1,22,5,Saturday
TT01944,U00557,CR00028,2025-04-20,0.78,PayPal,TC00049,2025,4,April,2,20,6,Sunday
TT01945,U00558,CR00043,2025-09-24,0.0,Bank Transfer,TC00005,2025,9,September,3,24,2,Wednesday
TT01946,U00560,CR00025,2025-01-29,299.57,Bank Transfer,TC00015,2025,1,January,1,29,2,Wednesday
TT01947,U00560,CR00050,2025-02-06,490.9,Credit Card,TC00029,2025,2,February,1,6,3,Thursday
TT01948,U00563,CR00058,2025-08-10,0.0,Credit Card,TC00019,2025,8,August,3,10,6,Sunday
TT01949,U00563,CR00013,2025-05-04,0.0,PayPal,TC00052,2025,5,May,2,4,6,Sunday
TT01950,U00565,CR00060,2025-08-07,0.0,PayPal,TC00050,2025,8,August,3,7,3,Thursday
TT01951,U00565,CR00046,2025-01-18,248.1,Credit Card,TC00029,2025,1,January,1,18,5,Saturday
TT01952,U00567,CR00015,2025-03-20,285.05,PayPal,TC00052,2025,3,March,1,20,3,Thursday
TT01953,U00581,CR00047,2025-11-14,89.59,Bank Transfer,TC00030,2025,11,November,4,14,4,Friday
TT01954,U00581,CR00053,2025-06-30,0.0,Credit Card,TC00006,2025,6,June,2,30,0,Monday
TT01955,U00583,CR00032,2025-03-01,0.0,PayPal,TC00001,2025,3,March,1,1,5,Saturday
TT01956,U00587,CR00039,2025-09-17,346.71,PayPal,TC00060,2025,9,September,3,17,2,Wednesday
TT01957,U00587,CR00003,2025-01-28,0.0,Bank Transfer,TC00035,2025,1,January,1,28,1,Tuesday
TT01958,U00588,CR00055,2025-05-12,57.32,Credit Card,TC00001,2025,5,May,2,12,0,Monday
TT01959,U00590,CR00014,2025-11-30,0.0,PayPal,TC00052,2025,11,November,4,30,6,Sunday
TT01960,U00591,CR00060,2025-02-11,0.0,PayPal,TC00020,2025,2,February,1,11,1,Tuesday
TT01961,U00591,CR00021,2025-08-07,0.0,PayPal,TC00015,2025,8,August,3,7,3,Thursday
TT01962,U00596,CR00057,2025-06-19,177.34,Bank Transfer,TC00035,2025,6,June,2,19,3,Thursday
TT01963,U00596,CR00054,2025-06-11,0.0,Credit Card,TC00019,2025,6,June,2,11,2,Wednesday
TT01964,U00611,CR00023,2025-08-29,0.0,PayPal,TC00015,2025,8,August,3,29,4,Friday
TT01965,U00611,CR00049,2025-09-03,415.51,PayPal,TC00029,2025,9,September,3,3,2,Wednesday
TT01966,U00613,CR00050,2025-02-27,490.9,Bank Transfer,TC00029,2025,2,February,1,27,3,Thursday
TT01967,U00613,CR00005,2025-09-25,0.0,Credit Card,TC00005,2025,9,September,3,25,3,Thursday
TT01968,U00616,CR00033,2025-08-12,0.0,Bank Transfer,TC00006,2025,8,August,3,12,1,Tuesday
TT01969,U00616,CR00060,2025-11-03,0.0,Credit Card,TC00035,2025,11,November,4,3,0,Monday
TT01970,U00624,CR00054,2025-05-08,0.0,PayPal,TC00060,2025,5,May,2,8,3,Thursday
TT01971,U00624,CR00009,2025-02-25,0.0,Bank Transfer,TC00029,2025,2,February,1,25,1,Tuesday
TT01972,U00635,CR00026,2025-03-27,0.0,PayPal,TC00049,2025,3,March,1,27,3,Thursday
TT01973,U00645,CR00025,2025-08-01,299.57,Bank Transfer,TC00057,2025,8,August,3,1,4,Friday
TT01974,U00653,CR00039,2025-06-30,346.71,Bank Transfer,TC00060,2025,6,June,2,30,0,Monday
TT01975,U00655,CR00041,2025-03-02,53.86,Credit Card,TC00039,2025,3,March,1,2,6,Sunday
TT01976,U00657,CR00047,2025-08-07,89.59,PayPal,TC00029,2025,8,August,3,7,3,Thursday
TT01977,U00659,CR00043,2025-09-06,0.0,PayPal,TC00039,2025,9,September,3,6,5,Saturday
TT01978,U00659,CR00036,2025-08-19,0.0,Bank Transfer,TC00060,2025,8,August,3,19,1,Tuesday
TT01979,U00665,CR00051,2025-06-10,37.89,Bank Transfer,TC00035,2025,6,June,2,10,1,Tuesday
TT01980,U00673,CR00051,2025-07-07,37.89,PayPal,TC00048,2025,7,July,3,7,0,Monday
TT01981,U00673,CR00038,2025-06-16,342.61,Credit Card,TC00060,2025,6,June,2,16,0,Monday
TT01982,U00675,CR00018,2025-03-03,0.0,PayPal,TC00052,2025,3,March,1,3,0,Monday
TT01983,U00681,CR00037,2025-02-22,0.0,PayPal,TC00060,2025,2,February,1,22,5,Saturday
TT01984,U00681,CR00014,2025-02-17,0.0,Bank Transfer,TC00052,2025,2,February,1,17,0,Monday
TT01985,U00688,CR00027,2025-04-01,0.0,PayPal,TC00049,2025,4,April,2,1,1,Tuesday
TT01986,U00688,CR00028,2025-10-29,0.78,Credit Card,TC00049,2025,10,October,4,29,2,Wednesday
TT01987,U00699,CR00027,2025-01-11,0.0,Bank Transfer,TC00049,2025,1,January,1,11,5,Saturday
TT01988,U00699,CR00016,2025-08-27,0.0,PayPal,TC00015,2025,8,August,3,27,2,Wednesday
TT01989,U00700,CR00024,2025-04-17,117.68,Credit Card,TC00015,2025,4,April,2,17,3,Thursday
TT01990,U00706,CR00025,2025-05-16,299.57,PayPal,TC00057,2025,5,May,2,16,4,Friday
TT01991,U00706,CR00012,2025-11-05,487.92,PayPal,TC00052,2025,11,November,4,5,2,Wednesday
TT01992,U00711,CR00040,2025-01-08,327.99,Credit Card,TC00060,2025,1,January,1,8,2,Wednesday
TT01993,U00711,CR00054,2025-03-12,0.0,PayPal,TC00039,2025,3,March,1,12,2,Wednesday
TT01994,U00713,CR00001,2025-01-05,472.28,PayPal,TC00019,2025,1,January,1,5,6,Sunday
TT01995,U00719,CR00024,2025-09-27,117.68,Credit Card,TC00015,2025,9,September,3,27,5,Saturday
TT01996,U00730,CR00019,2025-06-21,0.0,PayPal,TC00030,2025,6,June,2,21,5,Saturday
TT01997,U00730,CR00012,2025-08-13,487.92,Bank Transfer,TC00052,2025,8,August,3,13,2,Wednesday
TT01998,U00731,CR00015,2025-09-17,285.05,PayPal,TC00052,2025,9,September,3,17,2,Wednesday
TT01999,U00731,CR00054,2025-05-06,0.0,Credit Card,TC00019,2025,5,May,2,6,1,Tuesday
TT02000,U00733,CR00007,2025-04-27,0.0,PayPal,TC00029,2025,4,April,2,27,6,Sunday
TT02001,U00740,CR00040,2025-09-25,327.99,Credit Card,TC00060,2025,9,September,3,25,3,Thursday
TT02002,U00745,CR00014,2025-06-28,0.0,PayPal,TC00052,2025,6,June,2,28,5,Saturday
TT02003,U00745,CR00008,2025-11-22,0.0,Bank Transfer,TC00006,2025,11,November,4,22,5,Saturday
TT02004,U00746,CR00013,2025-11-11,0.0,Credit Card,TC00052,2025,11,November,4,11,1,Tuesday
TT02005,U00746,CR00006,2025-03-26,276.37,PayPal,TC00005,2025,3,March,1,26,2,Wednesday
TT02006,U00754,CR00050,2025-12-18,490.9,PayPal,TC00030,2025,12,December,4,18,3,Thursday
TT02007,U00755,CR00031,2025-07-25,0.0,Bank Transfer,TC00001,2025,7,July,3,25,4,Friday
TT02008,U00783,CR00023,2025-03-24,0.0,Credit Card,TC00057,2025,3,March,1,24,0,Monday
TT02009,U00783,CR00055,2025-06-18,57.32,PayPal,TC00057,2025,6,June,2,18,2,Wednesday
TT02010,U00784,CR00025,2025-09-16,299.57,Bank Transfer,TC00057,2025,9,September,3,16,1,Tuesday
TT02011,U00784,CR00036,2025-06-28,0.0,PayPal,TC00060,2025,6,June,2,28,5,Saturday
TT02012,U00790,CR00039,2025-04-02,346.71,PayPal,TC00060,2025,4,April,2,2,2,Wednesday
TT02013,U00790,CR00028,2025-09-02,0.78,PayPal,TC00049,2025,9,September,3,2,1,Tuesday
TT02014,U00791,CR00033,2025-09-16,0.0,Bank Transfer,TC00032,2025,9,September,3,16,1,Tuesday
TT02015,U00791,CR00047,2025-12-16,89.59,Credit Card,TC00029,2025,12,December,4,16,1,Tuesday
TT02016,U00792,CR00039,2025-01-25,346.71,Credit Card,TC00060,2025,1,January,1,25,5,Saturday
TT02017,U00796,CR00056,2025-07-07,212.39,Bank Transfer,TC00020,2025,7,July,3,7,0,Monday
TT02018,U00796,CR00005,2025-07-14,0.0,PayPal,TC00001,2025,7,July,3,14,0,Monday
TT02019,U00799,CR00022,2025-08-02,0.0,PayPal,TC00057,2025,8,August,3,2,5,Saturday
TT02020,U00799,CR00052,2025-03-02,0.0,PayPal,TC00019,2025,3,March,1,2,6,Sunday
TT02021,U00810,CR00006,2025-11-01,276.37,Bank Transfer,TC00035,2025,11,November,4,1,5,Saturday
TT02022,U00818,CR00017,2025-02-28,0.0,Bank Transfer,TC00006,2025,2,February,1,28,4,Friday
TT02023,U00822,CR00002,2025-02-25,0.0,Bank Transfer,TC00039,2025,2,February,1,25,1,Tuesday
TT02024,U00823,CR00056,2025-03-03,212.39,PayPal,TC00019,2025,3,March,1,3,0,Monday
TT02025,U00827,CR00016,2025-04-09,0.0,PayPal,TC00032,2025,4,April,2,9,2,Wednesday
TT02026,U00827,CR00042,2025-02-25,0.0,Bank Transfer,TC00039,2025,2,February,1,25,1,Tuesday
TT02027,U00839,CR00035,2025-08-13,0.0,Bank Transfer,TC00032,2025,8,August,3,13,2,Wednesday
TT02028,U00841,CR00031,2025-07-29,0.0,PayPal,TC00032,2025,7,July,3,29,1,Tuesday
TT02029,U00842,CR00047,2025-12-20,89.59,Bank Transfer,TC00030,2025,12,December,4,20,5,Saturday
TT02030,U00842,CR00004,2025-01-26,0.0,PayPal,TC00039,2025,1,January,1,26,6,Sunday
TT02031,U00854,CR00025,2025-12-12,299.57,Bank Transfer,TC00057,2025,12,December,4,12,4,Friday
TT02032,U00854,CR00019,2025-12-26,0.0,PayPal,TC00006,2025,12,December,4,26,4,Friday
TT02033,U00862,CR00012,2025-06-30,487.92,Bank Transfer,TC00052,2025,6,June,2,30,0,Monday
TT02034,U00864,CR00013,2025-08-25,0.0,Bank Transfer,TC00052,2025,8,August,3,25,0,Monday
TT02035,U00868,CR00060,2025-06-13,0.0,Bank Transfer,TC00019,2025,6,June,2,13,4,Friday
TT02036,U00869,CR00018,2025-01-12,0.0,Credit Card,TC00048,2025,1,January,1,12,6,Sunday
TT02037,U00873,CR00010,2025-08-30,0.0,Bank Transfer,TC00032,2025,8,August,3,30,5,Saturday
TT02038,U00886,CR00030,2025-09-14,0.0,Credit Card,TC00049,2025,9,September,3,14,6,Sunday
TT02039,U00886,CR00005,2025-01-10,0.0,Bank Transfer,TC00029,2025,1,January,1,10,4,Friday
TT02040,U00887,CR00060,2025-12-30,0.0,Credit Card,TC00019,2025,12,December,4,30,1,Tuesday
TT02041,U00890,CR00005,2025-12-22,0.0,Bank Transfer,TC00057,2025,12,December,4,22,0,Monday
TT02042,U00890,CR00025,2025-04-09,299.57,Credit Card,TC00015,2025,4,April,2,9,2,Wednesday
TT02043,U00891,CR00017,2025-12-04,0.0,Bank Transfer,TC00019,2025,12,December,4,4,3,Thursday
TT02044,U00891,CR00021,2025-07-03,0.0,Credit Card,TC00057,2025,7,July,3,3,3,Thursday
TT02045,U00899,CR00018,2025-10-08,0.0,Bank Transfer,TC00015,2025,10,October,4,8,2,Wednesday
TT02046,U00900,CR00033,2025-02-05,0.0,Bank Transfer,TC00032,2025,2,February,1,5,2,Wednesday
TT02047,U00900,CR00044,2025-02-22,119.04,Credit Card,TC00005,2025,2,February,1,22,5,Saturday
TT02048,U00914,CR00020,2025-08-29,0.0,Bank Transfer,TC00050,2025,8,August,3,29,4,Friday
TT02049,U00918,CR00025,2025-05-05,299.57,Credit Card,TC00057,2025,5,May,2,5,0,Monday
TT02050,U00926,CR00043,2025-01-25,0.0,Credit Card,TC00048,2025,1,January,1,25,5,Saturday
TT02051,U00926,CR00038,2025-12-05,342.61,PayPal,TC00060,2025,12,December,4,5,4,Friday
TT02052,U00931,CR00024,2025-05-04,117.68,Bank Transfer,TC00015,2025,5,May,2,4,6,Sunday
TT02053,U00937,CR00027,2025-12-28,0.0,Bank Transfer,TC00049,2025,12,December,4,28,6,Sunday
TT02054,U00938,CR00009,2025-05-27,0.0,PayPal,TC00057,2025,5,May,2,27,1,Tuesday
TT02055,U00943,CR00018,2025-06-07,0.0,Credit Card,TC00050,2025,6,June,2,7,5,Saturday
TT02056,U00943,CR00032,2025-08-13,0.0,Credit Card,TC00006,2025,8,August,3,13,2,Wednesday
TT02057,U00944,CR00024,2025-06-18,117.68,Bank Transfer,TC00015,2025,6,June,2,18,2,Wednesday
TT02058,U00951,CR00038,2025-09-11,342.61,Bank Transfer,TC00060,2025,9,September,3,11,3,Thursday
TT02059,U00951,CR00059,2025-01-12,0.0,PayPal,TC00035,2025,1,January,1,12,6,Sunday
TT02060,U00954,CR00016,2025-08-10,0.0,PayPal,TC00013,2025,8,August,3,10,6,Sunday
TT02061,U00954,CR00013,2025-08-19,0.0,Credit Card,TC00052,2025,8,August,3,19,1,Tuesday
TT02062,U00964,CR00019,2025-12-20,0.0,PayPal,TC00001,2025,12,December,4,20,5,Saturday
TT02063,U00968,CR00054,2025-04-24,0.0,PayPal,TC00029,2025,4,April,2,24,3,Thursday
TT02064,U00968,CR00030,2025-06-15,0.0,PayPal,TC00049,2025,6,June,2,15,6,Sunday
TT02065,U00970,CR00015,2025-05-04,285.05,Credit Card,TC00052,2025,5,May,2,4,6,Sunday
TT02066,U00980,CR00045,2025-04-24,0.0,Bank Transfer,TC00048,2025,4,April,2,24,3,Thursday
TT02067,U00983,CR00013,2025-07-16,0.0,PayPal,TC00052,2025,7,July,3,16,2,Wednesday
TT02068,U00984,CR00049,2025-02-01,415.51,Bank Transfer,TC00030,2025,2,February,1,1,5,Saturday
TT02069,U00986,CR00035,2025-02-26,0.0,PayPal,TC00001,2025,2,February,1,26,2,Wednesday
TT02070,U00986,CR00032,2025-12-06,0.0,PayPal,TC00006,2025,12,December,4,6,5,Saturday
TT02071,U00999,CR00009,2025-06-08,0.0,Bank Transfer,TC00032,2025,6,June,2,8,6,Sunday
TT02072,U01001,CR00037,2025-09-22,0.0,Bank Transfer,TC00060,2025,9,September,3,22,0,Monday
TT02073,U01002,CR00014,2025-06-03,0.0,PayPal,TC00052,2025,6,June,2,3,1,Tuesday
TT02074,U01004,CR00049,2025-06-03,415.51,Bank Transfer,TC00030,2025,6,June,2,3,1,Tuesday
TT02075,U01006,CR00002,2025-04-29,0.0,Bank Transfer,TC00050,2025,4,April,2,29,1,Tuesday
TT02076,U01006,CR00051,2025-11-12,37.89,PayPal,TC00005,2025,11,November,4,12,2,Wednesday
TT02077,U01008,CR00004,2025-02-21,0.0,PayPal,TC00019,2025,2,February,1,21,4,Friday
TT02078,U01008,CR00021,2025-07-10,0.0,Credit Card,TC00057,2025,7,July,3,10,3,Thursday
TT02079,U01016,CR00055,2025-03-02,57.32,Bank Transfer,TC00049,2025,3,March,1,2,6,Sunday
TT02080,U01016,CR00045,2025-01-03,0.0,Credit Card,TC00005,2025,1,January,1,3,4,Friday
TT02081,U01017,CR00015,2025-02-24,285.05,Bank Transfer,TC00052,2025,2,February,1,24,0,Monday
TT02082,U01017,CR00011,2025-01-12,326.02,Bank Transfer,TC00052,2025,1,January,1,12,6,Sunday
TT02083,U01018,CR00043,2025-12-02,0.0,PayPal,TC00039,2025,12,December,4,2,1,Tuesday
TT02084,U01019,CR00043,2025-12-19,0.0,Credit Card,TC00005,2025,12,December,4,19,4,Friday
TT02085,U01021,CR00009,2025-08-23,0.0,PayPal,TC00060,2025,8,August,3,23,5,Saturday
TT02086,U01021,CR00052,2025-04-11,0.0,Bank Transfer,TC00019,2025,4,April,2,11,4,Friday
TT02087,U01025,CR00050,2025-07-22,490.9,Bank Transfer,TC00030,2025,7,July,3,22,1,Tuesday
TT02088,U01026,CR00043,2025-12-23,0.0,Bank Transfer,TC00048,2025,12,December,4,23,1,Tuesday
TT02089,U01037,CR00049,2025-05-24,415.51,PayPal,TC00029,2025,5,May,2,24,5,Saturday
TT02090,U01039,CR00035,2025-11-17,0.0,PayPal,TC00006,2025,11,November,4,17,0,Monday
TT02091,U01048,CR00027,2025-03-03,0.0,Credit Card,TC00049,2025,3,March,1,3,0,Monday
TT02092,U01051,CR00018,2025-08-20,0.0,Credit Card,TC00060,2025,8,August,3,20,2,Wednesday
TT02093,U01051,CR00010,2025-09-24,0.0,Bank Transfer,TC00052,2025,9,September,3,24,2,Wednesday
TT02094,U01052,CR00026,2025-09-24,0.0,Credit Card,TC00049,2025,9,September,3,24,2,Wednesday
TT02095,U01052,CR00009,2025-03-22,0.0,Credit Card,TC00020,2025,3,March,1,22,5,Saturday
TT02096,U01055,CR00026,2025-01-26,0.0,Credit Card,TC00049,2025,1,January,1,26,6,Sunday
TT02097,U01064,CR00012,2025-10-30,487.92,Credit Card,TC00052,2025,10,October,4,30,3,Thursday
TT02098,U01064,CR00036,2025-05-17,0.0,Credit Card,TC00060,2025,5,May,2,17,5,Saturday
TT02099,U01068,CR00021,2025-05-25,0.0,Bank Transfer,TC00057,2025,5,May,2,25,6,Sunday
TT02100,U01068,CR00035,2025-10-04,0.0,Bank Transfer,TC00006,2025,10,October,4,4,5,Saturday
TT02101,U01072,CR00040,2025-05-03,327.99,PayPal,TC00060,2025,5,May,2,3,5,Saturday
TT02102,U01077,CR00050,2025-02-07,490.9,PayPal,TC00030,2025,2,February,1,7,4,Friday
TT02103,U01077,CR00060,2025-05-02,0.0,Credit Card,TC00019,2025,5,May,2,2,4,Friday
TT02104,U01078,CR00019,2025-07-09,0.0,Bank Transfer,TC00052,2025,7,July,3,9,2,Wednesday
TT02105,U01078,CR00007,2025-03-24,0.0,PayPal,TC00013,2025,3,March,1,24,0,Monday
TT02106,U01090,CR00030,2025-06-12,0.0,Bank Transfer,TC00049,2025,6,June,2,12,3,Thursday
TT02107,U01090,CR00059,2025-08-11,0.0,PayPal,TC00019,2025,8,August,3,11,0,Monday
TT02108,U01091,CR00020,2025-09-23,0.0,PayPal,TC00049,2025,9,September,3,23,1,Tuesday
TT02109,U01091,CR00026,2025-10-28,0.0,Bank Transfer,TC00049,2025,10,October,4,28,1,Tuesday
TT02110,U01094,CR00026,2025-03-29,0.0,Bank Transfer,TC00049,2025,3,March,1,29,5,Saturday
TT02111,U01094,CR00015,2025-12-13,285.05,PayPal,TC00052,2025,12,December,4,13,5,Saturday
TT02112,U01095,CR00009,2025-03-02,0.0,Credit Card,TC00013,2025,3,March,1,2,6,Sunday
TT02113,U01101,CR00018,2025-08-06,0.0,PayPal,TC00048,2025,8,August,3,6,2,Wednesday
TT02114,U01110,CR00051,2025-04-24,37.89,Bank Transfer,TC00001,2025,4,April,2,24,3,Thursday
TT02115,U01110,CR00053,2025-10-23,0.0,Bank Transfer,TC00020,2025,10,October,4,23,3,Thursday
TT02116,U01125,CR00026,2025-07-21,0.0,PayPal,TC00049,2025,7,July,3,21,0,Monday
TT02117,U01125,CR00014,2025-05-27,0.0,Credit Card,TC00052,2025,5,May,2,27,1,Tuesday
TT02118,U01126,CR00020,2025-12-11,0.0,Credit Card,TC00019,2025,12,December,4,11,3,Thursday
TT02119,U01126,CR00036,2025-10-18,0.0,Bank Transfer,TC00060,2025,10,October,4,18,5,Saturday
TT02120,U01128,CR00036,2025-01-09,0.0,Bank Transfer,TC00060,2025,1,January,1,9,3,Thursday
TT02121,U01128,CR00042,2025-01-09,0.0,PayPal,TC00005,2025,1,January,1,9,3,Thursday
TT02122,U01136,CR00056,2025-06-01,212.39,Credit Card,TC00035,2025,6,June,2,1,6,Sunday
TT02123,U01138,CR00047,2025-08-18,89.59,Bank Transfer,TC00029,2025,8,August,3,18,0,Monday
TT02124,U01142,CR00036,2025-10-10,0.0,PayPal,TC00060,2025,10,October,4,10,4,Friday
TT02125,U01142,CR00027,2025-09-25,0.0,Bank Transfer,TC00049,2025,9,September,3,25,3,Thursday
TT02126,U01148,CR00033,2025-06-10,0.0,Bank Transfer,TC00001,2025,6,June,2,10,1,Tuesday
TT02127,U01148,CR00053,2025-08-04,0.0,Bank Transfer,TC00019,2025,8,August,3,4,0,Monday
TT02128,U01161,CR00042,2025-07-04,0.0,PayPal,TC00048,2025,7,July,3,4,4,Friday
TT02129,U01166,CR00015,2025-06-08,285.05,PayPal,TC00052,2025,6,June,2,8,6,Sunday
TT02130,U01166,CR00053,2025-06-19,0.0,Credit Card,TC00030,2025,6,June,2,19,3,Thursday
TT02131,U01174,CR00047,2025-02-04,89.59,PayPal,TC00029,2025,2,February,1,4,1,Tuesday
TT02132,U01185,CR00006,2025-03-15,276.37,PayPal,TC00029,2025,3,March,1,15,5,Saturday
TT02133,U01185,CR00034,2025-02-12,394.26,Bank Transfer,TC00032,2025,2,February,1,12,2,Wednesday
TT02134,U01189,CR00020,2025-01-10,0.0,Credit Card,TC00020,2025,1,January,1,10,4,Friday
TT02135,U01193,CR00008,2025-02-04,0.0,Credit Card,TC00057,2025,2,February,1,4,1,Tuesday
TT02136,U01193,CR00012,2025-12-20,487.92,Credit Card,TC00052,2025,12,December,4,20,5,Saturday
TT02137,U01200,CR00052,2025-02-28,0.0,Credit Card,TC00005,2025,2,February,1,28,4,Friday
TT02138,U01201,CR00057,2025-07-25,177.34,Bank Transfer,TC00013,2025,7,July,3,25,4,Friday
TT02139,U01202,CR00010,2025-09-16,0.0,Credit Card,TC00015,2025,9,September,3,16,1,Tuesday
TT02140,U01209,CR00009,2025-04-17,0.0,Credit Card,TC00030,2025,4,April,2,17,3,Thursday
TT02141,U01209,CR00054,2025-03-01,0.0,Bank Transfer,TC00013,2025,3,March,1,1,5,Saturday
TT02142,U01211,CR00050,2025-02-09,490.9,PayPal,TC00030,2025,2,February,1,9,6,Sunday
TT02143,U01214,CR00027,2025-10-05,0.0,PayPal,TC00049,2025,10,October,4,5,6,Sunday
TT02144,U01216,CR00051,2025-06-10,37.89,Bank Transfer,TC00006,2025,6,June,2,10,1,Tuesday
TT02145,U01218,CR00012,2025-08-19,487.92,Credit Card,TC00052,2025,8,August,3,19,1,Tuesday
TT02146,U01225,CR00042,2025-05-14,0.0,Credit Card,TC00005,2025,5,May,2,14,2,Wednesday
TT02147,U01225,CR00021,2025-09-16,0.0,Credit Card,TC00015,2025,9,September,3,16,1,Tuesday
TT02148,U01229,CR00021,2025-08-07,0.0,Bank Transfer,TC00015,2025,8,August,3,7,3,Thursday
TT02149,U01229,CR00048,2025-11-10,0.0,PayPal,TC00030,2025,11,November,4,10,0,Monday
TT02150,U01241,CR00010,2025-12-08,0.0,PayPal,TC00052,2025,12,December,4,8,0,Monday
TT02151,U01241,CR00013,2025-06-12,0.0,Credit Card,TC00052,2025,6,June,2,12,3,Thursday
TT02152,U01242,CR00051,2025-08-30,37.89,Credit Card,TC00013,2025,8,August,3,30,5,Saturday
TT02153,U01242,CR00032,2025-12-26,0.0,PayPal,TC00006,2025,12,December,4,26,4,Friday
TT02154,U01243,CR00011,2025-05-25,326.02,PayPal,TC00052,2025,5,May,2,25,6,Sunday
TT02155,U01243,CR00007,2025-10-20,0.0,Credit Card,TC00015,2025,10,October,4,20,0,Monday
TT02156,U01246,CR00030,2025-12-27,0.0,Bank Transfer,TC00049,2025,12,December,4,27,5,Saturday
TT02157,U01246,CR00014,2025-05-11,0.0,Credit Card,TC00052,2025,5,May,2,11,6,Sunday
TT02158,U01247,CR00023,2025-07-09,0.0,Bank Transfer,TC00015,2025,7,July,3,9,2,Wednesday
TT02159,U01251,CR00013,2025-12-09,0.0,PayPal,TC00052,2025,12,December,4,9,1,Tuesday
TT02160,U01251,CR00019,2025-06-15,0.0,PayPal,TC00030,2025,6,June,2,15,6,Sunday
TT02161,U01257,CR00017,2025-05-18,0.0,PayPal,TC00035,2025,5,May,2,18,6,Sunday
TT02162,U01257,CR00031,2025-12-14,0.0,Bank Transfer,TC00032,2025,12,December,4,14,6,Sunday
TT02163,U01259,CR00034,2025-12-06,394.26,Bank Transfer,TC00001,2025,12,December,4,6,5,Saturday
TT02164,U01260,CR00022,2025-01-05,0.0,Credit Card,TC00057,2025,1,January,1,5,6,Sunday
TT02165,U01269,CR00011,2025-08-25,326.02,PayPal,TC00052,2025,8,August,3,25,0,Monday
TT02166,U01271,CR00031,2025-06-25,0.0,Credit Card,TC00032,2025,6,June,2,25,2,Wednesday
TT02167,U01276,CR00042,2025-04-19,0.0,Bank Transfer,TC00048,2025,4,April,2,19,5,Saturday
TT02168,U01276,CR00021,2025-11-30,0.0,PayPal,TC00015,2025,11,November,4,30,6,Sunday
TT02169,U01278,CR00054,2025-07-04,0.0,Credit Card,TC00020,2025,7,July,3,4,4,Friday
TT02170,U01278,CR00047,2025-08-20,89.59,Credit Card,TC00029,2025,8,August,3,20,2,Wednesday
TT02171,U01301,CR00058,2025-12-29,0.0,Credit Card,TC00013,2025,12,December,4,29,0,Monday
TT02172,U01302,CR00010,2025-04-09,0.0,PayPal,TC00048,2025,4,April,2,9,2,Wednesday
TT02173,U01302,CR00054,2025-09-30,0.0,PayPal,TC00015,2025,9,September,3,30,1,Tuesday
TT02174,U01317,CR00045,2025-07-27,0.0,PayPal,TC00039,2025,7,July,3,27,6,Sunday
TT02175,U01323,CR00003,2025-06-27,0.0,PayPal,TC00006,2025,6,June,2,27,4,Friday
TT02176,U01323,CR00037,2025-04-02,0.0,Bank Transfer,TC00060,2025,4,April,2,2,2,Wednesday
TT02177,U01329,CR00006,2025-10-29,276.37,Bank Transfer,TC00001,2025,10,October,4,29,2,Wednesday
TT02178,U01330,CR00013,2025-01-07,0.0,Credit Card,TC00052,2025,1,January,1,7,1,Tuesday
TT02179,U01330,CR00048,2025-08-14,0.0,PayPal,TC00029,2025,8,August,3,14,3,Thursday
TT02180,U01348,CR00031,2025-06-30,0.0,Bank Transfer,TC00001,2025,6,June,2,30,0,Monday
TT02181,U01348,CR00009,2025-06-24,0.0,Credit Card,TC00030,2025,6,June,2,24,1,Tuesday
TT02182,U01351,CR00028,2025-08-07,0.78,PayPal,TC00049,2025,8,August,3,7,3,Thursday
TT02183,U01351,CR00037,2025-10-29,0.0,Bank Transfer,TC00060,2025,10,October,4,29,2,Wednesday
TT02184,U01358,CR00051,2025-02-21,37.89,Credit Card,TC00006,2025,2,February,1,21,4,Friday
TT02185,U01367,CR00036,2025-03-03,0.0,PayPal,TC00060,2025,3,March,1,3,0,Monday
TT02186,U01369,CR00023,2025-04-28,0.0,Credit Card,TC00015,2025,4,April,2,28,0,Monday
TT02187,U01382,CR00011,2025-08-21,326.02,Bank Transfer,TC00052,2025,8,August,3,21,3,Thursday
TT02188,U01385,CR00043,2025-11-09,0.0,Credit Card,TC00048,2025,11,November,4,9,6,Sunday
TT02189,U01388,CR00007,2025-05-09,0.0,Bank Transfer,TC00015,2025,5,May,2,9,4,Friday
TT02190,U01401,CR00040,2025-11-06,327.99,PayPal,TC00060,2025,11,November,4,6,3,Thursday
TT02191,U01416,CR00035,2025-03-01,0.0,PayPal,TC00001,2025,3,March,1,1,5,Saturday
TT02192,U01416,CR00011,2025-09-10,326.02,Bank Transfer,TC00052,2025,9,September,3,10,2,Wednesday
TT02193,U01417,CR00039,2025-03-29,346.71,Bank Transfer,TC00060,2025,3,March,1,29,5,Saturday
TT02194,U01417,CR00036,2025-10-19,0.0,Bank Transfer,TC00060,2025,10,October,4,19,6,Sunday
TT02195,U01419,CR00005,2025-01-27,0.0,Bank Transfer,TC00005,2025,1,January,1,27,0,Monday
TT02196,U01419,CR00040,2025-02-14,327.99,Credit Card,TC00060,2025,2,February,1,14,4,Friday
TT02197,U01431,CR00020,2025-09-23,0.0,PayPal,TC00030,2025,9,September,3,23,1,Tuesday
TT02198,U01431,CR00033,2025-04-13,0.0,PayPal,TC00001,2025,4,April,2,13,6,Sunday
TT02199,U01434,CR00047,2025-12-29,89.59,Bank Transfer,TC00030,2025,12,December,4,29,0,Monday
TT02200,U01434,CR00028,2025-01-16,0.78,PayPal,TC00049,2025,1,January,1,16,3,Thursday
TT02201,U01439,CR00040,2025-06-06,327.99,PayPal,TC00060,2025,6,June,2,6,4,Friday
TT02202,U01440,CR00033,2025-12-08,0.0,PayPal,TC00032,2025,12,December,4,8,0,Monday
TT02203,U01440,CR00034,2025-09-29,394.26,Credit Card,TC00006,2025,9,September,3,29,0,Monday
TT02204,U01444,CR00047,2025-04-01,89.59,Credit Card,TC00029,2025,4,April,2,1,1,Tuesday
TT02205,U01444,CR00039,2025-12-16,346.71,Credit Card,TC00060,2025,12,December,4,16,1,Tuesday
TT02206,U01446,CR00054,2025-10-17,0.0,Bank Transfer,TC00015,2025,10,October,4,17,4,Friday
TT02207,U01449,CR00054,2025-02-13,0.0,PayPal,TC00048,2025,2,February,1,13,3,Thursday
TT02208,U01449,CR00059,2025-07-28,0.0,Bank Transfer,TC00019,2025,7,July,3,28,0,Monday
TT02209,U01466,CR00014,2025-07-01,0.0,PayPal,TC00052,2025,7,July,3,1,1,Tuesday
TT02210,U01466,CR00010,2025-11-14,0.0,Bank Transfer,TC00048,2025,11,November,4,14,4,Friday
TT02211,U01468,CR00032,2025-09-23,0.0,Bank Transfer,TC00001,2025,9,September,3,23,1,Tuesday
TT02212,U01468,CR00025,2025-01-15,299.57,PayPal,TC00015,2025,1,January,1,15,2,Wednesday
TT02213,U01470,CR00033,2025-06-25,0.0,Credit Card,TC00006,2025,6,June,2,25,2,Wednesday
TT02214,U01470,CR00049,2025-03-27,415.51,Bank Transfer,TC00029,2025,3,March,1,27,3,Thursday
TT02215,U01480,CR00028,2025-01-26,0.78,PayPal,TC00049,2025,1,January,1,26,6,Sunday
TT02216,U01487,CR00008,2025-11-24,0.0,PayPal,TC00039,2025,11,November,4,24,0,Monday
TT02217,U01487,CR00059,2025-02-23,0.0,PayPal,TC00020,2025,2,February,1,23,6,Sunday
TT02218,U01493,CR00049,2025-02-18,415.51,Credit Card,TC00030,2025,2,February,1,18,1,Tuesday
TT02219,U01495,CR00037,2025-06-24,0.0,Bank Transfer,TC00060,2025,6,June,2,24,1,Tuesday
TT02220,U01498,CR00013,2025-02-17,0.0,Bank Transfer,TC00052,2025,2,February,1,17,0,Monday
TT02221,U01509,CR00055,2025-09-27,57.32,PayPal,TC00057,2025,9,September,3,27,5,Saturday
TT02222,U01510,CR00023,2025-03-28,0.0,PayPal,TC00057,2025,3,March,1,28,4,Friday
TT02223,U01510,CR00029,2025-04-30,0.0,Credit Card,TC00049,2025,4,April,2,30,2,Wednesday
TT02224,U01514,CR00048,2025-02-13,0.0,Credit Card,TC00029,2025,2,February,1,13,3,Thursday
TT02225,U01524,CR00058,2025-05-05,0.0,Credit Card,TC00035,2025,5,May,2,5,0,Monday
TT02226,U01525,CR00028,2025-09-08,0.78,Credit Card,TC00049,2025,9,September,3,8,0,Monday
TT02227,U01525,CR00039,2025-05-14,346.71,Credit Card,TC00060,2025,5,May,2,14,2,Wednesday
TT02228,U01549,CR00060,2025-06-04,0.0,PayPal,TC00050,2025,6,June,2,4,2,Wednesday
TT02229,U01556,CR00042,2025-05-24,0.0,Bank Transfer,TC00039,2025,5,May,2,24,5,Saturday
TT02230,U01556,CR00017,2025-02-04,0.0,Bank Transfer,TC00039,2025,2,February,1,4,1,Tuesday
TT02231,U01561,CR00023,2025-05-13,0.0,Bank Transfer,TC00015,2025,5,May,2,13,1,Tuesday
TT02232,U01570,CR00011,2025-12-10,326.02,Credit Card,TC00052,2025,12,December,4,10,2,Wednesday
TT02233,U01570,CR00043,2025-06-04,0.0,Credit Card,TC00048,2025,6,June,2,4,2,Wednesday
TT02234,U01573,CR00037,2025-09-26,0.0,Bank Transfer,TC00060,2025,9,September,3,26,4,Friday
TT02235,U01573,CR00012,2025-01-27,487.92,PayPal,TC00052,2025,1,January,1,27,0,Monday
TT02236,U01580,CR00030,2025-05-24,0.0,Bank Transfer,TC00049,2025,5,May,2,24,5,Saturday
TT02237,U01580,CR00034,2025-01-19,394.26,Bank Transfer,TC00006,2025,1,January,1,19,6,Sunday
TT02238,U01582,CR00020,2025-11-18,0.0,Credit Card,TC00005,2025,11,November,4,18,1,Tuesday
TT02239,U01587,CR00033,2025-10-07,0.0,Credit Card,TC00006,2025,10,October,4,7,1,Tuesday
TT02240,U01587,CR00051,2025-09-20,37.89,PayPal,TC00057,2025,9,September,3,20,5,Saturday
TT02241,U01590,CR00036,2025-02-05,0.0,PayPal,TC00060,2025,2,February,1,5,2,Wednesday
TT02242,U01594,CR00051,2025-08-19,37.89,Bank Transfer,TC00015,2025,8,August,3,19,1,Tuesday
TT02243,U01595,CR00049,2025-12-09,415.51,Bank Transfer,TC00029,2025,12,December,4,9,1,Tuesday
TT02244,U01595,CR00057,2025-07-23,177.34,Credit Card,TC00020,2025,7,July,3,23,2,Wednesday
TT02245,U01601,CR00039,2025-08-04,346.71,Bank Transfer,TC00060,2025,8,August,3,4,0,Monday
TT02246,U01601,CR00009,2025-07-02,0.0,Bank Transfer,TC00019,2025,7,July,3,2,2,Wednesday
TT02247,U01608,CR00030,2025-04-18,0.0,Bank Transfer,TC00049,2025,4,April,2,18,4,Friday
TT02248,U01611,CR00018,2025-07-01,0.0,Bank Transfer,TC00029,2025,7,July,3,1,1,Tuesday
TT02249,U01612,CR00030,2025-02-28,0.0,Bank Transfer,TC00049,2025,2,February,1,28,4,Friday
TT02250,U01613,CR00035,2025-03-30,0.0,PayPal,TC00001,2025,3,March,1,30,6,Sunday
TT02251,U01614,CR00059,2025-12-25,0.0,Bank Transfer,TC00035,2025,12,December,4,25,3,Thursday
TT02252,U01620,CR00058,2025-06-20,0.0,Credit Card,TC00020,2025,6,June,2,20,4,Friday
TT02253,U01621,CR00027,2025-01-15,0.0,Bank Transfer,TC00049,2025,1,January,1,15,2,Wednesday
TT02254,U01621,CR00013,2025-05-09,0.0,PayPal,TC00052,2025,5,May,2,9,4,Friday
TT02255,U01633,CR00036,2025-07-11,0.0,Bank Transfer,TC00060,2025,7,July,3,11,4,Friday
TT02256,U01643,CR00047,2025-12-28,89.59,Credit Card,TC00030,2025,12,December,4,28,6,Sunday
TT02257,U01653,CR00007,2025-10-03,0.0,Credit Card,TC00039,2025,10,October,4,3,4,Friday
TT02258,U01663,CR00016,2025-04-25,0.0,Credit Card,TC00029,2025,4,April,2,25,4,Friday
TT02259,U01663,CR00005,2025-03-18,0.0,PayPal,TC00029,2025,3,March,1,18,1,Tuesday
TT02260,U01664,CR00049,2025-11-05,415.51,Credit Card,TC00030,2025,11,November,4,5,2,Wednesday
TT02261,U01664,CR00023,2025-12-11,0.0,PayPal,TC00057,2025,12,December,4,11,3,Thursday
TT02262,U01667,CR00045,2025-08-01,0.0,Credit Card,TC00005,2025,8,August,3,1,4,Friday
TT02263,U01669,CR00036,2025-09-15,0.0,Credit Card,TC00060,2025,9,September,3,15,0,Monday
TT02264,U01669,CR00041,2025-09-14,53.86,PayPal,TC00039,2025,9,September,3,14,6,Sunday
TT02265,U01673,CR00030,2025-07-23,0.0,Credit Card,TC00049,2025,7,July,3,23,2,Wednesday
TT02266,U01678,CR00026,2025-07-23,0.0,Bank Transfer,TC00049,2025,7,July,3,23,2,Wednesday
TT02267,U01682,CR00054,2025-11-02,0.0,Bank Transfer,TC00060,2025,11,November,4,2,6,Sunday
TT02268,U01682,CR00059,2025-08-05,0.0,Bank Transfer,TC00035,2025,8,August,3,5,1,Tuesday
TT02269,U01683,CR00011,2025-10-06,326.02,Bank Transfer,TC00052,2025,10,October,4,6,0,Monday
TT02270,U01687,CR00019,2025-09-17,0.0,PayPal,TC00060,2025,9,September,3,17,2,Wednesday
TT02271,U01687,CR00017,2025-06-09,0.0,Credit Card,TC00048,2025,6,June,2,9,0,Monday
TT02272,U01689,CR00054,2025-08-11,0.0,Credit Card,TC00049,2025,8,August,3,11,0,Monday
TT02273,U01693,CR00006,2025-08-11,276.37,Credit Card,TC00052,2025,8,August,3,11,0,Monday
TT02274,U01693,CR00053,2025-04-12,0.0,Credit Card,TC00050,2025,4,April,2,12,5,Saturday
TT02275,U01696,CR00059,2025-09-17,0.0,PayPal,TC00035,2025,9,September,3,17,2,Wednesday
TT02276,U01696,CR00040,2025-10-23,327.99,Bank Transfer,TC00060,2025,10,October,4,23,3,Thursday
TT02277,U01698,CR00029,2025-09-11,0.0,Credit Card,TC00049,2025,9,September,3,11,3,Thursday
TT02278,U01699,CR00042,2025-02-19,0.0,Bank Transfer,TC00039,2025,2,February,1,19,2,Wednesday
TT02279,U01704,CR00035,2025-05-15,0.0,PayPal,TC00006,2025,5,May,2,15,3,Thursday
TT02280,U01704,CR00047,2025-05-30,89.59,Credit Card,TC00030,2025,5,May,2,30,4,Friday
TT02281,U01709,CR00060,2025-02-05,0.0,Bank Transfer,TC00020,2025,2,February,1,5,2,Wednesday
TT02282,U01715,CR00009,2025-07-16,0.0,Bank Transfer,TC00057,2025,7,July,3,16,2,Wednesday
TT02283,U01717,CR00025,2025-05-15,299.57,Bank Transfer,TC00015,2025,5,May,2,15,3,Thursday
TT02284,U01725,CR00008,2025-05-08,0.0,Bank Transfer,TC00015,2025,5,May,2,8,3,Thursday
TT02285,U01725,CR00029,2025-07-15,0.0,Credit Card,TC00049,2025,7,July,3,15,1,Tuesday
TT02286,U01728,CR00009,2025-12-06,0.0,Bank Transfer,TC00029,2025,12,December,4,6,5,Saturday
TT02287,U01728,CR00019,2025-06-23,0.0,Credit Card,TC00039,2025,6,June,2,23,0,Monday
TT02288,U01732,CR00016,2025-08-05,0.0,PayPal,TC00001,2025,8,August,3,5,1,Tuesday
TT02289,U01732,CR00010,2025-01-25,0.0,PayPal,TC00060,2025,1,January,1,25,5,Saturday
TT02290,U01741,CR00004,2025-08-10,0.0,Bank Transfer,TC00032,2025,8,August,3,10,6,Sunday
TT02291,U01741,CR00023,2025-03-24,0.0,Credit Card,TC00015,2025,3,March,1,24,0,Monday
TT02292,U01754,CR00048,2025-06-29,0.0,Credit Card,TC00029,2025,6,June,2,29,6,Sunday
TT02293,U01759,CR00006,2025-03-11,276.37,Credit Card,TC00057,2025,3,March,1,11,1,Tuesday
TT02294,U01761,CR00014,2025-09-25,0.0,Credit Card,TC00052,2025,9,September,3,25,3,Thursday
TT02295,U01761,CR00030,2025-02-12,0.0,Credit Card,TC00049,2025,2,February,1,12,2,Wednesday
TT02296,U01768,CR00033,2025-09-04,0.0,Credit Card,TC00001,2025,9,September,3,4,3,Thursday
TT02297,U01768,CR00010,2025-04-30,0.0,PayPal,TC00001,2025,4,April,2,30,2,Wednesday
TT02298,U01774,CR00035,2025-08-02,0.0,PayPal,TC00006,2025,8,August,3,2,5,Saturday
TT02299,U01775,CR00008,2025-05-23,0.0,PayPal,TC00020,2025,5,May,2,23,4,Friday
TT02300,U01775,CR00036,2025-03-23,0.0,Bank Transfer,TC00060,2025,3,March,1,23,6,Sunday
TT02301,U01778,CR00021,2025-04-11,0.0,PayPal,TC00015,2025,4,April,2,11,4,Friday
TT02302,U01778,CR00009,2025-06-23,0.0,PayPal,TC00048,2025,6,June,2,23,0,Monday
TT02303,U01780,CR00039,2025-09-22,346.71,Bank Transfer,TC00060,2025,9,September,3,22,0,Monday
TT02304,U01788,CR00017,2025-05-06,0.0,Bank Transfer,TC00029,2025,5,May,2,6,1,Tuesday
TT02305,U01788,CR00047,2025-01-10,89.59,PayPal,TC00029,2025,1,January,1,10,4,Friday
TT02306,U01790,CR00025,2025-06-25,299.57,Bank Transfer,TC00057,2025,6,June,2,25,2,Wednesday
TT02307,U01791,CR00041,2025-08-13,53.86,PayPal,TC00005,2025,8,August,3,13,2,Wednesday
TT02308,U01791,CR00017,2025-05-25,0.0,PayPal,TC00006,2025,5,May,2,25,6,Sunday
TT02309,U01800,CR00046,2025-06-25,248.1,Credit Card,TC00030,2025,6,June,2,25,2,Wednesday
TT02310,U01800,CR00021,2025-05-20,0.0,Credit Card,TC00057,2025,5,May,2,20,1,Tuesday
TT02311,U01802,CR00006,2025-06-23,276.37,Credit Card,TC00052,2025,6,June,2,23,0,Monday
TT02312,U01818,CR00041,2025-07-07,53.86,Credit Card,TC00005,2025,7,July,3,7,0,Monday
TT02313,U01818,CR00016,2025-07-20,0.0,Bank Transfer,TC00020,2025,7,July,3,20,6,Sunday
TT02314,U01823,CR00045,2025-03-18,0.0,PayPal,TC00005,2025,3,March,1,18,1,Tuesday
TT02315,U01827,CR00010,2025-12-01,0.0,Credit Card,TC00005,2025,12,December,4,1,0,Monday
TT02316,U01828,CR00057,2025-03-27,177.34,Bank Transfer,TC00050,2025,3,March,1,27,3,Thursday
TT02317,U01830,CR00051,2025-10-07,37.89,PayPal,TC00001,2025,10,October,4,7,1,Tuesday
TT02318,U01833,CR00017,2025-05-09,0.0,PayPal,TC00006,2025,5,May,2,9,4,Friday
TT02319,U01833,CR00012,2025-10-17,487.92,PayPal,TC00052,2025,10,October,4,17,4,Friday
TT02320,U01834,CR00030,2025-12-05,0.0,Bank Transfer,TC00049,2025,12,December,4,5,4,Friday
TT02321,U01836,CR00025,2025-07-24,299.57,Credit Card,TC00057,2025,7,July,3,24,3,Thursday
TT02322,U01838,CR00042,2025-05-19,0.0,Bank Transfer,TC00039,2025,5,May,2,19,0,Monday
TT02323,U01838,CR00033,2025-04-02,0.0,PayPal,TC00006,2025,4,April,2,2,2,Wednesday
TT02324,U01858,CR00037,2025-04-12,0.0,Bank Transfer,TC00060,2025,4,April,2,12,5,Saturday
TT02325,U01859,CR00052,2025-04-27,0.0,Credit Card,TC00048,2025,4,April,2,27,6,Sunday
TT02326,U01878,CR00010,2025-11-08,0.0,Bank Transfer,TC00039,2025,11,November,4,8,5,Saturday
TT02327,U01880,CR00009,2025-02-08,0.0,Credit Card,TC00049,2025,2,February,1,8,5,Saturday
TT02328,U01880,CR00059,2025-09-30,0.0,Bank Transfer,TC00035,2025,9,September,3,30,1,Tuesday
TT02329,U01885,CR00036,2025-12-23,0.0,Bank Transfer,TC00060,2025,12,December,4,23,1,Tuesday
TT02330,U01886,CR00017,2025-10-18,0.0,Bank Transfer,TC00006,2025,10,October,4,18,5,Saturday
TT02331,U01887,CR00022,2025-02-05,0.0,Credit Card,TC00015,2025,2,February,1,5,2,Wednesday
TT02332,U01890,CR00045,2025-06-15,0.0,Credit Card,TC00005,2025,6,June,2,15,6,Sunday
TT02333,U01901,CR00027,2025-05-29,0.0,PayPal,TC00049,2025,5,May,2,29,3,Thursday
TT02334,U01905,CR00050,2025-08-23,490.9,PayPal,TC00029,2025,8,August,3,23,5,Saturday
TT02335,U01905,CR00005,2025-05-02,0.0,PayPal,TC00032,2025,5,May,2,2,4,Friday
TT02336,U01912,CR00023,2025-04-20,0.0,Credit Card,TC00057,2025,4,April,2,20,6,Sunday
TT02337,U01915,CR00049,2025-06-12,415.51,Credit Card,TC00029,2025,6,June,2,12,3,Thursday
TT02338,U01915,CR00051,2025-04-11,37.89,Bank Transfer,TC00029,2025,4,April,2,11,4,Friday
TT02339,U01916,CR00024,2025-06-20,117.68,PayPal,TC00057,2025,6,June,2,20,4,Friday
TT02340,U01923,CR00055,2025-10-07,57.32,Bank Transfer,TC00005,2025,10,October,4,7,1,Tuesday
TT02341,U01930,CR00037,2025-02-11,0.0,Credit Card,TC00060,2025,2,February,1,11,1,Tuesday
TT02342,U01936,CR00033,2025-01-24,0.0,Bank Transfer,TC00032,2025,1,January,1,24,4,Friday
TT02343,U01936,CR00058,2025-09-25,0.0,Bank Transfer,TC00019,2025,9,September,3,25,3,Thursday
TT02344,U01940,CR00042,2025-10-16,0.0,PayPal,TC00048,2025,10,October,4,16,3,Thursday
TT02345,U01940,CR00006,2025-03-18,276.37,Credit Card,TC00052,2025,3,March,1,18,1,Tuesday
TT02346,U01941,CR00047,2025-08-02,89.59,PayPal,TC00030,2025,8,August,3,2,5,Saturday
TT02347,U01948,CR00006,2025-12-19,276.37,Credit Card,TC00035,2025,12,December,4,19,4,Friday
TT02348,U01952,CR00007,2025-12-11,0.0,PayPal,TC00057,2025,12,December,4,11,3,Thursday
TT02349,U01952,CR00029,2025-12-20,0.0,Bank Transfer,TC00049,2025,12,December,4,20,5,Saturday
TT02350,U01954,CR00054,2025-06-03,0.0,PayPal,TC00039,2025,6,June,2,3,1,Tuesday
TT02351,U01963,CR00040,2025-11-19,327.99,Bank Transfer,TC00060,2025,11,November,4,19,2,Wednesday
TT02352,U01968,CR00049,2025-07-30,415.51,Credit Card,TC00029,2025,7,July,3,30,2,Wednesday
TT02353,U01968,CR00058,2025-06-21,0.0,Credit Card,TC00013,2025,6,June,2,21,5,Saturday
TT02354,U01970,CR00017,2025-03-17,0.0,Credit Card,TC00029,2025,3,March,1,17,0,Monday
TT02355,U01970,CR00060,2025-09-29,0.0,Bank Transfer,TC00050,2025,9,September,3,29,0,Monday
TT02356,U01972,CR00003,2025-11-24,0.0,PayPal,TC00039,2025,11,November,4,24,0,Monday
TT02357,U01974,CR00050,2025-06-07,490.9,Credit Card,TC00029,2025,6,June,2,7,5,Saturday
TT02358,U01974,CR00010,2025-09-02,0.0,Bank Transfer,TC00030,2025,9,September,3,2,1,Tuesday
TT02359,U01976,CR00026,2025-04-15,0.0,Credit Card,TC00049,2025,4,April,2,15,1,Tuesday
TT02360,U01977,CR00018,2025-02-25,0.0,Credit Card,TC00039,2025,2,February,1,25,1,Tuesday
TT02361,U01977,CR00047,2025-06-07,89.59,Bank Transfer,TC00030,2025,6,June,2,7,5,Saturday
TT02362,U01983,CR00041,2025-08-10,53.86,Credit Card,TC00005,2025,8,August,3,10,6,Sunday
TT02363,U01984,CR00060,2025-05-03,0.0,Bank Transfer,TC00035,2025,5,May,2,3,5,Saturday
TT02364,U01988,CR00050,2025-09-26,490.9,Bank Transfer,TC00029,2025,9,September,3,26,4,Friday
TT02365,U01990,CR00013,2025-03-25,0.0,Bank Transfer,TC00052,2025,3,March,1,25,1,Tuesday
TT02366,U01990,CR00043,2025-01-25,0.0,PayPal,TC00048,2025,1,January,1,25,5,Saturday
TT02367,U02000,CR00055,2025-10-20,57.32,PayPal,TC00048,2025,10,October,4,20,0,Monday
TT02368,U02000,CR00008,2025-03-27,0.0,PayPal,TC00013,2025,3,March,1,27,3,Thursday
TT02369,U02001,CR00027,2025-11-12,0.0,Credit Card,TC00049,2025,11,November,4,12,2,Wednesday
TT02370,U02002,CR00026,2025-07-19,0.0,PayPal,TC00049,2025,7,July,3,19,5,Saturday
TT02371,U02017,CR00041,2025-01-22,53.86,Credit Card,TC00048,2025,1,January,1,22,2,Wednesday
TT02372,U02017,CR00003,2025-05-24,0.0,Credit Card,TC00006,2025,5,May,2,24,5,Saturday
TT02373,U02023,CR00004,2025-07-08,0.0,Bank Transfer,TC00039,2025,7,July,3,8,1,Tuesday
TT02374,U02023,CR00037,2025-02-20,0.0,Bank Transfer,TC00060,2025,2,February,1,20,3,Thursday
TT02375,U02033,CR00019,2025-11-07,0.0,Credit Card,TC00050,2025,11,November,4,7,4,Friday
TT02376,U02037,CR00040,2025-10-16,327.99,Credit Card,TC00060,2025,10,October,4,16,3,Thursday
TT02377,U02037,CR00042,2025-05-27,0.0,PayPal,TC00005,2025,5,May,2,27,1,Tuesday
TT02378,U02040,CR00021,2025-09-13,0.0,Credit Card,TC00015,2025,9,September,3,13,5,Saturday
TT02379,U02043,CR00014,2025-04-18,0.0,Bank Transfer,TC00052,2025,4,April,2,18,4,Friday
TT02380,U02047,CR00036,2025-05-10,0.0,Bank Transfer,TC00060,2025,5,May,2,10,5,Saturday
TT02381,U02054,CR00052,2025-11-18,0.0,Bank Transfer,TC00032,2025,11,November,4,18,1,Tuesday
TT02382,U02054,CR00002,2025-11-10,0.0,Credit Card,TC00019,2025,11,November,4,10,0,Monday
TT02383,U02056,CR00045,2025-04-24,0.0,PayPal,TC00005,2025,4,April,2,24,3,Thursday
TT02384,U02057,CR00048,2025-11-04,0.0,Bank Transfer,TC00029,2025,11,November,4,4,1,Tuesday
TT02385,U02057,CR00031,2025-10-13,0.0,Credit Card,TC00001,2025,10,October,4,13,0,Monday
TT02386,U02063,CR00051,2025-03-28,37.89,Credit Card,TC00048,2025,3,March,1,28,4,Friday
TT02387,U02063,CR00008,2025-03-24,0.0,Credit Card,TC00050,2025,3,March,1,24,0,Monday
TT02388,U02067,CR00021,2025-08-18,0.0,Credit Card,TC00057,2025,8,August,3,18,0,Monday
TT02389,U02078,CR00055,2025-11-05,57.32,Bank Transfer,TC00052,2025,11,November,4,5,2,Wednesday
TT02390,U02078,CR00015,2025-05-30,285.05,Bank Transfer,TC00052,2025,5,May,2,30,4,Friday
TT02391,U02093,CR00046,2025-01-22,248.1,Bank Transfer,TC00030,2025,1,January,1,22,2,Wednesday
TT02392,U02093,CR00058,2025-05-20,0.0,Bank Transfer,TC00050,2025,5,May,2,20,1,Tuesday
TT02393,U02097,CR00009,2025-10-09,0.0,Bank Transfer,TC00032,2025,10,October,4,9,3,Thursday
TT02394,U02097,CR00040,2025-11-28,327.99,Credit Card,TC00060,2025,11,November,4,28,4,Friday
TT02395,U02105,CR00034,2025-05-23,394.26,PayPal,TC00006,2025,5,May,2,23,4,Friday
TT02396,U02109,CR00053,2025-07-08,0.0,Credit Card,TC00052,2025,7,July,3,8,1,Tuesday
TT02397,U02113,CR00040,2025-07-26,327.99,Bank Transfer,TC00060,2025,7,July,3,26,5,Saturday
TT02398,U02113,CR00037,2025-05-15,0.0,Bank Transfer,TC00060,2025,5,May,2,15,3,Thursday
TT02399,U02117,CR00004,2025-03-08,0.0,Bank Transfer,TC00060,2025,3,March,1,8,5,Saturday
TT02400,U02122,CR00010,2025-12-29,0.0,PayPal,TC00029,2025,12,December,4,29,0,Monday
TT02401,U02122,CR00036,2025-11-04,0.0,PayPal,TC00060,2025,11,November,4,4,1,Tuesday
TT02402,U02132,CR00054,2025-05-19,0.0,Credit Card,TC00035,2025,5,May,2,19,0,Monday
TT02403,U02132,CR00003,2025-01-01,0.0,Bank Transfer,TC00052,2025,1,January,1,1,2,Wednesday
TT02404,U02133,CR00010,2025-07-14,0.0,Credit Card,TC00015,2025,7,July,3,14,0,Monday
TT02405,U02133,CR00028,2025-08-03,0.78,Credit Card,TC00049,2025,8,August,3,3,6,Sunday
TT02406,U02135,CR00043,2025-07-22,0.0,Bank Transfer,TC00048,2025,7,July,3,22,1,Tuesday
TT02407,U02136,CR00014,2025-03-26,0.0,Credit Card,TC00052,2025,3,March,1,26,2,Wednesday
TT02408,U02137,CR00015,2025-10-02,285.05,Credit Card,TC00052,2025,10,October,4,2,3,Thursday
TT02409,U02138,CR00027,2025-01-09,0.0,Bank Transfer,TC00049,2025,1,January,1,9,3,Thursday
TT02410,U02138,CR00050,2025-02-07,490.9,Credit Card,TC00029,2025,2,February,1,7,4,Friday
TT02411,U02146,CR00018,2025-12-13,0.0,PayPal,TC00015,2025,12,December,4,13,5,Saturday
TT02412,U02159,CR00040,2025-04-13,327.99,Bank Transfer,TC00060,2025,4,April,2,13,6,Sunday
TT02413,U02159,CR00059,2025-11-02,0.0,PayPal,TC00020,2025,11,November,4,2,6,Sunday
TT02414,U02162,CR00060,2025-07-18,0.0,Credit Card,TC00013,2025,7,July,3,18,4,Friday
TT02415,U02166,CR00029,2025-09-02,0.0,PayPal,TC00049,2025,9,September,3,2,1,Tuesday
TT02416,U02171,CR00055,2025-05-12,57.32,PayPal,TC00032,2025,5,May,2,12,0,Monday
TT02417,U02171,CR00022,2025-10-12,0.0,PayPal,TC00057,2025,10,October,4,12,6,Sunday
TT02418,U02175,CR00027,2025-05-22,0.0,Bank Transfer,TC00049,2025,5,May,2,22,3,Thursday
TT02419,U02175,CR00043,2025-12-05,0.0,Bank Transfer,TC00039,2025,12,December,4,5,4,Friday
TT02420,U02177,CR00001,2025-03-10,472.28,PayPal,TC00050,2025,3,March,1,10,0,Monday
TT02421,U02181,CR00060,2025-10-13,0.0,Credit Card,TC00035,2025,10,October,4,13,0,Monday
TT02422,U02181,CR00038,2025-12-08,342.61,PayPal,TC00060,2025,12,December,4,8,0,Monday
TT02423,U02182,CR00013,2025-07-15,0.0,PayPal,TC00052,2025,7,July,3,15,1,Tuesday
TT02424,U02182,CR00021,2025-05-17,0.0,Credit Card,TC00057,2025,5,May,2,17,5,Saturday
TT02425,U02187,CR00055,2025-09-04,57.32,Bank Transfer,TC00015,2025,9,September,3,4,3,Thursday
TT02426,U02187,CR00026,2025-08-09,0.0,Credit Card,TC00049,2025,8,August,3,9,5,Saturday
TT02427,U02193,CR00058,2025-11-27,0.0,PayPal,TC00019,2025,11,November,4,27,3,Thursday
TT02428,U02193,CR00035,2025-05-26,0.0,PayPal,TC00032,2025,5,May,2,26,0,Monday
TT02429,U02194,CR00050,2025-11-27,490.9,PayPal,TC00030,2025,11,November,4,27,3,Thursday
TT02430,U02194,CR00025,2025-03-28,299.57,PayPal,TC00057,2025,3,March,1,28,4,Friday
TT02431,U02197,CR00017,2025-06-16,0.0,Bank Transfer,TC00015,2025,6,June,2,16,0,Monday
TT02432,U02197,CR00026,2025-09-24,0.0,Credit Card,TC00049,2025,9,September,3,24,2,Wednesday
TT02433,U02202,CR00026,2025-07-09,0.0,PayPal,TC00049,2025,7,July,3,9,2,Wednesday
TT02434,U02208,CR00019,2025-08-18,0.0,Bank Transfer,TC00049,2025,8,August,3,18,0,Monday
TT02435,U02208,CR00040,2025-11-24,327.99,Credit Card,TC00060,2025,11,November,4,24,0,Monday
TT02436,U02213,CR00038,2025-07-22,342.61,Bank Transfer,TC00060,2025,7,July,3,22,1,Tuesday
TT02437,U02216,CR00047,2025-01-07,89.59,Credit Card,TC00030,2025,1,January,1,7,1,Tuesday
TT02438,U02216,CR00014,2025-01-07,0.0,Bank Transfer,TC00052,2025,1,January,1,7,1,Tuesday
TT02439,U02219,CR00002,2025-08-09,0.0,PayPal,TC00049,2025,8,August,3,9,5,Saturday
TT02440,U02220,CR00001,2025-04-26,472.28,Bank Transfer,TC00039,2025,4,April,2,26,5,Saturday
TT02441,U02222,CR00034,2025-11-03,394.26,Bank Transfer,TC00001,2025,11,November,4,3,0,Monday
TT02442,U02223,CR00043,2025-10-20,0.0,Bank Transfer,TC00048,2025,10,October,4,20,0,Monday
TT02443,U02229,CR00003,2025-07-24,0.0,Credit Card,TC00019,2025,7,July,3,24,3,Thursday
TT02444,U02229,CR00031,2025-12-05,0.0,Credit Card,TC00006,2025,12,December,4,5,4,Friday
TT02445,U02233,CR00025,2025-04-07,299.57,Bank Transfer,TC00015,2025,4,April,2,7,0,Monday
TT02446,U02233,CR00058,2025-11-27,0.0,Credit Card,TC00013,2025,11,November,4,27,3,Thursday
TT02447,U02234,CR00045,2025-06-25,0.0,Credit Card,TC00039,2025,6,June,2,25,2,Wednesday
TT02448,U02235,CR00025,2025-09-22,299.57,Bank Transfer,TC00015,2025,9,September,3,22,0,Monday
TT02449,U02235,CR00051,2025-09-23,37.89,Credit Card,TC00032,2025,9,September,3,23,1,Tuesday
TT02450,U02247,CR00056,2025-10-13,212.39,Bank Transfer,TC00013,2025,10,October,4,13,0,Monday
TT02451,U02252,CR00053,2025-02-03,0.0,Bank Transfer,TC00060,2025,2,February,1,3,0,Monday
TT02452,U02252,CR00007,2025-08-08,0.0,PayPal,TC00013,2025,8,August,3,8,4,Friday
TT02453,U02255,CR00048,2025-07-07,0.0,Bank Transfer,TC00029,2025,7,July,3,7,0,Monday
TT02454,U02255,CR00047,2025-01-09,89.59,PayPal,TC00030,2025,1,January,1,9,3,Thursday
TT02455,U02260,CR00039,2025-07-11,346.71,PayPal,TC00060,2025,7,July,3,11,4,Friday
TT02456,U02261,CR00005,2025-05-18,0.0,Credit Card,TC00029,2025,5,May,2,18,6,Sunday
TT02457,U02265,CR00060,2025-10-28,0.0,Bank Transfer,TC00019,2025,10,October,4,28,1,Tuesday
TT02458,U02265,CR00034,2025-11-28,394.26,Credit Card,TC00032,2025,11,November,4,28,4,Friday
TT02459,U02268,CR00023,2025-01-24,0.0,Credit Card,TC00057,2025,1,January,1,24,4,Friday
TT02460,U02268,CR00045,2025-04-08,0.0,PayPal,TC00005,2025,4,April,2,8,1,Tuesday
TT02461,U02271,CR00010,2025-06-06,0.0,Bank Transfer,TC00039,2025,6,June,2,6,4,Friday
TT02462,U02271,CR00055,2025-04-30,57.32,Credit Card,TC00049,2025,4,April,2,30,2,Wednesday
TT02463,U02276,CR00045,2025-04-28,0.0,Bank Transfer,TC00005,2025,4,April,2,28,0,Monday
TT02464,U02280,CR00049,2025-04-18,415.51,PayPal,TC00029,2025,4,April,2,18,4,Friday
TT02465,U02280,CR00058,2025-10-08,0.0,Credit Card,TC00019,2025,10,October,4,8,2,Wednesday
TT02466,U02282,CR00007,2025-07-21,0.0,Bank Transfer,TC00030,2025,7,July,3,21,0,Monday
TT02467,U02291,CR00017,2025-12-11,0.0,Credit Card,TC00035,2025,12,December,4,11,3,Thursday
TT02468,U02291,CR00055,2025-03-11,57.32,Credit Card,TC00052,2025,3,March,1,11,1,Tuesday
TT02469,U02302,CR00031,2025-04-23,0.0,Credit Card,TC00006,2025,4,April,2,23,2,Wednesday
TT02470,U02302,CR00015,2025-04-03,285.05,PayPal,TC00052,2025,4,April,2,3,3,Thursday
TT02471,U02304,CR00005,2025-06-13,0.0,Bank Transfer,TC00005,2025,6,June,2,13,4,Friday
TT02472,U02310,CR00028,2025-06-20,0.78,Bank Transfer,TC00049,2025,6,June,2,20,4,Friday
TT02473,U02313,CR00007,2025-04-30,0.0,Credit Card,TC00006,2025,4,April,2,30,2,Wednesday
TT02474,U02314,CR00057,2025-06-12,177.34,Credit Card,TC00050,2025,6,June,2,12,3,Thursday
TT02475,U02317,CR00055,2025-05-12,57.32,Bank Transfer,TC00049,2025,5,May,2,12,0,Monday
TT02476,U02317,CR00018,2025-08-25,0.0,Bank Transfer,TC00057,2025,8,August,3,25,0,Monday
TT02477,U02319,CR00046,2025-05-16,248.1,PayPal,TC00029,2025,5,May,2,16,4,Friday
TT02478,U02321,CR00001,2025-11-01,472.28,Credit Card,TC00005,2025,11,November,4,1,5,Saturday
TT02479,U02321,CR00024,2025-06-07,117.68,Bank Transfer,TC00057,2025,6,June,2,7,5,Saturday
TT02480,U02325,CR00057,2025-07-24,177.34,PayPal,TC00035,2025,7,July,3,24,3,Thursday
TT02481,U02327,CR00022,2025-09-16,0.0,Credit Card,TC00015,2025,9,September,3,16,1,Tuesday
TT02482,U02330,CR00054,2025-11-15,0.0,Credit Card,TC00052,2025,11,November,4,15,5,Saturday
TT02483,U02331,CR00029,2025-09-25,0.0,Credit Card,TC00049,2025,9,September,3,25,3,Thursday
TT02484,U02331,CR00008,2025-07-21,0.0,Bank Transfer,TC00013,2025,7,July,3,21,0,Monday
TT02485,U02332,CR00006,2025-06-14,276.37,Bank Transfer,TC00019,2025,6,June,2,14,5,Saturday
TT02486,U02332,CR00028,2025-05-25,0.78,Bank Transfer,TC00049,2025,5,May,2,25,6,Sunday
TT02487,U02334,CR00028,2025-05-23,0.78,PayPal,TC00049,2025,5,May,2,23,4,Friday
TT02488,U02334,CR00017,2025-09-08,0.0,Bank Transfer,TC00030,2025,9,September,3,8,0,Monday
TT02489,U02346,CR00034,2025-08-17,394.26,Bank Transfer,TC00006,2025,8,August,3,17,6,Sunday
TT02490,U02347,CR00033,2025-07-09,0.0,Credit Card,TC00006,2025,7,July,3,9,2,Wednesday
TT02491,U02348,CR00031,2025-10-03,0.0,PayPal,TC00032,2025,10,October,4,3,4,Friday
TT02492,U02350,CR00024,2025-03-11,117.68,Bank Transfer,TC00057,2025,3,March,1,11,1,Tuesday
TT02493,U02350,CR00057,2025-09-06,177.34,Bank Transfer,TC00050,2025,9,September,3,6,5,Saturday
TT02494,U02351,CR00043,2025-05-08,0.0,PayPal,TC00039,2025,5,May,2,8,3,Thursday
TT02495,U02351,CR00052,2025-03-11,0.0,Bank Transfer,TC00057,2025,3,March,1,11,1,Tuesday
TT02496,U02357,CR00002,2025-07-22,0.0,PayPal,TC00052,2025,7,July,3,22,1,Tuesday
TT02497,U02357,CR00014,2025-09-30,0.0,PayPal,TC00052,2025,9,September,3,30,1,Tuesday
TT02498,U02361,CR00023,2025-07-15,0.0,Credit Card,TC00057,2025,7,July,3,15,1,Tuesday
TT02499,U02361,CR00040,2025-05-17,327.99,PayPal,TC00060,2025,5,May,2,17,5,Saturday
TT02500,U02369,CR00017,2025-10-30,0.0,PayPal,TC00052,2025,10,October,4,30,3,Thursday
TT02501,U02369,CR00060,2025-04-14,0.0,PayPal,TC00050,2025,4,April,2,14,0,Monday
TT02502,U02373,CR00021,2025-12-01,0.0,Credit Card,TC00057,2025,12,December,4,1,0,Monday
TT02503,U02373,CR00012,2025-10-29,487.92,Bank Transfer,TC00052,2025,10,October,4,29,2,Wednesday
TT02504,U02381,CR00049,2025-05-28,415.51,Bank Transfer,TC00029,2025,5,May,2,28,2,Wednesday
TT02505,U02383,CR00016,2025-04-23,0.0,Bank Transfer,TC00029,2025,4,April,2,23,2,Wednesday
TT02506,U02385,CR00035,2025-08-26,0.0,Credit Card,TC00032,2025,8,August,3,26,1,Tuesday
TT02507,U02388,CR00039,2025-08-11,346.71,PayPal,TC00060,2025,8,August,3,11,0,Monday
TT02508,U02390,CR00002,2025-11-07,0.0,Bank Transfer,TC00048,2025,11,November,4,7,4,Friday
TT02509,U02390,CR00001,2025-06-28,472.28,Bank Transfer,TC00035,2025,6,June,2,28,5,Saturday
TT02510,U02394,CR00025,2025-08-21,299.57,PayPal,TC00057,2025,8,August,3,21,3,Thursday
TT02511,U02398,CR00046,2025-08-23,248.1,PayPal,TC00030,2025,8,August,3,23,5,Saturday
TT02512,U02398,CR00028,2025-05-15,0.78,Bank Transfer,TC00049,2025,5,May,2,15,3,Thursday
TT02513,U02403,CR00032,2025-08-14,0.0,Credit Card,TC00001,2025,8,August,3,14,3,Thursday
TT02514,U02405,CR00054,2025-06-29,0.0,Bank Transfer,TC00050,2025,6,June,2,29,6,Sunday
TT02515,U02406,CR00006,2025-02-11,276.37,Bank Transfer,TC00032,2025,2,February,1,11,1,Tuesday
TT02516,U02406,CR00051,2025-04-15,37.89,Bank Transfer,TC00049,2025,4,April,2,15,1,Tuesday
TT02517,U02407,CR00003,2025-07-28,0.0,Credit Card,TC00035,2025,7,July,3,28,0,Monday
TT02518,U02407,CR00035,2025-05-13,0.0,PayPal,TC00032,2025,5,May,2,13,1,Tuesday
TT02519,U02416,CR00010,2025-08-04,0.0,Credit Card,TC00052,2025,8,August,3,4,0,Monday
TT02520,U02417,CR00018,2025-09-23,0.0,Credit Card,TC00048,2025,9,September,3,23,1,Tuesday
TT02521,U02428,CR00050,2025-05-02,490.9,Credit Card,TC00029,2025,5,May,2,2,4,Friday
TT02522,U02428,CR00055,2025-03-10,57.32,Bank Transfer,TC00020,2025,3,March,1,10,0,Monday
TT02523,U02438,CR00032,2025-11-17,0.0,Bank Transfer,TC00006,2025,11,November,4,17,0,Monday
TT02524,U02439,CR00006,2025-08-18,276.37,Bank Transfer,TC00057,2025,8,August,3,18,0,Monday
TT02525,U02442,CR00042,2025-11-25,0.0,PayPal,TC00005,2025,11,November,4,25,1,Tuesday
TT02526,U02446,CR00050,2025-12-07,490.9,Bank Transfer,TC00030,2025,12,December,4,7,6,Sunday
TT02527,U02446,CR00054,2025-09-30,0.0,Bank Transfer,TC00013,2025,9,September,3,30,1,Tuesday
TT02528,U02448,CR00008,2025-05-22,0.0,Credit Card,TC00048,2025,5,May,2,22,3,Thursday
TT02529,U02448,CR00042,2025-09-16,0.0,PayPal,TC00005,2025,9,September,3,16,1,Tuesday
TT02530,U02451,CR00005,2025-09-10,0.0,PayPal,TC00015,2025,9,September,3,10,2,Wednesday
TT02531,U02451,CR00017,2025-08-02,0.0,PayPal,TC00001,2025,8,August,3,2,5,Saturday
TT02532,U02452,CR00010,2025-06-02,0.0,PayPal,TC00013,2025,6,June,2,2,0,Monday
TT02533,U02452,CR00005,2025-11-28,0.0,Credit Card,TC00060,2025,11,November,4,28,4,Friday
TT02534,U02454,CR00053,2025-05-29,0.0,PayPal,TC00029,2025,5,May,2,29,3,Thursday
TT02535,U02454,CR00013,2025-07-02,0.0,PayPal,TC00052,2025,7,July,3,2,2,Wednesday
TT02536,U02458,CR00011,2025-10-26,326.02,Credit Card,TC00052,2025,10,October,4,26,6,Sunday
TT02537,U02458,CR00024,2025-12-16,117.68,PayPal,TC00057,2025,12,December,4,16,1,Tuesday
TT02538,U02465,CR00009,2025-06-12,0.0,Bank Transfer,TC00001,2025,6,June,2,12,3,Thursday
TT02539,U02465,CR00004,2025-12-14,0.0,Bank Transfer,TC00039,2025,12,December,4,14,6,Sunday
TT02540,U02469,CR00054,2025-05-29,0.0,Bank Transfer,TC00057,2025,5,May,2,29,3,Thursday
TT02541,U02469,CR00005,2025-12-11,0.0,PayPal,TC00015,2025,12,December,4,11,3,Thursday
TT02542,U02475,CR00016,2025-06-25,0.0,Bank Transfer,TC00050,2025,6,June,2,25,2,Wednesday
TT02543,U02480,CR00059,2025-09-26,0.0,PayPal,TC00013,2025,9,September,3,26,4,Friday
TT02544,U02482,CR00027,2025-11-11,0.0,Credit Card,TC00049,2025,11,November,4,11,1,Tuesday
TT02545,U02482,CR00048,2025-01-07,0.0,PayPal,TC00029,2025,1,January,1,7,1,Tuesday
TT02546,U02486,CR00059,2025-01-30,0.0,Bank Transfer,TC00013,2025,1,January,1,30,3,Thursday
TT02547,U02486,CR00057,2025-12-02,177.34,Bank Transfer,TC00035,2025,12,December,4,2,1,Tuesday
TT02548,U02496,CR00008,2025-06-28,0.0,Bank Transfer,TC00060,2025,6,June,2,28,5,Saturday
TT02549,U02497,CR00032,2025-12-28,0.0,PayPal,TC00006,2025,12,December,4,28,6,Sunday
TT02550,U02497,CR00054,2025-12-02,0.0,Credit Card,TC00049,2025,12,December,4,2,1,Tuesday
TT02551,U02506,CR00015,2025-02-08,285.05,Credit Card,TC00052,2025,2,February,1,8,5,Saturday
TT02552,U02510,CR00004,2025-11-28,0.0,Bank Transfer,TC00050,2025,11,November,4,28,4,Friday
TT02553,U02510,CR00036,2025-12-11,0.0,PayPal,TC00060,2025,12,December,4,11,3,Thursday
TT02554,U02514,CR00010,2025-09-01,0.0,Bank Transfer,TC00035,2025,9,September,3,1,0,Monday
TT02555,U02514,CR00048,2025-05-07,0.0,Bank Transfer,TC00030,2025,5,May,2,7,2,Wednesday
TT02556,U02525,CR00029,2025-08-28,0.0,Bank Transfer,TC00049,2025,8,August,3,28,3,Thursday
TT02557,U02535,CR00026,2025-07-30,0.0,Credit Card,TC00049,2025,7,July,3,30,2,Wednesday
TT02558,U02535,CR00040,2025-03-01,327.99,Credit Card,TC00060,2025,3,March,1,1,5,Saturday
TT02559,U02539,CR00034,2025-12-30,394.26,Bank Transfer,TC00032,2025,12,December,4,30,1,Tuesday
TT02560,U02539,CR00035,2025-04-05,0.0,Bank Transfer,TC00032,2025,4,April,2,5,5,Saturday
TT02561,U02543,CR00048,2025-08-22,0.0,Bank Transfer,TC00029,2025,8,August,3,22,4,Friday
TT02562,U02545,CR00033,2025-05-08,0.0,Bank Transfer,TC00001,2025,5,May,2,8,3,Thursday
TT02563,U02545,CR00031,2025-01-07,0.0,Credit Card,TC00032,2025,1,January,1,7,1,Tuesday
TT02564,U02548,CR00033,2025-02-04,0.0,Credit Card,TC00006,2025,2,February,1,4,1,Tuesday
TT02565,U02548,CR00012,2025-09-23,487.92,Bank Transfer,TC00052,2025,9,September,3,23,1,Tuesday
TT02566,U02553,CR00012,2025-10-10,487.92,Bank Transfer,TC00052,2025,10,October,4,10,4,Friday
TT02567,U02553,CR00031,2025-11-15,0.0,Bank Transfer,TC00006,2025,11,November,4,15,5,Saturday
TT02568,U02568,CR00058,2025-06-29,0.0,PayPal,TC00019,2025,6,June,2,29,6,Sunday
TT02569,U02568,CR00019,2025-04-27,0.0,PayPal,TC00049,2025,4,April,2,27,6,Sunday
TT02570,U02571,CR00031,2025-09-28,0.0,PayPal,TC00001,2025,9,September,3,28,6,Sunday
TT02571,U02573,CR00005,2025-06-24,0.0,Credit Card,TC00052,2025,6,June,2,24,1,Tuesday
TT02572,U02577,CR00020,2025-08-28,0.0,Bank Transfer,TC00001,2025,8,August,3,28,3,Thursday
TT02573,U02577,CR00015,2025-03-27,285.05,Credit Card,TC00052,2025,3,March,1,27,3,Thursday
TT02574,U02578,CR00043,2025-10-12,0.0,Credit Card,TC00048,2025,10,October,4,12,6,Sunday
TT02575,U02580,CR00015,2025-10-01,285.05,Credit Card,TC00052,2025,10,October,4,1,2,Wednesday
TT02576,U02581,CR00039,2025-03-02,346.71,Bank Transfer,TC00060,2025,3,March,1,2,6,Sunday
TT02577,U02581,CR00020,2025-05-21,0.0,Bank Transfer,TC00052,2025,5,May,2,21,2,Wednesday
TT02578,U02584,CR00028,2025-03-30,0.78,Bank Transfer,TC00049,2025,3,March,1,30,6,Sunday
TT02579,U02584,CR00032,2025-07-05,0.0,Credit Card,TC00001,2025,7,July,3,5,5,Saturday
TT02580,U02586,CR00048,2025-08-28,0.0,PayPal,TC00029,2025,8,August,3,28,3,Thursday
TT02581,U02589,CR00028,2025-10-10,0.78,Credit Card,TC00049,2025,10,October,4,10,4,Friday
TT02582,U02590,CR00059,2025-03-01,0.0,PayPal,TC00020,2025,3,March,1,1,5,Saturday
TT02583,U02590,CR00046,2025-03-18,248.1,Bank Transfer,TC00029,2025,3,March,1,18,1,Tuesday
TT02584,U02596,CR00056,2025-05-18,212.39,Bank Transfer,TC00013,2025,5,May,2,18,6,Sunday
TT02585,U02599,CR00047,2025-03-02,89.59,Credit Card,TC00029,2025,3,March,1,2,6,Sunday
TT02586,U02599,CR00039,2025-07-08,346.71,Credit Card,TC00060,2025,7,July,3,8,1,Tuesday
TT02587,U02608,CR00026,2025-01-28,0.0,Credit Card,TC00049,2025,1,January,1,28,1,Tuesday
TT02588,U02609,CR00018,2025-06-01,0.0,PayPal,TC00015,2025,6,June,2,1,6,Sunday
TT02589,U02609,CR00031,2025-07-09,0.0,Credit Card,TC00001,2025,7,July,3,9,2,Wednesday
TT02590,U02620,CR00009,2025-04-15,0.0,Bank Transfer,TC00052,2025,4,April,2,15,1,Tuesday
TT02591,U02620,CR00051,2025-11-05,37.89,PayPal,TC00052,2025,11,November,4,5,2,Wednesday
TT02592,U02621,CR00003,2025-02-18,0.0,PayPal,TC00015,2025,2,February,1,18,1,Tuesday
TT02593,U02631,CR00021,2025-07-14,0.0,Credit Card,TC00015,2025,7,July,3,14,0,Monday
TT02594,U02634,CR00055,2025-03-01,57.32,Bank Transfer,TC00050,2025,3,March,1,1,5,Saturday
TT02595,U02639,CR00056,2025-06-14,212.39,PayPal,TC00020,2025,6,June,2,14,5,Saturday
TT02596,U02642,CR00022,2025-06-17,0.0,PayPal,TC00015,2025,6,June,2,17,1,Tuesday
TT02597,U02659,CR00046,2025-02-07,248.1,Bank Transfer,TC00029,2025,2,February,1,7,4,Friday
TT02598,U02659,CR00037,2025-02-13,0.0,Credit Card,TC00060,2025,2,February,1,13,3,Thursday
TT02599,U02662,CR00042,2025-03-24,0.0,PayPal,TC00048,2025,3,March,1,24,0,Monday
TT02600,U02662,CR00024,2025-10-03,117.68,Bank Transfer,TC00015,2025,10,October,4,3,4,Friday
TT02601,U02665,CR00051,2025-03-05,37.89,PayPal,TC00001,2025,3,March,1,5,2,Wednesday
TT02602,U02669,CR00016,2025-11-16,0.0,PayPal,TC00005,2025,11,November,4,16,6,Sunday
TT02603,U02669,CR00059,2025-11-22,0.0,Bank Transfer,TC00019,2025,11,November,4,22,5,Saturday
TT02604,U02688,CR00043,2025-05-13,0.0,PayPal,TC00048,2025,5,May,2,13,1,Tuesday
TT02605,U02696,CR00050,2025-06-22,490.9,Bank Transfer,TC00030,2025,6,June,2,22,6,Sunday
TT02606,U02696,CR00013,2025-12-05,0.0,Bank Transfer,TC00052,2025,12,December,4,5,4,Friday
TT02607,U02712,CR00004,2025-11-14,0.0,Bank Transfer,TC00006,2025,11,November,4,14,4,Friday
TT02608,U02712,CR00001,2025-10-25,472.28,Credit Card,TC00015,2025,10,October,4,25,5,Saturday
TT02609,U02723,CR00040,2025-10-20,327.99,Credit Card,TC00060,2025,10,October,4,20,0,Monday
TT02610,U02727,CR00034,2025-01-11,394.26,PayPal,TC00001,2025,1,January,1,11,5,Saturday
TT02611,U02727,CR00026,2025-02-10,0.0,PayPal,TC00049,2025,2,February,1,10,0,Monday
TT02612,U02731,CR00018,2025-01-14,0.0,PayPal,TC00049,2025,1,January,1,14,1,Tuesday
TT02613,U02732,CR00042,2025-09-29,0.0,PayPal,TC00039,2025,9,September,3,29,0,Monday
TT02614,U02737,CR00020,2025-04-21,0.0,Credit Card,TC00006,2025,4,April,2,21,0,Monday
TT02615,U02740,CR00060,2025-07-09,0.0,Credit Card,TC00019,2025,7,July,3,9,2,Wednesday
TT02616,U02748,CR00048,2025-03-16,0.0,Credit Card,TC00029,2025,3,March,1,16,6,Sunday
TT02617,U02748,CR00045,2025-01-15,0.0,Credit Card,TC00005,2025,1,January,1,15,2,Wednesday
TT02618,U02750,CR00055,2025-11-24,57.32,Credit Card,TC00032,2025,11,November,4,24,0,Monday
TT02619,U02750,CR00007,2025-09-25,0.0,Bank Transfer,TC00030,2025,9,September,3,25,3,Thursday
TT02620,U02752,CR00058,2025-06-11,0.0,Bank Transfer,TC00035,2025,6,June,2,11,2,Wednesday
TT02621,U02755,CR00043,2025-09-27,0.0,Credit Card,TC00039,2025,9,September,3,27,5,Saturday
TT02622,U02772,CR00057,2025-06-22,177.34,Bank Transfer,TC00035,2025,6,June,2,22,6,Sunday
TT02623,U02773,CR00022,2025-03-24,0.0,Bank Transfer,TC00015,2025,3,March,1,24,0,Monday
TT02624,U02782,CR00045,2025-01-20,0.0,Credit Card,TC00005,2025,1,January,1,20,0,Monday
TT02625,U02794,CR00030,2025-04-21,0.0,PayPal,TC00049,2025,4,April,2,21,0,Monday
TT02626,U02794,CR00038,2025-04-16,342.61,PayPal,TC00060,2025,4,April,2,16,2,Wednesday
TT02627,U02809,CR00043,2025-07-03,0.0,Bank Transfer,TC00039,2025,7,July,3,3,3,Thursday
TT02628,U02809,CR00048,2025-10-09,0.0,PayPal,TC00029,2025,10,October,4,9,3,Thursday
TT02629,U02813,CR00031,2025-04-02,0.0,Bank Transfer,TC00006,2025,4,April,2,2,2,Wednesday
TT02630,U02814,CR00035,2025-07-12,0.0,Credit Card,TC00032,2025,7,July,3,12,5,Saturday
TT02631,U02814,CR00003,2025-12-05,0.0,Bank Transfer,TC00035,2025,12,December,4,5,4,Friday
TT02632,U02828,CR00019,2025-07-21,0.0,Credit Card,TC00005,2025,7,July,3,21,0,Monday
TT02633,U02828,CR00050,2025-04-09,490.9,Credit Card,TC00030,2025,4,April,2,9,2,Wednesday
TT02634,U02836,CR00001,2025-03-17,472.28,PayPal,TC00030,2025,3,March,1,17,0,Monday
TT02635,U02837,CR00014,2025-11-27,0.0,PayPal,TC00052,2025,11,November,4,27,3,Thursday
TT02636,U02837,CR00058,2025-02-08,0.0,Credit Card,TC00035,2025,2,February,1,8,5,Saturday
TT02637,U02838,CR00050,2025-02-14,490.9,PayPal,TC00030,2025,2,February,1,14,4,Friday
TT02638,U02838,CR00039,2025-03-02,346.71,Credit Card,TC00060,2025,3,March,1,2,6,Sunday
TT02639,U02840,CR00058,2025-10-25,0.0,PayPal,TC00020,2025,10,October,4,25,5,Saturday
TT02640,U02842,CR00013,2025-04-19,0.0,PayPal,TC00052,2025,4,April,2,19,5,Saturday
TT02641,U02842,CR00050,2025-11-22,490.9,Bank Transfer,TC00029,2025,11,November,4,22,5,Saturday
TT02642,U02849,CR00004,2025-06-10,0.0,Bank Transfer,TC00019,2025,6,June,2,10,1,Tuesday
TT02643,U02871,CR00035,2025-01-24,0.0,Credit Card,TC00006,2025,1,January,1,24,4,Friday
TT02644,U02878,CR00044,2025-10-12,119.04,Bank Transfer,TC00048,2025,10,October,4,12,6,Sunday
TT02645,U02878,CR00049,2025-07-03,415.51,Credit Card,TC00030,2025,7,July,3,3,3,Thursday
TT02646,U02895,CR00048,2025-12-03,0.0,Credit Card,TC00029,2025,12,December,4,3,2,Wednesday
TT02647,U02895,CR00041,2025-06-07,53.86,Credit Card,TC00039,2025,6,June,2,7,5,Saturday
TT02648,U02897,CR00025,2025-06-23,299.57,Bank Transfer,TC00015,2025,6,June,2,23,0,Monday
TT02649,U02902,CR00052,2025-07-11,0.0,Bank Transfer,TC00060,2025,7,July,3,11,4,Friday
TT02650,U02902,CR00032,2025-10-12,0.0,Credit Card,TC00001,2025,10,October,4,12,6,Sunday
TT02651,U02904,CR00039,2025-09-22,346.71,Credit Card,TC00060,2025,9,September,3,22,0,Monday
TT02652,U02905,CR00018,2025-06-02,0.0,Bank Transfer,TC00050,2025,6,June,2,2,0,Monday
TT02653,U02905,CR00044,2025-03-16,119.04,PayPal,TC00005,2025,3,March,1,16,6,Sunday
TT02654,U02907,CR00049,2025-05-19,415.51,Credit Card,TC00030,2025,5,May,2,19,0,Monday
TT02655,U02907,CR00053,2025-08-30,0.0,Bank Transfer,TC00039,2025,8,August,3,30,5,Saturday
TT02656,U02914,CR00055,2025-10-26,57.32,PayPal,TC00020,2025,10,October,4,26,6,Sunday
TT02657,U02914,CR00026,2025-01-17,0.0,PayPal,TC00049,2025,1,January,1,17,4,Friday
TT02658,U02918,CR00058,2025-07-27,0.0,Credit Card,TC00020,2025,7,July,3,27,6,Sunday
TT02659,U02918,CR00005,2025-05-27,0.0,Credit Card,TC00052,2025,5,May,2,27,1,Tuesday
TT02660,U02924,CR00045,2025-10-25,0.0,Bank Transfer,TC00005,2025,10,October,4,25,5,Saturday
TT02661,U02936,CR00007,2025-03-24,0.0,Credit Card,TC00019,2025,3,March,1,24,0,Monday
TT02662,U02936,CR00016,2025-11-13,0.0,Bank Transfer,TC00006,2025,11,November,4,13,3,Thursday
TT02663,U02938,CR00013,2025-12-30,0.0,Credit Card,TC00052,2025,12,December,4,30,1,Tuesday
TT02664,U02956,CR00041,2025-04-02,53.86,PayPal,TC00039,2025,4,April,2,2,2,Wednesday
TT02665,U02956,CR00005,2025-06-28,0.0,Bank Transfer,TC00030,2025,6,June,2,28,5,Saturday
TT02666,U02959,CR00006,2025-02-02,276.37,PayPal,TC00049,2025,2,February,1,2,6,Sunday
TT02667,U02959,CR00019,2025-07-22,0.0,PayPal,TC00013,2025,7,July,3,22,1,Tuesday
TT02668,U02962,CR00042,2025-04-25,0.0,Credit Card,TC00039,2025,4,April,2,25,4,Friday
TT02669,U02968,CR00025,2025-11-25,299.57,Credit Card,TC00057,2025,11,November,4,25,1,Tuesday
TT02670,U02968,CR00056,2025-01-05,212.39,PayPal,TC00035,2025,1,January,1,5,6,Sunday
TT02671,U02988,CR00016,2025-12-29,0.0,Credit Card,TC00030,2025,12,December,4,29,0,Monday
TT02672,U02995,CR00051,2025-08-21,37.89,Credit Card,TC00030,2025,8,August,3,21,3,Thursday
TT02673,U02996,CR00043,2025-11-21,0.0,PayPal,TC00048,2025,11,November,4,21,4,Friday
TT02674,U03000,CR00034,2025-02-06,394.26,PayPal,TC00001,2025,2,February,1,6,3,Thursday
TT02675,U00001,CR00034,2025-11-02,394.26,PayPal,TC00031,2025,11,November,4,2,6,Sunday
TT02676,U00002,CR00004,2025-07-15,0.0,PayPal,TC00009,2025,7,July,3,15,1,Tuesday
TT02677,U00006,CR00028,2025-11-19,0.78,Bank Transfer,TC00038,2025,11,November,4,19,2,Wednesday
TT02678,U00007,CR00031,2025-03-08,0.0,PayPal,TC00031,2025,3,March,1,8,5,Saturday
TT02679,U00008,CR00042,2025-07-30,0.0,PayPal,TC00044,2025,7,July,3,30,2,Wednesday
TT02680,U00009,CR00006,2025-06-19,276.37,Credit Card,TC00003,2025,6,June,2,19,3,Thursday
TT02681,U00016,CR00017,2025-09-27,0.0,PayPal,TC00009,2025,9,September,3,27,5,Saturday
TT02682,U00020,CR00004,2025-07-17,0.0,Credit Card,TC00009,2025,7,July,3,17,3,Thursday
TT02683,U00022,CR00036,2025-05-20,0.0,PayPal,TC00043,2025,5,May,2,20,1,Tuesday
TT02684,U00023,CR00009,2025-06-14,0.0,Bank Transfer,TC00047,2025,6,June,2,14,5,Saturday
TT02685,U00026,CR00040,2025-11-06,327.99,Bank Transfer,TC00043,2025,11,November,4,6,3,Thursday
TT02686,U00030,CR00037,2025-11-15,0.0,PayPal,TC00009,2025,11,November,4,15,5,Saturday
TT02687,U00031,CR00052,2025-10-21,0.0,Credit Card,TC00025,2025,10,October,4,21,1,Tuesday
TT02688,U00032,CR00015,2025-04-10,285.05,Bank Transfer,TC00028,2025,4,April,2,10,3,Thursday
TT02689,U00033,CR00006,2025-02-02,276.37,Bank Transfer,TC00003,2025,2,February,1,2,6,Sunday
TT02690,U00035,CR00028,2025-05-17,0.78,Credit Card,TC00016,2025,5,May,2,17,5,Saturday
TT02691,U00036,CR00003,2025-11-01,0.0,PayPal,TC00028,2025,11,November,4,1,5,Saturday
TT02692,U00039,CR00039,2025-03-01,346.71,Credit Card,TC00009,2025,3,March,1,1,5,Saturday
TT02693,U00040,CR00003,2025-05-13,0.0,PayPal,TC00025,2025,5,May,2,13,1,Tuesday
TT02694,U00044,CR00025,2025-05-19,299.57,Bank Transfer,TC00016,2025,5,May,2,19,0,Monday
TT02695,U00049,CR00037,2025-04-29,0.0,Bank Transfer,TC00014,2025,4,April,2,29,1,Tuesday
TT02696,U00050,CR00007,2025-08-14,0.0,PayPal,TC00051,2025,8,August,3,14,3,Thursday
TT02697,U00051,CR00009,2025-07-25,0.0,PayPal,TC00047,2025,7,July,3,25,4,Friday
TT02698,U00052,CR00028,2025-09-15,0.78,Bank Transfer,TC00044,2025,9,September,3,15,0,Monday
TT02699,U00053,CR00041,2025-12-18,53.86,Credit Card,TC00044,2025,12,December,4,18,3,Thursday
TT02700,U00054,CR00050,2025-03-12,490.9,Credit Card,TC00027,2025,3,March,1,12,2,Wednesday
TT02701,U00058,CR00024,2025-04-10,117.68,Credit Card,TC00010,2025,4,April,2,10,3,Thursday
TT02702,U00059,CR00009,2025-08-21,0.0,Bank Transfer,TC00047,2025,8,August,3,21,3,Thursday
TT02703,U00061,CR00031,2025-05-05,0.0,Bank Transfer,TC00031,2025,5,May,2,5,0,Monday
TT02704,U00062,CR00003,2025-11-26,0.0,PayPal,TC00051,2025,11,November,4,26,2,Wednesday
TT02705,U00064,CR00006,2025-09-08,276.37,Bank Transfer,TC00047,2025,9,September,3,8,0,Monday
TT02706,U00065,CR00053,2025-01-15,0.0,Credit Card,TC00045,2025,1,January,1,15,2,Wednesday
TT02707,U00067,CR00044,2025-11-06,119.04,Bank Transfer,TC00044,2025,11,November,4,6,3,Thursday
TT02708,U00077,CR00020,2025-08-30,0.0,Bank Transfer,TC00043,2025,8,August,3,30,5,Saturday
TT02709,U00079,CR00035,2025-10-04,0.0,Credit Card,TC00031,2025,10,October,4,4,5,Saturday
TT02710,U00080,CR00004,2025-05-21,0.0,Bank Transfer,TC00009,2025,5,May,2,21,2,Wednesday
TT02711,U00081,CR00008,2025-07-09,0.0,Bank Transfer,TC00047,2025,7,July,3,9,2,Wednesday
TT02712,U00084,CR00040,2025-02-11,327.99,Bank Transfer,TC00043,2025,2,February,1,11,1,Tuesday
TT02713,U00088,CR00048,2025-01-26,0.0,PayPal,TC00027,2025,1,January,1,26,6,Sunday
TT02714,U00089,CR00026,2025-05-16,0.0,PayPal,TC00034,2025,5,May,2,16,4,Friday
TT02715,U00090,CR00037,2025-11-17,0.0,Credit Card,TC00009,2025,11,November,4,17,0,Monday
TT02716,U00093,CR00015,2025-06-23,285.05,Bank Transfer,TC00028,2025,6,June,2,23,0,Monday
TT02717,U00095,CR00046,2025-06-06,248.1,PayPal,TC00027,2025,6,June,2,6,4,Friday
TT02718,U00098,CR00010,2025-05-26,0.0,Bank Transfer,TC00003,2025,5,May,2,26,0,Monday
TT02719,U00099,CR00025,2025-08-22,299.57,Credit Card,TC00010,2025,8,August,3,22,4,Friday
TT02720,U00100,CR00060,2025-09-21,0.0,Bank Transfer,TC00036,2025,9,September,3,21,6,Sunday
TT02721,U00101,CR00047,2025-03-07,89.59,Bank Transfer,TC00027,2025,3,March,1,7,4,Friday
TT02722,U00103,CR00013,2025-02-16,0.0,Credit Card,TC00028,2025,2,February,1,16,6,Sunday
TT02723,U00105,CR00025,2025-07-21,299.57,Credit Card,TC00016,2025,7,July,3,21,0,Monday
TT02724,U00107,CR00003,2025-07-26,0.0,PayPal,TC00044,2025,7,July,3,26,5,Saturday
TT02725,U00111,CR00060,2025-06-28,0.0,Bank Transfer,TC00017,2025,6,June,2,28,5,Saturday
TT02726,U00113,CR00039,2025-04-14,346.71,PayPal,TC00043,2025,4,April,2,14,0,Monday
TT02727,U00116,CR00008,2025-04-27,0.0,PayPal,TC00047,2025,4,April,2,27,6,Sunday
TT02728,U00119,CR00055,2025-06-11,57.32,PayPal,TC00026,2025,6,June,2,11,2,Wednesday
TT02729,U00130,CR00046,2025-01-16,248.1,Bank Transfer,TC00027,2025,1,January,1,16,3,Thursday
TT02730,U00131,CR00014,2025-10-24,0.0,PayPal,TC00028,2025,10,October,4,24,4,Friday
TT02731,U00132,CR00029,2025-10-21,0.0,PayPal,TC00038,2025,10,October,4,21,1,Tuesday
TT02732,U00135,CR00023,2025-07-07,0.0,Credit Card,TC00010,2025,7,July,3,7,0,Monday
TT02733,U00141,CR00004,2025-02-06,0.0,Bank Transfer,TC00009,2025,2,February,1,6,3,Thursday
TT02734,U00142,CR00001,2025-01-20,472.28,Bank Transfer,TC00023,2025,1,January,1,20,0,Monday
TT02735,U00146,CR00058,2025-11-18,0.0,Bank Transfer,TC00022,2025,11,November,4,18,1,Tuesday
TT02736,U00148,CR00023,2025-02-05,0.0,Credit Card,TC00016,2025,2,February,1,5,2,Wednesday
TT02737,U00151,CR00058,2025-02-27,0.0,Bank Transfer,TC00017,2025,2,February,1,27,3,Thursday
TT02738,U00156,CR00045,2025-02-13,0.0,Credit Card,TC00044,2025,2,February,1,13,3,Thursday
TT02739,U00158,CR00005,2025-05-24,0.0,PayPal,TC00051,2025,5,May,2,24,5,Saturday
TT02740,U00160,CR00040,2025-12-16,327.99,PayPal,TC00043,2025,12,December,4,16,1,Tuesday
TT02741,U00163,CR00037,2025-07-20,0.0,Bank Transfer,TC00009,2025,7,July,3,20,6,Sunday
TT02742,U00167,CR00035,2025-11-16,0.0,PayPal,TC00031,2025,11,November,4,16,6,Sunday
TT02743,U00172,CR00026,2025-11-07,0.0,Bank Transfer,TC00023,2025,11,November,4,7,4,Friday
TT02744,U00174,CR00056,2025-12-26,212.39,PayPal,TC00017,2025,12,December,4,26,4,Friday
TT02745,U00176,CR00036,2025-07-27,0.0,Credit Card,TC00043,2025,7,July,3,27,6,Sunday
TT02746,U00181,CR00025,2025-11-06,299.57,Bank Transfer,TC00010,2025,11,November,4,6,3,Thursday
TT02747,U00182,CR00042,2025-01-21,0.0,Bank Transfer,TC00023,2025,1,January,1,21,1,Tuesday
TT02748,U00183,CR00026,2025-07-02,0.0,Bank Transfer,TC00026,2025,7,July,3,2,2,Wednesday
TT02749,U00184,CR00032,2025-05-07,0.0,Bank Transfer,TC00031,2025,5,May,2,7,2,Wednesday
TT02750,U00185,CR00055,2025-04-19,57.32,PayPal,TC00045,2025,4,April,2,19,5,Saturday
TT02751,U00187,CR00001,2025-06-18,472.28,Bank Transfer,TC00026,2025,6,June,2,18,2,Wednesday
TT02752,U00188,CR00008,2025-11-07,0.0,Bank Transfer,TC00047,2025,11,November,4,7,4,Friday
TT02753,U00189,CR00045,2025-08-18,0.0,PayPal,TC00044,2025,8,August,3,18,0,Monday
TT02754,U00190,CR00012,2025-03-30,487.92,Bank Transfer,TC00028,2025,3,March,1,30,6,Sunday
TT02755,U00193,CR00017,2025-06-24,0.0,Credit Card,TC00036,2025,6,June,2,24,1,Tuesday
TT02756,U00194,CR00023,2025-02-07,0.0,Bank Transfer,TC00010,2025,2,February,1,7,4,Friday
TT02757,U00195,CR00039,2025-07-10,346.71,Bank Transfer,TC00043,2025,7,July,3,10,3,Thursday
TT02758,U00197,CR00021,2025-03-04,0.0,Credit Card,TC00016,2025,3,March,1,4,1,Tuesday
TT02759,U00199,CR00002,2025-05-06,0.0,Bank Transfer,TC00023,2025,5,May,2,6,1,Tuesday
TT02760,U00202,CR00003,2025-11-17,0.0,Bank Transfer,TC00031,2025,11,November,4,17,0,Monday
TT02761,U00211,CR00036,2025-03-25,0.0,Bank Transfer,TC00009,2025,3,March,1,25,1,Tuesday
TT02762,U00214,CR00047,2025-10-27,89.59,Bank Transfer,TC00027,2025,10,October,4,27,0,Monday
TT02763,U00215,CR00011,2025-07-29,326.02,Bank Transfer,TC00028,2025,7,July,3,29,1,Tuesday
TT02764,U00218,CR00016,2025-10-06,0.0,PayPal,TC00023,2025,10,October,4,6,0,Monday
TT02765,U00219,CR00009,2025-02-02,0.0,PayPal,TC00003,2025,2,February,1,2,6,Sunday
TT02766,U00222,CR00028,2025-09-03,0.78,PayPal,TC00047,2025,9,September,3,3,2,Wednesday
TT02767,U00223,CR00042,2025-05-20,0.0,Bank Transfer,TC00023,2025,5,May,2,20,1,Tuesday
TT02768,U00224,CR00050,2025-11-21,490.9,Credit Card,TC00027,2025,11,November,4,21,4,Friday
TT02769,U00225,CR00042,2025-09-21,0.0,Credit Card,TC00044,2025,9,September,3,21,6,Sunday
TT02770,U00226,CR00039,2025-11-06,346.71,PayPal,TC00009,2025,11,November,4,6,3,Thursday
TT02771,U00228,CR00024,2025-11-30,117.68,Bank Transfer,TC00016,2025,11,November,4,30,6,Sunday
TT02772,U00232,CR00032,2025-04-09,0.0,PayPal,TC00031,2025,4,April,2,9,2,Wednesday
TT02773,U00233,CR00044,2025-11-06,119.04,Credit Card,TC00023,2025,11,November,4,6,3,Thursday
TT02774,U00236,CR00034,2025-12-11,394.26,Bank Transfer,TC00031,2025,12,December,4,11,3,Thursday
TT02775,U00243,CR00057,2025-01-12,177.34,Bank Transfer,TC00038,2025,1,January,1,12,6,Sunday
TT02776,U00244,CR00006,2025-03-02,276.37,Credit Card,TC00051,2025,3,March,1,2,6,Sunday
TT02777,U00246,CR00001,2025-05-09,472.28,Bank Transfer,TC00022,2025,5,May,2,9,4,Friday
TT02778,U00248,CR00045,2025-08-28,0.0,PayPal,TC00023,2025,8,August,3,28,3,Thursday
TT02779,U00249,CR00004,2025-08-10,0.0,Credit Card,TC00023,2025,8,August,3,10,6,Sunday
TT02780,U00250,CR00038,2025-09-22,342.61,Bank Transfer,TC00009,2025,9,September,3,22,0,Monday
TT02781,U00252,CR00008,2025-01-21,0.0,Credit Card,TC00051,2025,1,January,1,21,1,Tuesday
TT02782,U00253,CR00059,2025-02-27,0.0,PayPal,TC00022,2025,2,February,1,27,3,Thursday
TT02783,U00256,CR00009,2025-03-26,0.0,Credit Card,TC00047,2025,3,March,1,26,2,Wednesday
TT02784,U00257,CR00037,2025-11-26,0.0,PayPal,TC00014,2025,11,November,4,26,2,Wednesday
TT02785,U00258,CR00024,2025-11-12,117.68,PayPal,TC00016,2025,11,November,4,12,2,Wednesday
TT02786,U00261,CR00029,2025-11-07,0.0,Credit Card,TC00045,2025,11,November,4,7,4,Friday
TT02787,U00262,CR00031,2025-12-06,0.0,Bank Transfer,TC00031,2025,12,December,4,6,5,Saturday
TT02788,U00266,CR00056,2025-06-23,212.39,Bank Transfer,TC00036,2025,6,June,2,23,0,Monday
TT02789,U00270,CR00053,2025-02-09,0.0,PayPal,TC00026,2025,2,February,1,9,6,Sunday
TT02790,U00271,CR00058,2025-06-11,0.0,Bank Transfer,TC00038,2025,6,June,2,11,2,Wednesday
TT02791,U00273,CR00060,2025-02-24,0.0,PayPal,TC00017,2025,2,February,1,24,0,Monday
TT02792,U00275,CR00019,2025-12-15,0.0,Bank Transfer,TC00010,2025,12,December,4,15,0,Monday
TT02793,U00276,CR00025,2025-03-20,299.57,Credit Card,TC00016,2025,3,March,1,20,3,Thursday
TT02794,U00277,CR00018,2025-06-10,0.0,Credit Card,TC00038,2025,6,June,2,10,1,Tuesday
TT02795,U00281,CR00020,2025-06-18,0.0,Credit Card,TC00014,2025,6,June,2,18,2,Wednesday
TT02796,U00288,CR00033,2025-01-28,0.0,PayPal,TC00031,2025,1,January,1,28,1,Tuesday
TT02797,U00289,CR00028,2025-08-17,0.78,Bank Transfer,TC00034,2025,8,August,3,17,6,Sunday
TT02798,U00294,CR00026,2025-07-05,0.0,Bank Transfer,TC00044,2025,7,July,3,5,5,Saturday
TT02799,U00295,CR00029,2025-06-06,0.0,PayPal,TC00026,2025,6,June,2,6,4,Friday
TT02800,U00299,CR00014,2025-11-28,0.0,Bank Transfer,TC00028,2025,11,November,4,28,4,Friday
TT02801,U00302,CR00051,2025-04-16,37.89,PayPal,TC00026,2025,4,April,2,16,2,Wednesday
TT02802,U00304,CR00040,2025-07-16,327.99,Credit Card,TC00043,2025,7,July,3,16,2,Wednesday
TT02803,U00305,CR00035,2025-11-12,0.0,Bank Transfer,TC00031,2025,11,November,4,12,2,Wednesday
TT02804,U00306,CR00043,2025-12-22,0.0,PayPal,TC00023,2025,12,December,4,22,0,Monday
TT02805,U00309,CR00038,2025-04-26,342.61,Bank Transfer,TC00043,2025,4,April,2,26,5,Saturday
TT02806,U00313,CR00059,2025-09-16,0.0,Bank Transfer,TC00017,2025,9,September,3,16,1,Tuesday
TT02807,U00318,CR00011,2025-11-14,326.02,PayPal,TC00028,2025,11,November,4,14,4,Friday
TT02808,U00319,CR00039,2025-05-26,346.71,PayPal,TC00009,2025,5,May,2,26,0,Monday
TT02809,U00324,CR00004,2025-07-15,0.0,Bank Transfer,TC00038,2025,7,July,3,15,1,Tuesday
TT02810,U00325,CR00014,2025-04-20,0.0,Credit Card,TC00028,2025,4,April,2,20,6,Sunday
TT02811,U00326,CR00052,2025-04-23,0.0,Bank Transfer,TC00026,2025,4,April,2,23,2,Wednesday
TT02812,U00331,CR00006,2025-08-10,276.37,Bank Transfer,TC00047,2025,8,August,3,10,6,Sunday
TT02813,U00332,CR00027,2025-09-14,0.0,Credit Card,TC00025,2025,9,September,3,14,6,Sunday
TT02814,U00333,CR00045,2025-04-17,0.0,Bank Transfer,TC00044,2025,4,April,2,17,3,Thursday
TT02815,U00335,CR00035,2025-03-21,0.0,Bank Transfer,TC00031,2025,3,March,1,21,4,Friday
TT02816,U00336,CR00048,2025-12-30,0.0,Bank Transfer,TC00027,2025,12,December,4,30,1,Tuesday
TT02817,U00341,CR00017,2025-07-21,0.0,Bank Transfer,TC00034,2025,7,July,3,21,0,Monday
TT02818,U00343,CR00029,2025-04-02,0.0,Bank Transfer,TC00036,2025,4,April,2,2,2,Wednesday
TT02819,U00349,CR00029,2025-09-05,0.0,Credit Card,TC00017,2025,9,September,3,5,4,Friday
TT02820,U00355,CR00010,2025-11-12,0.0,Bank Transfer,TC00051,2025,11,November,4,12,2,Wednesday
TT02821,U00358,CR00037,2025-07-22,0.0,PayPal,TC00009,2025,7,July,3,22,1,Tuesday
TT02822,U00359,CR00005,2025-07-23,0.0,PayPal,TC00022,2025,7,July,3,23,2,Wednesday
TT02823,U00360,CR00021,2025-04-19,0.0,Credit Card,TC00010,2025,4,April,2,19,5,Saturday
TT02824,U00361,CR00016,2025-08-14,0.0,PayPal,TC00017,2025,8,August,3,14,3,Thursday
TT02825,U00363,CR00008,2025-11-12,0.0,Credit Card,TC00051,2025,11,November,4,12,2,Wednesday
TT02826,U00364,CR00036,2025-04-20,0.0,Bank Transfer,TC00014,2025,4,April,2,20,6,Sunday
TT02827,U00368,CR00008,2025-03-18,0.0,Bank Transfer,TC00051,2025,3,March,1,18,1,Tuesday
TT02828,U00372,CR00028,2025-07-27,0.78,PayPal,TC00017,2025,7,July,3,27,6,Sunday
TT02829,U00373,CR00013,2025-10-28,0.0,PayPal,TC00028,2025,10,October,4,28,1,Tuesday
TT02830,U00374,CR00048,2025-12-05,0.0,PayPal,TC00027,2025,12,December,4,5,4,Friday
TT02831,U00376,CR00009,2025-01-07,0.0,PayPal,TC00051,2025,1,January,1,7,1,Tuesday
TT02832,U00377,CR00057,2025-10-12,177.34,PayPal,TC00017,2025,10,October,4,12,6,Sunday
TT02833,U00380,CR00028,2025-01-23,0.78,Bank Transfer,TC00022,2025,1,January,1,23,3,Thursday
TT02834,U00381,CR00010,2025-05-06,0.0,Bank Transfer,TC00051,2025,5,May,2,6,1,Tuesday
TT02835,U00385,CR00030,2025-01-07,0.0,PayPal,TC00045,2025,1,January,1,7,1,Tuesday
TT02836,U00387,CR00028,2025-08-10,0.78,Credit Card,TC00043,2025,8,August,3,10,6,Sunday
TT02837,U00391,CR00033,2025-08-15,0.0,Bank Transfer,TC00031,2025,8,August,3,15,4,Friday
TT02838,U00393,CR00035,2025-02-26,0.0,Credit Card,TC00031,2025,2,February,1,26,2,Wednesday
TT02839,U00395,CR00035,2025-12-26,0.0,Bank Transfer,TC00031,2025,12,December,4,26,4,Friday
TT02840,U00397,CR00051,2025-02-11,37.89,PayPal,TC00034,2025,2,February,1,11,1,Tuesday
TT02841,U00410,CR00053,2025-11-03,0.0,Credit Card,TC00045,2025,11,November,4,3,0,Monday
TT02842,U00414,CR00007,2025-10-16,0.0,PayPal,TC00051,2025,10,October,4,16,3,Thursday
TT02843,U00420,CR00040,2025-04-28,327.99,Bank Transfer,TC00014,2025,4,April,2,28,0,Monday
TT02844,U00421,CR00010,2025-10-21,0.0,Credit Card,TC00051,2025,10,October,4,21,1,Tuesday
TT02845,U00425,CR00050,2025-08-21,490.9,Bank Transfer,TC00027,2025,8,August,3,21,3,Thursday
TT02846,U00428,CR00019,2025-06-26,0.0,Bank Transfer,TC00045,2025,6,June,2,26,3,Thursday
TT02847,U00429,CR00042,2025-09-04,0.0,Bank Transfer,TC00023,2025,9,September,3,4,3,Thursday
TT02848,U00431,CR00012,2025-10-10,487.92,Bank Transfer,TC00028,2025,10,October,4,10,4,Friday
TT02849,U00432,CR00017,2025-08-30,0.0,Bank Transfer,TC00023,2025,8,August,3,30,5,Saturday
TT02850,U00433,CR00006,2025-01-28,276.37,Credit Card,TC00047,2025,1,January,1,28,1,Tuesday
TT02851,U00434,CR00057,2025-02-06,177.34,PayPal,TC00022,2025,2,February,1,6,3,Thursday
TT02852,U00435,CR00044,2025-06-20,119.04,Bank Transfer,TC00044,2025,6,June,2,20,4,Friday
TT02853,U00439,CR00008,2025-12-05,0.0,Bank Transfer,TC00051,2025,12,December,4,5,4,Friday
TT02854,U00440,CR00053,2025-12-17,0.0,Credit Card,TC00026,2025,12,December,4,17,2,Wednesday
TT02855,U00441,CR00051,2025-03-16,37.89,Bank Transfer,TC00034,2025,3,March,1,16,6,Sunday
TT02856,U00442,CR00015,2025-11-15,285.05,Credit Card,TC00028,2025,11,November,4,15,5,Saturday
TT02857,U00445,CR00015,2025-06-05,285.05,Bank Transfer,TC00028,2025,6,June,2,5,3,Thursday
TT02858,U00447,CR00023,2025-10-02,0.0,Credit Card,TC00010,2025,10,October,4,2,3,Thursday
TT02859,U00451,CR00046,2025-03-17,248.1,PayPal,TC00027,2025,3,March,1,17,0,Monday
TT02860,U00453,CR00050,2025-01-14,490.9,Bank Transfer,TC00027,2025,1,January,1,14,1,Tuesday
TT02861,U00459,CR00037,2025-10-14,0.0,PayPal,TC00043,2025,10,October,4,14,1,Tuesday
TT02862,U00463,CR00037,2025-06-27,0.0,Bank Transfer,TC00043,2025,6,June,2,27,4,Friday
TT02863,U00465,CR00028,2025-01-10,0.78,PayPal,TC00010,2025,1,January,1,10,4,Friday
TT02864,U00467,CR00032,2025-07-30,0.0,Bank Transfer,TC00031,2025,7,July,3,30,2,Wednesday
TT02865,U00468,CR00035,2025-01-27,0.0,Bank Transfer,TC00031,2025,1,January,1,27,0,Monday
TT02866,U00470,CR00047,2025-11-22,89.59,PayPal,TC00027,2025,11,November,4,22,5,Saturday
TT02867,U00471,CR00058,2025-02-26,0.0,Bank Transfer,TC00017,2025,2,February,1,26,2,Wednesday
TT02868,U00472,CR00036,2025-10-02,0.0,Bank Transfer,TC00014,2025,10,October,4,2,3,Thursday
TT02869,U00477,CR00051,2025-01-08,37.89,PayPal,TC00025,2025,1,January,1,8,2,Wednesday
TT02870,U00480,CR00059,2025-10-14,0.0,PayPal,TC00038,2025,10,October,4,14,1,Tuesday
TT02871,U00481,CR00011,2025-12-07,326.02,PayPal,TC00028,2025,12,December,4,7,6,Sunday
TT02872,U00482,CR00059,2025-07-26,0.0,PayPal,TC00017,2025,7,July,3,26,5,Saturday
TT02873,U00483,CR00012,2025-06-23,487.92,Bank Transfer,TC00028,2025,6,June,2,23,0,Monday
TT02874,U00490,CR00014,2025-08-17,0.0,PayPal,TC00028,2025,8,August,3,17,6,Sunday
TT02875,U00491,CR00034,2025-08-09,394.26,Credit Card,TC00031,2025,8,August,3,9,5,Saturday
TT02876,U00492,CR00057,2025-02-17,177.34,Credit Card,TC00036,2025,2,February,1,17,0,Monday
TT02877,U00493,CR00037,2025-01-17,0.0,Bank Transfer,TC00014,2025,1,January,1,17,4,Friday
TT02878,U00499,CR00049,2025-04-01,415.51,Credit Card,TC00027,2025,4,April,2,1,1,Tuesday
TT02879,U00501,CR00033,2025-06-03,0.0,Bank Transfer,TC00031,2025,6,June,2,3,1,Tuesday
TT02880,U00508,CR00058,2025-03-26,0.0,Credit Card,TC00038,2025,3,March,1,26,2,Wednesday
TT02881,U00509,CR00043,2025-05-10,0.0,Credit Card,TC00023,2025,5,May,2,10,5,Saturday
TT02882,U00510,CR00013,2025-04-23,0.0,PayPal,TC00028,2025,4,April,2,23,2,Wednesday
TT02883,U00511,CR00019,2025-05-08,0.0,Bank Transfer,TC00003,2025,5,May,2,8,3,Thursday
TT02884,U00513,CR00058,2025-06-01,0.0,Credit Card,TC00017,2025,6,June,2,1,6,Sunday
TT02885,U00516,CR00057,2025-05-23,177.34,Credit Card,TC00038,2025,5,May,2,23,4,Friday
TT02886,U00517,CR00021,2025-04-17,0.0,PayPal,TC00010,2025,4,April,2,17,3,Thursday
TT02887,U00518,CR00049,2025-11-21,415.51,Bank Transfer,TC00027,2025,11,November,4,21,4,Friday
TT02888,U00520,CR00021,2025-11-11,0.0,Credit Card,TC00010,2025,11,November,4,11,1,Tuesday
TT02889,U00523,CR00038,2025-09-16,342.61,PayPal,TC00043,2025,9,September,3,16,1,Tuesday
TT02890,U00525,CR00059,2025-08-07,0.0,Credit Card,TC00038,2025,8,August,3,7,3,Thursday
TT02891,U00526,CR00048,2025-10-02,0.0,Bank Transfer,TC00027,2025,10,October,4,2,3,Thursday
TT02892,U00528,CR00005,2025-07-24,0.0,Bank Transfer,TC00016,2025,7,July,3,24,3,Thursday
TT02893,U00530,CR00041,2025-07-14,53.86,PayPal,TC00023,2025,7,July,3,14,0,Monday
TT02894,U00532,CR00001,2025-02-11,472.28,Credit Card,TC00031,2025,2,February,1,11,1,Tuesday
TT02895,U00536,CR00037,2025-01-02,0.0,Credit Card,TC00014,2025,1,January,1,2,3,Thursday
TT02896,U00538,CR00014,2025-04-08,0.0,Bank Transfer,TC00028,2025,4,April,2,8,1,Tuesday
TT02897,U00539,CR00025,2025-04-20,299.57,Bank Transfer,TC00010,2025,4,April,2,20,6,Sunday
TT02898,U00540,CR00041,2025-11-22,53.86,Credit Card,TC00023,2025,11,November,4,22,5,Saturday
TT02899,U00542,CR00014,2025-09-24,0.0,Bank Transfer,TC00028,2025,9,September,3,24,2,Wednesday
TT02900,U00544,CR00003,2025-10-09,0.0,PayPal,TC00016,2025,10,October,4,9,3,Thursday
TT02901,U00545,CR00048,2025-08-17,0.0,PayPal,TC00027,2025,8,August,3,17,6,Sunday
TT02902,U00546,CR00042,2025-07-03,0.0,PayPal,TC00044,2025,7,July,3,3,3,Thursday
TT02903,U00547,CR00057,2025-08-23,177.34,Credit Card,TC00022,2025,8,August,3,23,5,Saturday
TT02904,U00549,CR00041,2025-05-13,53.86,PayPal,TC00023,2025,5,May,2,13,1,Tuesday
TT02905,U00554,CR00015,2025-07-16,285.05,Credit Card,TC00028,2025,7,July,3,16,2,Wednesday
TT02906,U00561,CR00036,2025-11-13,0.0,Bank Transfer,TC00014,2025,11,November,4,13,3,Thursday
TT02907,U00568,CR00014,2025-09-13,0.0,PayPal,TC00028,2025,9,September,3,13,5,Saturday
TT02908,U00575,CR00042,2025-08-21,0.0,PayPal,TC00044,2025,8,August,3,21,3,Thursday
TT02909,U00577,CR00038,2025-04-03,342.61,Credit Card,TC00043,2025,4,April,2,3,3,Thursday
TT02910,U00578,CR00059,2025-01-11,0.0,Bank Transfer,TC00017,2025,1,January,1,11,5,Saturday
TT02911,U00579,CR00003,2025-10-10,0.0,Credit Card,TC00014,2025,10,October,4,10,4,Friday
TT02912,U00582,CR00004,2025-09-27,0.0,Bank Transfer,TC00043,2025,9,September,3,27,5,Saturday
TT02913,U00589,CR00008,2025-04-11,0.0,PayPal,TC00047,2025,4,April,2,11,4,Friday
TT02914,U00594,CR00003,2025-10-29,0.0,Bank Transfer,TC00044,2025,10,October,4,29,2,Wednesday
TT02915,U00597,CR00046,2025-09-18,248.1,Credit Card,TC00027,2025,9,September,3,18,3,Thursday
TT02916,U00598,CR00049,2025-10-08,415.51,Bank Transfer,TC00027,2025,10,October,4,8,2,Wednesday
TT02917,U00599,CR00030,2025-09-05,0.0,Credit Card,TC00014,2025,9,September,3,5,4,Friday
TT02918,U00600,CR00060,2025-11-11,0.0,Credit Card,TC00036,2025,11,November,4,11,1,Tuesday
TT02919,U00601,CR00053,2025-11-04,0.0,Bank Transfer,TC00034,2025,11,November,4,4,1,Tuesday
TT02920,U00608,CR00002,2025-07-09,0.0,Credit Card,TC00023,2025,7,July,3,9,2,Wednesday
TT02921,U00610,CR00017,2025-03-25,0.0,PayPal,TC00036,2025,3,March,1,25,1,Tuesday
TT02922,U00612,CR00055,2025-05-02,57.32,PayPal,TC00025,2025,5,May,2,2,4,Friday
TT02923,U00614,CR00058,2025-08-03,0.0,Credit Card,TC00022,2025,8,August,3,3,6,Sunday
TT02924,U00615,CR00014,2025-10-07,0.0,Bank Transfer,TC00028,2025,10,October,4,7,1,Tuesday
TT02925,U00617,CR00023,2025-09-20,0.0,PayPal,TC00010,2025,9,September,3,20,5,Saturday
TT02926,U00618,CR00060,2025-06-29,0.0,Bank Transfer,TC00038,2025,6,June,2,29,6,Sunday
TT02927,U00620,CR00045,2025-04-29,0.0,PayPal,TC00044,2025,4,April,2,29,1,Tuesday
TT02928,U00629,CR00007,2025-05-17,0.0,Bank Transfer,TC00003,2025,5,May,2,17,5,Saturday
TT02929,U00632,CR00027,2025-09-09,0.0,Credit Card,TC00034,2025,9,September,3,9,1,Tuesday
TT02930,U00641,CR00038,2025-11-18,342.61,Credit Card,TC00009,2025,11,November,4,18,1,Tuesday
TT02931,U00643,CR00040,2025-12-01,327.99,Credit Card,TC00009,2025,12,December,4,1,0,Monday
TT02932,U00644,CR00004,2025-05-14,0.0,PayPal,TC00010,2025,5,May,2,14,2,Wednesday
TT02933,U00646,CR00004,2025-07-06,0.0,Credit Card,TC00017,2025,7,July,3,6,6,Sunday
TT02934,U00647,CR00012,2025-01-16,487.92,Bank Transfer,TC00028,2025,1,January,1,16,3,Thursday
TT02935,U00649,CR00049,2025-11-24,415.51,PayPal,TC00027,2025,11,November,4,24,0,Monday
TT02936,U00650,CR00016,2025-02-25,0.0,PayPal,TC00025,2025,2,February,1,25,1,Tuesday
TT02937,U00656,CR00043,2025-04-25,0.0,PayPal,TC00044,2025,4,April,2,25,4,Friday
TT02938,U00658,CR00059,2025-12-29,0.0,Bank Transfer,TC00038,2025,12,December,4,29,0,Monday
TT02939,U00663,CR00015,2025-08-09,285.05,PayPal,TC00028,2025,8,August,3,9,5,Saturday
TT02940,U00664,CR00024,2025-02-18,117.68,Bank Transfer,TC00016,2025,2,February,1,18,1,Tuesday
TT02941,U00669,CR00046,2025-01-13,248.1,Bank Transfer,TC00027,2025,1,January,1,13,0,Monday
TT02942,U00674,CR00013,2025-01-04,0.0,PayPal,TC00028,2025,1,January,1,4,5,Saturday
TT02943,U00677,CR00049,2025-05-25,415.51,Credit Card,TC00027,2025,5,May,2,25,6,Sunday
TT02944,U00678,CR00043,2025-01-11,0.0,Credit Card,TC00044,2025,1,January,1,11,5,Saturday
TT02945,U00679,CR00006,2025-08-22,276.37,PayPal,TC00003,2025,8,August,3,22,4,Friday
TT02946,U00680,CR00012,2025-11-06,487.92,PayPal,TC00028,2025,11,November,4,6,3,Thursday
TT02947,U00682,CR00058,2025-12-02,0.0,Credit Card,TC00022,2025,12,December,4,2,1,Tuesday
TT02948,U00683,CR00007,2025-04-02,0.0,Bank Transfer,TC00051,2025,4,April,2,2,2,Wednesday
TT02949,U00685,CR00012,2025-02-05,487.92,Credit Card,TC00028,2025,2,February,1,5,2,Wednesday
TT02950,U00686,CR00052,2025-11-20,0.0,PayPal,TC00025,2025,11,November,4,20,3,Thursday
TT02951,U00690,CR00059,2025-03-02,0.0,Bank Transfer,TC00036,2025,3,March,1,2,6,Sunday
TT02952,U00691,CR00007,2025-11-06,0.0,Credit Card,TC00051,2025,11,November,4,6,3,Thursday
TT02953,U00692,CR00037,2025-12-21,0.0,Credit Card,TC00043,2025,12,December,4,21,6,Sunday
TT02954,U00693,CR00055,2025-01-21,57.32,Credit Card,TC00034,2025,1,January,1,21,1,Tuesday
TT02955,U00694,CR00021,2025-10-27,0.0,Bank Transfer,TC00010,2025,10,October,4,27,0,Monday
TT02956,U00695,CR00010,2025-06-03,0.0,Bank Transfer,TC00003,2025,6,June,2,3,1,Tuesday
TT02957,U00697,CR00003,2025-02-20,0.0,Credit Card,TC00017,2025,2,February,1,20,3,Thursday
TT02958,U00705,CR00017,2025-04-24,0.0,Credit Card,TC00014,2025,4,April,2,24,3,Thursday
TT02959,U00707,CR00009,2025-05-19,0.0,Credit Card,TC00051,2025,5,May,2,19,0,Monday
TT02960,U00708,CR00016,2025-02-06,0.0,Credit Card,TC00017,2025,2,February,1,6,3,Thursday
TT02961,U00710,CR00046,2025-05-07,248.1,Bank Transfer,TC00027,2025,5,May,2,7,2,Wednesday
TT02962,U00715,CR00014,2025-02-22,0.0,Credit Card,TC00028,2025,2,February,1,22,5,Saturday
TT02963,U00717,CR00031,2025-07-13,0.0,Bank Transfer,TC00031,2025,7,July,3,13,6,Sunday
TT02964,U00720,CR00049,2025-12-21,415.51,Credit Card,TC00027,2025,12,December,4,21,6,Sunday
TT02965,U00721,CR00007,2025-04-03,0.0,PayPal,TC00047,2025,4,April,2,3,3,Thursday
TT02966,U00725,CR00054,2025-05-10,0.0,Credit Card,TC00026,2025,5,May,2,10,5,Saturday
TT02967,U00726,CR00001,2025-03-16,472.28,Bank Transfer,TC00003,2025,3,March,1,16,6,Sunday
TT02968,U00728,CR00020,2025-10-04,0.0,PayPal,TC00027,2025,10,October,4,4,5,Saturday
TT02969,U00732,CR00034,2025-06-29,394.26,Credit Card,TC00031,2025,6,June,2,29,6,Sunday
TT02970,U00739,CR00042,2025-01-16,0.0,Bank Transfer,TC00023,2025,1,January,1,16,3,Thursday
TT02971,U00742,CR00040,2025-03-14,327.99,Bank Transfer,TC00009,2025,3,March,1,14,4,Friday
TT02972,U00744,CR00019,2025-12-17,0.0,PayPal,TC00025,2025,12,December,4,17,2,Wednesday
TT02973,U00749,CR00016,2025-11-25,0.0,Bank Transfer,TC00043,2025,11,November,4,25,1,Tuesday
TT02974,U00750,CR00012,2025-04-17,487.92,Credit Card,TC00028,2025,4,April,2,17,3,Thursday
TT02975,U00751,CR00005,2025-02-22,0.0,PayPal,TC00023,2025,2,February,1,22,5,Saturday
TT02976,U00756,CR00042,2025-05-07,0.0,Credit Card,TC00044,2025,5,May,2,7,2,Wednesday
TT02977,U00757,CR00041,2025-08-28,53.86,Credit Card,TC00023,2025,8,August,3,28,3,Thursday
TT02978,U00758,CR00013,2025-02-15,0.0,Credit Card,TC00028,2025,2,February,1,15,5,Saturday
TT02979,U00759,CR00028,2025-04-06,0.78,Credit Card,TC00034,2025,4,April,2,6,6,Sunday
TT02980,U00761,CR00058,2025-11-26,0.0,Credit Card,TC00017,2025,11,November,4,26,2,Wednesday
TT02981,U00762,CR00039,2025-09-19,346.71,PayPal,TC00043,2025,9,September,3,19,4,Friday
TT02982,U00763,CR00023,2025-04-22,0.0,PayPal,TC00010,2025,4,April,2,22,1,Tuesday
TT02983,U00769,CR00010,2025-10-16,0.0,PayPal,TC00047,2025,10,October,4,16,3,Thursday
TT02984,U00770,CR00026,2025-02-11,0.0,PayPal,TC00047,2025,2,February,1,11,1,Tuesday
TT02985,U00773,CR00044,2025-05-07,119.04,Credit Card,TC00044,2025,5,May,2,7,2,Wednesday
TT02986,U00774,CR00032,2025-03-02,0.0,Credit Card,TC00031,2025,3,March,1,2,6,Sunday
TT02987,U00776,CR00050,2025-04-02,490.9,PayPal,TC00027,2025,4,April,2,2,2,Wednesday
TT02988,U00779,CR00032,2025-09-30,0.0,Bank Transfer,TC00031,2025,9,September,3,30,1,Tuesday
TT02989,U00780,CR00002,2025-11-01,0.0,PayPal,TC00028,2025,11,November,4,1,5,Saturday
TT02990,U00781,CR00021,2025-01-07,0.0,PayPal,TC00016,2025,1,January,1,7,1,Tuesday
TT02991,U00782,CR00007,2025-06-24,0.0,PayPal,TC00047,2025,6,June,2,24,1,Tuesday
TT02992,U00785,CR00059,2025-02-28,0.0,PayPal,TC00038,2025,2,February,1,28,4,Friday
TT02993,U00798,CR00008,2025-06-11,0.0,Credit Card,TC00047,2025,6,June,2,11,2,Wednesday
TT02994,U00805,CR00020,2025-11-16,0.0,Bank Transfer,TC00047,2025,11,November,4,16,6,Sunday
TT02995,U00806,CR00022,2025-08-03,0.0,Bank Transfer,TC00016,2025,8,August,3,3,6,Sunday
TT02996,U00807,CR00038,2025-03-13,342.61,Bank Transfer,TC00043,2025,3,March,1,13,3,Thursday
TT02997,U00808,CR00048,2025-07-04,0.0,Bank Transfer,TC00027,2025,7,July,3,4,4,Friday
TT02998,U00809,CR00050,2025-04-14,490.9,Credit Card,TC00027,2025,4,April,2,14,0,Monday
TT02999,U00814,CR00018,2025-05-04,0.0,Bank Transfer,TC00010,2025,5,May,2,4,6,Sunday
TT03000,U00817,CR00054,2025-03-08,0.0,Credit Card,TC00025,2025,3,March,1,8,5,Saturday
TT03001,U00824,CR00042,2025-12-22,0.0,PayPal,TC00044,2025,12,December,4,22,0,Monday
TT03002,U00826,CR00041,2025-06-10,53.86,Credit Card,TC00023,2025,6,June,2,10,1,Tuesday
TT03003,U00830,CR00011,2025-05-15,326.02,PayPal,TC00028,2025,5,May,2,15,3,Thursday
TT03004,U00832,CR00003,2025-06-08,0.0,Credit Card,TC00017,2025,6,June,2,8,6,Sunday
TT03005,U00834,CR00052,2025-09-25,0.0,Credit Card,TC00045,2025,9,September,3,25,3,Thursday
TT03006,U00835,CR00023,2025-07-23,0.0,PayPal,TC00016,2025,7,July,3,23,2,Wednesday
TT03007,U00844,CR00016,2025-02-05,0.0,Bank Transfer,TC00031,2025,2,February,1,5,2,Wednesday
TT03008,U00846,CR00055,2025-05-27,57.32,Credit Card,TC00034,2025,5,May,2,27,1,Tuesday
TT03009,U00847,CR00059,2025-10-20,0.0,Bank Transfer,TC00017,2025,10,October,4,20,0,Monday
TT03010,U00851,CR00026,2025-06-10,0.0,Credit Card,TC00010,2025,6,June,2,10,1,Tuesday
TT03011,U00855,CR00005,2025-09-01,0.0,Bank Transfer,TC00016,2025,9,September,3,1,0,Monday
TT03012,U00856,CR00060,2025-08-13,0.0,PayPal,TC00017,2025,8,August,3,13,2,Wednesday
TT03013,U00857,CR00054,2025-06-20,0.0,Credit Card,TC00026,2025,6,June,2,20,4,Friday
TT03014,U00859,CR00023,2025-08-07,0.0,PayPal,TC00016,2025,8,August,3,7,3,Thursday
TT03015,U00860,CR00050,2025-05-10,490.9,PayPal,TC00027,2025,5,May,2,10,5,Saturday
TT03016,U00861,CR00030,2025-10-10,0.0,Bank Transfer,TC00038,2025,10,October,4,10,4,Friday
TT03017,U00863,CR00004,2025-05-30,0.0,Credit Card,TC00051,2025,5,May,2,30,4,Friday
TT03018,U00865,CR00015,2025-09-08,285.05,Credit Card,TC00028,2025,9,September,3,8,0,Monday
TT03019,U00866,CR00026,2025-06-02,0.0,Bank Transfer,TC00016,2025,6,June,2,2,0,Monday
TT03020,U00872,CR00054,2025-11-15,0.0,PayPal,TC00026,2025,11,November,4,15,5,Saturday
TT03021,U00877,CR00050,2025-08-12,490.9,Bank Transfer,TC00027,2025,8,August,3,12,1,Tuesday
TT03022,U00878,CR00057,2025-05-24,177.34,Credit Card,TC00036,2025,5,May,2,24,5,Saturday
TT03023,U00880,CR00057,2025-08-05,177.34,PayPal,TC00038,2025,8,August,3,5,1,Tuesday
TT03024,U00882,CR00060,2025-03-14,0.0,Bank Transfer,TC00022,2025,3,March,1,14,4,Friday
TT03025,U00884,CR00012,2025-08-15,487.92,PayPal,TC00028,2025,8,August,3,15,4,Friday
TT03026,U00885,CR00024,2025-07-04,117.68,Credit Card,TC00016,2025,7,July,3,4,4,Friday
TT03027,U00889,CR00023,2025-04-24,0.0,PayPal,TC00016,2025,4,April,2,24,3,Thursday
TT03028,U00897,CR00057,2025-11-22,177.34,Bank Transfer,TC00036,2025,11,November,4,22,5,Saturday
TT03029,U00901,CR00033,2025-03-19,0.0,PayPal,TC00031,2025,3,March,1,19,2,Wednesday
TT03030,U00904,CR00060,2025-06-26,0.0,PayPal,TC00036,2025,6,June,2,26,3,Thursday
TT03031,U00905,CR00010,2025-03-27,0.0,Bank Transfer,TC00051,2025,3,March,1,27,3,Thursday
TT03032,U00906,CR00025,2025-01-29,299.57,Credit Card,TC00016,2025,1,January,1,29,2,Wednesday
TT03033,U00908,CR00033,2025-09-20,0.0,Bank Transfer,TC00031,2025,9,September,3,20,5,Saturday
TT03034,U00909,CR00004,2025-01-18,0.0,Credit Card,TC00009,2025,1,January,1,18,5,Saturday
TT03035,U00912,CR00031,2025-12-22,0.0,Credit Card,TC00031,2025,12,December,4,22,0,Monday
TT03036,U00913,CR00055,2025-10-19,57.32,Bank Transfer,TC00025,2025,10,October,4,19,6,Sunday
TT03037,U00916,CR00023,2025-01-30,0.0,PayPal,TC00016,2025,1,January,1,30,3,Thursday
TT03038,U00924,CR00032,2025-04-08,0.0,Credit Card,TC00031,2025,4,April,2,8,1,Tuesday
TT03039,U00932,CR00055,2025-06-23,57.32,Bank Transfer,TC00026,2025,6,June,2,23,0,Monday
TT03040,U00933,CR00004,2025-08-25,0.0,Credit Card,TC00022,2025,8,August,3,25,0,Monday
TT03041,U00934,CR00036,2025-08-11,0.0,Credit Card,TC00014,2025,8,August,3,11,0,Monday
TT03042,U00935,CR00022,2025-02-24,0.0,Bank Transfer,TC00010,2025,2,February,1,24,0,Monday
TT03043,U00936,CR00058,2025-11-22,0.0,PayPal,TC00017,2025,11,November,4,22,5,Saturday
TT03044,U00939,CR00021,2025-01-07,0.0,Credit Card,TC00016,2025,1,January,1,7,1,Tuesday
TT03045,U00940,CR00031,2025-07-10,0.0,Bank Transfer,TC00031,2025,7,July,3,10,3,Thursday
TT03046,U00942,CR00043,2025-06-23,0.0,Bank Transfer,TC00044,2025,6,June,2,23,0,Monday
TT03047,U00945,CR00036,2025-04-30,0.0,Bank Transfer,TC00043,2025,4,April,2,30,2,Wednesday
TT03048,U00946,CR00016,2025-09-05,0.0,Bank Transfer,TC00045,2025,9,September,3,5,4,Friday
TT03049,U00947,CR00060,2025-04-03,0.0,Bank Transfer,TC00036,2025,4,April,2,3,3,Thursday
TT03050,U00956,CR00040,2025-05-20,327.99,PayPal,TC00014,2025,5,May,2,20,1,Tuesday
TT03051,U00960,CR00007,2025-11-23,0.0,Credit Card,TC00003,2025,11,November,4,23,6,Sunday
TT03052,U00962,CR00014,2025-03-25,0.0,Credit Card,TC00028,2025,3,March,1,25,1,Tuesday
TT03053,U00965,CR00060,2025-01-01,0.0,Credit Card,TC00036,2025,1,January,1,1,2,Wednesday
TT03054,U00966,CR00002,2025-05-22,0.0,PayPal,TC00045,2025,5,May,2,22,3,Thursday
TT03055,U00969,CR00046,2025-03-02,248.1,PayPal,TC00027,2025,3,March,1,2,6,Sunday
TT03056,U00973,CR00055,2025-11-16,57.32,Bank Transfer,TC00026,2025,11,November,4,16,6,Sunday
TT03057,U00974,CR00059,2025-06-03,0.0,Bank Transfer,TC00036,2025,6,June,2,3,1,Tuesday
TT03058,U00975,CR00054,2025-09-15,0.0,PayPal,TC00025,2025,9,September,3,15,0,Monday
TT03059,U00978,CR00009,2025-06-05,0.0,Bank Transfer,TC00003,2025,6,June,2,5,3,Thursday
TT03060,U00982,CR00039,2025-08-09,346.71,PayPal,TC00043,2025,8,August,3,9,5,Saturday
TT03061,U00985,CR00027,2025-08-19,0.0,Credit Card,TC00051,2025,8,August,3,19,1,Tuesday
TT03062,U00987,CR00058,2025-11-03,0.0,PayPal,TC00036,2025,11,November,4,3,0,Monday
TT03063,U00990,CR00042,2025-07-19,0.0,Credit Card,TC00023,2025,7,July,3,19,5,Saturday
TT03064,U00991,CR00047,2025-05-15,89.59,PayPal,TC00027,2025,5,May,2,15,3,Thursday
TT03065,U00993,CR00011,2025-11-26,326.02,Credit Card,TC00028,2025,11,November,4,26,2,Wednesday
TT03066,U00996,CR00059,2025-05-14,0.0,Credit Card,TC00036,2025,5,May,2,14,2,Wednesday
TT03067,U01005,CR00044,2025-12-11,119.04,PayPal,TC00023,2025,12,December,4,11,3,Thursday
TT03068,U01007,CR00042,2025-07-28,0.0,Bank Transfer,TC00023,2025,7,July,3,28,0,Monday
TT03069,U01009,CR00028,2025-02-02,0.78,Credit Card,TC00010,2025,2,February,1,2,6,Sunday
TT03070,U01010,CR00007,2025-06-22,0.0,Bank Transfer,TC00003,2025,6,June,2,22,6,Sunday
TT03071,U01011,CR00046,2025-09-07,248.1,Bank Transfer,TC00027,2025,9,September,3,7,6,Sunday
TT03072,U01012,CR00040,2025-04-21,327.99,Credit Card,TC00014,2025,4,April,2,21,0,Monday
TT03073,U01029,CR00044,2025-08-07,119.04,Bank Transfer,TC00023,2025,8,August,3,7,3,Thursday
TT03074,U01038,CR00038,2025-05-12,342.61,PayPal,TC00014,2025,5,May,2,12,0,Monday
TT03075,U01040,CR00015,2025-11-26,285.05,PayPal,TC00028,2025,11,November,4,26,2,Wednesday
TT03076,U01041,CR00053,2025-06-18,0.0,Bank Transfer,TC00034,2025,6,June,2,18,2,Wednesday
TT03077,U01042,CR00037,2025-04-30,0.0,Credit Card,TC00043,2025,4,April,2,30,2,Wednesday
TT03078,U01044,CR00053,2025-05-03,0.0,PayPal,TC00045,2025,5,May,2,3,5,Saturday
TT03079,U01046,CR00041,2025-04-11,53.86,Bank Transfer,TC00023,2025,4,April,2,11,4,Friday
TT03080,U01047,CR00009,2025-12-24,0.0,PayPal,TC00051,2025,12,December,4,24,2,Wednesday
TT03081,U01050,CR00031,2025-12-17,0.0,Credit Card,TC00031,2025,12,December,4,17,2,Wednesday
TT03082,U01053,CR00023,2025-09-18,0.0,Credit Card,TC00016,2025,9,September,3,18,3,Thursday
TT03083,U01057,CR00042,2025-07-25,0.0,PayPal,TC00044,2025,7,July,3,25,4,Friday
TT03084,U01060,CR00044,2025-08-16,119.04,Credit Card,TC00023,2025,8,August,3,16,5,Saturday
TT03085,U01062,CR00010,2025-02-22,0.0,Credit Card,TC00051,2025,2,February,1,22,5,Saturday
TT03086,U01063,CR00053,2025-01-26,0.0,Credit Card,TC00025,2025,1,January,1,26,6,Sunday
TT03087,U01067,CR00031,2025-06-19,0.0,Bank Transfer,TC00031,2025,6,June,2,19,3,Thursday
TT03088,U01069,CR00035,2025-08-06,0.0,Credit Card,TC00031,2025,8,August,3,6,2,Wednesday
TT03089,U01070,CR00043,2025-09-28,0.0,PayPal,TC00023,2025,9,September,3,28,6,Sunday
TT03090,U01074,CR00045,2025-07-28,0.0,Bank Transfer,TC00044,2025,7,July,3,28,0,Monday
TT03091,U01076,CR00010,2025-05-18,0.0,Credit Card,TC00003,2025,5,May,2,18,6,Sunday
TT03092,U01080,CR00024,2025-09-29,117.68,Credit Card,TC00010,2025,9,September,3,29,0,Monday
TT03093,U01081,CR00011,2025-02-02,326.02,Bank Transfer,TC00028,2025,2,February,1,2,6,Sunday
TT03094,U01082,CR00042,2025-08-21,0.0,PayPal,TC00023,2025,8,August,3,21,3,Thursday
TT03095,U01086,CR00024,2025-06-14,117.68,Credit Card,TC00016,2025,6,June,2,14,5,Saturday
TT03096,U01087,CR00025,2025-12-10,299.57,Credit Card,TC00016,2025,12,December,4,10,2,Wednesday
TT03097,U01093,CR00003,2025-05-28,0.0,PayPal,TC00010,2025,5,May,2,28,2,Wednesday
TT03098,U01097,CR00053,2025-05-06,0.0,Bank Transfer,TC00026,2025,5,May,2,6,1,Tuesday
TT03099,U01099,CR00017,2025-12-19,0.0,Bank Transfer,TC00027,2025,12,December,4,19,4,Friday
TT03100,U01104,CR00028,2025-04-16,0.78,Credit Card,TC00027,2025,4,April,2,16,2,Wednesday
TT03101,U01105,CR00032,2025-03-17,0.0,Credit Card,TC00031,2025,3,March,1,17,0,Monday
TT03102,U01106,CR00040,2025-02-07,327.99,PayPal,TC00043,2025,2,February,1,7,4,Friday
TT03103,U01107,CR00048,2025-12-15,0.0,PayPal,TC00027,2025,12,December,4,15,0,Monday
TT03104,U01111,CR00029,2025-09-28,0.0,Bank Transfer,TC00034,2025,9,September,3,28,6,Sunday
TT03105,U01112,CR00056,2025-11-12,212.39,PayPal,TC00038,2025,11,November,4,12,2,Wednesday
TT03106,U01113,CR00012,2025-03-27,487.92,Credit Card,TC00028,2025,3,March,1,27,3,Thursday
TT03107,U01114,CR00023,2025-01-09,0.0,PayPal,TC00010,2025,1,January,1,9,3,Thursday
TT03108,U01115,CR00040,2025-07-19,327.99,Bank Transfer,TC00014,2025,7,July,3,19,5,Saturday
TT03109,U01116,CR00045,2025-10-13,0.0,PayPal,TC00023,2025,10,October,4,13,0,Monday
TT03110,U01117,CR00002,2025-08-23,0.0,PayPal,TC00045,2025,8,August,3,23,5,Saturday
TT03111,U01118,CR00044,2025-12-28,119.04,PayPal,TC00023,2025,12,December,4,28,6,Sunday
TT03112,U01119,CR00002,2025-05-09,0.0,Credit Card,TC00026,2025,5,May,2,9,4,Friday
TT03113,U01121,CR00024,2025-03-28,117.68,Bank Transfer,TC00016,2025,3,March,1,28,4,Friday
TT03114,U01129,CR00011,2025-06-17,326.02,PayPal,TC00028,2025,6,June,2,17,1,Tuesday
TT03115,U01130,CR00041,2025-07-25,53.86,Bank Transfer,TC00023,2025,7,July,3,25,4,Friday
TT03116,U01133,CR00009,2025-12-19,0.0,Bank Transfer,TC00047,2025,12,December,4,19,4,Friday
TT03117,U01139,CR00003,2025-01-26,0.0,Credit Card,TC00036,2025,1,January,1,26,6,Sunday
TT03118,U01140,CR00044,2025-09-17,119.04,Bank Transfer,TC00044,2025,9,September,3,17,2,Wednesday
TT03119,U01141,CR00006,2025-06-08,276.37,Credit Card,TC00051,2025,6,June,2,8,6,Sunday
TT03120,U01145,CR00001,2025-07-08,472.28,PayPal,TC00027,2025,7,July,3,8,1,Tuesday
TT03121,U01147,CR00002,2025-07-08,0.0,Credit Card,TC00017,2025,7,July,3,8,1,Tuesday
TT03122,U01150,CR00041,2025-03-18,53.86,Credit Card,TC00044,2025,3,March,1,18,1,Tuesday
TT03123,U01152,CR00039,2025-10-26,346.71,Credit Card,TC00043,2025,10,October,4,26,6,Sunday
TT03124,U01153,CR00038,2025-02-24,342.61,Credit Card,TC00014,2025,2,February,1,24,0,Monday
TT03125,U01159,CR00016,2025-04-27,0.0,PayPal,TC00025,2025,4,April,2,27,6,Sunday
TT03126,U01164,CR00053,2025-02-01,0.0,Credit Card,TC00045,2025,2,February,1,1,5,Saturday
TT03127,U01168,CR00051,2025-03-13,37.89,Bank Transfer,TC00045,2025,3,March,1,13,3,Thursday
TT03128,U01169,CR00026,2025-11-25,0.0,Credit Card,TC00014,2025,11,November,4,25,1,Tuesday
TT03129,U01171,CR00040,2025-10-09,327.99,Credit Card,TC00014,2025,10,October,4,9,3,Thursday
TT03130,U01175,CR00008,2025-04-17,0.0,Credit Card,TC00047,2025,4,April,2,17,3,Thursday
TT03131,U01181,CR00003,2025-05-22,0.0,Bank Transfer,TC00047,2025,5,May,2,22,3,Thursday
TT03132,U01184,CR00041,2025-09-08,53.86,Bank Transfer,TC00044,2025,9,September,3,8,0,Monday
TT03133,U01186,CR00048,2025-04-01,0.0,Credit Card,TC00027,2025,4,April,2,1,1,Tuesday
TT03134,U01187,CR00032,2025-09-25,0.0,Bank Transfer,TC00031,2025,9,September,3,25,3,Thursday
TT03135,U01188,CR00030,2025-04-18,0.0,Bank Transfer,TC00045,2025,4,April,2,18,4,Friday
TT03136,U01190,CR00035,2025-07-17,0.0,PayPal,TC00031,2025,7,July,3,17,3,Thursday
TT03137,U01191,CR00001,2025-12-17,472.28,Credit Card,TC00045,2025,12,December,4,17,2,Wednesday
TT03138,U01192,CR00020,2025-10-26,0.0,Bank Transfer,TC00038,2025,10,October,4,26,6,Sunday
TT03139,U01195,CR00012,2025-07-09,487.92,Credit Card,TC00028,2025,7,July,3,9,2,Wednesday
TT03140,U01198,CR00008,2025-02-06,0.0,Bank Transfer,TC00047,2025,2,February,1,6,3,Thursday
TT03141,U01199,CR00053,2025-07-11,0.0,Credit Card,TC00026,2025,7,July,3,11,4,Friday
TT03142,U01206,CR00051,2025-02-21,37.89,PayPal,TC00045,2025,2,February,1,21,4,Friday
TT03143,U01207,CR00026,2025-02-23,0.0,PayPal,TC00045,2025,2,February,1,23,6,Sunday
TT03144,U01208,CR00020,2025-05-30,0.0,PayPal,TC00027,2025,5,May,2,30,4,Friday
TT03145,U01212,CR00010,2025-12-27,0.0,Bank Transfer,TC00051,2025,12,December,4,27,5,Saturday
TT03146,U01213,CR00057,2025-01-20,177.34,Credit Card,TC00022,2025,1,January,1,20,0,Monday
TT03147,U01215,CR00050,2025-04-15,490.9,Credit Card,TC00027,2025,4,April,2,15,1,Tuesday
TT03148,U01217,CR00020,2025-06-15,0.0,Credit Card,TC00031,2025,6,June,2,15,6,Sunday
TT03149,U01219,CR00024,2025-11-11,117.68,Bank Transfer,TC00016,2025,11,November,4,11,1,Tuesday
TT03150,U01220,CR00015,2025-12-01,285.05,PayPal,TC00028,2025,12,December,4,1,0,Monday
TT03151,U01223,CR00059,2025-03-23,0.0,Bank Transfer,TC00022,2025,3,March,1,23,6,Sunday
TT03152,U01227,CR00040,2025-01-10,327.99,Credit Card,TC00043,2025,1,January,1,10,4,Friday
TT03153,U01234,CR00019,2025-12-12,0.0,PayPal,TC00028,2025,12,December,4,12,4,Friday
TT03154,U01236,CR00021,2025-11-01,0.0,Credit Card,TC00016,2025,11,November,4,1,5,Saturday
TT03155,U01238,CR00021,2025-05-02,0.0,PayPal,TC00016,2025,5,May,2,2,4,Friday
TT03156,U01240,CR00027,2025-11-27,0.0,Credit Card,TC00025,2025,11,November,4,27,3,Thursday
TT03157,U01245,CR00048,2025-02-02,0.0,PayPal,TC00027,2025,2,February,1,2,6,Sunday
TT03158,U01253,CR00056,2025-06-08,212.39,Bank Transfer,TC00022,2025,6,June,2,8,6,Sunday
TT03159,U01254,CR00027,2025-05-23,0.0,Bank Transfer,TC00051,2025,5,May,2,23,4,Friday
TT03160,U01256,CR00002,2025-03-21,0.0,Credit Card,TC00016,2025,3,March,1,21,4,Friday
TT03161,U01263,CR00050,2025-09-03,490.9,PayPal,TC00027,2025,9,September,3,3,2,Wednesday
TT03162,U01264,CR00035,2025-12-15,0.0,PayPal,TC00031,2025,12,December,4,15,0,Monday
TT03163,U01272,CR00010,2025-09-23,0.0,Credit Card,TC00047,2025,9,September,3,23,1,Tuesday
TT03164,U01273,CR00048,2025-07-28,0.0,Bank Transfer,TC00027,2025,7,July,3,28,0,Monday
TT03165,U01274,CR00039,2025-04-17,346.71,Credit Card,TC00009,2025,4,April,2,17,3,Thursday
TT03166,U01275,CR00035,2025-05-15,0.0,Bank Transfer,TC00031,2025,5,May,2,15,3,Thursday
TT03167,U01283,CR00027,2025-11-12,0.0,Credit Card,TC00028,2025,11,November,4,12,2,Wednesday
TT03168,U01289,CR00007,2025-01-22,0.0,Credit Card,TC00047,2025,1,January,1,22,2,Wednesday
TT03169,U01292,CR00053,2025-03-19,0.0,Credit Card,TC00034,2025,3,March,1,19,2,Wednesday
TT03170,U01293,CR00034,2025-07-25,394.26,Credit Card,TC00031,2025,7,July,3,25,4,Friday
TT03171,U01294,CR00007,2025-05-07,0.0,PayPal,TC00003,2025,5,May,2,7,2,Wednesday
TT03172,U01296,CR00036,2025-09-19,0.0,Bank Transfer,TC00014,2025,9,September,3,19,4,Friday
TT03173,U01298,CR00058,2025-09-04,0.0,PayPal,TC00038,2025,9,September,3,4,3,Thursday
TT03174,U01299,CR00016,2025-07-01,0.0,Credit Card,TC00027,2025,7,July,3,1,1,Tuesday
TT03175,U01306,CR00053,2025-08-26,0.0,Bank Transfer,TC00026,2025,8,August,3,26,1,Tuesday
TT03176,U01307,CR00010,2025-06-12,0.0,Bank Transfer,TC00047,2025,6,June,2,12,3,Thursday
TT03177,U01308,CR00032,2025-02-06,0.0,Credit Card,TC00031,2025,2,February,1,6,3,Thursday
TT03178,U01311,CR00040,2025-03-04,327.99,PayPal,TC00014,2025,3,March,1,4,1,Tuesday
TT03179,U01312,CR00007,2025-03-26,0.0,PayPal,TC00003,2025,3,March,1,26,2,Wednesday
TT03180,U01316,CR00014,2025-09-05,0.0,Credit Card,TC00028,2025,9,September,3,5,4,Friday
TT03181,U01319,CR00016,2025-09-25,0.0,Credit Card,TC00026,2025,9,September,3,25,3,Thursday
TT03182,U01324,CR00059,2025-04-15,0.0,PayPal,TC00022,2025,4,April,2,15,1,Tuesday
TT03183,U01327,CR00012,2025-09-26,487.92,Credit Card,TC00028,2025,9,September,3,26,4,Friday
TT03184,U01328,CR00046,2025-11-15,248.1,Credit Card,TC00027,2025,11,November,4,15,5,Saturday
TT03185,U01333,CR00007,2025-07-12,0.0,Bank Transfer,TC00047,2025,7,July,3,12,5,Saturday
TT03186,U01335,CR00026,2025-05-01,0.0,PayPal,TC00023,2025,5,May,2,1,3,Thursday
TT03187,U01345,CR00052,2025-02-23,0.0,Credit Card,TC00045,2025,2,February,1,23,6,Sunday
TT03188,U01349,CR00030,2025-12-25,0.0,Credit Card,TC00031,2025,12,December,4,25,3,Thursday
TT03189,U01353,CR00052,2025-07-24,0.0,PayPal,TC00026,2025,7,July,3,24,3,Thursday
TT03190,U01357,CR00028,2025-01-05,0.78,Credit Card,TC00022,2025,1,January,1,5,6,Sunday
TT03191,U01360,CR00044,2025-04-14,119.04,Credit Card,TC00023,2025,4,April,2,14,0,Monday
TT03192,U01361,CR00052,2025-05-25,0.0,Credit Card,TC00025,2025,5,May,2,25,6,Sunday
TT03193,U01366,CR00045,2025-01-08,0.0,Bank Transfer,TC00044,2025,1,January,1,8,2,Wednesday
TT03194,U01371,CR00023,2025-10-05,0.0,Credit Card,TC00010,2025,10,October,4,5,6,Sunday
TT03195,U01372,CR00059,2025-02-14,0.0,Credit Card,TC00022,2025,2,February,1,14,4,Friday
TT03196,U01373,CR00033,2025-05-06,0.0,PayPal,TC00031,2025,5,May,2,6,1,Tuesday
TT03197,U01374,CR00060,2025-04-08,0.0,PayPal,TC00022,2025,4,April,2,8,1,Tuesday
TT03198,U01376,CR00036,2025-07-19,0.0,Bank Transfer,TC00043,2025,7,July,3,19,5,Saturday
TT03199,U01380,CR00051,2025-10-25,37.89,Credit Card,TC00045,2025,10,October,4,25,5,Saturday
TT03200,U01381,CR00043,2025-10-25,0.0,PayPal,TC00023,2025,10,October,4,25,5,Saturday
TT03201,U01383,CR00033,2025-06-03,0.0,PayPal,TC00031,2025,6,June,2,3,1,Tuesday
TT03202,U01386,CR00012,2025-03-11,487.92,Credit Card,TC00028,2025,3,March,1,11,1,Tuesday
TT03203,U01387,CR00022,2025-06-16,0.0,Credit Card,TC00016,2025,6,June,2,16,0,Monday
TT03204,U01389,CR00003,2025-04-01,0.0,PayPal,TC00034,2025,4,April,2,1,1,Tuesday
TT03205,U01391,CR00014,2025-06-17,0.0,Credit Card,TC00028,2025,6,June,2,17,1,Tuesday
TT03206,U01393,CR00023,2025-01-29,0.0,Credit Card,TC00016,2025,1,January,1,29,2,Wednesday
TT03207,U01398,CR00053,2025-02-17,0.0,Credit Card,TC00045,2025,2,February,1,17,0,Monday
TT03208,U01400,CR00048,2025-12-01,0.0,Bank Transfer,TC00027,2025,12,December,4,1,0,Monday
TT03209,U01403,CR00031,2025-05-14,0.0,PayPal,TC00031,2025,5,May,2,14,2,Wednesday
TT03210,U01404,CR00053,2025-06-06,0.0,Credit Card,TC00034,2025,6,June,2,6,4,Friday
TT03211,U01406,CR00053,2025-01-10,0.0,Bank Transfer,TC00045,2025,1,January,1,10,4,Friday
TT03212,U01407,CR00016,2025-03-19,0.0,Credit Card,TC00010,2025,3,March,1,19,2,Wednesday
TT03213,U01410,CR00051,2025-06-02,37.89,Bank Transfer,TC00034,2025,6,June,2,2,0,Monday
TT03214,U01413,CR00030,2025-05-02,0.0,Credit Card,TC00016,2025,5,May,2,2,4,Friday
TT03215,U01418,CR00010,2025-05-21,0.0,Credit Card,TC00047,2025,5,May,2,21,2,Wednesday
TT03216,U01423,CR00010,2025-08-03,0.0,Credit Card,TC00051,2025,8,August,3,3,6,Sunday
TT03217,U01425,CR00036,2025-09-29,0.0,Credit Card,TC00009,2025,9,September,3,29,0,Monday
TT03218,U01426,CR00047,2025-10-15,89.59,Credit Card,TC00027,2025,10,October,4,15,2,Wednesday
TT03219,U01427,CR00048,2025-05-14,0.0,PayPal,TC00027,2025,5,May,2,14,2,Wednesday
TT03220,U01428,CR00017,2025-12-26,0.0,Credit Card,TC00038,2025,12,December,4,26,4,Friday
TT03221,U01437,CR00043,2025-06-05,0.0,PayPal,TC00023,2025,6,June,2,5,3,Thursday
TT03222,U01441,CR00040,2025-03-20,327.99,Credit Card,TC00014,2025,3,March,1,20,3,Thursday
TT03223,U01447,CR00014,2025-04-18,0.0,Credit Card,TC00028,2025,4,April,2,18,4,Friday
TT03224,U01448,CR00021,2025-03-26,0.0,Credit Card,TC00016,2025,3,March,1,26,2,Wednesday
TT03225,U01456,CR00043,2025-10-04,0.0,Credit Card,TC00044,2025,10,October,4,4,5,Saturday
TT03226,U01457,CR00034,2025-05-29,394.26,PayPal,TC00031,2025,5,May,2,29,3,Thursday
TT03227,U01458,CR00013,2025-04-14,0.0,PayPal,TC00028,2025,4,April,2,14,0,Monday
TT03228,U01459,CR00005,2025-02-10,0.0,Credit Card,TC00051,2025,2,February,1,10,0,Monday
TT03229,U01461,CR00040,2025-10-16,327.99,PayPal,TC00014,2025,10,October,4,16,3,Thursday
TT03230,U01462,CR00056,2025-06-15,212.39,Credit Card,TC00036,2025,6,June,2,15,6,Sunday
TT03231,U01464,CR00009,2025-08-21,0.0,Credit Card,TC00003,2025,8,August,3,21,3,Thursday
TT03232,U01467,CR00012,2025-09-13,487.92,Credit Card,TC00028,2025,9,September,3,13,5,Saturday
TT03233,U01471,CR00048,2025-01-13,0.0,Bank Transfer,TC00027,2025,1,January,1,13,0,Monday
TT03234,U01477,CR00060,2025-11-19,0.0,PayPal,TC00038,2025,11,November,4,19,2,Wednesday
TT03235,U01478,CR00002,2025-04-10,0.0,Credit Card,TC00022,2025,4,April,2,10,3,Thursday
TT03236,U01479,CR00043,2025-11-22,0.0,PayPal,TC00023,2025,11,November,4,22,5,Saturday
TT03237,U01481,CR00030,2025-12-21,0.0,Credit Card,TC00017,2025,12,December,4,21,6,Sunday
TT03238,U01483,CR00009,2025-03-10,0.0,Bank Transfer,TC00047,2025,3,March,1,10,0,Monday
TT03239,U01484,CR00005,2025-07-12,0.0,Credit Card,TC00043,2025,7,July,3,12,5,Saturday
TT03240,U01485,CR00043,2025-05-26,0.0,PayPal,TC00044,2025,5,May,2,26,0,Monday
TT03241,U01486,CR00045,2025-07-23,0.0,PayPal,TC00044,2025,7,July,3,23,2,Wednesday
TT03242,U01489,CR00012,2025-06-10,487.92,Credit Card,TC00028,2025,6,June,2,10,1,Tuesday
TT03243,U01490,CR00031,2025-10-18,0.0,Bank Transfer,TC00031,2025,10,October,4,18,5,Saturday
TT03244,U01494,CR00032,2025-05-22,0.0,Bank Transfer,TC00031,2025,5,May,2,22,3,Thursday
TT03245,U01499,CR00027,2025-04-10,0.0,Credit Card,TC00047,2025,4,April,2,10,3,Thursday
TT03246,U01501,CR00044,2025-02-26,119.04,Credit Card,TC00023,2025,2,February,1,26,2,Wednesday
TT03247,U01502,CR00055,2025-12-11,57.32,Bank Transfer,TC00034,2025,12,December,4,11,3,Thursday
TT03248,U01503,CR00006,2025-06-15,276.37,PayPal,TC00051,2025,6,June,2,15,6,Sunday
TT03249,U01504,CR00001,2025-09-18,472.28,Bank Transfer,TC00036,2025,9,September,3,18,3,Thursday
TT03250,U01508,CR00035,2025-08-24,0.0,Bank Transfer,TC00031,2025,8,August,3,24,6,Sunday
TT03251,U01513,CR00042,2025-06-05,0.0,PayPal,TC00023,2025,6,June,2,5,3,Thursday
TT03252,U01516,CR00007,2025-03-13,0.0,PayPal,TC00003,2025,3,March,1,13,3,Thursday
TT03253,U01518,CR00050,2025-02-09,490.9,PayPal,TC00027,2025,2,February,1,9,6,Sunday
TT03254,U01520,CR00059,2025-02-13,0.0,PayPal,TC00017,2025,2,February,1,13,3,Thursday
TT03255,U01521,CR00040,2025-11-27,327.99,Bank Transfer,TC00014,2025,11,November,4,27,3,Thursday
TT03256,U01527,CR00051,2025-11-11,37.89,Credit Card,TC00045,2025,11,November,4,11,1,Tuesday
TT03257,U01534,CR00035,2025-03-19,0.0,PayPal,TC00031,2025,3,March,1,19,2,Wednesday
TT03258,U01539,CR00026,2025-03-04,0.0,Bank Transfer,TC00038,2025,3,March,1,4,1,Tuesday
TT03259,U01540,CR00035,2025-12-07,0.0,Credit Card,TC00031,2025,12,December,4,7,6,Sunday
TT03260,U01542,CR00057,2025-07-27,177.34,Credit Card,TC00038,2025,7,July,3,27,6,Sunday
TT03261,U01544,CR00044,2025-07-15,119.04,Credit Card,TC00044,2025,7,July,3,15,1,Tuesday
TT03262,U01545,CR00052,2025-12-08,0.0,Credit Card,TC00025,2025,12,December,4,8,0,Monday
TT03263,U01546,CR00048,2025-05-08,0.0,PayPal,TC00027,2025,5,May,2,8,3,Thursday
TT03264,U01550,CR00030,2025-08-06,0.0,Bank Transfer,TC00043,2025,8,August,3,6,2,Wednesday
TT03265,U01551,CR00019,2025-08-26,0.0,PayPal,TC00017,2025,8,August,3,26,1,Tuesday
TT03266,U01552,CR00010,2025-06-24,0.0,PayPal,TC00047,2025,6,June,2,24,1,Tuesday
TT03267,U01555,CR00022,2025-04-01,0.0,PayPal,TC00016,2025,4,April,2,1,1,Tuesday
TT03268,U01557,CR00027,2025-10-17,0.0,Credit Card,TC00023,2025,10,October,4,17,4,Friday
TT03269,U01558,CR00055,2025-11-05,57.32,Credit Card,TC00034,2025,11,November,4,5,2,Wednesday
TT03270,U01559,CR00047,2025-04-26,89.59,Bank Transfer,TC00027,2025,4,April,2,26,5,Saturday
TT03271,U01560,CR00021,2025-12-17,0.0,Bank Transfer,TC00016,2025,12,December,4,17,2,Wednesday
TT03272,U01562,CR00060,2025-07-30,0.0,Credit Card,TC00017,2025,7,July,3,30,2,Wednesday
TT03273,U01563,CR00042,2025-12-22,0.0,Credit Card,TC00044,2025,12,December,4,22,0,Monday
TT03274,U01564,CR00039,2025-11-26,346.71,PayPal,TC00014,2025,11,November,4,26,2,Wednesday
TT03275,U01565,CR00056,2025-01-29,212.39,Credit Card,TC00038,2025,1,January,1,29,2,Wednesday
TT03276,U01566,CR00048,2025-08-20,0.0,Credit Card,TC00027,2025,8,August,3,20,2,Wednesday
TT03277,U01567,CR00060,2025-06-28,0.0,Bank Transfer,TC00038,2025,6,June,2,28,5,Saturday
TT03278,U01569,CR00018,2025-01-06,0.0,Credit Card,TC00045,2025,1,January,1,6,0,Monday
TT03279,U01572,CR00041,2025-07-02,53.86,Bank Transfer,TC00023,2025,7,July,3,2,2,Wednesday
TT03280,U01574,CR00039,2025-06-06,346.71,Bank Transfer,TC00014,2025,6,June,2,6,4,Friday
TT03281,U01577,CR00008,2025-09-18,0.0,Credit Card,TC00051,2025,9,September,3,18,3,Thursday
TT03282,U01579,CR00045,2025-06-04,0.0,Credit Card,TC00023,2025,6,June,2,4,2,Wednesday
TT03283,U01584,CR00058,2025-12-27,0.0,Credit Card,TC00017,2025,12,December,4,27,5,Saturday
TT03284,U01588,CR00037,2025-02-15,0.0,Bank Transfer,TC00009,2025,2,February,1,15,5,Saturday
TT03285,U01589,CR00035,2025-03-18,0.0,PayPal,TC00031,2025,3,March,1,18,1,Tuesday
TT03286,U01593,CR00058,2025-11-04,0.0,Credit Card,TC00038,2025,11,November,4,4,1,Tuesday
TT03287,U01598,CR00054,2025-11-27,0.0,Bank Transfer,TC00034,2025,11,November,4,27,3,Thursday
TT03288,U01600,CR00011,2025-06-15,326.02,Bank Transfer,TC00028,2025,6,June,2,15,6,Sunday
TT03289,U01604,CR00037,2025-02-10,0.0,PayPal,TC00014,2025,2,February,1,10,0,Monday
TT03290,U01605,CR00055,2025-11-19,57.32,PayPal,TC00026,2025,11,November,4,19,2,Wednesday
TT03291,U01606,CR00039,2025-04-30,346.71,Bank Transfer,TC00014,2025,4,April,2,30,2,Wednesday
TT03292,U01607,CR00047,2025-01-12,89.59,Bank Transfer,TC00027,2025,1,January,1,12,6,Sunday
TT03293,U01610,CR00018,2025-12-15,0.0,Bank Transfer,TC00009,2025,12,December,4,15,0,Monday
TT03294,U01615,CR00027,2025-03-24,0.0,PayPal,TC00025,2025,3,March,1,24,0,Monday
TT03295,U01616,CR00054,2025-03-10,0.0,Bank Transfer,TC00025,2025,3,March,1,10,0,Monday
TT03296,U01617,CR00005,2025-10-19,0.0,Credit Card,TC00016,2025,10,October,4,19,6,Sunday
TT03297,U01619,CR00050,2025-05-15,490.9,Credit Card,TC00027,2025,5,May,2,15,3,Thursday
TT03298,U01623,CR00060,2025-12-09,0.0,Bank Transfer,TC00017,2025,12,December,4,9,1,Tuesday
TT03299,U01626,CR00043,2025-08-19,0.0,Credit Card,TC00044,2025,8,August,3,19,1,Tuesday
TT03300,U01629,CR00041,2025-01-29,53.86,Bank Transfer,TC00023,2025,1,January,1,29,2,Wednesday
TT03301,U01630,CR00023,2025-10-23,0.0,PayPal,TC00010,2025,10,October,4,23,3,Thursday
TT03302,U01632,CR00033,2025-04-16,0.0,Credit Card,TC00031,2025,4,April,2,16,2,Wednesday
TT03303,U01639,CR00002,2025-01-08,0.0,PayPal,TC00028,2025,1,January,1,8,2,Wednesday
TT03304,U01641,CR00042,2025-05-10,0.0,Credit Card,TC00023,2025,5,May,2,10,5,Saturday
TT03305,U01642,CR00022,2025-05-18,0.0,Credit Card,TC00016,2025,5,May,2,18,6,Sunday
TT03306,U01650,CR00027,2025-01-01,0.0,PayPal,TC00036,2025,1,January,1,1,2,Wednesday
TT03307,U01651,CR00056,2025-01-24,212.39,Credit Card,TC00036,2025,1,January,1,24,4,Friday
TT03308,U01655,CR00027,2025-12-03,0.0,PayPal,TC00043,2025,12,December,4,3,2,Wednesday
TT03309,U01657,CR00022,2025-01-01,0.0,Bank Transfer,TC00010,2025,1,January,1,1,2,Wednesday
TT03310,U01658,CR00057,2025-09-12,177.34,PayPal,TC00038,2025,9,September,3,12,4,Friday
TT03311,U01661,CR00054,2025-10-10,0.0,Credit Card,TC00045,2025,10,October,4,10,4,Friday
TT03312,U01668,CR00029,2025-08-09,0.0,Credit Card,TC00038,2025,8,August,3,9,5,Saturday
TT03313,U01670,CR00054,2025-10-21,0.0,PayPal,TC00034,2025,10,October,4,21,1,Tuesday
TT03314,U01672,CR00009,2025-01-17,0.0,Credit Card,TC00047,2025,1,January,1,17,4,Friday
TT03315,U01675,CR00034,2025-08-26,394.26,Credit Card,TC00031,2025,8,August,3,26,1,Tuesday
TT03316,U01676,CR00017,2025-09-27,0.0,Credit Card,TC00045,2025,9,September,3,27,5,Saturday
TT03317,U01679,CR00010,2025-08-22,0.0,Credit Card,TC00003,2025,8,August,3,22,4,Friday
TT03318,U01680,CR00013,2025-04-06,0.0,Bank Transfer,TC00028,2025,4,April,2,6,6,Sunday
TT03319,U01681,CR00037,2025-01-25,0.0,Credit Card,TC00043,2025,1,January,1,25,5,Saturday
TT03320,U01685,CR00030,2025-06-26,0.0,Bank Transfer,TC00025,2025,6,June,2,26,3,Thursday
TT03321,U01686,CR00018,2025-11-16,0.0,Credit Card,TC00010,2025,11,November,4,16,6,Sunday
TT03322,U01691,CR00051,2025-01-11,37.89,Credit Card,TC00045,2025,1,January,1,11,5,Saturday
TT03323,U01694,CR00038,2025-04-10,342.61,PayPal,TC00043,2025,4,April,2,10,3,Thursday
TT03324,U01700,CR00011,2025-11-28,326.02,Bank Transfer,TC00028,2025,11,November,4,28,4,Friday
TT03325,U01701,CR00024,2025-11-04,117.68,PayPal,TC00016,2025,11,November,4,4,1,Tuesday
TT03326,U01705,CR00001,2025-02-04,472.28,PayPal,TC00038,2025,2,February,1,4,1,Tuesday
TT03327,U01706,CR00003,2025-09-28,0.0,Credit Card,TC00044,2025,9,September,3,28,6,Sunday
TT03328,U01710,CR00034,2025-08-17,394.26,PayPal,TC00031,2025,8,August,3,17,6,Sunday
TT03329,U01711,CR00041,2025-09-08,53.86,PayPal,TC00023,2025,9,September,3,8,0,Monday
TT03330,U01712,CR00045,2025-01-25,0.0,Bank Transfer,TC00023,2025,1,January,1,25,5,Saturday
TT03331,U01714,CR00023,2025-05-02,0.0,Bank Transfer,TC00010,2025,5,May,2,2,4,Friday
TT03332,U01716,CR00055,2025-09-03,57.32,PayPal,TC00034,2025,9,September,3,3,2,Wednesday
TT03333,U01718,CR00008,2025-05-28,0.0,Bank Transfer,TC00051,2025,5,May,2,28,2,Wednesday
TT03334,U01719,CR00044,2025-11-20,119.04,Bank Transfer,TC00044,2025,11,November,4,20,3,Thursday
TT03335,U01722,CR00027,2025-08-20,0.0,Credit Card,TC00038,2025,8,August,3,20,2,Wednesday
TT03336,U01723,CR00008,2025-10-05,0.0,Bank Transfer,TC00051,2025,10,October,4,5,6,Sunday
TT03337,U01727,CR00033,2025-03-02,0.0,Credit Card,TC00031,2025,3,March,1,2,6,Sunday
TT03338,U01730,CR00007,2025-08-14,0.0,Credit Card,TC00051,2025,8,August,3,14,3,Thursday
TT03339,U01731,CR00042,2025-01-07,0.0,Credit Card,TC00044,2025,1,January,1,7,1,Tuesday
TT03340,U01735,CR00055,2025-06-24,57.32,Credit Card,TC00026,2025,6,June,2,24,1,Tuesday
TT03341,U01736,CR00021,2025-02-03,0.0,PayPal,TC00016,2025,2,February,1,3,0,Monday
TT03342,U01737,CR00005,2025-12-10,0.0,Bank Transfer,TC00028,2025,12,December,4,10,2,Wednesday
TT03343,U01739,CR00019,2025-10-04,0.0,Bank Transfer,TC00026,2025,10,October,4,4,5,Saturday
TT03344,U01740,CR00019,2025-11-18,0.0,Credit Card,TC00044,2025,11,November,4,18,1,Tuesday
TT03345,U01743,CR00027,2025-11-30,0.0,Bank Transfer,TC00027,2025,11,November,4,30,6,Sunday
TT03346,U01748,CR00034,2025-12-13,394.26,Bank Transfer,TC00031,2025,12,December,4,13,5,Saturday
TT03347,U01749,CR00006,2025-10-07,276.37,PayPal,TC00047,2025,10,October,4,7,1,Tuesday
TT03348,U01751,CR00028,2025-03-19,0.78,Credit Card,TC00026,2025,3,March,1,19,2,Wednesday
TT03349,U01753,CR00013,2025-09-05,0.0,Bank Transfer,TC00028,2025,9,September,3,5,4,Friday
TT03350,U01755,CR00015,2025-11-24,285.05,Bank Transfer,TC00028,2025,11,November,4,24,0,Monday
TT03351,U01757,CR00004,2025-08-18,0.0,Credit Card,TC00028,2025,8,August,3,18,0,Monday
TT03352,U01758,CR00011,2025-08-07,326.02,Credit Card,TC00028,2025,8,August,3,7,3,Thursday
TT03353,U01760,CR00050,2025-07-06,490.9,Bank Transfer,TC00027,2025,7,July,3,6,6,Sunday
TT03354,U01763,CR00046,2025-07-30,248.1,Credit Card,TC00027,2025,7,July,3,30,2,Wednesday
TT03355,U01765,CR00018,2025-07-23,0.0,PayPal,TC00027,2025,7,July,3,23,2,Wednesday
TT03356,U01767,CR00058,2025-03-06,0.0,Credit Card,TC00017,2025,3,March,1,6,3,Thursday
TT03357,U01772,CR00018,2025-03-16,0.0,PayPal,TC00031,2025,3,March,1,16,6,Sunday
TT03358,U01777,CR00052,2025-12-09,0.0,Credit Card,TC00026,2025,12,December,4,9,1,Tuesday
TT03359,U01779,CR00016,2025-01-04,0.0,PayPal,TC00034,2025,1,January,1,4,5,Saturday
TT03360,U01781,CR00037,2025-09-08,0.0,PayPal,TC00043,2025,9,September,3,8,0,Monday
TT03361,U01782,CR00003,2025-09-07,0.0,Bank Transfer,TC00022,2025,9,September,3,7,6,Sunday
TT03362,U01784,CR00044,2025-10-15,119.04,PayPal,TC00044,2025,10,October,4,15,2,Wednesday
TT03363,U01793,CR00033,2025-02-07,0.0,Credit Card,TC00031,2025,2,February,1,7,4,Friday
TT03364,U01794,CR00013,2025-03-09,0.0,Credit Card,TC00028,2025,3,March,1,9,6,Sunday
TT03365,U01796,CR00053,2025-03-22,0.0,PayPal,TC00045,2025,3,March,1,22,5,Saturday
TT03366,U01797,CR00050,2025-09-15,490.9,Credit Card,TC00027,2025,9,September,3,15,0,Monday
TT03367,U01798,CR00012,2025-10-06,487.92,Bank Transfer,TC00028,2025,10,October,4,6,0,Monday
TT03368,U01799,CR00014,2025-12-05,0.0,Bank Transfer,TC00028,2025,12,December,4,5,4,Friday
TT03369,U01801,CR00034,2025-02-16,394.26,Credit Card,TC00031,2025,2,February,1,16,6,Sunday
TT03370,U01806,CR00043,2025-01-17,0.0,PayPal,TC00023,2025,1,January,1,17,4,Friday
TT03371,U01811,CR00045,2025-11-07,0.0,PayPal,TC00023,2025,11,November,4,7,4,Friday
TT03372,U01813,CR00022,2025-03-03,0.0,Bank Transfer,TC00010,2025,3,March,1,3,0,Monday
TT03373,U01815,CR00009,2025-08-28,0.0,PayPal,TC00047,2025,8,August,3,28,3,Thursday
TT03374,U01817,CR00013,2025-04-18,0.0,Credit Card,TC00028,2025,4,April,2,18,4,Friday
TT03375,U01819,CR00017,2025-08-14,0.0,PayPal,TC00016,2025,8,August,3,14,3,Thursday
TT03376,U01821,CR00014,2025-07-27,0.0,Bank Transfer,TC00028,2025,7,July,3,27,6,Sunday
TT03377,U01824,CR00040,2025-12-03,327.99,Credit Card,TC00009,2025,12,December,4,3,2,Wednesday
TT03378,U01826,CR00060,2025-09-29,0.0,Credit Card,TC00022,2025,9,September,3,29,0,Monday
TT03379,U01832,CR00004,2025-01-16,0.0,Credit Card,TC00038,2025,1,January,1,16,3,Thursday
TT03380,U01837,CR00011,2025-05-05,326.02,Bank Transfer,TC00028,2025,5,May,2,5,0,Monday
TT03381,U01839,CR00021,2025-11-07,0.0,PayPal,TC00016,2025,11,November,4,7,4,Friday
TT03382,U01841,CR00031,2025-02-25,0.0,PayPal,TC00031,2025,2,February,1,25,1,Tuesday
TT03383,U01844,CR00023,2025-09-05,0.0,PayPal,TC00016,2025,9,September,3,5,4,Friday
TT03384,U01845,CR00010,2025-02-01,0.0,PayPal,TC00051,2025,2,February,1,1,5,Saturday
TT03385,U01847,CR00031,2025-04-20,0.0,PayPal,TC00031,2025,4,April,2,20,6,Sunday
TT03386,U01848,CR00014,2025-12-21,0.0,Credit Card,TC00028,2025,12,December,4,21,6,Sunday
TT03387,U01849,CR00037,2025-11-16,0.0,Credit Card,TC00009,2025,11,November,4,16,6,Sunday
TT03388,U01853,CR00047,2025-01-08,89.59,Credit Card,TC00027,2025,1,January,1,8,2,Wednesday
TT03389,U01855,CR00041,2025-04-03,53.86,PayPal,TC00044,2025,4,April,2,3,3,Thursday
TT03390,U01862,CR00059,2025-05-21,0.0,Credit Card,TC00022,2025,5,May,2,21,2,Wednesday
TT03391,U01863,CR00038,2025-11-01,342.61,Credit Card,TC00009,2025,11,November,4,1,5,Saturday
TT03392,U01864,CR00016,2025-10-10,0.0,PayPal,TC00044,2025,10,October,4,10,4,Friday
TT03393,U01866,CR00037,2025-02-24,0.0,PayPal,TC00009,2025,2,February,1,24,0,Monday
TT03394,U01869,CR00031,2025-10-01,0.0,PayPal,TC00031,2025,10,October,4,1,2,Wednesday
TT03395,U01870,CR00033,2025-12-17,0.0,Credit Card,TC00031,2025,12,December,4,17,2,Wednesday
TT03396,U01873,CR00005,2025-07-27,0.0,Bank Transfer,TC00036,2025,7,July,3,27,6,Sunday
TT03397,U01874,CR00049,2025-01-06,415.51,Bank Transfer,TC00027,2025,1,January,1,6,0,Monday
TT03398,U01875,CR00015,2025-11-29,285.05,Bank Transfer,TC00028,2025,11,November,4,29,5,Saturday
TT03399,U01881,CR00039,2025-04-11,346.71,PayPal,TC00014,2025,4,April,2,11,4,Friday
TT03400,U01883,CR00050,2025-07-09,490.9,PayPal,TC00027,2025,7,July,3,9,2,Wednesday
TT03401,U01884,CR00039,2025-01-04,346.71,Bank Transfer,TC00014,2025,1,January,1,4,5,Saturday
TT03402,U01888,CR00033,2025-06-13,0.0,PayPal,TC00031,2025,6,June,2,13,4,Friday
TT03403,U01889,CR00007,2025-02-22,0.0,Credit Card,TC00003,2025,2,February,1,22,5,Saturday
TT03404,U01891,CR00005,2025-03-21,0.0,Credit Card,TC00045,2025,3,March,1,21,4,Friday
TT03405,U01894,CR00036,2025-08-09,0.0,Credit Card,TC00043,2025,8,August,3,9,5,Saturday
TT03406,U01897,CR00008,2025-03-04,0.0,PayPal,TC00051,2025,3,March,1,4,1,Tuesday
TT03407,U01898,CR00024,2025-08-08,117.68,Bank Transfer,TC00016,2025,8,August,3,8,4,Friday
TT03408,U01902,CR00055,2025-05-06,57.32,Credit Card,TC00025,2025,5,May,2,6,1,Tuesday
TT03409,U01904,CR00012,2025-04-11,487.92,PayPal,TC00028,2025,4,April,2,11,4,Friday
TT03410,U01910,CR00057,2025-07-13,177.34,Credit Card,TC00036,2025,7,July,3,13,6,Sunday
TT03411,U01911,CR00025,2025-01-09,299.57,Bank Transfer,TC00010,2025,1,January,1,9,3,Thursday
TT03412,U01913,CR00004,2025-02-20,0.0,Bank Transfer,TC00017,2025,2,February,1,20,3,Thursday
TT03413,U01914,CR00007,2025-10-21,0.0,Credit Card,TC00003,2025,10,October,4,21,1,Tuesday
TT03414,U01919,CR00005,2025-03-10,0.0,Bank Transfer,TC00009,2025,3,March,1,10,0,Monday
TT03415,U01925,CR00025,2025-08-22,299.57,Credit Card,TC00016,2025,8,August,3,22,4,Friday
TT03416,U01928,CR00035,2025-03-15,0.0,Bank Transfer,TC00031,2025,3,March,1,15,5,Saturday
TT03417,U01932,CR00049,2025-01-30,415.51,Bank Transfer,TC00027,2025,1,January,1,30,3,Thursday
TT03418,U01937,CR00048,2025-10-16,0.0,PayPal,TC00027,2025,10,October,4,16,3,Thursday
TT03419,U01942,CR00037,2025-09-11,0.0,Credit Card,TC00009,2025,9,September,3,11,3,Thursday
TT03420,U01945,CR00038,2025-07-03,342.61,Bank Transfer,TC00009,2025,7,July,3,3,3,Thursday
TT03421,U01946,CR00030,2025-04-14,0.0,PayPal,TC00025,2025,4,April,2,14,0,Monday
TT03422,U01947,CR00042,2025-09-13,0.0,PayPal,TC00044,2025,9,September,3,13,5,Saturday
TT03423,U01949,CR00030,2025-07-04,0.0,PayPal,TC00026,2025,7,July,3,4,4,Friday
TT03424,U01955,CR00043,2025-11-24,0.0,PayPal,TC00023,2025,11,November,4,24,0,Monday
TT03425,U01956,CR00004,2025-03-15,0.0,PayPal,TC00016,2025,3,March,1,15,5,Saturday
TT03426,U01957,CR00017,2025-11-24,0.0,PayPal,TC00010,2025,11,November,4,24,0,Monday
TT03427,U01960,CR00011,2025-09-21,326.02,Credit Card,TC00028,2025,9,September,3,21,6,Sunday
TT03428,U01965,CR00042,2025-11-05,0.0,Bank Transfer,TC00023,2025,11,November,4,5,2,Wednesday
TT03429,U01967,CR00031,2025-11-30,0.0,Credit Card,TC00031,2025,11,November,4,30,6,Sunday
TT03430,U01969,CR00046,2025-04-04,248.1,PayPal,TC00027,2025,4,April,2,4,4,Friday
TT03431,U01971,CR00017,2025-02-01,0.0,Bank Transfer,TC00028,2025,2,February,1,1,5,Saturday
TT03432,U01973,CR00002,2025-03-05,0.0,Bank Transfer,TC00047,2025,3,March,1,5,2,Wednesday
TT03433,U01975,CR00034,2025-12-03,394.26,Bank Transfer,TC00031,2025,12,December,4,3,2,Wednesday
TT03434,U01978,CR00047,2025-10-18,89.59,Bank Transfer,TC00027,2025,10,October,4,18,5,Saturday
TT03435,U01980,CR00042,2025-12-12,0.0,PayPal,TC00023,2025,12,December,4,12,4,Friday
TT03436,U01981,CR00021,2025-01-09,0.0,Bank Transfer,TC00016,2025,1,January,1,9,3,Thursday
TT03437,U01982,CR00006,2025-07-24,276.37,PayPal,TC00003,2025,7,July,3,24,3,Thursday
TT03438,U01985,CR00054,2025-06-20,0.0,Credit Card,TC00034,2025,6,June,2,20,4,Friday
TT03439,U01986,CR00039,2025-01-29,346.71,Credit Card,TC00043,2025,1,January,1,29,2,Wednesday
TT03440,U01995,CR00027,2025-11-17,0.0,Bank Transfer,TC00034,2025,11,November,4,17,0,Monday
TT03441,U01996,CR00034,2025-09-21,394.26,PayPal,TC00031,2025,9,September,3,21,6,Sunday
TT03442,U01997,CR00039,2025-04-02,346.71,PayPal,TC00043,2025,4,April,2,2,2,Wednesday
TT03443,U02004,CR00038,2025-05-15,342.61,Bank Transfer,TC00009,2025,5,May,2,15,3,Thursday
TT03444,U02005,CR00043,2025-08-18,0.0,PayPal,TC00044,2025,8,August,3,18,0,Monday
TT03445,U02006,CR00031,2025-09-04,0.0,Credit Card,TC00031,2025,9,September,3,4,3,Thursday
TT03446,U02007,CR00043,2025-01-21,0.0,Credit Card,TC00023,2025,1,January,1,21,1,Tuesday
TT03447,U02008,CR00020,2025-02-26,0.0,PayPal,TC00047,2025,2,February,1,26,2,Wednesday
TT03448,U02009,CR00025,2025-04-30,299.57,PayPal,TC00016,2025,4,April,2,30,2,Wednesday
TT03449,U02011,CR00054,2025-10-29,0.0,Credit Card,TC00026,2025,10,October,4,29,2,Wednesday
TT03450,U02012,CR00051,2025-08-10,37.89,Credit Card,TC00034,2025,8,August,3,10,6,Sunday
TT03451,U02018,CR00005,2025-02-22,0.0,PayPal,TC00036,2025,2,February,1,22,5,Saturday
TT03452,U02020,CR00029,2025-01-15,0.0,PayPal,TC00023,2025,1,January,1,15,2,Wednesday
TT03453,U02021,CR00032,2025-06-29,0.0,Credit Card,TC00031,2025,6,June,2,29,6,Sunday
TT03454,U02025,CR00006,2025-05-07,276.37,PayPal,TC00047,2025,5,May,2,7,2,Wednesday
TT03455,U02027,CR00060,2025-12-20,0.0,Bank Transfer,TC00017,2025,12,December,4,20,5,Saturday
TT03456,U02029,CR00038,2025-05-04,342.61,PayPal,TC00009,2025,5,May,2,4,6,Sunday
TT03457,U02030,CR00024,2025-02-04,117.68,PayPal,TC00016,2025,2,February,1,4,1,Tuesday
TT03458,U02034,CR00024,2025-06-05,117.68,Bank Transfer,TC00016,2025,6,June,2,5,3,Thursday
TT03459,U02042,CR00037,2025-11-28,0.0,Credit Card,TC00014,2025,11,November,4,28,4,Friday
TT03460,U02045,CR00028,2025-03-06,0.78,Credit Card,TC00043,2025,3,March,1,6,3,Thursday
TT03461,U02046,CR00054,2025-10-25,0.0,Credit Card,TC00026,2025,10,October,4,25,5,Saturday
TT03462,U02048,CR00047,2025-09-21,89.59,Bank Transfer,TC00027,2025,9,September,3,21,6,Sunday
TT03463,U02049,CR00046,2025-08-17,248.1,Bank Transfer,TC00027,2025,8,August,3,17,6,Sunday
TT03464,U02051,CR00038,2025-04-24,342.61,PayPal,TC00043,2025,4,April,2,24,3,Thursday
TT03465,U02053,CR00013,2025-03-12,0.0,Bank Transfer,TC00028,2025,3,March,1,12,2,Wednesday
TT03466,U02059,CR00019,2025-03-28,0.0,Bank Transfer,TC00003,2025,3,March,1,28,4,Friday
TT03467,U02061,CR00024,2025-01-06,117.68,Credit Card,TC00010,2025,1,January,1,6,0,Monday
TT03468,U02062,CR00032,2025-10-16,0.0,Credit Card,TC00031,2025,10,October,4,16,3,Thursday
TT03469,U02066,CR00026,2025-05-07,0.0,Credit Card,TC00044,2025,5,May,2,7,2,Wednesday
TT03470,U02069,CR00021,2025-12-13,0.0,Bank Transfer,TC00016,2025,12,December,4,13,5,Saturday
TT03471,U02070,CR00038,2025-03-08,342.61,PayPal,TC00009,2025,3,March,1,8,5,Saturday
TT03472,U02072,CR00018,2025-07-27,0.0,PayPal,TC00038,2025,7,July,3,27,6,Sunday
TT03473,U02076,CR00007,2025-04-04,0.0,PayPal,TC00051,2025,4,April,2,4,4,Friday
TT03474,U02079,CR00031,2025-01-02,0.0,Bank Transfer,TC00031,2025,1,January,1,2,3,Thursday
TT03475,U02082,CR00052,2025-06-16,0.0,PayPal,TC00025,2025,6,June,2,16,0,Monday
TT03476,U02085,CR00008,2025-10-02,0.0,Credit Card,TC00047,2025,10,October,4,2,3,Thursday
TT03477,U02087,CR00036,2025-08-07,0.0,PayPal,TC00009,2025,8,August,3,7,3,Thursday
TT03478,U02088,CR00020,2025-03-23,0.0,PayPal,TC00045,2025,3,March,1,23,6,Sunday
TT03479,U02090,CR00022,2025-09-09,0.0,PayPal,TC00016,2025,9,September,3,9,1,Tuesday
TT03480,U02092,CR00047,2025-02-19,89.59,Bank Transfer,TC00027,2025,2,February,1,19,2,Wednesday
TT03481,U02095,CR00044,2025-11-26,119.04,Bank Transfer,TC00023,2025,11,November,4,26,2,Wednesday
TT03482,U02100,CR00046,2025-02-21,248.1,Bank Transfer,TC00027,2025,2,February,1,21,4,Friday
TT03483,U02101,CR00051,2025-03-29,37.89,Credit Card,TC00026,2025,3,March,1,29,5,Saturday
TT03484,U02104,CR00021,2025-08-11,0.0,Bank Transfer,TC00016,2025,8,August,3,11,0,Monday
TT03485,U02106,CR00032,2025-12-12,0.0,PayPal,TC00031,2025,12,December,4,12,4,Friday
TT03486,U02108,CR00029,2025-01-07,0.0,Bank Transfer,TC00043,2025,1,January,1,7,1,Tuesday
TT03487,U02110,CR00006,2025-11-26,276.37,Bank Transfer,TC00003,2025,11,November,4,26,2,Wednesday
TT03488,U02111,CR00033,2025-05-13,0.0,Bank Transfer,TC00031,2025,5,May,2,13,1,Tuesday
TT03489,U02114,CR00060,2025-02-09,0.0,Credit Card,TC00036,2025,2,February,1,9,6,Sunday
TT03490,U02115,CR00029,2025-04-08,0.0,PayPal,TC00010,2025,4,April,2,8,1,Tuesday
TT03491,U02116,CR00038,2025-04-29,342.61,Credit Card,TC00014,2025,4,April,2,29,1,Tuesday
TT03492,U02118,CR00003,2025-01-13,0.0,PayPal,TC00038,2025,1,January,1,13,0,Monday
TT03493,U02119,CR00031,2025-03-01,0.0,Credit Card,TC00031,2025,3,March,1,1,5,Saturday
TT03494,U02121,CR00049,2025-10-09,415.51,Bank Transfer,TC00027,2025,10,October,4,9,3,Thursday
TT03495,U02124,CR00054,2025-09-10,0.0,Credit Card,TC00026,2025,9,September,3,10,2,Wednesday
TT03496,U02126,CR00030,2025-08-16,0.0,Credit Card,TC00038,2025,8,August,3,16,5,Saturday
TT03497,U02128,CR00008,2025-11-18,0.0,Credit Card,TC00003,2025,11,November,4,18,1,Tuesday
TT03498,U02130,CR00056,2025-03-03,212.39,Credit Card,TC00038,2025,3,March,1,3,0,Monday
TT03499,U02131,CR00060,2025-02-04,0.0,PayPal,TC00038,2025,2,February,1,4,1,Tuesday
TT03500,U02134,CR00043,2025-02-23,0.0,PayPal,TC00023,2025,2,February,1,23,6,Sunday
TT03501,U02139,CR00028,2025-01-10,0.78,Bank Transfer,TC00025,2025,1,January,1,10,4,Friday
TT03502,U02140,CR00011,2025-11-16,326.02,Credit Card,TC00028,2025,11,November,4,16,6,Sunday
TT03503,U02145,CR00053,2025-04-26,0.0,PayPal,TC00026,2025,4,April,2,26,5,Saturday
TT03504,U02148,CR00039,2025-06-15,346.71,PayPal,TC00043,2025,6,June,2,15,6,Sunday
TT03505,U02150,CR00031,2025-07-25,0.0,Credit Card,TC00031,2025,7,July,3,25,4,Friday
TT03506,U02156,CR00021,2025-01-03,0.0,PayPal,TC00016,2025,1,January,1,3,4,Friday
TT03507,U02163,CR00052,2025-07-18,0.0,Credit Card,TC00025,2025,7,July,3,18,4,Friday
TT03508,U02164,CR00003,2025-12-02,0.0,PayPal,TC00036,2025,12,December,4,2,1,Tuesday
TT03509,U02165,CR00053,2025-07-08,0.0,PayPal,TC00045,2025,7,July,3,8,1,Tuesday
TT03510,U02168,CR00043,2025-09-12,0.0,Credit Card,TC00044,2025,9,September,3,12,4,Friday
TT03511,U02170,CR00001,2025-04-05,472.28,Bank Transfer,TC00010,2025,4,April,2,5,5,Saturday
TT03512,U02172,CR00019,2025-10-27,0.0,PayPal,TC00044,2025,10,October,4,27,0,Monday
TT03513,U02173,CR00011,2025-03-14,326.02,PayPal,TC00028,2025,3,March,1,14,4,Friday
TT03514,U02176,CR00024,2025-11-02,117.68,Bank Transfer,TC00016,2025,11,November,4,2,6,Sunday
TT03515,U02178,CR00033,2025-07-25,0.0,PayPal,TC00031,2025,7,July,3,25,4,Friday
TT03516,U02183,CR00024,2025-12-21,117.68,Bank Transfer,TC00016,2025,12,December,4,21,6,Sunday
TT03517,U02188,CR00005,2025-01-09,0.0,PayPal,TC00043,2025,1,January,1,9,3,Thursday
TT03518,U02195,CR00013,2025-05-12,0.0,Bank Transfer,TC00028,2025,5,May,2,12,0,Monday
TT03519,U02196,CR00046,2025-10-26,248.1,Credit Card,TC00027,2025,10,October,4,26,6,Sunday
TT03520,U02201,CR00011,2025-06-06,326.02,Credit Card,TC00028,2025,6,June,2,6,4,Friday
TT03521,U02203,CR00035,2025-12-25,0.0,Credit Card,TC00031,2025,12,December,4,25,3,Thursday
TT03522,U02204,CR00040,2025-05-11,327.99,Bank Transfer,TC00014,2025,5,May,2,11,6,Sunday
TT03523,U02205,CR00022,2025-12-08,0.0,Credit Card,TC00010,2025,12,December,4,8,0,Monday
TT03524,U02207,CR00013,2025-03-11,0.0,PayPal,TC00028,2025,3,March,1,11,1,Tuesday
TT03525,U02209,CR00052,2025-04-17,0.0,Bank Transfer,TC00025,2025,4,April,2,17,3,Thursday
TT03526,U02210,CR00017,2025-09-18,0.0,PayPal,TC00027,2025,9,September,3,18,3,Thursday
TT03527,U02211,CR00020,2025-03-08,0.0,Bank Transfer,TC00017,2025,3,March,1,8,5,Saturday
TT03528,U02218,CR00019,2025-02-10,0.0,PayPal,TC00016,2025,2,February,1,10,0,Monday
TT03529,U02221,CR00016,2025-11-18,0.0,PayPal,TC00028,2025,11,November,4,18,1,Tuesday
TT03530,U02227,CR00034,2025-02-08,394.26,Credit Card,TC00031,2025,2,February,1,8,5,Saturday
TT03531,U02230,CR00042,2025-08-02,0.0,PayPal,TC00044,2025,8,August,3,2,5,Saturday
TT03532,U02232,CR00008,2025-04-24,0.0,Credit Card,TC00051,2025,4,April,2,24,3,Thursday
TT03533,U02237,CR00035,2025-12-21,0.0,Bank Transfer,TC00031,2025,12,December,4,21,6,Sunday
TT03534,U02238,CR00014,2025-11-21,0.0,PayPal,TC00028,2025,11,November,4,21,4,Friday
TT03535,U02239,CR00010,2025-01-18,0.0,PayPal,TC00051,2025,1,January,1,18,5,Saturday
TT03536,U02240,CR00003,2025-07-13,0.0,Bank Transfer,TC00047,2025,7,July,3,13,6,Sunday
TT03537,U02242,CR00058,2025-09-26,0.0,Bank Transfer,TC00022,2025,9,September,3,26,4,Friday
TT03538,U02243,CR00020,2025-06-28,0.0,PayPal,TC00045,2025,6,June,2,28,5,Saturday
TT03539,U02244,CR00055,2025-12-03,57.32,Bank Transfer,TC00045,2025,12,December,4,3,2,Wednesday
TT03540,U02245,CR00001,2025-07-05,472.28,Bank Transfer,TC00009,2025,7,July,3,5,5,Saturday
TT03541,U02246,CR00047,2025-11-29,89.59,Bank Transfer,TC00027,2025,11,November,4,29,5,Saturday
TT03542,U02251,CR00014,2025-11-03,0.0,Bank Transfer,TC00028,2025,11,November,4,3,0,Monday
TT03543,U02253,CR00018,2025-06-21,0.0,PayPal,TC00022,2025,6,June,2,21,5,Saturday
TT03544,U02256,CR00032,2025-09-05,0.0,PayPal,TC00031,2025,9,September,3,5,4,Friday
TT03545,U02257,CR00021,2025-04-01,0.0,Credit Card,TC00016,2025,4,April,2,1,1,Tuesday
TT03546,U02263,CR00039,2025-11-26,346.71,Credit Card,TC00009,2025,11,November,4,26,2,Wednesday
TT03547,U02266,CR00050,2025-03-20,490.9,Credit Card,TC00027,2025,3,March,1,20,3,Thursday
TT03548,U02267,CR00033,2025-05-24,0.0,Bank Transfer,TC00031,2025,5,May,2,24,5,Saturday
TT03549,U02272,CR00032,2025-05-04,0.0,PayPal,TC00031,2025,5,May,2,4,6,Sunday
TT03550,U02273,CR00017,2025-04-15,0.0,PayPal,TC00051,2025,4,April,2,15,1,Tuesday
TT03551,U02277,CR00033,2025-05-10,0.0,PayPal,TC00031,2025,5,May,2,10,5,Saturday
TT03552,U02278,CR00018,2025-04-19,0.0,Bank Transfer,TC00051,2025,4,April,2,19,5,Saturday
TT03553,U02281,CR00006,2025-09-22,276.37,Credit Card,TC00047,2025,9,September,3,22,0,Monday
TT03554,U02283,CR00060,2025-02-09,0.0,Bank Transfer,TC00036,2025,2,February,1,9,6,Sunday
TT03555,U02286,CR00011,2025-12-01,326.02,PayPal,TC00028,2025,12,December,4,1,0,Monday
TT03556,U02287,CR00056,2025-03-01,212.39,Bank Transfer,TC00038,2025,3,March,1,1,5,Saturday
TT03557,U02289,CR00013,2025-04-04,0.0,PayPal,TC00028,2025,4,April,2,4,4,Friday
TT03558,U02292,CR00008,2025-02-05,0.0,Credit Card,TC00051,2025,2,February,1,5,2,Wednesday
TT03559,U02293,CR00012,2025-09-03,487.92,Credit Card,TC00028,2025,9,September,3,3,2,Wednesday
TT03560,U02294,CR00041,2025-05-18,53.86,PayPal,TC00023,2025,5,May,2,18,6,Sunday
TT03561,U02295,CR00022,2025-02-02,0.0,Credit Card,TC00016,2025,2,February,1,2,6,Sunday
TT03562,U02296,CR00038,2025-04-19,342.61,Bank Transfer,TC00009,2025,4,April,2,19,5,Saturday
TT03563,U02297,CR00001,2025-12-11,472.28,Credit Card,TC00028,2025,12,December,4,11,3,Thursday
TT03564,U02298,CR00044,2025-09-17,119.04,Bank Transfer,TC00023,2025,9,September,3,17,2,Wednesday
TT03565,U02303,CR00035,2025-02-08,0.0,Bank Transfer,TC00031,2025,2,February,1,8,5,Saturday
TT03566,U02305,CR00038,2025-05-03,342.61,Bank Transfer,TC00009,2025,5,May,2,3,5,Saturday
TT03567,U02312,CR00033,2025-07-15,0.0,Credit Card,TC00031,2025,7,July,3,15,1,Tuesday
TT03568,U02318,CR00015,2025-07-23,285.05,Credit Card,TC00028,2025,7,July,3,23,2,Wednesday
TT03569,U02322,CR00031,2025-10-05,0.0,Bank Transfer,TC00031,2025,10,October,4,5,6,Sunday
TT03570,U02323,CR00051,2025-11-23,37.89,PayPal,TC00045,2025,11,November,4,23,6,Sunday
TT03571,U02329,CR00020,2025-03-25,0.0,PayPal,TC00043,2025,3,March,1,25,1,Tuesday
TT03572,U02335,CR00028,2025-03-12,0.78,Credit Card,TC00043,2025,3,March,1,12,2,Wednesday
TT03573,U02338,CR00042,2025-06-27,0.0,PayPal,TC00023,2025,6,June,2,27,4,Friday
TT03574,U02339,CR00015,2025-09-20,285.05,PayPal,TC00028,2025,9,September,3,20,5,Saturday
TT03575,U02353,CR00058,2025-05-07,0.0,PayPal,TC00022,2025,5,May,2,7,2,Wednesday
TT03576,U02354,CR00012,2025-08-05,487.92,Bank Transfer,TC00028,2025,8,August,3,5,1,Tuesday
TT03577,U02355,CR00044,2025-03-02,119.04,Credit Card,TC00023,2025,3,March,1,2,6,Sunday
TT03578,U02356,CR00045,2025-03-05,0.0,Credit Card,TC00023,2025,3,March,1,5,2,Wednesday
TT03579,U02360,CR00045,2025-11-20,0.0,Credit Card,TC00044,2025,11,November,4,20,3,Thursday
TT03580,U02362,CR00008,2025-02-08,0.0,PayPal,TC00047,2025,2,February,1,8,5,Saturday
TT03581,U02363,CR00012,2025-03-12,487.92,Bank Transfer,TC00028,2025,3,March,1,12,2,Wednesday
TT03582,U02364,CR00025,2025-05-21,299.57,PayPal,TC00010,2025,5,May,2,21,2,Wednesday
TT03583,U02365,CR00023,2025-02-17,0.0,Bank Transfer,TC00010,2025,2,February,1,17,0,Monday
TT03584,U02366,CR00016,2025-08-27,0.0,Credit Card,TC00003,2025,8,August,3,27,2,Wednesday
TT03585,U02367,CR00014,2025-08-06,0.0,PayPal,TC00028,2025,8,August,3,6,2,Wednesday
TT03586,U02375,CR00006,2025-08-25,276.37,PayPal,TC00003,2025,8,August,3,25,0,Monday
TT03587,U02376,CR00007,2025-06-20,0.0,Bank Transfer,TC00051,2025,6,June,2,20,4,Friday
TT03588,U02378,CR00059,2025-06-16,0.0,PayPal,TC00038,2025,6,June,2,16,0,Monday
TT03589,U02382,CR00050,2025-08-07,490.9,Bank Transfer,TC00027,2025,8,August,3,7,3,Thursday
TT03590,U02391,CR00032,2025-01-15,0.0,PayPal,TC00031,2025,1,January,1,15,2,Wednesday
TT03591,U02393,CR00054,2025-05-25,0.0,Bank Transfer,TC00034,2025,5,May,2,25,6,Sunday
TT03592,U02396,CR00056,2025-03-04,212.39,Bank Transfer,TC00038,2025,3,March,1,4,1,Tuesday
TT03593,U02397,CR00003,2025-04-08,0.0,Bank Transfer,TC00051,2025,4,April,2,8,1,Tuesday
TT03594,U02399,CR00018,2025-10-23,0.0,Credit Card,TC00044,2025,10,October,4,23,3,Thursday
TT03595,U02400,CR00059,2025-11-12,0.0,Bank Transfer,TC00022,2025,11,November,4,12,2,Wednesday
TT03596,U02401,CR00050,2025-05-24,490.9,Credit Card,TC00027,2025,5,May,2,24,5,Saturday
TT03597,U02402,CR00014,2025-11-02,0.0,Bank Transfer,TC00028,2025,11,November,4,2,6,Sunday
TT03598,U02408,CR00029,2025-05-15,0.0,Bank Transfer,TC00038,2025,5,May,2,15,3,Thursday
TT03599,U02409,CR00030,2025-09-23,0.0,Credit Card,TC00051,2025,9,September,3,23,1,Tuesday
TT03600,U02411,CR00051,2025-08-16,37.89,PayPal,TC00025,2025,8,August,3,16,5,Saturday
TT03601,U02419,CR00023,2025-10-03,0.0,PayPal,TC00010,2025,10,October,4,3,4,Friday
TT03602,U02420,CR00020,2025-05-19,0.0,Credit Card,TC00026,2025,5,May,2,19,0,Monday
TT03603,U02421,CR00042,2025-04-17,0.0,Bank Transfer,TC00023,2025,4,April,2,17,3,Thursday
TT03604,U02422,CR00055,2025-11-14,57.32,Bank Transfer,TC00034,2025,11,November,4,14,4,Friday
TT03605,U02424,CR00026,2025-07-23,0.0,Bank Transfer,TC00025,2025,7,July,3,23,2,Wednesday
TT03606,U02426,CR00025,2025-09-17,299.57,Credit Card,TC00010,2025,9,September,3,17,2,Wednesday
TT03607,U02430,CR00054,2025-08-19,0.0,Credit Card,TC00026,2025,8,August,3,19,1,Tuesday
TT03608,U02431,CR00040,2025-04-10,327.99,Bank Transfer,TC00014,2025,4,April,2,10,3,Thursday
TT03609,U02434,CR00003,2025-09-08,0.0,Bank Transfer,TC00038,2025,9,September,3,8,0,Monday
TT03610,U02435,CR00012,2025-10-18,487.92,PayPal,TC00028,2025,10,October,4,18,5,Saturday
TT03611,U02437,CR00019,2025-11-17,0.0,Bank Transfer,TC00023,2025,11,November,4,17,0,Monday
TT03612,U02440,CR00020,2025-02-22,0.0,Credit Card,TC00034,2025,2,February,1,22,5,Saturday
TT03613,U02441,CR00058,2025-04-09,0.0,Bank Transfer,TC00017,2025,4,April,2,9,2,Wednesday
TT03614,U02444,CR00031,2025-10-16,0.0,Bank Transfer,TC00031,2025,10,October,4,16,3,Thursday
TT03615,U02447,CR00010,2025-04-06,0.0,Bank Transfer,TC00047,2025,4,April,2,6,6,Sunday
TT03616,U02449,CR00015,2025-06-27,285.05,PayPal,TC00028,2025,6,June,2,27,4,Friday
TT03617,U02450,CR00030,2025-01-25,0.0,Bank Transfer,TC00017,2025,1,January,1,25,5,Saturday
TT03618,U02453,CR00056,2025-11-11,212.39,Credit Card,TC00036,2025,11,November,4,11,1,Tuesday
TT03619,U02455,CR00013,2025-03-01,0.0,Bank Transfer,TC00028,2025,3,March,1,1,5,Saturday
TT03620,U02456,CR00033,2025-06-29,0.0,PayPal,TC00031,2025,6,June,2,29,6,Sunday
TT03621,U02457,CR00023,2025-04-06,0.0,Credit Card,TC00016,2025,4,April,2,6,6,Sunday
TT03622,U02460,CR00032,2025-11-16,0.0,Bank Transfer,TC00031,2025,11,November,4,16,6,Sunday
TT03623,U02462,CR00040,2025-03-05,327.99,Credit Card,TC00043,2025,3,March,1,5,2,Wednesday
TT03624,U02463,CR00036,2025-08-18,0.0,PayPal,TC00014,2025,8,August,3,18,0,Monday
TT03625,U02464,CR00003,2025-08-14,0.0,Bank Transfer,TC00051,2025,8,August,3,14,3,Thursday
TT03626,U02467,CR00060,2025-06-21,0.0,Bank Transfer,TC00036,2025,6,June,2,21,5,Saturday
TT03627,U02471,CR00011,2025-01-03,326.02,Bank Transfer,TC00028,2025,1,January,1,3,4,Friday
TT03628,U02472,CR00043,2025-01-04,0.0,Credit Card,TC00023,2025,1,January,1,4,5,Saturday
TT03629,U02473,CR00035,2025-09-13,0.0,Credit Card,TC00031,2025,9,September,3,13,5,Saturday
TT03630,U02474,CR00030,2025-05-23,0.0,Bank Transfer,TC00022,2025,5,May,2,23,4,Friday
TT03631,U02476,CR00032,2025-08-29,0.0,PayPal,TC00031,2025,8,August,3,29,4,Friday
TT03632,U02477,CR00038,2025-10-17,342.61,PayPal,TC00043,2025,10,October,4,17,4,Friday
TT03633,U02481,CR00019,2025-05-10,0.0,Credit Card,TC00051,2025,5,May,2,10,5,Saturday
TT03634,U02483,CR00035,2025-10-09,0.0,Bank Transfer,TC00031,2025,10,October,4,9,3,Thursday
TT03635,U02487,CR00019,2025-01-25,0.0,PayPal,TC00045,2025,1,January,1,25,5,Saturday
TT03636,U02488,CR00023,2025-05-05,0.0,PayPal,TC00010,2025,5,May,2,5,0,Monday
TT03637,U02489,CR00022,2025-08-14,0.0,Bank Transfer,TC00010,2025,8,August,3,14,3,Thursday
TT03638,U02491,CR00043,2025-12-14,0.0,PayPal,TC00023,2025,12,December,4,14,6,Sunday
TT03639,U02493,CR00031,2025-10-18,0.0,Bank Transfer,TC00031,2025,10,October,4,18,5,Saturday
TT03640,U02494,CR00030,2025-09-21,0.0,PayPal,TC00034,2025,9,September,3,21,6,Sunday
TT03641,U02498,CR00005,2025-09-05,0.0,Credit Card,TC00044,2025,9,September,3,5,4,Friday
TT03642,U02499,CR00053,2025-08-13,0.0,Credit Card,TC00045,2025,8,August,3,13,2,Wednesday
TT03643,U02500,CR00020,2025-10-04,0.0,Credit Card,TC00003,2025,10,October,4,4,5,Saturday
TT03644,U02501,CR00037,2025-06-28,0.0,Bank Transfer,TC00043,2025,6,June,2,28,5,Saturday
TT03645,U02502,CR00013,2025-03-17,0.0,Bank Transfer,TC00028,2025,3,March,1,17,0,Monday
TT03646,U02505,CR00046,2025-11-29,248.1,Credit Card,TC00027,2025,11,November,4,29,5,Saturday
TT03647,U02507,CR00032,2025-08-15,0.0,PayPal,TC00031,2025,8,August,3,15,4,Friday
TT03648,U02508,CR00009,2025-01-01,0.0,PayPal,TC00051,2025,1,January,1,1,2,Wednesday
TT03649,U02511,CR00002,2025-07-02,0.0,Credit Card,TC00044,2025,7,July,3,2,2,Wednesday
TT03650,U02513,CR00001,2025-01-06,472.28,Credit Card,TC00016,2025,1,January,1,6,0,Monday
TT03651,U02516,CR00019,2025-07-06,0.0,Bank Transfer,TC00031,2025,7,July,3,6,6,Sunday
TT03652,U02518,CR00002,2025-06-16,0.0,PayPal,TC00028,2025,6,June,2,16,0,Monday
TT03653,U02520,CR00048,2025-03-17,0.0,Bank Transfer,TC00027,2025,3,March,1,17,0,Monday
TT03654,U02524,CR00059,2025-01-02,0.0,Bank Transfer,TC00022,2025,1,January,1,2,3,Thursday
TT03655,U02527,CR00036,2025-07-08,0.0,Credit Card,TC00014,2025,7,July,3,8,1,Tuesday
TT03656,U02528,CR00043,2025-09-05,0.0,Bank Transfer,TC00023,2025,9,September,3,5,4,Friday
TT03657,U02530,CR00001,2025-04-27,472.28,Bank Transfer,TC00017,2025,4,April,2,27,6,Sunday
TT03658,U02533,CR00002,2025-04-23,0.0,Bank Transfer,TC00047,2025,4,April,2,23,2,Wednesday
TT03659,U02538,CR00031,2025-06-19,0.0,PayPal,TC00031,2025,6,June,2,19,3,Thursday
TT03660,U02544,CR00050,2025-11-21,490.9,Credit Card,TC00027,2025,11,November,4,21,4,Friday
TT03661,U02546,CR00015,2025-12-08,285.05,PayPal,TC00028,2025,12,December,4,8,0,Monday
TT03662,U02547,CR00021,2025-01-01,0.0,Bank Transfer,TC00016,2025,1,January,1,1,2,Wednesday
TT03663,U02549,CR00032,2025-10-13,0.0,Credit Card,TC00031,2025,10,October,4,13,0,Monday
TT03664,U02550,CR00040,2025-08-02,327.99,Credit Card,TC00009,2025,8,August,3,2,5,Saturday
TT03665,U02551,CR00053,2025-05-03,0.0,PayPal,TC00034,2025,5,May,2,3,5,Saturday
TT03666,U02552,CR00009,2025-07-13,0.0,PayPal,TC00051,2025,7,July,3,13,6,Sunday
TT03667,U02554,CR00025,2025-04-26,299.57,PayPal,TC00010,2025,4,April,2,26,5,Saturday
TT03668,U02555,CR00009,2025-01-10,0.0,Credit Card,TC00051,2025,1,January,1,10,4,Friday
TT03669,U02556,CR00006,2025-10-14,276.37,PayPal,TC00047,2025,10,October,4,14,1,Tuesday
TT03670,U02557,CR00048,2025-02-19,0.0,Credit Card,TC00027,2025,2,February,1,19,2,Wednesday
TT03671,U02559,CR00010,2025-09-27,0.0,Credit Card,TC00051,2025,9,September,3,27,5,Saturday
TT03672,U02560,CR00022,2025-06-20,0.0,Bank Transfer,TC00016,2025,6,June,2,20,4,Friday
TT03673,U02561,CR00016,2025-07-15,0.0,Bank Transfer,TC00034,2025,7,July,3,15,1,Tuesday
TT03674,U02563,CR00033,2025-07-25,0.0,Credit Card,TC00031,2025,7,July,3,25,4,Friday
TT03675,U02565,CR00040,2025-09-01,327.99,PayPal,TC00043,2025,9,September,3,1,0,Monday
TT03676,U02567,CR00027,2025-08-02,0.0,Bank Transfer,TC00027,2025,8,August,3,2,5,Saturday
TT03677,U02569,CR00008,2025-06-04,0.0,PayPal,TC00051,2025,6,June,2,4,2,Wednesday
TT03678,U02572,CR00007,2025-12-10,0.0,PayPal,TC00003,2025,12,December,4,10,2,Wednesday
TT03679,U02574,CR00039,2025-09-21,346.71,Bank Transfer,TC00043,2025,9,September,3,21,6,Sunday
TT03680,U02576,CR00024,2025-01-15,117.68,Credit Card,TC00010,2025,1,January,1,15,2,Wednesday
TT03681,U02579,CR00016,2025-02-26,0.0,Bank Transfer,TC00014,2025,2,February,1,26,2,Wednesday
TT03682,U02588,CR00049,2025-07-15,415.51,Credit Card,TC00027,2025,7,July,3,15,1,Tuesday
TT03683,U02591,CR00026,2025-04-24,0.0,Credit Card,TC00010,2025,4,April,2,24,3,Thursday
TT03684,U02594,CR00040,2025-11-26,327.99,Credit Card,TC00014,2025,11,November,4,26,2,Wednesday
TT03685,U02595,CR00028,2025-11-28,0.78,Bank Transfer,TC00031,2025,11,November,4,28,4,Friday
TT03686,U02598,CR00021,2025-04-13,0.0,Credit Card,TC00016,2025,4,April,2,13,6,Sunday
TT03687,U02603,CR00035,2025-03-10,0.0,Credit Card,TC00031,2025,3,March,1,10,0,Monday
TT03688,U02604,CR00023,2025-01-19,0.0,Bank Transfer,TC00016,2025,1,January,1,19,6,Sunday
TT03689,U02606,CR00053,2025-10-27,0.0,PayPal,TC00045,2025,10,October,4,27,0,Monday
TT03690,U02607,CR00054,2025-04-08,0.0,Bank Transfer,TC00025,2025,4,April,2,8,1,Tuesday
TT03691,U02610,CR00036,2025-04-06,0.0,PayPal,TC00014,2025,4,April,2,6,6,Sunday
TT03692,U02611,CR00023,2025-06-22,0.0,Bank Transfer,TC00016,2025,6,June,2,22,6,Sunday
TT03693,U02622,CR00035,2025-10-25,0.0,Credit Card,TC00031,2025,10,October,4,25,5,Saturday
TT03694,U02627,CR00037,2025-02-02,0.0,Bank Transfer,TC00043,2025,2,February,1,2,6,Sunday
TT03695,U02628,CR00015,2025-09-11,285.05,PayPal,TC00028,2025,9,September,3,11,3,Thursday
TT03696,U02629,CR00055,2025-02-03,57.32,Credit Card,TC00045,2025,2,February,1,3,0,Monday
TT03697,U02632,CR00048,2025-07-05,0.0,Bank Transfer,TC00027,2025,7,July,3,5,5,Saturday
TT03698,U02635,CR00017,2025-08-16,0.0,PayPal,TC00034,2025,8,August,3,16,5,Saturday
TT03699,U02636,CR00023,2025-03-09,0.0,PayPal,TC00016,2025,3,March,1,9,6,Sunday
TT03700,U02638,CR00013,2025-05-14,0.0,PayPal,TC00028,2025,5,May,2,14,2,Wednesday
TT03701,U02641,CR00008,2025-08-10,0.0,Bank Transfer,TC00047,2025,8,August,3,10,6,Sunday
TT03702,U02647,CR00018,2025-05-27,0.0,Credit Card,TC00047,2025,5,May,2,27,1,Tuesday
TT03703,U02649,CR00001,2025-12-26,472.28,Bank Transfer,TC00003,2025,12,December,4,26,4,Friday
TT03704,U02652,CR00027,2025-10-07,0.0,PayPal,TC00038,2025,10,October,4,7,1,Tuesday
TT03705,U02653,CR00058,2025-04-24,0.0,Credit Card,TC00022,2025,4,April,2,24,3,Thursday
TT03706,U02654,CR00049,2025-01-24,415.51,Credit Card,TC00027,2025,1,January,1,24,4,Friday
TT03707,U02655,CR00003,2025-05-16,0.0,PayPal,TC00023,2025,5,May,2,16,4,Friday
TT03708,U02656,CR00041,2025-10-01,53.86,Bank Transfer,TC00023,2025,10,October,4,1,2,Wednesday
TT03709,U02657,CR00057,2025-01-09,177.34,Credit Card,TC00036,2025,1,January,1,9,3,Thursday
TT03710,U02661,CR00018,2025-09-14,0.0,PayPal,TC00045,2025,9,September,3,14,6,Sunday
TT03711,U02664,CR00017,2025-05-24,0.0,Bank Transfer,TC00009,2025,5,May,2,24,5,Saturday
TT03712,U02666,CR00007,2025-10-17,0.0,Credit Card,TC00003,2025,10,October,4,17,4,Friday
TT03713,U02667,CR00046,2025-11-25,248.1,Credit Card,TC00027,2025,11,November,4,25,1,Tuesday
TT03714,U02670,CR00053,2025-08-26,0.0,PayPal,TC00034,2025,8,August,3,26,1,Tuesday
TT03715,U02671,CR00025,2025-09-16,299.57,PayPal,TC00010,2025,9,September,3,16,1,Tuesday
TT03716,U02673,CR00019,2025-09-22,0.0,Bank Transfer,TC00028,2025,9,September,3,22,0,Monday
TT03717,U02674,CR00042,2025-07-06,0.0,Credit Card,TC00044,2025,7,July,3,6,6,Sunday
TT03718,U02676,CR00034,2025-03-08,394.26,Bank Transfer,TC00031,2025,3,March,1,8,5,Saturday
TT03719,U02678,CR00029,2025-10-04,0.0,PayPal,TC00022,2025,10,October,4,4,5,Saturday
TT03720,U02681,CR00008,2025-06-11,0.0,Bank Transfer,TC00047,2025,6,June,2,11,2,Wednesday
TT03721,U02682,CR00041,2025-05-26,53.86,Credit Card,TC00023,2025,5,May,2,26,0,Monday
TT03722,U02685,CR00012,2025-08-19,487.92,Bank Transfer,TC00028,2025,8,August,3,19,1,Tuesday
TT03723,U02687,CR00056,2025-03-10,212.39,Credit Card,TC00017,2025,3,March,1,10,0,Monday
TT03724,U02689,CR00058,2025-03-08,0.0,Bank Transfer,TC00017,2025,3,March,1,8,5,Saturday
TT03725,U02691,CR00003,2025-05-04,0.0,Bank Transfer,TC00009,2025,5,May,2,4,6,Sunday
TT03726,U02693,CR00038,2025-08-05,342.61,PayPal,TC00014,2025,8,August,3,5,1,Tuesday
TT03727,U02695,CR00052,2025-07-24,0.0,Credit Card,TC00045,2025,7,July,3,24,3,Thursday
TT03728,U02699,CR00020,2025-09-05,0.0,Bank Transfer,TC00038,2025,9,September,3,5,4,Friday
TT03729,U02700,CR00055,2025-09-11,57.32,Bank Transfer,TC00025,2025,9,September,3,11,3,Thursday
TT03730,U02703,CR00030,2025-03-30,0.0,Bank Transfer,TC00009,2025,3,March,1,30,6,Sunday
TT03731,U02706,CR00051,2025-10-18,37.89,Credit Card,TC00034,2025,10,October,4,18,5,Saturday
TT03732,U02707,CR00024,2025-10-03,117.68,PayPal,TC00016,2025,10,October,4,3,4,Friday
TT03733,U02708,CR00001,2025-10-08,472.28,Credit Card,TC00023,2025,10,October,4,8,2,Wednesday
TT03734,U02713,CR00059,2025-12-26,0.0,PayPal,TC00022,2025,12,December,4,26,4,Friday
TT03735,U02714,CR00030,2025-12-22,0.0,PayPal,TC00003,2025,12,December,4,22,0,Monday
TT03736,U02717,CR00015,2025-08-17,285.05,Credit Card,TC00028,2025,8,August,3,17,6,Sunday
TT03737,U02720,CR00056,2025-11-22,212.39,PayPal,TC00017,2025,11,November,4,22,5,Saturday
TT03738,U02721,CR00025,2025-08-11,299.57,Credit Card,TC00010,2025,8,August,3,11,0,Monday
TT03739,U02722,CR00020,2025-12-19,0.0,Bank Transfer,TC00045,2025,12,December,4,19,4,Friday
TT03740,U02724,CR00031,2025-02-15,0.0,Credit Card,TC00031,2025,2,February,1,15,5,Saturday
TT03741,U02725,CR00049,2025-09-05,415.51,PayPal,TC00027,2025,9,September,3,5,4,Friday
TT03742,U02728,CR00006,2025-10-16,276.37,PayPal,TC00047,2025,10,October,4,16,3,Thursday
TT03743,U02730,CR00025,2025-12-01,299.57,PayPal,TC00016,2025,12,December,4,1,0,Monday
TT03744,U02734,CR00009,2025-07-11,0.0,Bank Transfer,TC00047,2025,7,July,3,11,4,Friday
TT03745,U02735,CR00054,2025-05-17,0.0,Bank Transfer,TC00034,2025,5,May,2,17,5,Saturday
TT03746,U02736,CR00056,2025-10-22,212.39,Bank Transfer,TC00038,2025,10,October,4,22,2,Wednesday
TT03747,U02738,CR00020,2025-08-29,0.0,Bank Transfer,TC00010,2025,8,August,3,29,4,Friday
TT03748,U02739,CR00012,2025-01-05,487.92,PayPal,TC00028,2025,1,January,1,5,6,Sunday
TT03749,U02744,CR00038,2025-01-13,342.61,Credit Card,TC00009,2025,1,January,1,13,0,Monday
TT03750,U02745,CR00014,2025-03-30,0.0,PayPal,TC00028,2025,3,March,1,30,6,Sunday
TT03751,U02751,CR00018,2025-04-30,0.0,PayPal,TC00025,2025,4,April,2,30,2,Wednesday
TT03752,U02753,CR00041,2025-04-14,53.86,PayPal,TC00044,2025,4,April,2,14,0,Monday
TT03753,U02757,CR00049,2025-02-25,415.51,Credit Card,TC00027,2025,2,February,1,25,1,Tuesday
TT03754,U02764,CR00051,2025-02-18,37.89,PayPal,TC00045,2025,2,February,1,18,1,Tuesday
TT03755,U02765,CR00010,2025-05-15,0.0,Credit Card,TC00003,2025,5,May,2,15,3,Thursday
TT03756,U02766,CR00033,2025-12-15,0.0,Credit Card,TC00031,2025,12,December,4,15,0,Monday
TT03757,U02774,CR00043,2025-02-16,0.0,PayPal,TC00023,2025,2,February,1,16,6,Sunday
TT03758,U02777,CR00005,2025-02-28,0.0,Bank Transfer,TC00043,2025,2,February,1,28,4,Friday
TT03759,U02783,CR00004,2025-11-25,0.0,PayPal,TC00010,2025,11,November,4,25,1,Tuesday
TT03760,U02785,CR00048,2025-12-12,0.0,PayPal,TC00027,2025,12,December,4,12,4,Friday
TT03761,U02787,CR00039,2025-11-01,346.71,Bank Transfer,TC00009,2025,11,November,4,1,5,Saturday
TT03762,U02790,CR00052,2025-02-16,0.0,Bank Transfer,TC00026,2025,2,February,1,16,6,Sunday
TT03763,U02795,CR00025,2025-12-30,299.57,PayPal,TC00016,2025,12,December,4,30,1,Tuesday
TT03764,U02796,CR00058,2025-01-06,0.0,Credit Card,TC00038,2025,1,January,1,6,0,Monday
TT03765,U02797,CR00028,2025-08-03,0.78,Bank Transfer,TC00003,2025,8,August,3,3,6,Sunday
TT03766,U02798,CR00023,2025-08-10,0.0,Bank Transfer,TC00010,2025,8,August,3,10,6,Sunday
TT03767,U02799,CR00016,2025-08-21,0.0,PayPal,TC00043,2025,8,August,3,21,3,Thursday
TT03768,U02800,CR00025,2025-12-06,299.57,Bank Transfer,TC00016,2025,12,December,4,6,5,Saturday
TT03769,U02802,CR00035,2025-11-29,0.0,PayPal,TC00031,2025,11,November,4,29,5,Saturday
TT03770,U02804,CR00026,2025-08-16,0.0,Bank Transfer,TC00038,2025,8,August,3,16,5,Saturday
TT03771,U02805,CR00055,2025-04-08,57.32,Bank Transfer,TC00026,2025,4,April,2,8,1,Tuesday
TT03772,U02806,CR00033,2025-04-01,0.0,Bank Transfer,TC00031,2025,4,April,2,1,1,Tuesday
TT03773,U02811,CR00007,2025-07-11,0.0,Credit Card,TC00003,2025,7,July,3,11,4,Friday
TT03774,U02812,CR00044,2025-02-14,119.04,Bank Transfer,TC00044,2025,2,February,1,14,4,Friday
TT03775,U02816,CR00020,2025-11-21,0.0,Credit Card,TC00028,2025,11,November,4,21,4,Friday
TT03776,U02817,CR00008,2025-11-29,0.0,PayPal,TC00051,2025,11,November,4,29,5,Saturday
TT03777,U02818,CR00028,2025-02-12,0.78,Credit Card,TC00026,2025,2,February,1,12,2,Wednesday
TT03778,U02820,CR00005,2025-11-21,0.0,Credit Card,TC00038,2025,11,November,4,21,4,Friday
TT03779,U02822,CR00026,2025-01-07,0.0,Bank Transfer,TC00031,2025,1,January,1,7,1,Tuesday
TT03780,U02824,CR00011,2025-01-11,326.02,PayPal,TC00028,2025,1,January,1,11,5,Saturday
TT03781,U02826,CR00029,2025-12-11,0.0,PayPal,TC00016,2025,12,December,4,11,3,Thursday
TT03782,U02827,CR00026,2025-10-02,0.0,Credit Card,TC00026,2025,10,October,4,2,3,Thursday
TT03783,U02829,CR00047,2025-02-10,89.59,PayPal,TC00027,2025,2,February,1,10,0,Monday
TT03784,U02830,CR00053,2025-05-12,0.0,Credit Card,TC00025,2025,5,May,2,12,0,Monday
TT03785,U02834,CR00022,2025-12-02,0.0,Credit Card,TC00010,2025,12,December,4,2,1,Tuesday
TT03786,U02835,CR00024,2025-09-28,117.68,Credit Card,TC00016,2025,9,September,3,28,6,Sunday
TT03787,U02845,CR00009,2025-03-02,0.0,Credit Card,TC00051,2025,3,March,1,2,6,Sunday
TT03788,U02846,CR00025,2025-06-07,299.57,PayPal,TC00010,2025,6,June,2,7,5,Saturday
TT03789,U02848,CR00033,2025-11-12,0.0,Credit Card,TC00031,2025,11,November,4,12,2,Wednesday
TT03790,U02851,CR00034,2025-08-08,394.26,Bank Transfer,TC00031,2025,8,August,3,8,4,Friday
TT03791,U02852,CR00013,2025-06-30,0.0,Credit Card,TC00028,2025,6,June,2,30,0,Monday
TT03792,U02853,CR00004,2025-12-04,0.0,Bank Transfer,TC00017,2025,12,December,4,4,3,Thursday
TT03793,U02854,CR00013,2025-04-13,0.0,PayPal,TC00028,2025,4,April,2,13,6,Sunday
TT03794,U02855,CR00040,2025-01-17,327.99,Bank Transfer,TC00043,2025,1,January,1,17,4,Friday
TT03795,U02860,CR00028,2025-09-24,0.78,Bank Transfer,TC00051,2025,9,September,3,24,2,Wednesday
TT03796,U02861,CR00039,2025-03-28,346.71,Credit Card,TC00009,2025,3,March,1,28,4,Friday
TT03797,U02863,CR00022,2025-02-04,0.0,Credit Card,TC00010,2025,2,February,1,4,1,Tuesday
TT03798,U02864,CR00018,2025-07-16,0.0,PayPal,TC00025,2025,7,July,3,16,2,Wednesday
TT03799,U02865,CR00013,2025-04-07,0.0,PayPal,TC00028,2025,4,April,2,7,0,Monday
TT03800,U02869,CR00035,2025-11-05,0.0,PayPal,TC00031,2025,11,November,4,5,2,Wednesday
TT03801,U02870,CR00009,2025-02-16,0.0,Credit Card,TC00047,2025,2,February,1,16,6,Sunday
TT03802,U02875,CR00015,2025-12-07,285.05,Credit Card,TC00028,2025,12,December,4,7,6,Sunday
TT03803,U02876,CR00008,2025-03-21,0.0,PayPal,TC00047,2025,3,March,1,21,4,Friday
TT03804,U02877,CR00016,2025-11-05,0.0,Credit Card,TC00034,2025,11,November,4,5,2,Wednesday
TT03805,U02879,CR00043,2025-03-05,0.0,PayPal,TC00023,2025,3,March,1,5,2,Wednesday
TT03806,U02880,CR00007,2025-08-21,0.0,Bank Transfer,TC00003,2025,8,August,3,21,3,Thursday
TT03807,U02882,CR00059,2025-07-26,0.0,Credit Card,TC00022,2025,7,July,3,26,5,Saturday
TT03808,U02888,CR00024,2025-09-21,117.68,Credit Card,TC00016,2025,9,September,3,21,6,Sunday
TT03809,U02889,CR00011,2025-06-05,326.02,PayPal,TC00028,2025,6,June,2,5,3,Thursday
TT03810,U02892,CR00001,2025-09-08,472.28,Bank Transfer,TC00017,2025,9,September,3,8,0,Monday
TT03811,U02893,CR00004,2025-06-06,0.0,Bank Transfer,TC00003,2025,6,June,2,6,4,Friday
TT03812,U02894,CR00018,2025-09-11,0.0,Bank Transfer,TC00031,2025,9,September,3,11,3,Thursday
TT03813,U02896,CR00021,2025-04-07,0.0,Bank Transfer,TC00010,2025,4,April,2,7,0,Monday
TT03814,U02900,CR00034,2025-11-27,394.26,Credit Card,TC00031,2025,11,November,4,27,3,Thursday
TT03815,U02901,CR00032,2025-07-16,0.0,PayPal,TC00031,2025,7,July,3,16,2,Wednesday
TT03816,U02903,CR00012,2025-01-23,487.92,Bank Transfer,TC00028,2025,1,January,1,23,3,Thursday
TT03817,U02908,CR00004,2025-03-29,0.0,PayPal,TC00017,2025,3,March,1,29,5,Saturday
TT03818,U02910,CR00013,2025-06-27,0.0,Credit Card,TC00028,2025,6,June,2,27,4,Friday
TT03819,U02911,CR00050,2025-12-30,490.9,Credit Card,TC00027,2025,12,December,4,30,1,Tuesday
TT03820,U02913,CR00031,2025-02-28,0.0,Bank Transfer,TC00031,2025,2,February,1,28,4,Friday
TT03821,U02917,CR00012,2025-11-29,487.92,Bank Transfer,TC00028,2025,11,November,4,29,5,Saturday
TT03822,U02919,CR00045,2025-05-19,0.0,Bank Transfer,TC00023,2025,5,May,2,19,0,Monday
TT03823,U02920,CR00022,2025-03-27,0.0,Credit Card,TC00010,2025,3,March,1,27,3,Thursday
TT03824,U02921,CR00032,2025-12-20,0.0,Bank Transfer,TC00031,2025,12,December,4,20,5,Saturday
TT03825,U02926,CR00014,2025-08-30,0.0,Credit Card,TC00028,2025,8,August,3,30,5,Saturday
TT03826,U02928,CR00042,2025-09-25,0.0,PayPal,TC00044,2025,9,September,3,25,3,Thursday
TT03827,U02929,CR00001,2025-09-09,472.28,PayPal,TC00045,2025,9,September,3,9,1,Tuesday
TT03828,U02930,CR00015,2025-06-17,285.05,Bank Transfer,TC00028,2025,6,June,2,17,1,Tuesday
TT03829,U02932,CR00054,2025-01-22,0.0,PayPal,TC00034,2025,1,January,1,22,2,Wednesday
TT03830,U02933,CR00010,2025-06-27,0.0,PayPal,TC00051,2025,6,June,2,27,4,Friday
TT03831,U02934,CR00025,2025-10-21,299.57,PayPal,TC00010,2025,10,October,4,21,1,Tuesday
TT03832,U02939,CR00021,2025-09-04,0.0,Credit Card,TC00016,2025,9,September,3,4,3,Thursday
TT03833,U02943,CR00020,2025-05-10,0.0,PayPal,TC00028,2025,5,May,2,10,5,Saturday
TT03834,U02944,CR00045,2025-06-23,0.0,Credit Card,TC00044,2025,6,June,2,23,0,Monday
TT03835,U02946,CR00016,2025-11-09,0.0,PayPal,TC00047,2025,11,November,4,9,6,Sunday
TT03836,U02948,CR00022,2025-01-23,0.0,PayPal,TC00016,2025,1,January,1,23,3,Thursday
TT03837,U02951,CR00033,2025-11-28,0.0,PayPal,TC00031,2025,11,November,4,28,4,Friday
TT03838,U02953,CR00015,2025-08-17,285.05,Bank Transfer,TC00028,2025,8,August,3,17,6,Sunday
TT03839,U02955,CR00055,2025-09-08,57.32,PayPal,TC00045,2025,9,September,3,8,0,Monday
TT03840,U02957,CR00032,2025-11-20,0.0,Credit Card,TC00031,2025,11,November,4,20,3,Thursday
TT03841,U02960,CR00025,2025-03-26,299.57,PayPal,TC00010,2025,3,March,1,26,2,Wednesday
TT03842,U02961,CR00022,2025-12-15,0.0,PayPal,TC00016,2025,12,December,4,15,0,Monday
TT03843,U02963,CR00030,2025-10-30,0.0,PayPal,TC00009,2025,10,October,4,30,3,Thursday
TT03844,U02964,CR00026,2025-01-28,0.0,Credit Card,TC00016,2025,1,January,1,28,1,Tuesday
TT03845,U02965,CR00040,2025-04-07,327.99,Bank Transfer,TC00014,2025,4,April,2,7,0,Monday
TT03846,U02967,CR00018,2025-04-10,0.0,PayPal,TC00010,2025,4,April,2,10,3,Thursday
TT03847,U02973,CR00029,2025-09-14,0.0,Credit Card,TC00014,2025,9,September,3,14,6,Sunday
TT03848,U02975,CR00048,2025-03-29,0.0,Credit Card,TC00027,2025,3,March,1,29,5,Saturday
TT03849,U02977,CR00034,2025-02-09,394.26,Bank Transfer,TC00031,2025,2,February,1,9,6,Sunday
TT03850,U02979,CR00056,2025-11-05,212.39,Bank Transfer,TC00022,2025,11,November,4,5,2,Wednesday
TT03851,U02982,CR00036,2025-05-02,0.0,Credit Card,TC00043,2025,5,May,2,2,4,Friday
TT03852,U02983,CR00042,2025-04-09,0.0,Credit Card,TC00044,2025,4,April,2,9,2,Wednesday
TT03853,U02985,CR00028,2025-10-01,0.78,Bank Transfer,TC00025,2025,10,October,4,1,2,Wednesday
TT03854,U02991,CR00005,2025-10-27,0.0,Credit Card,TC00025,2025,10,October,4,27,0,Monday
TT03855,U02993,CR00045,2025-08-29,0.0,Credit Card,TC00023,2025,8,August,3,29,4,Friday
TT03856,U02997,CR00027,2025-08-28,0.0,Bank Transfer,TC00017,2025,8,August,3,28,3,Thursday
TT03857,U02999,CR00051,2025-09-09,37.89,PayPal,TC00026,2025,9,September,3,9,1,Tuesday
TT03858,U00010,CR00048,2025-08-02,0.0,Bank Transfer,TC00011,2025,8,August,3,2,5,Saturday
TT03859,U00010,CR00011,2025-10-01,326.02,PayPal,TC00021,2025,10,October,4,1,2,Wednesday
TT03860,U00012,CR00008,2025-09-08,0.0,PayPal,TC00033,2025,9,September,3,8,0,Monday
TT03861,U00012,CR00040,2025-09-14,327.99,Bank Transfer,TC00018,2025,9,September,3,14,6,Sunday
TT03862,U00017,CR00001,2025-05-19,472.28,Credit Card,TC00056,2025,5,May,2,19,0,Monday
TT03863,U00017,CR00050,2025-02-02,490.9,Bank Transfer,TC00054,2025,2,February,1,2,6,Sunday
TT03864,U00017,CR00059,2025-11-26,0.0,Bank Transfer,TC00024,2025,11,November,4,26,2,Wednesday
TT03865,U00025,CR00044,2025-08-18,119.04,Bank Transfer,TC00037,2025,8,August,3,18,0,Monday
TT03866,U00025,CR00027,2025-01-04,0.0,PayPal,TC00007,2025,1,January,1,4,5,Saturday
TT03867,U00025,CR00019,2025-06-03,0.0,Bank Transfer,TC00053,2025,6,June,2,3,1,Tuesday
TT03868,U00025,CR00004,2025-03-26,0.0,Credit Card,TC00056,2025,3,March,1,26,2,Wednesday
TT03869,U00046,CR00029,2025-05-22,0.0,PayPal,TC00004,2025,5,May,2,22,3,Thursday
TT03870,U00046,CR00008,2025-11-25,0.0,PayPal,TC00033,2025,11,November,4,25,1,Tuesday
TT03871,U00056,CR00004,2025-06-08,0.0,Credit Card,TC00056,2025,6,June,2,8,6,Sunday
TT03872,U00056,CR00007,2025-08-09,0.0,Credit Card,TC00033,2025,8,August,3,9,5,Saturday
TT03873,U00060,CR00048,2025-11-10,0.0,Credit Card,TC00054,2025,11,November,4,10,0,Monday
TT03874,U00060,CR00041,2025-08-25,53.86,PayPal,TC00037,2025,8,August,3,25,0,Monday
TT03875,U00060,CR00003,2025-12-01,0.0,Bank Transfer,TC00056,2025,12,December,4,1,0,Monday
TT03876,U00060,CR00042,2025-08-13,0.0,Bank Transfer,TC00037,2025,8,August,3,13,2,Wednesday
TT03877,U00074,CR00050,2025-11-13,490.9,Bank Transfer,TC00041,2025,11,November,4,13,3,Thursday
TT03878,U00074,CR00005,2025-11-02,0.0,Credit Card,TC00056,2025,11,November,4,2,6,Sunday
TT03879,U00074,CR00001,2025-06-04,472.28,PayPal,TC00056,2025,6,June,2,4,2,Wednesday
TT03880,U00076,CR00001,2025-08-28,472.28,PayPal,TC00056,2025,8,August,3,28,3,Thursday
TT03881,U00076,CR00009,2025-07-11,0.0,Credit Card,TC00033,2025,7,July,3,11,4,Friday
TT03882,U00076,CR00013,2025-08-04,0.0,PayPal,TC00002,2025,8,August,3,4,0,Monday
TT03883,U00076,CR00029,2025-12-29,0.0,PayPal,TC00007,2025,12,December,4,29,0,Monday
TT03884,U00086,CR00041,2025-07-04,53.86,Credit Card,TC00037,2025,7,July,3,4,4,Friday
TT03885,U00086,CR00013,2025-06-13,0.0,PayPal,TC00018,2025,6,June,2,13,4,Friday
TT03886,U00086,CR00019,2025-10-02,0.0,Credit Card,TC00053,2025,10,October,4,2,3,Thursday
TT03887,U00086,CR00002,2025-11-21,0.0,Credit Card,TC00056,2025,11,November,4,21,4,Friday
TT03888,U00087,CR00026,2025-06-18,0.0,Credit Card,TC00007,2025,6,June,2,18,2,Wednesday
TT03889,U00087,CR00036,2025-05-29,0.0,Bank Transfer,TC00018,2025,5,May,2,29,3,Thursday
TT03890,U00087,CR00020,2025-09-02,0.0,Credit Card,TC00053,2025,9,September,3,2,1,Tuesday
TT03891,U00092,CR00039,2025-06-02,346.71,Bank Transfer,TC00018,2025,6,June,2,2,0,Monday
TT03892,U00092,CR00017,2025-06-27,0.0,Bank Transfer,TC00053,2025,6,June,2,27,4,Friday
TT03893,U00092,CR00022,2025-08-29,0.0,Credit Card,TC00008,2025,8,August,3,29,4,Friday
TT03894,U00092,CR00046,2025-06-07,248.1,PayPal,TC00054,2025,6,June,2,7,5,Saturday
TT03895,U00096,CR00023,2025-05-23,0.0,Bank Transfer,TC00008,2025,5,May,2,23,4,Friday
TT03896,U00096,CR00030,2025-11-27,0.0,PayPal,TC00007,2025,11,November,4,27,3,Thursday
TT03897,U00096,CR00029,2025-06-02,0.0,PayPal,TC00021,2025,6,June,2,2,0,Monday
TT03898,U00096,CR00058,2025-10-14,0.0,Bank Transfer,TC00002,2025,10,October,4,14,1,Tuesday
TT03899,U00108,CR00054,2025-08-16,0.0,PayPal,TC00058,2025,8,August,3,16,5,Saturday
TT03900,U00108,CR00007,2025-01-04,0.0,Credit Card,TC00033,2025,1,January,1,4,5,Saturday
TT03901,U00125,CR00027,2025-03-06,0.0,PayPal,TC00021,2025,3,March,1,6,3,Thursday
TT03902,U00125,CR00011,2025-03-21,326.02,Credit Card,TC00002,2025,3,March,1,21,4,Friday
TT03903,U00127,CR00012,2025-06-08,487.92,PayPal,TC00012,2025,6,June,2,8,6,Sunday
TT03904,U00127,CR00017,2025-09-18,0.0,PayPal,TC00053,2025,9,September,3,18,3,Thursday
TT03905,U00127,CR00049,2025-10-11,415.51,Credit Card,TC00041,2025,10,October,4,11,5,Saturday
TT03906,U00137,CR00038,2025-12-28,342.61,Bank Transfer,TC00018,2025,12,December,4,28,6,Sunday
TT03907,U00137,CR00024,2025-09-10,117.68,Credit Card,TC00008,2025,9,September,3,10,2,Wednesday
TT03908,U00139,CR00046,2025-09-21,248.1,PayPal,TC00011,2025,9,September,3,21,6,Sunday
TT03909,U00139,CR00013,2025-01-05,0.0,Bank Transfer,TC00008,2025,1,January,1,5,6,Sunday
TT03910,U00139,CR00029,2025-04-13,0.0,PayPal,TC00004,2025,4,April,2,13,6,Sunday
TT03911,U00139,CR00019,2025-11-13,0.0,Bank Transfer,TC00053,2025,11,November,4,13,3,Thursday
TT03912,U00143,CR00057,2025-05-09,177.34,PayPal,TC00002,2025,5,May,2,9,4,Friday
TT03913,U00143,CR00035,2025-07-16,0.0,PayPal,TC00046,2025,7,July,3,16,2,Wednesday
TT03914,U00150,CR00032,2025-12-06,0.0,Credit Card,TC00046,2025,12,December,4,6,5,Saturday
TT03915,U00150,CR00020,2025-09-26,0.0,PayPal,TC00053,2025,9,September,3,26,4,Friday
TT03916,U00153,CR00051,2025-12-16,37.89,Credit Card,TC00058,2025,12,December,4,16,1,Tuesday
TT03917,U00153,CR00003,2025-02-21,0.0,PayPal,TC00056,2025,2,February,1,21,4,Friday
TT03918,U00165,CR00006,2025-04-09,276.37,PayPal,TC00033,2025,4,April,2,9,2,Wednesday
TT03919,U00165,CR00020,2025-06-30,0.0,Bank Transfer,TC00053,2025,6,June,2,30,0,Monday
TT03920,U00165,CR00047,2025-07-25,89.59,Bank Transfer,TC00054,2025,7,July,3,25,4,Friday
TT03921,U00165,CR00041,2025-03-23,53.86,PayPal,TC00037,2025,3,March,1,23,6,Sunday
TT03922,U00170,CR00036,2025-08-09,0.0,PayPal,TC00018,2025,8,August,3,9,5,Saturday
TT03923,U00170,CR00052,2025-02-15,0.0,Bank Transfer,TC00058,2025,2,February,1,15,5,Saturday
TT03924,U00170,CR00005,2025-03-06,0.0,Credit Card,TC00056,2025,3,March,1,6,3,Thursday
TT03925,U00200,CR00056,2025-08-24,212.39,PayPal,TC00002,2025,8,August,3,24,6,Sunday
TT03926,U00200,CR00055,2025-01-22,57.32,Credit Card,TC00058,2025,1,January,1,22,2,Wednesday
TT03927,U00200,CR00010,2025-07-12,0.0,Credit Card,TC00033,2025,7,July,3,12,5,Saturday
TT03928,U00200,CR00008,2025-12-18,0.0,PayPal,TC00033,2025,12,December,4,18,3,Thursday
TT03929,U00201,CR00006,2025-04-26,276.37,PayPal,TC00033,2025,4,April,2,26,5,Saturday
TT03930,U00201,CR00052,2025-01-09,0.0,Credit Card,TC00058,2025,1,January,1,9,3,Thursday
TT03931,U00201,CR00049,2025-04-17,415.51,PayPal,TC00011,2025,4,April,2,17,3,Thursday
TT03932,U00213,CR00025,2025-07-11,299.57,Bank Transfer,TC00008,2025,7,July,3,11,4,Friday
TT03933,U00213,CR00016,2025-06-12,0.0,Credit Card,TC00053,2025,6,June,2,12,3,Thursday
TT03934,U00234,CR00011,2025-02-28,326.02,Credit Card,TC00033,2025,2,February,1,28,4,Friday
TT03935,U00234,CR00017,2025-09-23,0.0,Bank Transfer,TC00053,2025,9,September,3,23,1,Tuesday
TT03936,U00235,CR00019,2025-07-12,0.0,Bank Transfer,TC00053,2025,7,July,3,12,5,Saturday
TT03937,U00235,CR00003,2025-08-03,0.0,PayPal,TC00056,2025,8,August,3,3,6,Sunday
TT03938,U00235,CR00001,2025-03-21,472.28,Bank Transfer,TC00056,2025,3,March,1,21,4,Friday
TT03939,U00263,CR00018,2025-11-16,0.0,PayPal,TC00053,2025,11,November,4,16,6,Sunday
TT03940,U00263,CR00052,2025-02-26,0.0,Credit Card,TC00058,2025,2,February,1,26,2,Wednesday
TT03941,U00263,CR00042,2025-02-01,0.0,Bank Transfer,TC00037,2025,2,February,1,1,5,Saturday
TT03942,U00263,CR00023,2025-11-05,0.0,PayPal,TC00008,2025,11,November,4,5,2,Wednesday
TT03943,U00264,CR00033,2025-03-20,0.0,Bank Transfer,TC00012,2025,3,March,1,20,3,Thursday
TT03944,U00264,CR00030,2025-11-23,0.0,Credit Card,TC00021,2025,11,November,4,23,6,Sunday
TT03945,U00264,CR00016,2025-03-12,0.0,Credit Card,TC00053,2025,3,March,1,12,2,Wednesday
TT03946,U00267,CR00044,2025-06-15,119.04,PayPal,TC00037,2025,6,June,2,15,6,Sunday
TT03947,U00267,CR00025,2025-06-05,299.57,Bank Transfer,TC00008,2025,6,June,2,5,3,Thursday
TT03948,U00267,CR00012,2025-09-05,487.92,Bank Transfer,TC00012,2025,9,September,3,5,4,Friday
TT03949,U00267,CR00013,2025-01-01,0.0,Bank Transfer,TC00004,2025,1,January,1,1,2,Wednesday
TT03950,U00279,CR00057,2025-01-10,177.34,Bank Transfer,TC00002,2025,1,January,1,10,4,Friday
TT03951,U00279,CR00045,2025-03-01,0.0,PayPal,TC00037,2025,3,March,1,1,5,Saturday
TT03952,U00279,CR00024,2025-08-18,117.68,PayPal,TC00008,2025,8,August,3,18,0,Monday
TT03953,U00286,CR00052,2025-06-24,0.0,Credit Card,TC00058,2025,6,June,2,24,1,Tuesday
TT03954,U00286,CR00010,2025-11-16,0.0,Bank Transfer,TC00033,2025,11,November,4,16,6,Sunday
TT03955,U00286,CR00053,2025-03-07,0.0,Bank Transfer,TC00058,2025,3,March,1,7,4,Friday
TT03956,U00287,CR00010,2025-03-05,0.0,Bank Transfer,TC00033,2025,3,March,1,5,2,Wednesday
TT03957,U00287,CR00016,2025-11-26,0.0,Credit Card,TC00053,2025,11,November,4,26,2,Wednesday
TT03958,U00290,CR00020,2025-06-01,0.0,Bank Transfer,TC00053,2025,6,June,2,1,6,Sunday
TT03959,U00290,CR00058,2025-07-14,0.0,Credit Card,TC00002,2025,7,July,3,14,0,Monday
TT03960,U00290,CR00055,2025-02-27,57.32,Bank Transfer,TC00058,2025,2,February,1,27,3,Thursday
TT03961,U00291,CR00048,2025-07-29,0.0,Bank Transfer,TC00054,2025,7,July,3,29,1,Tuesday
TT03962,U00291,CR00006,2025-04-21,276.37,Bank Transfer,TC00033,2025,4,April,2,21,0,Monday
TT03963,U00291,CR00026,2025-09-18,0.0,Bank Transfer,TC00021,2025,9,September,3,18,3,Thursday
TT03964,U00308,CR00050,2025-03-09,490.9,Credit Card,TC00041,2025,3,March,1,9,6,Sunday
TT03965,U00308,CR00025,2025-11-11,299.57,Credit Card,TC00008,2025,11,November,4,11,1,Tuesday
TT03966,U00308,CR00005,2025-08-28,0.0,Credit Card,TC00056,2025,8,August,3,28,3,Thursday
TT03967,U00308,CR00036,2025-01-14,0.0,Credit Card,TC00018,2025,1,January,1,14,1,Tuesday
TT03968,U00314,CR00004,2025-01-12,0.0,PayPal,TC00056,2025,1,January,1,12,6,Sunday
TT03969,U00314,CR00003,2025-12-26,0.0,Credit Card,TC00056,2025,12,December,4,26,4,Friday
TT03970,U00314,CR00052,2025-01-27,0.0,Bank Transfer,TC00058,2025,1,January,1,27,0,Monday
TT03971,U00316,CR00021,2025-02-28,0.0,PayPal,TC00008,2025,2,February,1,28,4,Friday
TT03972,U00316,CR00043,2025-08-29,0.0,Bank Transfer,TC00037,2025,8,August,3,29,4,Friday
TT03973,U00317,CR00055,2025-09-27,57.32,Bank Transfer,TC00058,2025,9,September,3,27,5,Saturday
TT03974,U00317,CR00017,2025-09-22,0.0,PayPal,TC00053,2025,9,September,3,22,0,Monday
TT03975,U00317,CR00031,2025-07-10,0.0,PayPal,TC00046,2025,7,July,3,10,3,Thursday
TT03976,U00327,CR00057,2025-11-27,177.34,PayPal,TC00002,2025,11,November,4,27,3,Thursday
TT03977,U00327,CR00037,2025-07-05,0.0,Credit Card,TC00018,2025,7,July,3,5,5,Saturday
TT03978,U00327,CR00043,2025-01-21,0.0,PayPal,TC00037,2025,1,January,1,21,1,Tuesday
TT03979,U00327,CR00059,2025-06-12,0.0,Bank Transfer,TC00024,2025,6,June,2,12,3,Thursday
TT03980,U00346,CR00054,2025-08-14,0.0,Credit Card,TC00058,2025,8,August,3,14,3,Thursday
TT03981,U00346,CR00011,2025-07-04,326.02,Bank Transfer,TC00053,2025,7,July,3,4,4,Friday
TT03982,U00346,CR00042,2025-04-09,0.0,PayPal,TC00037,2025,4,April,2,9,2,Wednesday
TT03983,U00354,CR00059,2025-06-30,0.0,PayPal,TC00024,2025,6,June,2,30,0,Monday
TT03984,U00354,CR00058,2025-09-26,0.0,Bank Transfer,TC00024,2025,9,September,3,26,4,Friday
TT03985,U00369,CR00052,2025-09-09,0.0,PayPal,TC00058,2025,9,September,3,9,1,Tuesday
TT03986,U00369,CR00018,2025-08-13,0.0,Credit Card,TC00053,2025,8,August,3,13,2,Wednesday
TT03987,U00369,CR00013,2025-08-01,0.0,PayPal,TC00059,2025,8,August,3,1,4,Friday
TT03988,U00369,CR00010,2025-07-20,0.0,PayPal,TC00033,2025,7,July,3,20,6,Sunday
TT03989,U00382,CR00018,2025-11-29,0.0,PayPal,TC00053,2025,11,November,4,29,5,Saturday
TT03990,U00382,CR00004,2025-06-19,0.0,Credit Card,TC00056,2025,6,June,2,19,3,Thursday
TT03991,U00382,CR00034,2025-03-23,394.26,PayPal,TC00059,2025,3,March,1,23,6,Sunday
TT03992,U00390,CR00052,2025-04-16,0.0,PayPal,TC00058,2025,4,April,2,16,2,Wednesday
TT03993,U00390,CR00053,2025-03-02,0.0,Credit Card,TC00058,2025,3,March,1,2,6,Sunday
TT03994,U00390,CR00009,2025-09-18,0.0,Credit Card,TC00033,2025,9,September,3,18,3,Thursday
TT03995,U00398,CR00002,2025-09-22,0.0,Credit Card,TC00056,2025,9,September,3,22,0,Monday
TT03996,U00398,CR00035,2025-05-24,0.0,Bank Transfer,TC00012,2025,5,May,2,24,5,Saturday
TT03997,U00398,CR00024,2025-10-21,117.68,Bank Transfer,TC00008,2025,10,October,4,21,1,Tuesday
TT03998,U00402,CR00053,2025-09-16,0.0,Bank Transfer,TC00058,2025,9,September,3,16,1,Tuesday
TT03999,U00402,CR00045,2025-08-20,0.0,PayPal,TC00037,2025,8,August,3,20,2,Wednesday
TT04000,U00412,CR00042,2025-02-14,0.0,PayPal,TC00037,2025,2,February,1,14,4,Friday
TT04001,U00412,CR00003,2025-04-13,0.0,Bank Transfer,TC00056,2025,4,April,2,13,6,Sunday
TT04002,U00412,CR00024,2025-03-01,117.68,Bank Transfer,TC00008,2025,3,March,1,1,5,Saturday
TT04003,U00412,CR00044,2025-11-28,119.04,Bank Transfer,TC00037,2025,11,November,4,28,4,Friday
TT04004,U00413,CR00033,2025-08-04,0.0,PayPal,TC00046,2025,8,August,3,4,0,Monday
TT04005,U00413,CR00001,2025-02-07,472.28,Bank Transfer,TC00056,2025,2,February,1,7,4,Friday
TT04006,U00418,CR00029,2025-01-16,0.0,Credit Card,TC00007,2025,1,January,1,16,3,Thursday
TT04007,U00418,CR00050,2025-12-13,490.9,PayPal,TC00041,2025,12,December,4,13,5,Saturday
TT04008,U00418,CR00051,2025-02-07,37.89,Bank Transfer,TC00058,2025,2,February,1,7,4,Friday
TT04009,U00422,CR00015,2025-01-21,285.05,Credit Card,TC00008,2025,1,January,1,21,1,Tuesday
TT04010,U00422,CR00032,2025-09-08,0.0,PayPal,TC00046,2025,9,September,3,8,0,Monday
TT04011,U00422,CR00043,2025-10-22,0.0,Credit Card,TC00037,2025,10,October,4,22,2,Wednesday
TT04012,U00426,CR00035,2025-08-17,0.0,PayPal,TC00055,2025,8,August,3,17,6,Sunday
TT04013,U00426,CR00004,2025-10-09,0.0,PayPal,TC00056,2025,10,October,4,9,3,Thursday
TT04014,U00426,CR00060,2025-11-13,0.0,Bank Transfer,TC00002,2025,11,November,4,13,3,Thursday
TT04015,U00426,CR00001,2025-07-07,472.28,PayPal,TC00056,2025,7,July,3,7,0,Monday
TT04016,U00437,CR00053,2025-02-05,0.0,PayPal,TC00058,2025,2,February,1,5,2,Wednesday
TT04017,U00437,CR00022,2025-11-17,0.0,Bank Transfer,TC00008,2025,11,November,4,17,0,Monday
TT04018,U00437,CR00036,2025-08-15,0.0,PayPal,TC00018,2025,8,August,3,15,4,Friday
TT04019,U00448,CR00059,2025-03-01,0.0,Bank Transfer,TC00002,2025,3,March,1,1,5,Saturday
TT04020,U00448,CR00031,2025-09-18,0.0,Credit Card,TC00059,2025,9,September,3,18,3,Thursday
TT04021,U00448,CR00035,2025-07-10,0.0,PayPal,TC00046,2025,7,July,3,10,3,Thursday
TT04022,U00452,CR00055,2025-05-17,57.32,Credit Card,TC00058,2025,5,May,2,17,5,Saturday
TT04023,U00452,CR00045,2025-07-01,0.0,Credit Card,TC00037,2025,7,July,3,1,1,Tuesday
TT04024,U00452,CR00017,2025-10-27,0.0,PayPal,TC00053,2025,10,October,4,27,0,Monday
TT04025,U00454,CR00038,2025-10-15,342.61,Bank Transfer,TC00018,2025,10,October,4,15,2,Wednesday
TT04026,U00454,CR00049,2025-12-15,415.51,PayPal,TC00054,2025,12,December,4,15,0,Monday
TT04027,U00454,CR00036,2025-10-14,0.0,PayPal,TC00018,2025,10,October,4,14,1,Tuesday
TT04028,U00454,CR00005,2025-02-25,0.0,Credit Card,TC00056,2025,2,February,1,25,1,Tuesday
TT04029,U00455,CR00048,2025-08-18,0.0,Bank Transfer,TC00041,2025,8,August,3,18,0,Monday
TT04030,U00455,CR00022,2025-05-24,0.0,PayPal,TC00008,2025,5,May,2,24,5,Saturday
TT04031,U00455,CR00002,2025-12-02,0.0,PayPal,TC00056,2025,12,December,4,2,1,Tuesday
TT04032,U00457,CR00051,2025-12-12,37.89,Credit Card,TC00058,2025,12,December,4,12,4,Friday
TT04033,U00457,CR00017,2025-01-21,0.0,Credit Card,TC00053,2025,1,January,1,21,1,Tuesday
TT04034,U00458,CR00002,2025-06-16,0.0,PayPal,TC00056,2025,6,June,2,16,0,Monday
TT04035,U00458,CR00010,2025-03-04,0.0,Credit Card,TC00033,2025,3,March,1,4,1,Tuesday
TT04036,U00458,CR00024,2025-05-25,117.68,PayPal,TC00008,2025,5,May,2,25,6,Sunday
TT04037,U00458,CR00047,2025-03-07,89.59,Bank Transfer,TC00011,2025,3,March,1,7,4,Friday
TT04038,U00461,CR00026,2025-06-15,0.0,Bank Transfer,TC00021,2025,6,June,2,15,6,Sunday
TT04039,U00461,CR00050,2025-07-23,490.9,Credit Card,TC00011,2025,7,July,3,23,2,Wednesday
TT04040,U00462,CR00011,2025-01-02,326.02,Bank Transfer,TC00041,2025,1,January,1,2,3,Thursday
TT04041,U00462,CR00017,2025-11-15,0.0,PayPal,TC00053,2025,11,November,4,15,5,Saturday
TT04042,U00473,CR00029,2025-01-03,0.0,PayPal,TC00021,2025,1,January,1,3,4,Friday
TT04043,U00473,CR00038,2025-07-29,342.61,Credit Card,TC00018,2025,7,July,3,29,1,Tuesday
TT04044,U00473,CR00054,2025-09-23,0.0,Credit Card,TC00058,2025,9,September,3,23,1,Tuesday
TT04045,U00475,CR00023,2025-05-23,0.0,Credit Card,TC00008,2025,5,May,2,23,4,Friday
TT04046,U00475,CR00040,2025-11-16,327.99,PayPal,TC00018,2025,11,November,4,16,6,Sunday
TT04047,U00475,CR00006,2025-05-30,276.37,Credit Card,TC00033,2025,5,May,2,30,4,Friday
TT04048,U00486,CR00026,2025-02-13,0.0,Credit Card,TC00021,2025,2,February,1,13,3,Thursday
TT04049,U00486,CR00037,2025-09-14,0.0,Credit Card,TC00018,2025,9,September,3,14,6,Sunday
TT04050,U00489,CR00034,2025-02-27,394.26,Bank Transfer,TC00055,2025,2,February,1,27,3,Thursday
TT04051,U00489,CR00029,2025-08-11,0.0,Bank Transfer,TC00021,2025,8,August,3,11,0,Monday
TT04052,U00489,CR00041,2025-10-29,53.86,PayPal,TC00037,2025,10,October,4,29,2,Wednesday
TT04053,U00495,CR00015,2025-04-19,285.05,PayPal,TC00012,2025,4,April,2,19,5,Saturday
TT04054,U00495,CR00009,2025-12-25,0.0,PayPal,TC00033,2025,12,December,4,25,3,Thursday
TT04055,U00497,CR00052,2025-08-28,0.0,Bank Transfer,TC00058,2025,8,August,3,28,3,Thursday
TT04056,U00497,CR00048,2025-06-06,0.0,Credit Card,TC00041,2025,6,June,2,6,4,Friday
TT04057,U00497,CR00054,2025-12-11,0.0,PayPal,TC00058,2025,12,December,4,11,3,Thursday
TT04058,U00498,CR00020,2025-09-19,0.0,PayPal,TC00053,2025,9,September,3,19,4,Friday
TT04059,U00498,CR00059,2025-03-21,0.0,Bank Transfer,TC00024,2025,3,March,1,21,4,Friday
TT04060,U00498,CR00037,2025-08-03,0.0,Bank Transfer,TC00018,2025,8,August,3,3,6,Sunday
TT04061,U00500,CR00046,2025-12-20,248.1,Bank Transfer,TC00054,2025,12,December,4,20,5,Saturday
TT04062,U00500,CR00038,2025-06-30,342.61,PayPal,TC00018,2025,6,June,2,30,0,Monday
TT04063,U00503,CR00009,2025-12-13,0.0,Bank Transfer,TC00033,2025,12,December,4,13,5,Saturday
TT04064,U00503,CR00058,2025-11-21,0.0,Credit Card,TC00024,2025,11,November,4,21,4,Friday
TT04065,U00514,CR00001,2025-04-10,472.28,Bank Transfer,TC00056,2025,4,April,2,10,3,Thursday
TT04066,U00514,CR00004,2025-11-15,0.0,Credit Card,TC00056,2025,11,November,4,15,5,Saturday
TT04067,U00514,CR00024,2025-11-14,117.68,Credit Card,TC00008,2025,11,November,4,14,4,Friday
TT04068,U00534,CR00057,2025-08-19,177.34,Bank Transfer,TC00024,2025,8,August,3,19,1,Tuesday
TT04069,U00534,CR00019,2025-02-08,0.0,PayPal,TC00053,2025,2,February,1,8,5,Saturday
TT04070,U00534,CR00054,2025-12-11,0.0,PayPal,TC00058,2025,12,December,4,11,3,Thursday
TT04071,U00534,CR00029,2025-06-27,0.0,Bank Transfer,TC00004,2025,6,June,2,27,4,Friday
TT04072,U00537,CR00017,2025-11-29,0.0,Bank Transfer,TC00053,2025,11,November,4,29,5,Saturday
TT04073,U00537,CR00039,2025-05-21,346.71,Bank Transfer,TC00018,2025,5,May,2,21,2,Wednesday
TT04074,U00541,CR00010,2025-04-12,0.0,PayPal,TC00033,2025,4,April,2,12,5,Saturday
TT04075,U00541,CR00056,2025-09-07,212.39,Credit Card,TC00002,2025,9,September,3,7,6,Sunday
TT04076,U00541,CR00024,2025-06-11,117.68,Credit Card,TC00008,2025,6,June,2,11,2,Wednesday
TT04077,U00551,CR00055,2025-08-16,57.32,PayPal,TC00058,2025,8,August,3,16,5,Saturday
TT04078,U00551,CR00043,2025-10-19,0.0,PayPal,TC00037,2025,10,October,4,19,6,Sunday
TT04079,U00551,CR00057,2025-09-15,177.34,PayPal,TC00002,2025,9,September,3,15,0,Monday
TT04080,U00551,CR00022,2025-09-17,0.0,Bank Transfer,TC00008,2025,9,September,3,17,2,Wednesday
TT04081,U00580,CR00043,2025-09-24,0.0,Bank Transfer,TC00037,2025,9,September,3,24,2,Wednesday
TT04082,U00580,CR00052,2025-02-18,0.0,PayPal,TC00058,2025,2,February,1,18,1,Tuesday
TT04083,U00580,CR00031,2025-10-01,0.0,PayPal,TC00055,2025,10,October,4,1,2,Wednesday
TT04084,U00585,CR00029,2025-12-01,0.0,Credit Card,TC00007,2025,12,December,4,1,0,Monday
TT04085,U00585,CR00054,2025-08-07,0.0,PayPal,TC00058,2025,8,August,3,7,3,Thursday
TT04086,U00593,CR00047,2025-07-25,89.59,Bank Transfer,TC00011,2025,7,July,3,25,4,Friday
TT04087,U00593,CR00018,2025-03-19,0.0,Credit Card,TC00053,2025,3,March,1,19,2,Wednesday
TT04088,U00602,CR00058,2025-05-12,0.0,PayPal,TC00002,2025,5,May,2,12,0,Monday
TT04089,U00602,CR00002,2025-07-13,0.0,Bank Transfer,TC00056,2025,7,July,3,13,6,Sunday
TT04090,U00602,CR00036,2025-12-21,0.0,Bank Transfer,TC00018,2025,12,December,4,21,6,Sunday
TT04091,U00603,CR00042,2025-02-24,0.0,Bank Transfer,TC00037,2025,2,February,1,24,0,Monday
TT04092,U00603,CR00028,2025-09-24,0.78,Bank Transfer,TC00021,2025,9,September,3,24,2,Wednesday
TT04093,U00605,CR00016,2025-11-03,0.0,PayPal,TC00053,2025,11,November,4,3,0,Monday
TT04094,U00605,CR00024,2025-06-20,117.68,Credit Card,TC00008,2025,6,June,2,20,4,Friday
TT04095,U00605,CR00048,2025-11-11,0.0,Bank Transfer,TC00054,2025,11,November,4,11,1,Tuesday
TT04096,U00606,CR00013,2025-07-24,0.0,Credit Card,TC00037,2025,7,July,3,24,3,Thursday
TT04097,U00606,CR00009,2025-07-28,0.0,Credit Card,TC00033,2025,7,July,3,28,0,Monday
TT04098,U00607,CR00051,2025-06-03,37.89,PayPal,TC00058,2025,6,June,2,3,1,Tuesday
TT04099,U00607,CR00046,2025-11-07,248.1,Credit Card,TC00011,2025,11,November,4,7,4,Friday
TT04100,U00609,CR00014,2025-03-11,0.0,PayPal,TC00046,2025,3,March,1,11,1,Tuesday
TT04101,U00609,CR00010,2025-11-20,0.0,Bank Transfer,TC00033,2025,11,November,4,20,3,Thursday
TT04102,U00609,CR00040,2025-11-13,327.99,Credit Card,TC00018,2025,11,November,4,13,3,Thursday
TT04103,U00609,CR00052,2025-09-24,0.0,PayPal,TC00058,2025,9,September,3,24,2,Wednesday
TT04104,U00625,CR00034,2025-12-01,394.26,Credit Card,TC00055,2025,12,December,4,1,0,Monday
TT04105,U00625,CR00031,2025-07-05,0.0,Credit Card,TC00012,2025,7,July,3,5,5,Saturday
TT04106,U00625,CR00017,2025-02-12,0.0,Credit Card,TC00053,2025,2,February,1,12,2,Wednesday
TT04107,U00625,CR00026,2025-12-18,0.0,PayPal,TC00004,2025,12,December,4,18,3,Thursday
TT04108,U00627,CR00012,2025-05-01,487.92,Bank Transfer,TC00018,2025,5,May,2,1,3,Thursday
TT04109,U00627,CR00030,2025-01-27,0.0,PayPal,TC00007,2025,1,January,1,27,0,Monday
TT04110,U00627,CR00005,2025-08-07,0.0,Credit Card,TC00056,2025,8,August,3,7,3,Thursday
TT04111,U00627,CR00029,2025-08-22,0.0,Credit Card,TC00021,2025,8,August,3,22,4,Friday
TT04112,U00630,CR00044,2025-08-22,119.04,Bank Transfer,TC00037,2025,8,August,3,22,4,Friday
TT04113,U00630,CR00057,2025-03-22,177.34,Credit Card,TC00024,2025,3,March,1,22,5,Saturday
TT04114,U00630,CR00043,2025-12-21,0.0,Bank Transfer,TC00037,2025,12,December,4,21,6,Sunday
TT04115,U00634,CR00006,2025-04-14,276.37,Credit Card,TC00033,2025,4,April,2,14,0,Monday
TT04116,U00634,CR00010,2025-07-02,0.0,PayPal,TC00033,2025,7,July,3,2,2,Wednesday
TT04117,U00634,CR00014,2025-09-02,0.0,Bank Transfer,TC00053,2025,9,September,3,2,1,Tuesday
TT04118,U00638,CR00055,2025-02-18,57.32,Credit Card,TC00058,2025,2,February,1,18,1,Tuesday
TT04119,U00638,CR00053,2025-03-12,0.0,Bank Transfer,TC00058,2025,3,March,1,12,2,Wednesday
TT04120,U00642,CR00054,2025-08-18,0.0,Bank Transfer,TC00058,2025,8,August,3,18,0,Monday
TT04121,U00642,CR00013,2025-04-27,0.0,Credit Card,TC00055,2025,4,April,2,27,6,Sunday
TT04122,U00648,CR00001,2025-02-22,472.28,Credit Card,TC00056,2025,2,February,1,22,5,Saturday
TT04123,U00648,CR00059,2025-01-30,0.0,Credit Card,TC00002,2025,1,January,1,30,3,Thursday
TT04124,U00651,CR00004,2025-10-28,0.0,Credit Card,TC00056,2025,10,October,4,28,1,Tuesday
TT04125,U00651,CR00003,2025-03-11,0.0,PayPal,TC00056,2025,3,March,1,11,1,Tuesday
TT04126,U00651,CR00044,2025-08-16,119.04,PayPal,TC00037,2025,8,August,3,16,5,Saturday
TT04127,U00651,CR00057,2025-10-30,177.34,PayPal,TC00024,2025,10,October,4,30,3,Thursday
TT04128,U00654,CR00041,2025-02-09,53.86,Credit Card,TC00037,2025,2,February,1,9,6,Sunday
TT04129,U00654,CR00005,2025-10-13,0.0,PayPal,TC00056,2025,10,October,4,13,0,Monday
TT04130,U00661,CR00002,2025-02-12,0.0,PayPal,TC00056,2025,2,February,1,12,2,Wednesday
TT04131,U00661,CR00023,2025-08-01,0.0,Bank Transfer,TC00008,2025,8,August,3,1,4,Friday
TT04132,U00661,CR00004,2025-11-04,0.0,Credit Card,TC00056,2025,11,November,4,4,1,Tuesday
TT04133,U00661,CR00056,2025-09-15,212.39,Bank Transfer,TC00002,2025,9,September,3,15,0,Monday
TT04134,U00667,CR00019,2025-08-09,0.0,Bank Transfer,TC00053,2025,8,August,3,9,5,Saturday
TT04135,U00667,CR00056,2025-06-12,212.39,Bank Transfer,TC00024,2025,6,June,2,12,3,Thursday
TT04136,U00668,CR00003,2025-02-04,0.0,Bank Transfer,TC00056,2025,2,February,1,4,1,Tuesday
TT04137,U00668,CR00017,2025-01-02,0.0,Bank Transfer,TC00053,2025,1,January,1,2,3,Thursday
TT04138,U00670,CR00035,2025-09-07,0.0,PayPal,TC00059,2025,9,September,3,7,6,Sunday
TT04139,U00670,CR00042,2025-04-15,0.0,Bank Transfer,TC00037,2025,4,April,2,15,1,Tuesday
TT04140,U00684,CR00010,2025-04-27,0.0,Credit Card,TC00033,2025,4,April,2,27,6,Sunday
TT04141,U00684,CR00060,2025-06-01,0.0,Credit Card,TC00024,2025,6,June,2,1,6,Sunday
TT04142,U00684,CR00007,2025-06-10,0.0,Bank Transfer,TC00033,2025,6,June,2,10,1,Tuesday
TT04143,U00702,CR00054,2025-12-26,0.0,Bank Transfer,TC00058,2025,12,December,4,26,4,Friday
TT04144,U00702,CR00007,2025-09-18,0.0,Credit Card,TC00033,2025,9,September,3,18,3,Thursday
TT04145,U00702,CR00045,2025-09-22,0.0,PayPal,TC00037,2025,9,September,3,22,0,Monday
TT04146,U00703,CR00032,2025-03-01,0.0,PayPal,TC00012,2025,3,March,1,1,5,Saturday
TT04147,U00703,CR00049,2025-02-05,415.51,PayPal,TC00054,2025,2,February,1,5,2,Wednesday
TT04148,U00703,CR00041,2025-06-29,53.86,PayPal,TC00037,2025,6,June,2,29,6,Sunday
TT04149,U00712,CR00042,2025-07-28,0.0,Bank Transfer,TC00037,2025,7,July,3,28,0,Monday
TT04150,U00712,CR00013,2025-01-01,0.0,Bank Transfer,TC00021,2025,1,January,1,1,2,Wednesday
TT04151,U00714,CR00022,2025-02-16,0.0,Bank Transfer,TC00008,2025,2,February,1,16,6,Sunday
TT04152,U00714,CR00009,2025-10-28,0.0,PayPal,TC00033,2025,10,October,4,28,1,Tuesday
TT04153,U00714,CR00059,2025-09-03,0.0,PayPal,TC00002,2025,9,September,3,3,2,Wednesday
TT04154,U00716,CR00022,2025-05-10,0.0,PayPal,TC00008,2025,5,May,2,10,5,Saturday
TT04155,U00716,CR00031,2025-05-20,0.0,Credit Card,TC00046,2025,5,May,2,20,1,Tuesday
TT04156,U00716,CR00057,2025-08-29,177.34,PayPal,TC00002,2025,8,August,3,29,4,Friday
TT04157,U00716,CR00024,2025-10-14,117.68,PayPal,TC00008,2025,10,October,4,14,1,Tuesday
TT04158,U00718,CR00004,2025-01-30,0.0,Credit Card,TC00056,2025,1,January,1,30,3,Thursday
TT04159,U00718,CR00015,2025-10-18,285.05,PayPal,TC00058,2025,10,October,4,18,5,Saturday
TT04160,U00722,CR00013,2025-09-02,0.0,PayPal,TC00004,2025,9,September,3,2,1,Tuesday
TT04161,U00722,CR00006,2025-09-04,276.37,Credit Card,TC00033,2025,9,September,3,4,3,Thursday
TT04162,U00722,CR00029,2025-06-05,0.0,Credit Card,TC00004,2025,6,June,2,5,3,Thursday
TT04163,U00727,CR00057,2025-04-03,177.34,PayPal,TC00024,2025,4,April,2,3,3,Thursday
TT04164,U00727,CR00056,2025-06-21,212.39,Credit Card,TC00002,2025,6,June,2,21,5,Saturday
TT04165,U00727,CR00032,2025-10-09,0.0,Credit Card,TC00046,2025,10,October,4,9,3,Thursday
TT04166,U00727,CR00053,2025-11-01,0.0,PayPal,TC00058,2025,11,November,4,1,5,Saturday
TT04167,U00729,CR00004,2025-01-08,0.0,Credit Card,TC00056,2025,1,January,1,8,2,Wednesday
TT04168,U00729,CR00017,2025-06-20,0.0,Bank Transfer,TC00053,2025,6,June,2,20,4,Friday
TT04169,U00734,CR00018,2025-04-13,0.0,Bank Transfer,TC00053,2025,4,April,2,13,6,Sunday
TT04170,U00734,CR00032,2025-05-27,0.0,Credit Card,TC00046,2025,5,May,2,27,1,Tuesday
TT04171,U00734,CR00023,2025-12-03,0.0,Bank Transfer,TC00008,2025,12,December,4,3,2,Wednesday
TT04172,U00734,CR00025,2025-04-19,299.57,Credit Card,TC00008,2025,4,April,2,19,5,Saturday
TT04173,U00735,CR00056,2025-05-05,212.39,Credit Card,TC00002,2025,5,May,2,5,0,Monday
TT04174,U00735,CR00013,2025-01-08,0.0,Credit Card,TC00059,2025,1,January,1,8,2,Wednesday
TT04175,U00738,CR00051,2025-03-26,37.89,Credit Card,TC00058,2025,3,March,1,26,2,Wednesday
TT04176,U00738,CR00035,2025-09-26,0.0,Bank Transfer,TC00046,2025,9,September,3,26,4,Friday
TT04177,U00738,CR00056,2025-07-08,212.39,Bank Transfer,TC00002,2025,7,July,3,8,1,Tuesday
TT04178,U00741,CR00043,2025-03-11,0.0,PayPal,TC00037,2025,3,March,1,11,1,Tuesday
TT04179,U00741,CR00038,2025-06-20,342.61,PayPal,TC00018,2025,6,June,2,20,4,Friday
TT04180,U00741,CR00044,2025-12-10,119.04,Credit Card,TC00037,2025,12,December,4,10,2,Wednesday
TT04181,U00741,CR00016,2025-06-20,0.0,Credit Card,TC00053,2025,6,June,2,20,4,Friday
TT04182,U00743,CR00005,2025-07-12,0.0,Bank Transfer,TC00056,2025,7,July,3,12,5,Saturday
TT04183,U00743,CR00051,2025-08-27,37.89,PayPal,TC00058,2025,8,August,3,27,2,Wednesday
TT04184,U00743,CR00032,2025-10-26,0.0,PayPal,TC00012,2025,10,October,4,26,6,Sunday
TT04185,U00743,CR00004,2025-05-04,0.0,Credit Card,TC00056,2025,5,May,2,4,6,Sunday
TT04186,U00766,CR00017,2025-06-02,0.0,Bank Transfer,TC00053,2025,6,June,2,2,0,Monday
TT04187,U00766,CR00042,2025-08-25,0.0,Bank Transfer,TC00037,2025,8,August,3,25,0,Monday
TT04188,U00766,CR00020,2025-06-26,0.0,Bank Transfer,TC00053,2025,6,June,2,26,3,Thursday
TT04189,U00768,CR00009,2025-12-18,0.0,PayPal,TC00033,2025,12,December,4,18,3,Thursday
TT04190,U00768,CR00053,2025-01-15,0.0,Bank Transfer,TC00058,2025,1,January,1,15,2,Wednesday
TT04191,U00777,CR00012,2025-01-04,487.92,Credit Card,TC00054,2025,1,January,1,4,5,Saturday
TT04192,U00777,CR00056,2025-06-06,212.39,Bank Transfer,TC00024,2025,6,June,2,6,4,Friday
TT04193,U00777,CR00043,2025-12-06,0.0,Bank Transfer,TC00037,2025,12,December,4,6,5,Saturday
TT04194,U00777,CR00025,2025-03-29,299.57,Credit Card,TC00008,2025,3,March,1,29,5,Saturday
TT04195,U00778,CR00019,2025-03-16,0.0,Credit Card,TC00053,2025,3,March,1,16,6,Sunday
TT04196,U00778,CR00030,2025-02-04,0.0,Credit Card,TC00004,2025,2,February,1,4,1,Tuesday
TT04197,U00788,CR00060,2025-06-10,0.0,Bank Transfer,TC00024,2025,6,June,2,10,1,Tuesday
TT04198,U00788,CR00030,2025-02-12,0.0,Credit Card,TC00021,2025,2,February,1,12,2,Wednesday
TT04199,U00789,CR00051,2025-08-15,37.89,PayPal,TC00058,2025,8,August,3,15,4,Friday
TT04200,U00789,CR00022,2025-02-17,0.0,Credit Card,TC00008,2025,2,February,1,17,0,Monday
TT04201,U00793,CR00021,2025-08-29,0.0,Credit Card,TC00008,2025,8,August,3,29,4,Friday
TT04202,U00793,CR00007,2025-06-16,0.0,Bank Transfer,TC00033,2025,6,June,2,16,0,Monday
TT04203,U00793,CR00056,2025-08-27,212.39,Bank Transfer,TC00002,2025,8,August,3,27,2,Wednesday
TT04204,U00793,CR00058,2025-03-25,0.0,Bank Transfer,TC00024,2025,3,March,1,25,1,Tuesday
TT04205,U00794,CR00048,2025-09-07,0.0,Credit Card,TC00054,2025,9,September,3,7,6,Sunday
TT04206,U00794,CR00008,2025-12-03,0.0,Bank Transfer,TC00033,2025,12,December,4,3,2,Wednesday
TT04207,U00795,CR00036,2025-11-21,0.0,Credit Card,TC00018,2025,11,November,4,21,4,Friday
TT04208,U00795,CR00015,2025-06-04,285.05,Bank Transfer,TC00033,2025,6,June,2,4,2,Wednesday
TT04209,U00795,CR00052,2025-05-11,0.0,PayPal,TC00058,2025,5,May,2,11,6,Sunday
TT04210,U00797,CR00026,2025-07-12,0.0,Credit Card,TC00004,2025,7,July,3,12,5,Saturday
TT04211,U00797,CR00042,2025-05-09,0.0,Bank Transfer,TC00037,2025,5,May,2,9,4,Friday
TT04212,U00797,CR00008,2025-01-16,0.0,Credit Card,TC00033,2025,1,January,1,16,3,Thursday
TT04213,U00800,CR00049,2025-03-13,415.51,Credit Card,TC00011,2025,3,March,1,13,3,Thursday
TT04214,U00800,CR00026,2025-08-02,0.0,Credit Card,TC00021,2025,8,August,3,2,5,Saturday
TT04215,U00802,CR00044,2025-05-24,119.04,PayPal,TC00037,2025,5,May,2,24,5,Saturday
TT04216,U00802,CR00014,2025-09-02,0.0,Bank Transfer,TC00059,2025,9,September,3,2,1,Tuesday
TT04217,U00803,CR00014,2025-10-05,0.0,Bank Transfer,TC00059,2025,10,October,4,5,6,Sunday
TT04218,U00803,CR00006,2025-09-06,276.37,PayPal,TC00033,2025,9,September,3,6,5,Saturday
TT04219,U00803,CR00023,2025-07-22,0.0,Credit Card,TC00008,2025,7,July,3,22,1,Tuesday
TT04220,U00804,CR00047,2025-03-01,89.59,PayPal,TC00011,2025,3,March,1,1,5,Saturday
TT04221,U00804,CR00005,2025-04-22,0.0,PayPal,TC00056,2025,4,April,2,22,1,Tuesday
TT04222,U00811,CR00012,2025-09-10,487.92,Credit Card,TC00008,2025,9,September,3,10,2,Wednesday
TT04223,U00811,CR00054,2025-12-28,0.0,Credit Card,TC00058,2025,12,December,4,28,6,Sunday
TT04224,U00811,CR00052,2025-04-30,0.0,Bank Transfer,TC00058,2025,4,April,2,30,2,Wednesday
TT04225,U00812,CR00010,2025-10-14,0.0,Bank Transfer,TC00033,2025,10,October,4,14,1,Tuesday
TT04226,U00812,CR00015,2025-03-06,285.05,Credit Card,TC00011,2025,3,March,1,6,3,Thursday
TT04227,U00812,CR00009,2025-12-02,0.0,Bank Transfer,TC00033,2025,12,December,4,2,1,Tuesday
TT04228,U00813,CR00058,2025-11-15,0.0,Credit Card,TC00002,2025,11,November,4,15,5,Saturday
TT04229,U00813,CR00013,2025-09-18,0.0,Credit Card,TC00046,2025,9,September,3,18,3,Thursday
TT04230,U00813,CR00016,2025-10-23,0.0,Bank Transfer,TC00053,2025,10,October,4,23,3,Thursday
TT04231,U00813,CR00042,2025-10-18,0.0,PayPal,TC00037,2025,10,October,4,18,5,Saturday
TT04232,U00815,CR00049,2025-02-05,415.51,Bank Transfer,TC00011,2025,2,February,1,5,2,Wednesday
TT04233,U00815,CR00026,2025-08-19,0.0,Credit Card,TC00004,2025,8,August,3,19,1,Tuesday
TT04234,U00816,CR00047,2025-12-10,89.59,Bank Transfer,TC00054,2025,12,December,4,10,2,Wednesday
TT04235,U00816,CR00030,2025-10-06,0.0,Bank Transfer,TC00007,2025,10,October,4,6,0,Monday
TT04236,U00816,CR00031,2025-04-26,0.0,Credit Card,TC00059,2025,4,April,2,26,5,Saturday
TT04237,U00820,CR00060,2025-08-06,0.0,PayPal,TC00024,2025,8,August,3,6,2,Wednesday
TT04238,U00820,CR00021,2025-09-28,0.0,Bank Transfer,TC00008,2025,9,September,3,28,6,Sunday
TT04239,U00820,CR00012,2025-04-30,487.92,PayPal,TC00055,2025,4,April,2,30,2,Wednesday
TT04240,U00825,CR00023,2025-11-08,0.0,PayPal,TC00008,2025,11,November,4,8,5,Saturday
TT04241,U00825,CR00012,2025-09-22,487.92,PayPal,TC00056,2025,9,September,3,22,0,Monday
TT04242,U00825,CR00010,2025-06-24,0.0,Credit Card,TC00033,2025,6,June,2,24,1,Tuesday
TT04243,U00828,CR00049,2025-11-10,415.51,PayPal,TC00041,2025,11,November,4,10,0,Monday
TT04244,U00828,CR00057,2025-05-08,177.34,Bank Transfer,TC00002,2025,5,May,2,8,3,Thursday
TT04245,U00828,CR00016,2025-01-18,0.0,Credit Card,TC00053,2025,1,January,1,18,5,Saturday
TT04246,U00833,CR00052,2025-03-13,0.0,Credit Card,TC00058,2025,3,March,1,13,3,Thursday
TT04247,U00833,CR00018,2025-12-05,0.0,Credit Card,TC00053,2025,12,December,4,5,4,Friday
TT04248,U00833,CR00027,2025-09-21,0.0,Credit Card,TC00004,2025,9,September,3,21,6,Sunday
TT04249,U00837,CR00003,2025-04-02,0.0,Bank Transfer,TC00056,2025,4,April,2,2,2,Wednesday
TT04250,U00837,CR00019,2025-09-06,0.0,Bank Transfer,TC00053,2025,9,September,3,6,5,Saturday
TT04251,U00837,CR00015,2025-04-14,285.05,PayPal,TC00046,2025,4,April,2,14,0,Monday
TT04252,U00837,CR00005,2025-05-24,0.0,PayPal,TC00056,2025,5,May,2,24,5,Saturday
TT04253,U00840,CR00026,2025-12-21,0.0,Credit Card,TC00004,2025,12,December,4,21,6,Sunday
TT04254,U00840,CR00034,2025-08-05,394.26,Credit Card,TC00055,2025,8,August,3,5,1,Tuesday
TT04255,U00840,CR00005,2025-12-14,0.0,PayPal,TC00056,2025,12,December,4,14,6,Sunday
TT04256,U00848,CR00049,2025-11-27,415.51,PayPal,TC00054,2025,11,November,4,27,3,Thursday
TT04257,U00848,CR00033,2025-02-06,0.0,Credit Card,TC00012,2025,2,February,1,6,3,Thursday
TT04258,U00848,CR00048,2025-08-04,0.0,Bank Transfer,TC00054,2025,8,August,3,4,0,Monday
TT04259,U00848,CR00010,2025-05-12,0.0,Credit Card,TC00033,2025,5,May,2,12,0,Monday
TT04260,U00849,CR00048,2025-03-20,0.0,PayPal,TC00041,2025,3,March,1,20,3,Thursday
TT04261,U00849,CR00046,2025-05-14,248.1,Bank Transfer,TC00054,2025,5,May,2,14,2,Wednesday
TT04262,U00871,CR00032,2025-03-21,0.0,Credit Card,TC00059,2025,3,March,1,21,4,Friday
TT04263,U00871,CR00030,2025-09-30,0.0,Credit Card,TC00007,2025,9,September,3,30,1,Tuesday
TT04264,U00879,CR00047,2025-06-07,89.59,Bank Transfer,TC00041,2025,6,June,2,7,5,Saturday
TT04265,U00879,CR00020,2025-01-03,0.0,PayPal,TC00053,2025,1,January,1,3,4,Friday
TT04266,U00879,CR00025,2025-05-05,299.57,Credit Card,TC00008,2025,5,May,2,5,0,Monday
TT04267,U00883,CR00001,2025-10-25,472.28,Credit Card,TC00056,2025,10,October,4,25,5,Saturday
TT04268,U00883,CR00007,2025-06-14,0.0,Credit Card,TC00033,2025,6,June,2,14,5,Saturday
TT04269,U00883,CR00043,2025-09-07,0.0,Credit Card,TC00037,2025,9,September,3,7,6,Sunday
TT04270,U00888,CR00028,2025-07-29,0.78,PayPal,TC00021,2025,7,July,3,29,1,Tuesday
TT04271,U00888,CR00003,2025-11-25,0.0,Bank Transfer,TC00056,2025,11,November,4,25,1,Tuesday
TT04272,U00888,CR00027,2025-05-15,0.0,Bank Transfer,TC00004,2025,5,May,2,15,3,Thursday
TT04273,U00888,CR00050,2025-09-20,490.9,Credit Card,TC00054,2025,9,September,3,20,5,Saturday
TT04274,U00892,CR00037,2025-05-29,0.0,Credit Card,TC00018,2025,5,May,2,29,3,Thursday
TT04275,U00892,CR00020,2025-09-14,0.0,Bank Transfer,TC00053,2025,9,September,3,14,6,Sunday
TT04276,U00892,CR00033,2025-08-06,0.0,PayPal,TC00046,2025,8,August,3,6,2,Wednesday
TT04277,U00892,CR00059,2025-06-04,0.0,Bank Transfer,TC00002,2025,6,June,2,4,2,Wednesday
TT04278,U00894,CR00024,2025-05-11,117.68,Credit Card,TC00008,2025,5,May,2,11,6,Sunday
TT04279,U00894,CR00059,2025-09-09,0.0,PayPal,TC00024,2025,9,September,3,9,1,Tuesday
TT04280,U00894,CR00034,2025-06-10,394.26,Credit Card,TC00059,2025,6,June,2,10,1,Tuesday
TT04281,U00895,CR00017,2025-03-23,0.0,PayPal,TC00053,2025,3,March,1,23,6,Sunday
TT04282,U00895,CR00018,2025-03-16,0.0,Credit Card,TC00053,2025,3,March,1,16,6,Sunday
TT04283,U00895,CR00050,2025-06-25,490.9,PayPal,TC00011,2025,6,June,2,25,2,Wednesday
TT04284,U00895,CR00055,2025-09-10,57.32,Credit Card,TC00058,2025,9,September,3,10,2,Wednesday
TT04285,U00896,CR00035,2025-03-09,0.0,PayPal,TC00059,2025,3,March,1,9,6,Sunday
TT04286,U00896,CR00024,2025-06-20,117.68,Credit Card,TC00008,2025,6,June,2,20,4,Friday
TT04287,U00896,CR00028,2025-08-07,0.78,PayPal,TC00004,2025,8,August,3,7,3,Thursday
TT04288,U00896,CR00018,2025-12-17,0.0,Credit Card,TC00053,2025,12,December,4,17,2,Wednesday
TT04289,U00902,CR00052,2025-06-26,0.0,PayPal,TC00058,2025,6,June,2,26,3,Thursday
TT04290,U00902,CR00046,2025-08-09,248.1,PayPal,TC00011,2025,8,August,3,9,5,Saturday
TT04291,U00910,CR00052,2025-04-10,0.0,Bank Transfer,TC00058,2025,4,April,2,10,3,Thursday
TT04292,U00910,CR00046,2025-08-19,248.1,PayPal,TC00054,2025,8,August,3,19,1,Tuesday
TT04293,U00910,CR00044,2025-12-03,119.04,Credit Card,TC00037,2025,12,December,4,3,2,Wednesday
TT04294,U00923,CR00024,2025-04-27,117.68,Bank Transfer,TC00008,2025,4,April,2,27,6,Sunday
TT04295,U00923,CR00029,2025-10-03,0.0,Bank Transfer,TC00007,2025,10,October,4,3,4,Friday
TT04296,U00923,CR00034,2025-05-04,394.26,Credit Card,TC00046,2025,5,May,2,4,6,Sunday
TT04297,U00927,CR00019,2025-08-18,0.0,Credit Card,TC00053,2025,8,August,3,18,0,Monday
TT04298,U00927,CR00014,2025-02-16,0.0,Credit Card,TC00002,2025,2,February,1,16,6,Sunday
TT04299,U00929,CR00021,2025-05-02,0.0,PayPal,TC00008,2025,5,May,2,2,4,Friday
TT04300,U00929,CR00011,2025-10-30,326.02,PayPal,TC00011,2025,10,October,4,30,3,Thursday
TT04301,U00929,CR00028,2025-08-15,0.78,PayPal,TC00004,2025,8,August,3,15,4,Friday
TT04302,U00929,CR00024,2025-12-03,117.68,Bank Transfer,TC00008,2025,12,December,4,3,2,Wednesday
TT04303,U00930,CR00049,2025-07-22,415.51,PayPal,TC00041,2025,7,July,3,22,1,Tuesday
TT04304,U00930,CR00044,2025-12-23,119.04,PayPal,TC00037,2025,12,December,4,23,1,Tuesday
TT04305,U00930,CR00020,2025-06-27,0.0,Bank Transfer,TC00053,2025,6,June,2,27,4,Friday
TT04306,U00948,CR00003,2025-10-27,0.0,Credit Card,TC00056,2025,10,October,4,27,0,Monday
TT04307,U00948,CR00016,2025-02-13,0.0,Credit Card,TC00053,2025,2,February,1,13,3,Thursday
TT04308,U00948,CR00042,2025-10-22,0.0,PayPal,TC00037,2025,10,October,4,22,2,Wednesday
TT04309,U00949,CR00014,2025-11-15,0.0,Credit Card,TC00008,2025,11,November,4,15,5,Saturday
TT04310,U00949,CR00022,2025-09-08,0.0,PayPal,TC00008,2025,9,September,3,8,0,Monday
TT04311,U00949,CR00026,2025-12-03,0.0,PayPal,TC00004,2025,12,December,4,3,2,Wednesday
TT04312,U00949,CR00029,2025-05-18,0.0,PayPal,TC00021,2025,5,May,2,18,6,Sunday
TT04313,U00953,CR00037,2025-07-21,0.0,PayPal,TC00018,2025,7,July,3,21,0,Monday
TT04314,U00953,CR00047,2025-07-17,89.59,Credit Card,TC00011,2025,7,July,3,17,3,Thursday
TT04315,U00953,CR00027,2025-07-08,0.0,Credit Card,TC00021,2025,7,July,3,8,1,Tuesday
TT04316,U00955,CR00042,2025-03-29,0.0,Bank Transfer,TC00037,2025,3,March,1,29,5,Saturday
TT04317,U00955,CR00045,2025-07-22,0.0,PayPal,TC00037,2025,7,July,3,22,1,Tuesday
TT04318,U00955,CR00010,2025-12-04,0.0,Bank Transfer,TC00033,2025,12,December,4,4,3,Thursday
TT04319,U00957,CR00052,2025-08-04,0.0,PayPal,TC00058,2025,8,August,3,4,0,Monday
TT04320,U00957,CR00056,2025-06-01,212.39,PayPal,TC00024,2025,6,June,2,1,6,Sunday
TT04321,U00957,CR00053,2025-02-04,0.0,Bank Transfer,TC00058,2025,2,February,1,4,1,Tuesday
TT04322,U00958,CR00059,2025-03-03,0.0,Credit Card,TC00002,2025,3,March,1,3,0,Monday
TT04323,U00958,CR00058,2025-01-10,0.0,Credit Card,TC00002,2025,1,January,1,10,4,Friday
TT04324,U00971,CR00017,2025-09-07,0.0,Credit Card,TC00053,2025,9,September,3,7,6,Sunday
TT04325,U00971,CR00050,2025-06-12,490.9,Credit Card,TC00041,2025,6,June,2,12,3,Thursday
TT04326,U00971,CR00023,2025-03-19,0.0,Bank Transfer,TC00008,2025,3,March,1,19,2,Wednesday
TT04327,U00972,CR00054,2025-08-13,0.0,Credit Card,TC00058,2025,8,August,3,13,2,Wednesday
TT04328,U00972,CR00048,2025-04-20,0.0,Credit Card,TC00041,2025,4,April,2,20,6,Sunday
TT04329,U00972,CR00001,2025-07-13,472.28,Credit Card,TC00056,2025,7,July,3,13,6,Sunday
TT04330,U00972,CR00044,2025-03-13,119.04,PayPal,TC00037,2025,3,March,1,13,3,Thursday
TT04331,U00979,CR00035,2025-01-23,0.0,PayPal,TC00046,2025,1,January,1,23,3,Thursday
TT04332,U00979,CR00009,2025-12-27,0.0,Credit Card,TC00033,2025,12,December,4,27,5,Saturday
TT04333,U00979,CR00019,2025-03-26,0.0,PayPal,TC00053,2025,3,March,1,26,2,Wednesday
TT04334,U00992,CR00039,2025-08-19,346.71,PayPal,TC00018,2025,8,August,3,19,1,Tuesday
TT04335,U00992,CR00012,2025-01-24,487.92,Bank Transfer,TC00037,2025,1,January,1,24,4,Friday
TT04336,U00992,CR00003,2025-06-07,0.0,Credit Card,TC00056,2025,6,June,2,7,5,Saturday
TT04337,U00992,CR00024,2025-09-03,117.68,Bank Transfer,TC00008,2025,9,September,3,3,2,Wednesday
TT04338,U00998,CR00040,2025-08-26,327.99,Credit Card,TC00018,2025,8,August,3,26,1,Tuesday
TT04339,U00998,CR00021,2025-07-25,0.0,Credit Card,TC00008,2025,7,July,3,25,4,Friday
TT04340,U01013,CR00014,2025-03-22,0.0,Bank Transfer,TC00011,2025,3,March,1,22,5,Saturday
TT04341,U01013,CR00008,2025-07-21,0.0,Bank Transfer,TC00033,2025,7,July,3,21,0,Monday
TT04342,U01013,CR00025,2025-04-22,299.57,PayPal,TC00008,2025,4,April,2,22,1,Tuesday
TT04343,U01014,CR00048,2025-02-15,0.0,Credit Card,TC00011,2025,2,February,1,15,5,Saturday
TT04344,U01014,CR00010,2025-04-08,0.0,PayPal,TC00033,2025,4,April,2,8,1,Tuesday
TT04345,U01014,CR00018,2025-12-09,0.0,PayPal,TC00053,2025,12,December,4,9,1,Tuesday
TT04346,U01023,CR00009,2025-02-16,0.0,PayPal,TC00033,2025,2,February,1,16,6,Sunday
TT04347,U01023,CR00033,2025-04-14,0.0,Credit Card,TC00012,2025,4,April,2,14,0,Monday
TT04348,U01024,CR00059,2025-06-09,0.0,Credit Card,TC00002,2025,6,June,2,9,0,Monday
TT04349,U01024,CR00058,2025-10-09,0.0,PayPal,TC00024,2025,10,October,4,9,3,Thursday
TT04350,U01024,CR00012,2025-04-06,487.92,Bank Transfer,TC00058,2025,4,April,2,6,6,Sunday
TT04351,U01027,CR00054,2025-02-04,0.0,Bank Transfer,TC00058,2025,2,February,1,4,1,Tuesday
TT04352,U01027,CR00005,2025-05-11,0.0,Credit Card,TC00056,2025,5,May,2,11,6,Sunday
TT04353,U01028,CR00040,2025-01-25,327.99,PayPal,TC00018,2025,1,January,1,25,5,Saturday
TT04354,U01028,CR00004,2025-08-05,0.0,Bank Transfer,TC00056,2025,8,August,3,5,1,Tuesday
TT04355,U01035,CR00012,2025-01-21,487.92,Bank Transfer,TC00053,2025,1,January,1,21,1,Tuesday
TT04356,U01035,CR00015,2025-01-08,285.05,PayPal,TC00055,2025,1,January,1,8,2,Wednesday
TT04357,U01035,CR00027,2025-08-18,0.0,Bank Transfer,TC00007,2025,8,August,3,18,0,Monday
TT04358,U01043,CR00055,2025-06-24,57.32,Credit Card,TC00058,2025,6,June,2,24,1,Tuesday
TT04359,U01043,CR00053,2025-11-06,0.0,Bank Transfer,TC00058,2025,11,November,4,6,3,Thursday
TT04360,U01043,CR00008,2025-12-21,0.0,Credit Card,TC00033,2025,12,December,4,21,6,Sunday
TT04361,U01043,CR00029,2025-06-01,0.0,Credit Card,TC00004,2025,6,June,2,1,6,Sunday
TT04362,U01045,CR00004,2025-09-24,0.0,Bank Transfer,TC00056,2025,9,September,3,24,2,Wednesday
TT04363,U01045,CR00021,2025-03-29,0.0,Bank Transfer,TC00008,2025,3,March,1,29,5,Saturday
TT04364,U01054,CR00007,2025-09-07,0.0,Bank Transfer,TC00033,2025,9,September,3,7,6,Sunday
TT04365,U01054,CR00027,2025-02-13,0.0,Bank Transfer,TC00007,2025,2,February,1,13,3,Thursday
TT04366,U01056,CR00033,2025-11-18,0.0,Bank Transfer,TC00059,2025,11,November,4,18,1,Tuesday
TT04367,U01056,CR00028,2025-04-14,0.78,Credit Card,TC00021,2025,4,April,2,14,0,Monday
TT04368,U01058,CR00056,2025-04-01,212.39,PayPal,TC00024,2025,4,April,2,1,1,Tuesday
TT04369,U01058,CR00034,2025-08-16,394.26,Credit Card,TC00046,2025,8,August,3,16,5,Saturday
TT04370,U01065,CR00013,2025-04-29,0.0,Bank Transfer,TC00058,2025,4,April,2,29,1,Tuesday
TT04371,U01065,CR00043,2025-11-25,0.0,Credit Card,TC00037,2025,11,November,4,25,1,Tuesday
TT04372,U01065,CR00040,2025-03-22,327.99,Credit Card,TC00018,2025,3,March,1,22,5,Saturday
TT04373,U01065,CR00019,2025-02-01,0.0,PayPal,TC00053,2025,2,February,1,1,5,Saturday
TT04374,U01071,CR00056,2025-01-23,212.39,Credit Card,TC00002,2025,1,January,1,23,3,Thursday
TT04375,U01071,CR00015,2025-11-29,285.05,Credit Card,TC00018,2025,11,November,4,29,5,Saturday
TT04376,U01073,CR00001,2025-10-20,472.28,PayPal,TC00056,2025,10,October,4,20,0,Monday
TT04377,U01073,CR00006,2025-07-19,276.37,Bank Transfer,TC00033,2025,7,July,3,19,5,Saturday
TT04378,U01075,CR00050,2025-03-16,490.9,PayPal,TC00054,2025,3,March,1,16,6,Sunday
TT04379,U01075,CR00054,2025-11-12,0.0,Credit Card,TC00058,2025,11,November,4,12,2,Wednesday
TT04380,U01085,CR00002,2025-04-16,0.0,Bank Transfer,TC00056,2025,4,April,2,16,2,Wednesday
TT04381,U01085,CR00044,2025-12-13,119.04,Bank Transfer,TC00037,2025,12,December,4,13,5,Saturday
TT04382,U01088,CR00034,2025-11-29,394.26,Bank Transfer,TC00059,2025,11,November,4,29,5,Saturday
TT04383,U01088,CR00055,2025-03-21,57.32,PayPal,TC00058,2025,3,March,1,21,4,Friday
TT04384,U01098,CR00012,2025-06-09,487.92,Credit Card,TC00058,2025,6,June,2,9,0,Monday
TT04385,U01098,CR00034,2025-01-25,394.26,Bank Transfer,TC00059,2025,1,January,1,25,5,Saturday
TT04386,U01098,CR00013,2025-10-11,0.0,PayPal,TC00012,2025,10,October,4,11,5,Saturday
TT04387,U01098,CR00025,2025-10-10,299.57,Credit Card,TC00008,2025,10,October,4,10,4,Friday
TT04388,U01100,CR00045,2025-09-15,0.0,PayPal,TC00037,2025,9,September,3,15,0,Monday
TT04389,U01100,CR00032,2025-10-01,0.0,PayPal,TC00046,2025,10,October,4,1,2,Wednesday
TT04390,U01100,CR00003,2025-06-01,0.0,Bank Transfer,TC00056,2025,6,June,2,1,6,Sunday
TT04391,U01102,CR00035,2025-07-27,0.0,Bank Transfer,TC00059,2025,7,July,3,27,6,Sunday
TT04392,U01102,CR00006,2025-11-02,276.37,PayPal,TC00033,2025,11,November,4,2,6,Sunday
TT04393,U01103,CR00014,2025-07-24,0.0,PayPal,TC00053,2025,7,July,3,24,3,Thursday
TT04394,U01103,CR00034,2025-08-19,394.26,PayPal,TC00055,2025,8,August,3,19,1,Tuesday
TT04395,U01103,CR00010,2025-09-16,0.0,Bank Transfer,TC00033,2025,9,September,3,16,1,Tuesday
TT04396,U01103,CR00053,2025-05-28,0.0,Bank Transfer,TC00058,2025,5,May,2,28,2,Wednesday
TT04397,U01108,CR00006,2025-08-30,276.37,PayPal,TC00033,2025,8,August,3,30,5,Saturday
TT04398,U01108,CR00002,2025-11-14,0.0,PayPal,TC00056,2025,11,November,4,14,4,Friday
TT04399,U01108,CR00029,2025-05-22,0.0,Bank Transfer,TC00007,2025,5,May,2,22,3,Thursday
TT04400,U01108,CR00048,2025-12-22,0.0,Credit Card,TC00054,2025,12,December,4,22,0,Monday
TT04401,U01122,CR00058,2025-09-16,0.0,PayPal,TC00024,2025,9,September,3,16,1,Tuesday
TT04402,U01122,CR00056,2025-11-01,212.39,PayPal,TC00024,2025,11,November,4,1,5,Saturday
TT04403,U01124,CR00053,2025-03-02,0.0,PayPal,TC00058,2025,3,March,1,2,6,Sunday
TT04404,U01124,CR00038,2025-06-04,342.61,PayPal,TC00018,2025,6,June,2,4,2,Wednesday
TT04405,U01124,CR00008,2025-04-12,0.0,Credit Card,TC00033,2025,4,April,2,12,5,Saturday
TT04406,U01127,CR00044,2025-03-23,119.04,Credit Card,TC00037,2025,3,March,1,23,6,Sunday
TT04407,U01127,CR00010,2025-01-26,0.0,Bank Transfer,TC00033,2025,1,January,1,26,6,Sunday
TT04408,U01127,CR00026,2025-02-22,0.0,Bank Transfer,TC00004,2025,2,February,1,22,5,Saturday
TT04409,U01131,CR00052,2025-01-29,0.0,Bank Transfer,TC00058,2025,1,January,1,29,2,Wednesday
TT04410,U01131,CR00028,2025-05-21,0.78,Credit Card,TC00021,2025,5,May,2,21,2,Wednesday
TT04411,U01131,CR00008,2025-08-15,0.0,Bank Transfer,TC00033,2025,8,August,3,15,4,Friday
TT04412,U01132,CR00030,2025-02-19,0.0,Credit Card,TC00007,2025,2,February,1,19,2,Wednesday
TT04413,U01132,CR00057,2025-05-13,177.34,Bank Transfer,TC00024,2025,5,May,2,13,1,Tuesday
TT04414,U01132,CR00048,2025-09-05,0.0,PayPal,TC00011,2025,9,September,3,5,4,Friday
TT04415,U01132,CR00046,2025-07-10,248.1,Bank Transfer,TC00054,2025,7,July,3,10,3,Thursday
TT04416,U01134,CR00058,2025-02-08,0.0,Bank Transfer,TC00002,2025,2,February,1,8,5,Saturday
TT04417,U01134,CR00032,2025-05-17,0.0,PayPal,TC00046,2025,5,May,2,17,5,Saturday
TT04418,U01134,CR00002,2025-05-17,0.0,PayPal,TC00056,2025,5,May,2,17,5,Saturday
TT04419,U01137,CR00012,2025-10-23,487.92,Bank Transfer,TC00007,2025,10,October,4,23,3,Thursday
TT04420,U01137,CR00029,2025-11-27,0.0,PayPal,TC00021,2025,11,November,4,27,3,Thursday
TT04421,U01149,CR00050,2025-06-15,490.9,Bank Transfer,TC00054,2025,6,June,2,15,6,Sunday
TT04422,U01149,CR00015,2025-12-18,285.05,Bank Transfer,TC00053,2025,12,December,4,18,3,Thursday
TT04423,U01149,CR00026,2025-09-20,0.0,Bank Transfer,TC00021,2025,9,September,3,20,5,Saturday
TT04424,U01149,CR00012,2025-12-18,487.92,Bank Transfer,TC00058,2025,12,December,4,18,3,Thursday
TT04425,U01154,CR00058,2025-01-16,0.0,Bank Transfer,TC00002,2025,1,January,1,16,3,Thursday
TT04426,U01154,CR00027,2025-03-14,0.0,Bank Transfer,TC00004,2025,3,March,1,14,4,Friday
TT04427,U01155,CR00031,2025-01-12,0.0,Bank Transfer,TC00055,2025,1,January,1,12,6,Sunday
TT04428,U01155,CR00056,2025-01-22,212.39,Credit Card,TC00024,2025,1,January,1,22,2,Wednesday
TT04429,U01155,CR00037,2025-05-01,0.0,PayPal,TC00018,2025,5,May,2,1,3,Thursday
TT04430,U01155,CR00045,2025-06-13,0.0,Credit Card,TC00037,2025,6,June,2,13,4,Friday
TT04431,U01157,CR00059,2025-03-09,0.0,Credit Card,TC00002,2025,3,March,1,9,6,Sunday
TT04432,U01157,CR00012,2025-10-24,487.92,PayPal,TC00053,2025,10,October,4,24,4,Friday
TT04433,U01157,CR00021,2025-06-12,0.0,Credit Card,TC00008,2025,6,June,2,12,3,Thursday
TT04434,U01157,CR00008,2025-03-27,0.0,PayPal,TC00033,2025,3,March,1,27,3,Thursday
TT04435,U01160,CR00056,2025-06-20,212.39,Bank Transfer,TC00024,2025,6,June,2,20,4,Friday
TT04436,U01160,CR00029,2025-06-18,0.0,Credit Card,TC00007,2025,6,June,2,18,2,Wednesday
TT04437,U01160,CR00041,2025-05-02,53.86,Credit Card,TC00037,2025,5,May,2,2,4,Friday
TT04438,U01160,CR00017,2025-02-09,0.0,PayPal,TC00053,2025,2,February,1,9,6,Sunday
TT04439,U01165,CR00039,2025-10-01,346.71,PayPal,TC00018,2025,10,October,4,1,2,Wednesday
TT04440,U01165,CR00021,2025-09-20,0.0,Credit Card,TC00008,2025,9,September,3,20,5,Saturday
TT04441,U01172,CR00047,2025-01-03,89.59,PayPal,TC00054,2025,1,January,1,3,4,Friday
TT04442,U01172,CR00016,2025-03-02,0.0,Credit Card,TC00053,2025,3,March,1,2,6,Sunday
TT04443,U01172,CR00056,2025-04-04,212.39,Bank Transfer,TC00002,2025,4,April,2,4,4,Friday
TT04444,U01173,CR00039,2025-07-19,346.71,Credit Card,TC00018,2025,7,July,3,19,5,Saturday
TT04445,U01173,CR00017,2025-01-07,0.0,Bank Transfer,TC00053,2025,1,January,1,7,1,Tuesday
TT04446,U01173,CR00013,2025-03-12,0.0,Credit Card,TC00054,2025,3,March,1,12,2,Wednesday
TT04447,U01176,CR00048,2025-07-23,0.0,PayPal,TC00041,2025,7,July,3,23,2,Wednesday
TT04448,U01176,CR00014,2025-10-30,0.0,Credit Card,TC00037,2025,10,October,4,30,3,Thursday
TT04449,U01176,CR00036,2025-04-06,0.0,PayPal,TC00018,2025,4,April,2,6,6,Sunday
TT04450,U01182,CR00060,2025-04-23,0.0,Credit Card,TC00024,2025,4,April,2,23,2,Wednesday
TT04451,U01182,CR00055,2025-05-26,57.32,Bank Transfer,TC00058,2025,5,May,2,26,0,Monday
TT04452,U01182,CR00011,2025-06-16,326.02,PayPal,TC00024,2025,6,June,2,16,0,Monday
TT04453,U01183,CR00045,2025-09-28,0.0,Credit Card,TC00037,2025,9,September,3,28,6,Sunday
TT04454,U01183,CR00054,2025-04-02,0.0,Bank Transfer,TC00058,2025,4,April,2,2,2,Wednesday
TT04455,U01204,CR00018,2025-09-24,0.0,PayPal,TC00053,2025,9,September,3,24,2,Wednesday
TT04456,U01204,CR00027,2025-02-15,0.0,Bank Transfer,TC00004,2025,2,February,1,15,5,Saturday
TT04457,U01204,CR00030,2025-09-04,0.0,PayPal,TC00007,2025,9,September,3,4,3,Thursday
TT04458,U01222,CR00035,2025-09-14,0.0,Credit Card,TC00059,2025,9,September,3,14,6,Sunday
TT04459,U01222,CR00032,2025-01-14,0.0,Credit Card,TC00055,2025,1,January,1,14,1,Tuesday
TT04460,U01222,CR00049,2025-10-01,415.51,Credit Card,TC00011,2025,10,October,4,1,2,Wednesday
TT04461,U01228,CR00034,2025-06-13,394.26,Bank Transfer,TC00055,2025,6,June,2,13,4,Friday
TT04462,U01228,CR00051,2025-03-17,37.89,Bank Transfer,TC00058,2025,3,March,1,17,0,Monday
TT04463,U01228,CR00005,2025-07-28,0.0,Bank Transfer,TC00056,2025,7,July,3,28,0,Monday
TT04464,U01228,CR00032,2025-01-06,0.0,PayPal,TC00059,2025,1,January,1,6,0,Monday
TT04465,U01230,CR00026,2025-05-16,0.0,PayPal,TC00007,2025,5,May,2,16,4,Friday
TT04466,U01230,CR00035,2025-06-16,0.0,PayPal,TC00012,2025,6,June,2,16,0,Monday
TT04467,U01230,CR00051,2025-05-25,37.89,PayPal,TC00058,2025,5,May,2,25,6,Sunday
TT04468,U01255,CR00014,2025-01-18,0.0,Credit Card,TC00058,2025,1,January,1,18,5,Saturday
TT04469,U01255,CR00028,2025-06-23,0.78,PayPal,TC00021,2025,6,June,2,23,0,Monday
TT04470,U01255,CR00057,2025-11-27,177.34,PayPal,TC00024,2025,11,November,4,27,3,Thursday
TT04471,U01255,CR00018,2025-10-06,0.0,PayPal,TC00053,2025,10,October,4,6,0,Monday
TT04472,U01258,CR00029,2025-08-02,0.0,PayPal,TC00007,2025,8,August,3,2,5,Saturday
TT04473,U01258,CR00002,2025-05-15,0.0,Bank Transfer,TC00056,2025,5,May,2,15,3,Thursday
TT04474,U01258,CR00050,2025-12-01,490.9,PayPal,TC00041,2025,12,December,4,1,0,Monday
TT04475,U01258,CR00039,2025-03-03,346.71,PayPal,TC00018,2025,3,March,1,3,0,Monday
TT04476,U01262,CR00026,2025-08-13,0.0,Bank Transfer,TC00004,2025,8,August,3,13,2,Wednesday
TT04477,U01262,CR00012,2025-05-26,487.92,Credit Card,TC00007,2025,5,May,2,26,0,Monday
TT04478,U01262,CR00047,2025-03-12,89.59,Bank Transfer,TC00011,2025,3,March,1,12,2,Wednesday
TT04479,U01262,CR00060,2025-11-25,0.0,Bank Transfer,TC00024,2025,11,November,4,25,1,Tuesday
TT04480,U01265,CR00032,2025-02-20,0.0,Bank Transfer,TC00055,2025,2,February,1,20,3,Thursday
TT04481,U01265,CR00053,2025-01-07,0.0,PayPal,TC00058,2025,1,January,1,7,1,Tuesday
TT04482,U01279,CR00018,2025-06-29,0.0,PayPal,TC00053,2025,6,June,2,29,6,Sunday
TT04483,U01279,CR00007,2025-09-15,0.0,Credit Card,TC00033,2025,9,September,3,15,0,Monday
TT04484,U01279,CR00025,2025-03-11,299.57,PayPal,TC00008,2025,3,March,1,11,1,Tuesday
TT04485,U01282,CR00009,2025-07-05,0.0,Credit Card,TC00033,2025,7,July,3,5,5,Saturday
TT04486,U01282,CR00036,2025-07-01,0.0,Credit Card,TC00018,2025,7,July,3,1,1,Tuesday
TT04487,U01282,CR00030,2025-12-20,0.0,PayPal,TC00007,2025,12,December,4,20,5,Saturday
TT04488,U01285,CR00027,2025-08-11,0.0,PayPal,TC00007,2025,8,August,3,11,0,Monday
TT04489,U01285,CR00028,2025-07-01,0.78,Bank Transfer,TC00021,2025,7,July,3,1,1,Tuesday
TT04490,U01285,CR00029,2025-05-22,0.0,Credit Card,TC00004,2025,5,May,2,22,3,Thursday
TT04491,U01285,CR00016,2025-07-21,0.0,Bank Transfer,TC00053,2025,7,July,3,21,0,Monday
TT04492,U01288,CR00057,2025-07-24,177.34,Credit Card,TC00002,2025,7,July,3,24,3,Thursday
TT04493,U01288,CR00033,2025-07-21,0.0,Bank Transfer,TC00055,2025,7,July,3,21,0,Monday
TT04494,U01291,CR00053,2025-05-07,0.0,Credit Card,TC00058,2025,5,May,2,7,2,Wednesday
TT04495,U01295,CR00044,2025-08-06,119.04,PayPal,TC00037,2025,8,August,3,6,2,Wednesday
TT04496,U01295,CR00016,2025-02-06,0.0,Bank Transfer,TC00053,2025,2,February,1,6,3,Thursday
TT04497,U01295,CR00021,2025-12-27,0.0,PayPal,TC00008,2025,12,December,4,27,5,Saturday
TT04498,U01295,CR00006,2025-01-30,276.37,Bank Transfer,TC00033,2025,1,January,1,30,3,Thursday
TT04499,U01303,CR00033,2025-09-03,0.0,Credit Card,TC00059,2025,9,September,3,3,2,Wednesday
TT04500,U01303,CR00024,2025-11-02,117.68,Bank Transfer,TC00008,2025,11,November,4,2,6,Sunday
TT04501,U01304,CR00003,2025-12-09,0.0,Bank Transfer,TC00056,2025,12,December,4,9,1,Tuesday
TT04502,U01304,CR00060,2025-08-30,0.0,PayPal,TC00002,2025,8,August,3,30,5,Saturday
TT04503,U01305,CR00018,2025-09-05,0.0,Credit Card,TC00053,2025,9,September,3,5,4,Friday
TT04504,U01305,CR00045,2025-11-09,0.0,Bank Transfer,TC00037,2025,11,November,4,9,6,Sunday
TT04505,U01305,CR00036,2025-11-22,0.0,Bank Transfer,TC00018,2025,11,November,4,22,5,Saturday
TT04506,U01309,CR00022,2025-09-07,0.0,Bank Transfer,TC00008,2025,9,September,3,7,6,Sunday
TT04507,U01309,CR00018,2025-05-12,0.0,Bank Transfer,TC00053,2025,5,May,2,12,0,Monday
TT04508,U01310,CR00020,2025-07-11,0.0,Credit Card,TC00053,2025,7,July,3,11,4,Friday
TT04509,U01310,CR00007,2025-08-29,0.0,Credit Card,TC00033,2025,8,August,3,29,4,Friday
TT04510,U01310,CR00042,2025-12-02,0.0,PayPal,TC00037,2025,12,December,4,2,1,Tuesday
TT04511,U01313,CR00026,2025-01-25,0.0,Credit Card,TC00004,2025,1,January,1,25,5,Saturday
TT04512,U01313,CR00016,2025-02-11,0.0,Bank Transfer,TC00053,2025,2,February,1,11,1,Tuesday
TT04513,U01313,CR00046,2025-09-24,248.1,Bank Transfer,TC00011,2025,9,September,3,24,2,Wednesday
TT04514,U01314,CR00025,2025-08-23,299.57,Credit Card,TC00008,2025,8,August,3,23,5,Saturday
TT04515,U01314,CR00020,2025-02-19,0.0,PayPal,TC00053,2025,2,February,1,19,2,Wednesday
TT04516,U01320,CR00042,2025-11-25,0.0,Credit Card,TC00037,2025,11,November,4,25,1,Tuesday
TT04517,U01320,CR00032,2025-04-29,0.0,Bank Transfer,TC00055,2025,4,April,2,29,1,Tuesday
TT04518,U01320,CR00004,2025-10-09,0.0,Bank Transfer,TC00056,2025,10,October,4,9,3,Thursday
TT04519,U01320,CR00015,2025-06-14,285.05,Credit Card,TC00058,2025,6,June,2,14,5,Saturday
TT04520,U01325,CR00007,2025-06-02,0.0,Credit Card,TC00033,2025,6,June,2,2,0,Monday
TT04521,U01325,CR00057,2025-09-22,177.34,Credit Card,TC00024,2025,9,September,3,22,0,Monday
TT04522,U01326,CR00028,2025-04-07,0.78,Credit Card,TC00021,2025,4,April,2,7,0,Monday
TT04523,U01326,CR00059,2025-08-06,0.0,Credit Card,TC00002,2025,8,August,3,6,2,Wednesday
TT04524,U01338,CR00018,2025-01-01,0.0,Credit Card,TC00053,2025,1,January,1,1,2,Wednesday
TT04525,U01338,CR00053,2025-10-18,0.0,Credit Card,TC00058,2025,10,October,4,18,5,Saturday
TT04526,U01338,CR00032,2025-11-30,0.0,Credit Card,TC00012,2025,11,November,4,30,6,Sunday
TT04527,U01339,CR00002,2025-05-06,0.0,PayPal,TC00056,2025,5,May,2,6,1,Tuesday
TT04528,U01339,CR00049,2025-08-24,415.51,Credit Card,TC00041,2025,8,August,3,24,6,Sunday
TT04529,U01340,CR00005,2025-09-04,0.0,Credit Card,TC00056,2025,9,September,3,4,3,Thursday
TT04530,U01340,CR00049,2025-11-07,415.51,Bank Transfer,TC00011,2025,11,November,4,7,4,Friday
TT04531,U01341,CR00024,2025-10-21,117.68,Credit Card,TC00008,2025,10,October,4,21,1,Tuesday
TT04532,U01341,CR00022,2025-10-06,0.0,Bank Transfer,TC00008,2025,10,October,4,6,0,Monday
TT04533,U01341,CR00052,2025-05-25,0.0,Credit Card,TC00058,2025,5,May,2,25,6,Sunday
TT04534,U01342,CR00003,2025-01-17,0.0,PayPal,TC00056,2025,1,January,1,17,4,Friday
TT04535,U01342,CR00014,2025-05-16,0.0,Bank Transfer,TC00011,2025,5,May,2,16,4,Friday
TT04536,U01354,CR00010,2025-11-13,0.0,PayPal,TC00033,2025,11,November,4,13,3,Thursday
TT04537,U01354,CR00016,2025-11-11,0.0,PayPal,TC00053,2025,11,November,4,11,1,Tuesday
TT04538,U01356,CR00023,2025-12-08,0.0,PayPal,TC00008,2025,12,December,4,8,0,Monday
TT04539,U01356,CR00047,2025-10-15,89.59,Credit Card,TC00041,2025,10,October,4,15,2,Wednesday
TT04540,U01356,CR00043,2025-11-16,0.0,Credit Card,TC00037,2025,11,November,4,16,6,Sunday
TT04541,U01362,CR00048,2025-05-28,0.0,PayPal,TC00054,2025,5,May,2,28,2,Wednesday
TT04542,U01362,CR00019,2025-01-04,0.0,PayPal,TC00053,2025,1,January,1,4,5,Saturday
TT04543,U01362,CR00060,2025-10-09,0.0,PayPal,TC00002,2025,10,October,4,9,3,Thursday
TT04544,U01370,CR00027,2025-03-24,0.0,PayPal,TC00004,2025,3,March,1,24,0,Monday
TT04545,U01370,CR00052,2025-05-09,0.0,Credit Card,TC00058,2025,5,May,2,9,4,Friday
TT04546,U01370,CR00006,2025-05-29,276.37,Credit Card,TC00033,2025,5,May,2,29,3,Thursday
TT04547,U01377,CR00049,2025-07-15,415.51,Bank Transfer,TC00011,2025,7,July,3,15,1,Tuesday
TT04548,U01377,CR00014,2025-01-04,0.0,Credit Card,TC00011,2025,1,January,1,4,5,Saturday
TT04549,U01377,CR00040,2025-11-09,327.99,Bank Transfer,TC00018,2025,11,November,4,9,6,Sunday
TT04550,U01377,CR00047,2025-12-21,89.59,PayPal,TC00011,2025,12,December,4,21,6,Sunday
TT04551,U01384,CR00001,2025-04-14,472.28,Credit Card,TC00056,2025,4,April,2,14,0,Monday
TT04552,U01384,CR00007,2025-06-01,0.0,Credit Card,TC00033,2025,6,June,2,1,6,Sunday
TT04553,U01384,CR00019,2025-08-26,0.0,Bank Transfer,TC00053,2025,8,August,3,26,1,Tuesday
TT04554,U01390,CR00009,2025-10-25,0.0,Bank Transfer,TC00033,2025,10,October,4,25,5,Saturday
TT04555,U01390,CR00013,2025-06-22,0.0,PayPal,TC00054,2025,6,June,2,22,6,Sunday
TT04556,U01392,CR00046,2025-01-12,248.1,PayPal,TC00041,2025,1,January,1,12,6,Sunday
TT04557,U01392,CR00017,2025-01-19,0.0,Credit Card,TC00053,2025,1,January,1,19,6,Sunday
TT04558,U01392,CR00005,2025-11-28,0.0,Bank Transfer,TC00056,2025,11,November,4,28,4,Friday
TT04559,U01396,CR00002,2025-08-14,0.0,Credit Card,TC00056,2025,8,August,3,14,3,Thursday
TT04560,U01396,CR00059,2025-07-18,0.0,Bank Transfer,TC00002,2025,7,July,3,18,4,Friday
TT04561,U01396,CR00034,2025-03-06,394.26,PayPal,TC00046,2025,3,March,1,6,3,Thursday
TT04562,U01402,CR00048,2025-05-17,0.0,Bank Transfer,TC00011,2025,5,May,2,17,5,Saturday
TT04563,U01402,CR00026,2025-04-21,0.0,PayPal,TC00021,2025,4,April,2,21,0,Monday
TT04564,U01402,CR00011,2025-10-15,326.02,Bank Transfer,TC00053,2025,10,October,4,15,2,Wednesday
TT04565,U01402,CR00055,2025-08-22,57.32,PayPal,TC00058,2025,8,August,3,22,4,Friday
TT04566,U01408,CR00054,2025-06-11,0.0,Bank Transfer,TC00058,2025,6,June,2,11,2,Wednesday
TT04567,U01408,CR00004,2025-07-07,0.0,Credit Card,TC00056,2025,7,July,3,7,0,Monday
TT04568,U01409,CR00045,2025-06-02,0.0,Bank Transfer,TC00037,2025,6,June,2,2,0,Monday
TT04569,U01409,CR00001,2025-01-23,472.28,Credit Card,TC00056,2025,1,January,1,23,3,Thursday
TT04570,U01409,CR00023,2025-03-10,0.0,PayPal,TC00008,2025,3,March,1,10,0,Monday
TT04571,U01409,CR00044,2025-09-07,119.04,Credit Card,TC00037,2025,9,September,3,7,6,Sunday
TT04572,U01412,CR00055,2025-01-07,57.32,Credit Card,TC00058,2025,1,January,1,7,1,Tuesday
TT04573,U01412,CR00042,2025-02-18,0.0,Credit Card,TC00037,2025,2,February,1,18,1,Tuesday
TT04574,U01412,CR00028,2025-09-13,0.78,Credit Card,TC00021,2025,9,September,3,13,5,Saturday
TT04575,U01415,CR00034,2025-01-22,394.26,Credit Card,TC00046,2025,1,January,1,22,2,Wednesday
TT04576,U01415,CR00006,2025-05-03,276.37,Bank Transfer,TC00033,2025,5,May,2,3,5,Saturday
TT04577,U01415,CR00049,2025-07-29,415.51,Bank Transfer,TC00041,2025,7,July,3,29,1,Tuesday
TT04578,U01420,CR00015,2025-09-01,285.05,PayPal,TC00008,2025,9,September,3,1,0,Monday
TT04579,U01420,CR00028,2025-07-04,0.78,Credit Card,TC00021,2025,7,July,3,4,4,Friday
TT04580,U01420,CR00041,2025-05-05,53.86,Credit Card,TC00037,2025,5,May,2,5,0,Monday
TT04581,U01436,CR00013,2025-06-05,0.0,Bank Transfer,TC00002,2025,6,June,2,5,3,Thursday
TT04582,U01436,CR00021,2025-03-18,0.0,PayPal,TC00008,2025,3,March,1,18,1,Tuesday
TT04583,U01438,CR00060,2025-05-13,0.0,PayPal,TC00024,2025,5,May,2,13,1,Tuesday
TT04584,U01438,CR00052,2025-06-05,0.0,PayPal,TC00058,2025,6,June,2,5,3,Thursday
TT04585,U01438,CR00051,2025-11-18,37.89,Bank Transfer,TC00058,2025,11,November,4,18,1,Tuesday
TT04586,U01438,CR00048,2025-04-17,0.0,Bank Transfer,TC00041,2025,4,April,2,17,3,Thursday
TT04587,U01442,CR00056,2025-06-23,212.39,Bank Transfer,TC00002,2025,6,June,2,23,0,Monday
TT04588,U01442,CR00039,2025-10-25,346.71,Credit Card,TC00018,2025,10,October,4,25,5,Saturday
TT04589,U01442,CR00007,2025-11-28,0.0,Credit Card,TC00033,2025,11,November,4,28,4,Friday
TT04590,U01453,CR00031,2025-08-27,0.0,PayPal,TC00055,2025,8,August,3,27,2,Wednesday
TT04591,U01453,CR00058,2025-09-07,0.0,Bank Transfer,TC00002,2025,9,September,3,7,6,Sunday
TT04592,U01454,CR00007,2025-12-26,0.0,PayPal,TC00033,2025,12,December,4,26,4,Friday
TT04593,U01454,CR00031,2025-05-27,0.0,Bank Transfer,TC00059,2025,5,May,2,27,1,Tuesday
TT04594,U01465,CR00026,2025-01-27,0.0,Bank Transfer,TC00007,2025,1,January,1,27,0,Monday
TT04595,U01465,CR00034,2025-02-01,394.26,Bank Transfer,TC00012,2025,2,February,1,1,5,Saturday
TT04596,U01482,CR00050,2025-03-07,490.9,Credit Card,TC00054,2025,3,March,1,7,4,Friday
TT04597,U01482,CR00052,2025-05-13,0.0,PayPal,TC00058,2025,5,May,2,13,1,Tuesday
TT04598,U01491,CR00059,2025-03-17,0.0,PayPal,TC00024,2025,3,March,1,17,0,Monday
TT04599,U01491,CR00058,2025-08-24,0.0,Bank Transfer,TC00002,2025,8,August,3,24,6,Sunday
TT04600,U01491,CR00016,2025-07-09,0.0,Credit Card,TC00053,2025,7,July,3,9,2,Wednesday
TT04601,U01492,CR00043,2025-09-10,0.0,Credit Card,TC00037,2025,9,September,3,10,2,Wednesday
TT04602,U01492,CR00050,2025-06-26,490.9,PayPal,TC00041,2025,6,June,2,26,3,Thursday
TT04603,U01492,CR00039,2025-02-01,346.71,PayPal,TC00018,2025,2,February,1,1,5,Saturday
TT04604,U01492,CR00059,2025-09-18,0.0,PayPal,TC00002,2025,9,September,3,18,3,Thursday
TT04605,U01505,CR00035,2025-11-08,0.0,PayPal,TC00055,2025,11,November,4,8,5,Saturday
TT04606,U01505,CR00022,2025-07-25,0.0,Bank Transfer,TC00008,2025,7,July,3,25,4,Friday
TT04607,U01505,CR00042,2025-10-28,0.0,Bank Transfer,TC00037,2025,10,October,4,28,1,Tuesday
TT04608,U01507,CR00041,2025-06-06,53.86,Credit Card,TC00037,2025,6,June,2,6,4,Friday
TT04609,U01507,CR00013,2025-02-27,0.0,Credit Card,TC00004,2025,2,February,1,27,3,Thursday
TT04610,U01507,CR00025,2025-01-15,299.57,Credit Card,TC00008,2025,1,January,1,15,2,Wednesday
TT04611,U01519,CR00008,2025-04-19,0.0,Bank Transfer,TC00033,2025,4,April,2,19,5,Saturday
TT04612,U01519,CR00020,2025-03-17,0.0,Bank Transfer,TC00053,2025,3,March,1,17,0,Monday
TT04613,U01529,CR00027,2025-05-09,0.0,Credit Card,TC00007,2025,5,May,2,9,4,Friday
TT04614,U01529,CR00035,2025-05-22,0.0,PayPal,TC00012,2025,5,May,2,22,3,Thursday
TT04615,U01529,CR00042,2025-11-05,0.0,PayPal,TC00037,2025,11,November,4,5,2,Wednesday
TT04616,U01533,CR00009,2025-02-24,0.0,Bank Transfer,TC00033,2025,2,February,1,24,0,Monday
TT04617,U01533,CR00041,2025-11-17,53.86,Credit Card,TC00037,2025,11,November,4,17,0,Monday
TT04618,U01533,CR00055,2025-05-08,57.32,PayPal,TC00058,2025,5,May,2,8,3,Thursday
TT04619,U01535,CR00051,2025-05-21,37.89,Credit Card,TC00058,2025,5,May,2,21,2,Wednesday
TT04620,U01535,CR00050,2025-03-16,490.9,PayPal,TC00011,2025,3,March,1,16,6,Sunday
TT04621,U01535,CR00037,2025-02-07,0.0,PayPal,TC00018,2025,2,February,1,7,4,Friday
TT04622,U01535,CR00049,2025-07-30,415.51,Bank Transfer,TC00041,2025,7,July,3,30,2,Wednesday
TT04623,U01537,CR00049,2025-12-11,415.51,PayPal,TC00054,2025,12,December,4,11,3,Thursday
TT04624,U01537,CR00001,2025-08-10,472.28,PayPal,TC00056,2025,8,August,3,10,6,Sunday
TT04625,U01537,CR00023,2025-05-10,0.0,Bank Transfer,TC00008,2025,5,May,2,10,5,Saturday
TT04626,U01541,CR00027,2025-08-13,0.0,Bank Transfer,TC00021,2025,8,August,3,13,2,Wednesday
TT04627,U01541,CR00039,2025-09-18,346.71,Credit Card,TC00018,2025,9,September,3,18,3,Thursday
TT04628,U01541,CR00025,2025-01-30,299.57,Credit Card,TC00008,2025,1,January,1,30,3,Thursday
TT04629,U01541,CR00051,2025-11-23,37.89,Bank Transfer,TC00058,2025,11,November,4,23,6,Sunday
TT04630,U01554,CR00033,2025-01-07,0.0,Credit Card,TC00055,2025,1,January,1,7,1,Tuesday
TT04631,U01554,CR00042,2025-09-22,0.0,Credit Card,TC00037,2025,9,September,3,22,0,Monday
TT04632,U01554,CR00029,2025-02-10,0.0,Bank Transfer,TC00021,2025,2,February,1,10,0,Monday
TT04633,U01554,CR00036,2025-09-24,0.0,PayPal,TC00018,2025,9,September,3,24,2,Wednesday
TT04634,U01568,CR00013,2025-10-01,0.0,PayPal,TC00011,2025,10,October,4,1,2,Wednesday
TT04635,U01568,CR00042,2025-10-01,0.0,Bank Transfer,TC00037,2025,10,October,4,1,2,Wednesday
TT04636,U01568,CR00049,2025-01-09,415.51,PayPal,TC00011,2025,1,January,1,9,3,Thursday
TT04637,U01571,CR00032,2025-01-14,0.0,PayPal,TC00055,2025,1,January,1,14,1,Tuesday
TT04638,U01571,CR00045,2025-08-25,0.0,Bank Transfer,TC00037,2025,8,August,3,25,0,Monday
TT04639,U01591,CR00048,2025-12-01,0.0,PayPal,TC00041,2025,12,December,4,1,0,Monday
TT04640,U01591,CR00032,2025-08-10,0.0,Bank Transfer,TC00059,2025,8,August,3,10,6,Sunday
TT04641,U01592,CR00031,2025-09-04,0.0,PayPal,TC00059,2025,9,September,3,4,3,Thursday
TT04642,U01592,CR00060,2025-09-11,0.0,Credit Card,TC00002,2025,9,September,3,11,3,Thursday
TT04643,U01592,CR00054,2025-10-06,0.0,PayPal,TC00058,2025,10,October,4,6,0,Monday
TT04644,U01592,CR00027,2025-08-21,0.0,PayPal,TC00007,2025,8,August,3,21,3,Thursday
TT04645,U01596,CR00029,2025-08-27,0.0,PayPal,TC00021,2025,8,August,3,27,2,Wednesday
TT04646,U01596,CR00022,2025-05-02,0.0,PayPal,TC00008,2025,5,May,2,2,4,Friday
TT04647,U01624,CR00006,2025-10-20,276.37,Credit Card,TC00033,2025,10,October,4,20,0,Monday
TT04648,U01624,CR00049,2025-12-15,415.51,Bank Transfer,TC00041,2025,12,December,4,15,0,Monday
TT04649,U01624,CR00059,2025-12-29,0.0,Credit Card,TC00024,2025,12,December,4,29,0,Monday
TT04650,U01624,CR00024,2025-11-05,117.68,Bank Transfer,TC00008,2025,11,November,4,5,2,Wednesday
TT04651,U01625,CR00021,2025-08-09,0.0,Credit Card,TC00008,2025,8,August,3,9,5,Saturday
TT04652,U01625,CR00036,2025-10-30,0.0,Bank Transfer,TC00018,2025,10,October,4,30,3,Thursday
TT04653,U01625,CR00034,2025-10-26,394.26,Credit Card,TC00059,2025,10,October,4,26,6,Sunday
TT04654,U01631,CR00034,2025-05-06,394.26,Bank Transfer,TC00059,2025,5,May,2,6,1,Tuesday
TT04655,U01631,CR00008,2025-10-17,0.0,PayPal,TC00033,2025,10,October,4,17,4,Friday
TT04656,U01644,CR00035,2025-03-27,0.0,Bank Transfer,TC00046,2025,3,March,1,27,3,Thursday
TT04657,U01644,CR00012,2025-09-24,487.92,Credit Card,TC00018,2025,9,September,3,24,2,Wednesday
TT04658,U01644,CR00013,2025-11-02,0.0,Credit Card,TC00056,2025,11,November,4,2,6,Sunday
TT04659,U01645,CR00020,2025-06-28,0.0,Credit Card,TC00053,2025,6,June,2,28,5,Saturday
TT04660,U01645,CR00013,2025-04-02,0.0,Bank Transfer,TC00008,2025,4,April,2,2,2,Wednesday
TT04661,U01645,CR00028,2025-12-20,0.78,PayPal,TC00007,2025,12,December,4,20,5,Saturday
TT04662,U01648,CR00029,2025-09-17,0.0,Credit Card,TC00007,2025,9,September,3,17,2,Wednesday
TT04663,U01648,CR00032,2025-11-26,0.0,PayPal,TC00012,2025,11,November,4,26,2,Wednesday
TT04664,U01648,CR00024,2025-05-06,117.68,Credit Card,TC00008,2025,5,May,2,6,1,Tuesday
TT04665,U01648,CR00028,2025-06-26,0.78,Bank Transfer,TC00021,2025,6,June,2,26,3,Thursday
TT04666,U01659,CR00040,2025-07-18,327.99,Bank Transfer,TC00018,2025,7,July,3,18,4,Friday
TT04667,U01659,CR00056,2025-11-24,212.39,Credit Card,TC00024,2025,11,November,4,24,0,Monday
TT04668,U01659,CR00036,2025-01-17,0.0,Credit Card,TC00018,2025,1,January,1,17,4,Friday
TT04669,U01660,CR00051,2025-04-16,37.89,Bank Transfer,TC00058,2025,4,April,2,16,2,Wednesday
TT04670,U01660,CR00055,2025-10-07,57.32,PayPal,TC00058,2025,10,October,4,7,1,Tuesday
TT04671,U01665,CR00058,2025-09-12,0.0,Credit Card,TC00002,2025,9,September,3,12,4,Friday
TT04672,U01665,CR00021,2025-09-22,0.0,Credit Card,TC00008,2025,9,September,3,22,0,Monday
TT04673,U01665,CR00022,2025-02-11,0.0,PayPal,TC00008,2025,2,February,1,11,1,Tuesday
TT04674,U01665,CR00043,2025-02-11,0.0,PayPal,TC00037,2025,2,February,1,11,1,Tuesday
TT04675,U01677,CR00007,2025-10-13,0.0,Credit Card,TC00033,2025,10,October,4,13,0,Monday
TT04676,U01677,CR00014,2025-03-07,0.0,PayPal,TC00008,2025,3,March,1,7,4,Friday
TT04677,U01684,CR00032,2025-07-24,0.0,PayPal,TC00059,2025,7,July,3,24,3,Thursday
TT04678,U01684,CR00045,2025-06-29,0.0,Credit Card,TC00037,2025,6,June,2,29,6,Sunday
TT04679,U01690,CR00043,2025-09-16,0.0,Bank Transfer,TC00037,2025,9,September,3,16,1,Tuesday
TT04680,U01690,CR00035,2025-02-23,0.0,PayPal,TC00012,2025,2,February,1,23,6,Sunday
TT04681,U01690,CR00009,2025-02-21,0.0,PayPal,TC00033,2025,2,February,1,21,4,Friday
TT04682,U01690,CR00048,2025-05-24,0.0,Credit Card,TC00054,2025,5,May,2,24,5,Saturday
TT04683,U01703,CR00012,2025-07-24,487.92,PayPal,TC00008,2025,7,July,3,24,3,Thursday
TT04684,U01703,CR00033,2025-02-09,0.0,Credit Card,TC00012,2025,2,February,1,9,6,Sunday
TT04685,U01703,CR00019,2025-08-14,0.0,Credit Card,TC00053,2025,8,August,3,14,3,Thursday
TT04686,U01707,CR00044,2025-08-15,119.04,Credit Card,TC00037,2025,8,August,3,15,4,Friday
TT04687,U01707,CR00017,2025-09-15,0.0,PayPal,TC00053,2025,9,September,3,15,0,Monday
TT04688,U01707,CR00035,2025-05-20,0.0,Credit Card,TC00046,2025,5,May,2,20,1,Tuesday
TT04689,U01713,CR00030,2025-03-02,0.0,Bank Transfer,TC00007,2025,3,March,1,2,6,Sunday
TT04690,U01713,CR00034,2025-10-04,394.26,Credit Card,TC00055,2025,10,October,4,4,5,Saturday
TT04691,U01713,CR00019,2025-12-22,0.0,PayPal,TC00053,2025,12,December,4,22,0,Monday
TT04692,U01713,CR00055,2025-06-30,57.32,PayPal,TC00058,2025,6,June,2,30,0,Monday
TT04693,U01733,CR00002,2025-04-26,0.0,Bank Transfer,TC00056,2025,4,April,2,26,5,Saturday
TT04694,U01733,CR00006,2025-04-28,276.37,Bank Transfer,TC00033,2025,4,April,2,28,0,Monday
TT04695,U01733,CR00037,2025-06-29,0.0,PayPal,TC00018,2025,6,June,2,29,6,Sunday
TT04696,U01733,CR00025,2025-05-02,299.57,PayPal,TC00008,2025,5,May,2,2,4,Friday
TT04697,U01734,CR00011,2025-07-12,326.02,Credit Card,TC00033,2025,7,July,3,12,5,Saturday
TT04698,U01734,CR00008,2025-05-08,0.0,PayPal,TC00033,2025,5,May,2,8,3,Thursday
TT04699,U01734,CR00044,2025-05-14,119.04,PayPal,TC00037,2025,5,May,2,14,2,Wednesday
TT04700,U01744,CR00016,2025-07-09,0.0,PayPal,TC00053,2025,7,July,3,9,2,Wednesday
TT04701,U01744,CR00057,2025-06-16,177.34,PayPal,TC00024,2025,6,June,2,16,0,Monday
TT04702,U01744,CR00021,2025-04-15,0.0,Credit Card,TC00008,2025,4,April,2,15,1,Tuesday
TT04703,U01744,CR00012,2025-04-20,487.92,Bank Transfer,TC00046,2025,4,April,2,20,6,Sunday
TT04704,U01747,CR00054,2025-09-15,0.0,Credit Card,TC00058,2025,9,September,3,15,0,Monday
TT04705,U01747,CR00057,2025-06-22,177.34,PayPal,TC00024,2025,6,June,2,22,6,Sunday
TT04706,U01747,CR00020,2025-03-02,0.0,PayPal,TC00053,2025,3,March,1,2,6,Sunday
TT04707,U01747,CR00037,2025-02-22,0.0,PayPal,TC00018,2025,2,February,1,22,5,Saturday
TT04708,U01750,CR00038,2025-05-03,342.61,PayPal,TC00018,2025,5,May,2,3,5,Saturday
TT04709,U01750,CR00009,2025-01-30,0.0,Bank Transfer,TC00033,2025,1,January,1,30,3,Thursday
TT04710,U01750,CR00002,2025-08-16,0.0,Bank Transfer,TC00056,2025,8,August,3,16,5,Saturday
TT04711,U01750,CR00015,2025-04-24,285.05,Credit Card,TC00008,2025,4,April,2,24,3,Thursday
TT04712,U01752,CR00056,2025-09-19,212.39,Credit Card,TC00024,2025,9,September,3,19,4,Friday
TT04713,U01752,CR00047,2025-12-02,89.59,Bank Transfer,TC00041,2025,12,December,4,2,1,Tuesday
TT04714,U01752,CR00003,2025-03-10,0.0,PayPal,TC00056,2025,3,March,1,10,0,Monday
TT04715,U01752,CR00008,2025-03-23,0.0,Bank Transfer,TC00033,2025,3,March,1,23,6,Sunday
TT04716,U01756,CR00005,2025-03-30,0.0,PayPal,TC00056,2025,3,March,1,30,6,Sunday
TT04717,U01756,CR00030,2025-01-27,0.0,Credit Card,TC00004,2025,1,January,1,27,0,Monday
TT04718,U01766,CR00035,2025-06-25,0.0,PayPal,TC00055,2025,6,June,2,25,2,Wednesday
TT04719,U01766,CR00039,2025-07-05,346.71,PayPal,TC00018,2025,7,July,3,5,5,Saturday
TT04720,U01766,CR00006,2025-03-02,276.37,PayPal,TC00033,2025,3,March,1,2,6,Sunday
TT04721,U01769,CR00020,2025-07-13,0.0,PayPal,TC00053,2025,7,July,3,13,6,Sunday
TT04722,U01769,CR00058,2025-08-21,0.0,Credit Card,TC00002,2025,8,August,3,21,3,Thursday
TT04723,U01769,CR00041,2025-01-30,53.86,PayPal,TC00037,2025,1,January,1,30,3,Thursday
TT04724,U01769,CR00030,2025-08-15,0.0,Credit Card,TC00004,2025,8,August,3,15,4,Friday
TT04725,U01770,CR00035,2025-09-27,0.0,PayPal,TC00059,2025,9,September,3,27,5,Saturday
TT04726,U01770,CR00010,2025-03-22,0.0,Credit Card,TC00033,2025,3,March,1,22,5,Saturday
TT04727,U01771,CR00028,2025-06-01,0.78,Bank Transfer,TC00007,2025,6,June,2,1,6,Sunday
TT04728,U01771,CR00039,2025-08-18,346.71,Credit Card,TC00018,2025,8,August,3,18,0,Monday
TT04729,U01771,CR00008,2025-02-19,0.0,Bank Transfer,TC00033,2025,2,February,1,19,2,Wednesday
TT04730,U01783,CR00055,2025-08-22,57.32,Credit Card,TC00058,2025,8,August,3,22,4,Friday
TT04731,U01783,CR00037,2025-11-11,0.0,Credit Card,TC00018,2025,11,November,4,11,1,Tuesday
TT04732,U01783,CR00014,2025-10-22,0.0,Bank Transfer,TC00007,2025,10,October,4,22,2,Wednesday
TT04733,U01803,CR00004,2025-10-22,0.0,Credit Card,TC00056,2025,10,October,4,22,2,Wednesday
TT04734,U01803,CR00038,2025-05-17,342.61,Bank Transfer,TC00018,2025,5,May,2,17,5,Saturday
TT04735,U01803,CR00054,2025-01-12,0.0,PayPal,TC00058,2025,1,January,1,12,6,Sunday
TT04736,U01808,CR00001,2025-02-17,472.28,Credit Card,TC00056,2025,2,February,1,17,0,Monday
TT04737,U01808,CR00059,2025-02-01,0.0,PayPal,TC00024,2025,2,February,1,1,5,Saturday
TT04738,U01808,CR00056,2025-10-03,212.39,PayPal,TC00002,2025,10,October,4,3,4,Friday
TT04739,U01814,CR00001,2025-09-22,472.28,Credit Card,TC00056,2025,9,September,3,22,0,Monday
TT04740,U01814,CR00018,2025-05-23,0.0,PayPal,TC00053,2025,5,May,2,23,4,Friday
TT04741,U01814,CR00030,2025-08-08,0.0,PayPal,TC00021,2025,8,August,3,8,4,Friday
TT04742,U01829,CR00042,2025-07-25,0.0,PayPal,TC00037,2025,7,July,3,25,4,Friday
TT04743,U01829,CR00031,2025-10-16,0.0,PayPal,TC00055,2025,10,October,4,16,3,Thursday
TT04744,U01850,CR00044,2025-02-24,119.04,PayPal,TC00037,2025,2,February,1,24,0,Monday
TT04745,U01850,CR00021,2025-03-19,0.0,Bank Transfer,TC00008,2025,3,March,1,19,2,Wednesday
TT04746,U01850,CR00025,2025-11-03,299.57,Credit Card,TC00008,2025,11,November,4,3,0,Monday
TT04747,U01851,CR00038,2025-11-08,342.61,Bank Transfer,TC00018,2025,11,November,4,8,5,Saturday
TT04748,U01851,CR00023,2025-03-13,0.0,PayPal,TC00008,2025,3,March,1,13,3,Thursday
TT04749,U01851,CR00013,2025-09-04,0.0,Credit Card,TC00007,2025,9,September,3,4,3,Thursday
TT04750,U01851,CR00011,2025-11-06,326.02,Bank Transfer,TC00007,2025,11,November,4,6,3,Thursday
TT04751,U01852,CR00017,2025-02-12,0.0,Credit Card,TC00053,2025,2,February,1,12,2,Wednesday
TT04752,U01852,CR00044,2025-05-25,119.04,PayPal,TC00037,2025,5,May,2,25,6,Sunday
TT04753,U01852,CR00004,2025-09-21,0.0,Bank Transfer,TC00056,2025,9,September,3,21,6,Sunday
TT04754,U01852,CR00034,2025-04-21,394.26,Credit Card,TC00055,2025,4,April,2,21,0,Monday
TT04755,U01857,CR00041,2025-02-16,53.86,PayPal,TC00037,2025,2,February,1,16,6,Sunday
TT04756,U01857,CR00010,2025-01-01,0.0,PayPal,TC00033,2025,1,January,1,1,2,Wednesday
TT04757,U01860,CR00005,2025-01-11,0.0,Credit Card,TC00056,2025,1,January,1,11,5,Saturday
TT04758,U01860,CR00017,2025-12-14,0.0,Credit Card,TC00053,2025,12,December,4,14,6,Sunday
TT04759,U01860,CR00012,2025-07-01,487.92,PayPal,TC00021,2025,7,July,3,1,1,Tuesday
TT04760,U01861,CR00055,2025-06-08,57.32,Bank Transfer,TC00058,2025,6,June,2,8,6,Sunday
TT04761,U01861,CR00051,2025-09-01,37.89,PayPal,TC00058,2025,9,September,3,1,0,Monday
TT04762,U01865,CR00005,2025-11-28,0.0,Bank Transfer,TC00056,2025,11,November,4,28,4,Friday
TT04763,U01865,CR00045,2025-03-06,0.0,Credit Card,TC00037,2025,3,March,1,6,3,Thursday
TT04764,U01865,CR00004,2025-09-01,0.0,PayPal,TC00056,2025,9,September,3,1,0,Monday
TT04765,U01865,CR00031,2025-09-07,0.0,Bank Transfer,TC00012,2025,9,September,3,7,6,Sunday
TT04766,U01882,CR00014,2025-05-24,0.0,PayPal,TC00024,2025,5,May,2,24,5,Saturday
TT04767,U01882,CR00055,2025-01-02,57.32,Bank Transfer,TC00058,2025,1,January,1,2,3,Thursday
TT04768,U01882,CR00051,2025-03-23,37.89,Bank Transfer,TC00058,2025,3,March,1,23,6,Sunday
TT04769,U01899,CR00004,2025-01-03,0.0,Credit Card,TC00056,2025,1,January,1,3,4,Friday
TT04770,U01899,CR00054,2025-02-09,0.0,Bank Transfer,TC00058,2025,2,February,1,9,6,Sunday
TT04771,U01909,CR00051,2025-06-11,37.89,Credit Card,TC00058,2025,6,June,2,11,2,Wednesday
TT04772,U01909,CR00030,2025-01-28,0.0,PayPal,TC00007,2025,1,January,1,28,1,Tuesday
TT04773,U01909,CR00018,2025-02-09,0.0,Credit Card,TC00053,2025,2,February,1,9,6,Sunday
TT04774,U01921,CR00022,2025-12-14,0.0,PayPal,TC00008,2025,12,December,4,14,6,Sunday
TT04775,U01921,CR00048,2025-06-16,0.0,Credit Card,TC00041,2025,6,June,2,16,0,Monday
TT04776,U01933,CR00037,2025-02-05,0.0,Credit Card,TC00018,2025,2,February,1,5,2,Wednesday
TT04777,U01933,CR00020,2025-03-23,0.0,PayPal,TC00053,2025,3,March,1,23,6,Sunday
TT04778,U01939,CR00025,2025-11-09,299.57,Bank Transfer,TC00008,2025,11,November,4,9,6,Sunday
TT04779,U01939,CR00002,2025-12-24,0.0,Credit Card,TC00056,2025,12,December,4,24,2,Wednesday
TT04780,U01939,CR00044,2025-07-19,119.04,Credit Card,TC00037,2025,7,July,3,19,5,Saturday
TT04781,U01939,CR00019,2025-08-11,0.0,PayPal,TC00053,2025,8,August,3,11,0,Monday
TT04782,U01950,CR00030,2025-10-16,0.0,Credit Card,TC00021,2025,10,October,4,16,3,Thursday
TT04783,U01950,CR00018,2025-12-08,0.0,Credit Card,TC00053,2025,12,December,4,8,0,Monday
TT04784,U01951,CR00033,2025-10-15,0.0,Credit Card,TC00059,2025,10,October,4,15,2,Wednesday
TT04785,U01951,CR00029,2025-07-01,0.0,Credit Card,TC00004,2025,7,July,3,1,1,Tuesday
TT04786,U01951,CR00035,2025-06-17,0.0,Credit Card,TC00012,2025,6,June,2,17,1,Tuesday
TT04787,U01964,CR00006,2025-03-04,276.37,Bank Transfer,TC00033,2025,3,March,1,4,1,Tuesday
TT04788,U01964,CR00053,2025-07-01,0.0,Bank Transfer,TC00058,2025,7,July,3,1,1,Tuesday
TT04789,U01964,CR00058,2025-04-30,0.0,Credit Card,TC00024,2025,4,April,2,30,2,Wednesday
TT04790,U01964,CR00023,2025-02-04,0.0,Credit Card,TC00008,2025,2,February,1,4,1,Tuesday
TT04791,U01966,CR00046,2025-04-13,248.1,Bank Transfer,TC00011,2025,4,April,2,13,6,Sunday
TT04792,U01966,CR00040,2025-03-12,327.99,PayPal,TC00018,2025,3,March,1,12,2,Wednesday
TT04793,U01966,CR00002,2025-05-04,0.0,Bank Transfer,TC00056,2025,5,May,2,4,6,Sunday
TT04794,U01966,CR00032,2025-07-22,0.0,PayPal,TC00059,2025,7,July,3,22,1,Tuesday
TT04795,U01991,CR00011,2025-04-21,326.02,Bank Transfer,TC00058,2025,4,April,2,21,0,Monday
TT04796,U01991,CR00051,2025-07-01,37.89,PayPal,TC00058,2025,7,July,3,1,1,Tuesday
TT04797,U01991,CR00008,2025-04-08,0.0,Bank Transfer,TC00033,2025,4,April,2,8,1,Tuesday
TT04798,U01992,CR00039,2025-12-08,346.71,PayPal,TC00018,2025,12,December,4,8,0,Monday
TT04799,U01992,CR00037,2025-07-01,0.0,Bank Transfer,TC00018,2025,7,July,3,1,1,Tuesday
TT04800,U02003,CR00045,2025-05-03,0.0,PayPal,TC00037,2025,5,May,2,3,5,Saturday
TT04801,U02003,CR00053,2025-12-12,0.0,PayPal,TC00058,2025,12,December,4,12,4,Friday
TT04802,U02003,CR00017,2025-08-27,0.0,Credit Card,TC00053,2025,8,August,3,27,2,Wednesday
TT04803,U02003,CR00050,2025-07-24,490.9,PayPal,TC00041,2025,7,July,3,24,3,Thursday
TT04804,U02013,CR00010,2025-01-30,0.0,Credit Card,TC00033,2025,1,January,1,30,3,Thursday
TT04805,U02013,CR00048,2025-03-08,0.0,PayPal,TC00054,2025,3,March,1,8,5,Saturday
TT04806,U02014,CR00041,2025-04-03,53.86,Bank Transfer,TC00037,2025,4,April,2,3,3,Thursday
TT04807,U02014,CR00035,2025-10-19,0.0,PayPal,TC00012,2025,10,October,4,19,6,Sunday
TT04808,U02014,CR00028,2025-11-04,0.78,Credit Card,TC00021,2025,11,November,4,4,1,Tuesday
TT04809,U02019,CR00055,2025-04-27,57.32,Bank Transfer,TC00058,2025,4,April,2,27,6,Sunday
TT04810,U02019,CR00054,2025-03-11,0.0,Bank Transfer,TC00058,2025,3,March,1,11,1,Tuesday
TT04811,U02019,CR00056,2025-11-02,212.39,Credit Card,TC00024,2025,11,November,4,2,6,Sunday
TT04812,U02031,CR00044,2025-08-26,119.04,PayPal,TC00037,2025,8,August,3,26,1,Tuesday
TT04813,U02031,CR00029,2025-06-21,0.0,PayPal,TC00004,2025,6,June,2,21,5,Saturday
TT04814,U02032,CR00037,2025-02-24,0.0,Credit Card,TC00018,2025,2,February,1,24,0,Monday
TT04815,U02032,CR00053,2025-06-22,0.0,Bank Transfer,TC00058,2025,6,June,2,22,6,Sunday
TT04816,U02036,CR00027,2025-07-17,0.0,PayPal,TC00021,2025,7,July,3,17,3,Thursday
TT04817,U02036,CR00047,2025-04-09,89.59,Bank Transfer,TC00041,2025,4,April,2,9,2,Wednesday
TT04818,U02041,CR00009,2025-06-09,0.0,Credit Card,TC00033,2025,6,June,2,9,0,Monday
TT04819,U02041,CR00051,2025-10-16,37.89,Credit Card,TC00058,2025,10,October,4,16,3,Thursday
TT04820,U02041,CR00027,2025-10-20,0.0,Bank Transfer,TC00007,2025,10,October,4,20,0,Monday
TT04821,U02044,CR00003,2025-10-21,0.0,Bank Transfer,TC00056,2025,10,October,4,21,1,Tuesday
TT04822,U02044,CR00033,2025-04-17,0.0,Bank Transfer,TC00059,2025,4,April,2,17,3,Thursday
TT04823,U02050,CR00060,2025-01-26,0.0,Bank Transfer,TC00002,2025,1,January,1,26,6,Sunday
TT04824,U02050,CR00022,2025-12-15,0.0,Credit Card,TC00008,2025,12,December,4,15,0,Monday
TT04825,U02050,CR00052,2025-12-13,0.0,Bank Transfer,TC00058,2025,12,December,4,13,5,Saturday
TT04826,U02052,CR00015,2025-09-29,285.05,Bank Transfer,TC00004,2025,9,September,3,29,0,Monday
TT04827,U02052,CR00012,2025-03-23,487.92,Credit Card,TC00059,2025,3,March,1,23,6,Sunday
TT04828,U02060,CR00032,2025-03-01,0.0,Credit Card,TC00055,2025,3,March,1,1,5,Saturday
TT04829,U02060,CR00022,2025-03-14,0.0,Credit Card,TC00008,2025,3,March,1,14,4,Friday
TT04830,U02060,CR00021,2025-12-08,0.0,Credit Card,TC00008,2025,12,December,4,8,0,Monday
TT04831,U02065,CR00032,2025-12-11,0.0,PayPal,TC00055,2025,12,December,4,11,3,Thursday
TT04832,U02065,CR00018,2025-10-08,0.0,Credit Card,TC00053,2025,10,October,4,8,2,Wednesday
TT04833,U02073,CR00021,2025-03-04,0.0,PayPal,TC00008,2025,3,March,1,4,1,Tuesday
TT04834,U02073,CR00051,2025-12-24,37.89,Bank Transfer,TC00058,2025,12,December,4,24,2,Wednesday
TT04835,U02084,CR00028,2025-07-24,0.78,Credit Card,TC00004,2025,7,July,3,24,3,Thursday
TT04836,U02084,CR00020,2025-01-27,0.0,PayPal,TC00053,2025,1,January,1,27,0,Monday
TT04837,U02084,CR00002,2025-05-17,0.0,PayPal,TC00056,2025,5,May,2,17,5,Saturday
TT04838,U02086,CR00038,2025-06-28,342.61,Bank Transfer,TC00018,2025,6,June,2,28,5,Saturday
TT04839,U02086,CR00021,2025-12-02,0.0,Bank Transfer,TC00008,2025,12,December,4,2,1,Tuesday
TT04840,U02091,CR00031,2025-02-16,0.0,Credit Card,TC00059,2025,2,February,1,16,6,Sunday
TT04841,U02091,CR00029,2025-04-03,0.0,Bank Transfer,TC00021,2025,4,April,2,3,3,Thursday
TT04842,U02091,CR00051,2025-12-21,37.89,Credit Card,TC00058,2025,12,December,4,21,6,Sunday
TT04843,U02102,CR00042,2025-07-23,0.0,PayPal,TC00037,2025,7,July,3,23,2,Wednesday
TT04844,U02102,CR00033,2025-11-07,0.0,Bank Transfer,TC00055,2025,11,November,4,7,4,Friday
TT04845,U02102,CR00007,2025-06-08,0.0,Credit Card,TC00033,2025,6,June,2,8,6,Sunday
TT04846,U02103,CR00048,2025-08-06,0.0,Credit Card,TC00041,2025,8,August,3,6,2,Wednesday
TT04847,U02103,CR00001,2025-01-17,472.28,PayPal,TC00056,2025,1,January,1,17,4,Friday
TT04848,U02103,CR00003,2025-06-17,0.0,Bank Transfer,TC00056,2025,6,June,2,17,1,Tuesday
TT04849,U02120,CR00031,2025-01-21,0.0,Bank Transfer,TC00055,2025,1,January,1,21,1,Tuesday
TT04850,U02120,CR00047,2025-02-04,89.59,Credit Card,TC00011,2025,2,February,1,4,1,Tuesday
TT04851,U02127,CR00033,2025-12-15,0.0,Credit Card,TC00059,2025,12,December,4,15,0,Monday
TT04852,U02127,CR00052,2025-09-25,0.0,Bank Transfer,TC00058,2025,9,September,3,25,3,Thursday
TT04853,U02129,CR00058,2025-09-26,0.0,Credit Card,TC00024,2025,9,September,3,26,4,Friday
TT04854,U02129,CR00004,2025-06-09,0.0,Bank Transfer,TC00056,2025,6,June,2,9,0,Monday
TT04855,U02141,CR00042,2025-07-20,0.0,Credit Card,TC00037,2025,7,July,3,20,6,Sunday
TT04856,U02141,CR00006,2025-12-28,276.37,Credit Card,TC00033,2025,12,December,4,28,6,Sunday
TT04857,U02142,CR00056,2025-05-11,212.39,Bank Transfer,TC00002,2025,5,May,2,11,6,Sunday
TT04858,U02142,CR00019,2025-05-11,0.0,PayPal,TC00053,2025,5,May,2,11,6,Sunday
TT04859,U02142,CR00032,2025-06-26,0.0,Bank Transfer,TC00055,2025,6,June,2,26,3,Thursday
TT04860,U02142,CR00042,2025-07-14,0.0,Bank Transfer,TC00037,2025,7,July,3,14,0,Monday
TT04861,U02143,CR00024,2025-12-16,117.68,Credit Card,TC00008,2025,12,December,4,16,1,Tuesday
TT04862,U02143,CR00051,2025-05-19,37.89,Bank Transfer,TC00058,2025,5,May,2,19,0,Monday
TT04863,U02143,CR00031,2025-05-05,0.0,Bank Transfer,TC00046,2025,5,May,2,5,0,Monday
TT04864,U02154,CR00039,2025-11-14,346.71,Bank Transfer,TC00018,2025,11,November,4,14,4,Friday
TT04865,U02154,CR00026,2025-12-13,0.0,PayPal,TC00021,2025,12,December,4,13,5,Saturday
TT04866,U02154,CR00050,2025-05-06,490.9,Bank Transfer,TC00054,2025,5,May,2,6,1,Tuesday
TT04867,U02157,CR00048,2025-05-06,0.0,PayPal,TC00041,2025,5,May,2,6,1,Tuesday
TT04868,U02157,CR00017,2025-08-12,0.0,Credit Card,TC00053,2025,8,August,3,12,1,Tuesday
TT04869,U02157,CR00026,2025-11-03,0.0,Credit Card,TC00007,2025,11,November,4,3,0,Monday
TT04870,U02158,CR00006,2025-05-15,276.37,Bank Transfer,TC00033,2025,5,May,2,15,3,Thursday
TT04871,U02158,CR00001,2025-09-29,472.28,PayPal,TC00056,2025,9,September,3,29,0,Monday
TT04872,U02158,CR00042,2025-04-16,0.0,PayPal,TC00037,2025,4,April,2,16,2,Wednesday
TT04873,U02158,CR00029,2025-12-09,0.0,PayPal,TC00004,2025,12,December,4,9,1,Tuesday
TT04874,U02167,CR00038,2025-11-25,342.61,Credit Card,TC00018,2025,11,November,4,25,1,Tuesday
TT04875,U02167,CR00023,2025-09-04,0.0,Bank Transfer,TC00008,2025,9,September,3,4,3,Thursday
TT04876,U02167,CR00030,2025-12-15,0.0,PayPal,TC00004,2025,12,December,4,15,0,Monday
TT04877,U02180,CR00004,2025-07-27,0.0,Credit Card,TC00056,2025,7,July,3,27,6,Sunday
TT04878,U02180,CR00013,2025-07-28,0.0,PayPal,TC00002,2025,7,July,3,28,0,Monday
TT04879,U02180,CR00045,2025-08-23,0.0,Credit Card,TC00037,2025,8,August,3,23,5,Saturday
TT04880,U02180,CR00007,2025-07-01,0.0,Bank Transfer,TC00033,2025,7,July,3,1,1,Tuesday
TT04881,U02185,CR00009,2025-10-25,0.0,PayPal,TC00033,2025,10,October,4,25,5,Saturday
TT04882,U02185,CR00059,2025-02-21,0.0,Credit Card,TC00002,2025,2,February,1,21,4,Friday
TT04883,U02186,CR00035,2025-05-04,0.0,Bank Transfer,TC00059,2025,5,May,2,4,6,Sunday
TT04884,U02186,CR00051,2025-09-30,37.89,PayPal,TC00058,2025,9,September,3,30,1,Tuesday
TT04885,U02186,CR00030,2025-11-14,0.0,PayPal,TC00021,2025,11,November,4,14,4,Friday
TT04886,U02186,CR00011,2025-07-16,326.02,Bank Transfer,TC00004,2025,7,July,3,16,2,Wednesday
TT04887,U02190,CR00052,2025-07-24,0.0,PayPal,TC00058,2025,7,July,3,24,3,Thursday
TT04888,U02190,CR00026,2025-09-22,0.0,Bank Transfer,TC00021,2025,9,September,3,22,0,Monday
TT04889,U02190,CR00051,2025-12-18,37.89,PayPal,TC00058,2025,12,December,4,18,3,Thursday
TT04890,U02190,CR00049,2025-09-08,415.51,Credit Card,TC00054,2025,9,September,3,8,0,Monday
TT04891,U02191,CR00003,2025-11-17,0.0,Credit Card,TC00056,2025,11,November,4,17,0,Monday
TT04892,U02191,CR00005,2025-01-01,0.0,PayPal,TC00056,2025,1,January,1,1,2,Wednesday
TT04893,U02191,CR00051,2025-07-24,37.89,Bank Transfer,TC00058,2025,7,July,3,24,3,Thursday
TT04894,U02191,CR00004,2025-09-12,0.0,PayPal,TC00056,2025,9,September,3,12,4,Friday
TT04895,U02198,CR00030,2025-12-29,0.0,Bank Transfer,TC00021,2025,12,December,4,29,0,Monday
TT04896,U02198,CR00027,2025-02-13,0.0,Credit Card,TC00004,2025,2,February,1,13,3,Thursday
TT04897,U02200,CR00038,2025-11-05,342.61,PayPal,TC00018,2025,11,November,4,5,2,Wednesday
TT04898,U02200,CR00006,2025-06-21,276.37,Bank Transfer,TC00033,2025,6,June,2,21,5,Saturday
TT04899,U02206,CR00021,2025-10-30,0.0,PayPal,TC00008,2025,10,October,4,30,3,Thursday
TT04900,U02206,CR00023,2025-01-16,0.0,Bank Transfer,TC00008,2025,1,January,1,16,3,Thursday
TT04901,U02206,CR00043,2025-10-09,0.0,Bank Transfer,TC00037,2025,10,October,4,9,3,Thursday
TT04902,U02214,CR00015,2025-09-11,285.05,PayPal,TC00054,2025,9,September,3,11,3,Thursday
TT04903,U02214,CR00023,2025-06-21,0.0,Bank Transfer,TC00008,2025,6,June,2,21,5,Saturday
TT04904,U02214,CR00009,2025-04-23,0.0,PayPal,TC00033,2025,4,April,2,23,2,Wednesday
TT04905,U02214,CR00051,2025-04-18,37.89,Credit Card,TC00058,2025,4,April,2,18,4,Friday
TT04906,U02225,CR00031,2025-08-01,0.0,PayPal,TC00012,2025,8,August,3,1,4,Friday
TT04907,U02225,CR00044,2025-11-30,119.04,PayPal,TC00037,2025,11,November,4,30,6,Sunday
TT04908,U02226,CR00050,2025-06-14,490.9,PayPal,TC00054,2025,6,June,2,14,5,Saturday
TT04909,U02226,CR00008,2025-02-24,0.0,Credit Card,TC00033,2025,2,February,1,24,0,Monday
TT04910,U02228,CR00042,2025-08-04,0.0,Bank Transfer,TC00037,2025,8,August,3,4,0,Monday
TT04911,U02228,CR00003,2025-07-27,0.0,Bank Transfer,TC00056,2025,7,July,3,27,6,Sunday
TT04912,U02241,CR00041,2025-11-02,53.86,PayPal,TC00037,2025,11,November,4,2,6,Sunday
TT04913,U02241,CR00046,2025-09-14,248.1,Bank Transfer,TC00054,2025,9,September,3,14,6,Sunday
TT04914,U02259,CR00044,2025-01-25,119.04,PayPal,TC00037,2025,1,January,1,25,5,Saturday
TT04915,U02259,CR00014,2025-02-24,0.0,Credit Card,TC00041,2025,2,February,1,24,0,Monday
TT04916,U02262,CR00009,2025-05-28,0.0,Bank Transfer,TC00033,2025,5,May,2,28,2,Wednesday
TT04917,U02262,CR00022,2025-09-15,0.0,PayPal,TC00008,2025,9,September,3,15,0,Monday
TT04918,U02262,CR00053,2025-12-21,0.0,PayPal,TC00058,2025,12,December,4,21,6,Sunday
TT04919,U02270,CR00012,2025-07-29,487.92,Credit Card,TC00058,2025,7,July,3,29,1,Tuesday
TT04920,U02270,CR00054,2025-01-04,0.0,Bank Transfer,TC00058,2025,1,January,1,4,5,Saturday
TT04921,U02270,CR00019,2025-05-19,0.0,Credit Card,TC00053,2025,5,May,2,19,0,Monday
TT04922,U02299,CR00054,2025-07-18,0.0,Bank Transfer,TC00058,2025,7,July,3,18,4,Friday
TT04923,U02299,CR00035,2025-10-26,0.0,Credit Card,TC00059,2025,10,October,4,26,6,Sunday
TT04924,U02309,CR00051,2025-05-15,37.89,Bank Transfer,TC00058,2025,5,May,2,15,3,Thursday
TT04925,U02309,CR00055,2025-05-12,57.32,PayPal,TC00058,2025,5,May,2,12,0,Monday
TT04926,U02309,CR00045,2025-04-06,0.0,Credit Card,TC00037,2025,4,April,2,6,6,Sunday
TT04927,U02311,CR00024,2025-01-27,117.68,Credit Card,TC00008,2025,1,January,1,27,0,Monday
TT04928,U02311,CR00020,2025-06-15,0.0,PayPal,TC00053,2025,6,June,2,15,6,Sunday
TT04929,U02311,CR00021,2025-03-16,0.0,PayPal,TC00008,2025,3,March,1,16,6,Sunday
TT04930,U02316,CR00011,2025-12-22,326.02,Credit Card,TC00007,2025,12,December,4,22,0,Monday
TT04931,U02316,CR00047,2025-11-14,89.59,Bank Transfer,TC00011,2025,11,November,4,14,4,Friday
TT04932,U02320,CR00045,2025-09-11,0.0,PayPal,TC00037,2025,9,September,3,11,3,Thursday
TT04933,U02320,CR00056,2025-05-11,212.39,Credit Card,TC00024,2025,5,May,2,11,6,Sunday
TT04934,U02320,CR00037,2025-08-19,0.0,Credit Card,TC00018,2025,8,August,3,19,1,Tuesday
TT04935,U02324,CR00011,2025-02-11,326.02,PayPal,TC00033,2025,2,February,1,11,1,Tuesday
TT04936,U02324,CR00023,2025-11-05,0.0,PayPal,TC00008,2025,11,November,4,5,2,Wednesday
TT04937,U02324,CR00007,2025-06-12,0.0,Bank Transfer,TC00033,2025,6,June,2,12,3,Thursday
TT04938,U02326,CR00050,2025-09-26,490.9,Bank Transfer,TC00011,2025,9,September,3,26,4,Friday
TT04939,U02326,CR00047,2025-11-12,89.59,PayPal,TC00011,2025,11,November,4,12,2,Wednesday
TT04940,U02328,CR00049,2025-11-06,415.51,Bank Transfer,TC00011,2025,11,November,4,6,3,Thursday
TT04941,U02328,CR00020,2025-11-25,0.0,PayPal,TC00053,2025,11,November,4,25,1,Tuesday
TT04942,U02328,CR00007,2025-05-20,0.0,PayPal,TC00033,2025,5,May,2,20,1,Tuesday
TT04943,U02333,CR00049,2025-01-14,415.51,Credit Card,TC00054,2025,1,January,1,14,1,Tuesday
TT04944,U02333,CR00003,2025-10-23,0.0,Bank Transfer,TC00056,2025,10,October,4,23,3,Thursday
TT04945,U02333,CR00053,2025-05-10,0.0,Bank Transfer,TC00058,2025,5,May,2,10,5,Saturday
TT04946,U02342,CR00027,2025-07-16,0.0,PayPal,TC00007,2025,7,July,3,16,2,Wednesday
TT04947,U02342,CR00047,2025-03-18,89.59,Bank Transfer,TC00011,2025,3,March,1,18,1,Tuesday
TT04948,U02343,CR00028,2025-07-24,0.78,Bank Transfer,TC00007,2025,7,July,3,24,3,Thursday
TT04949,U02343,CR00029,2025-09-26,0.0,Bank Transfer,TC00004,2025,9,September,3,26,4,Friday
TT04950,U02343,CR00056,2025-06-11,212.39,Credit Card,TC00002,2025,6,June,2,11,2,Wednesday
TT04951,U02343,CR00039,2025-07-27,346.71,PayPal,TC00018,2025,7,July,3,27,6,Sunday
TT04952,U02352,CR00025,2025-01-05,299.57,Bank Transfer,TC00008,2025,1,January,1,5,6,Sunday
TT04953,U02352,CR00042,2025-07-04,0.0,PayPal,TC00037,2025,7,July,3,4,4,Friday
TT04954,U02352,CR00023,2025-11-27,0.0,PayPal,TC00008,2025,11,November,4,27,3,Thursday
TT04955,U02358,CR00006,2025-10-20,276.37,Bank Transfer,TC00033,2025,10,October,4,20,0,Monday
TT04956,U02358,CR00025,2025-09-28,299.57,Credit Card,TC00008,2025,9,September,3,28,6,Sunday
TT04957,U02358,CR00027,2025-01-26,0.0,Credit Card,TC00004,2025,1,January,1,26,6,Sunday
TT04958,U02358,CR00050,2025-02-19,490.9,Bank Transfer,TC00054,2025,2,February,1,19,2,Wednesday
TT04959,U02359,CR00023,2025-07-12,0.0,PayPal,TC00008,2025,7,July,3,12,5,Saturday
TT04960,U02359,CR00060,2025-07-16,0.0,Credit Card,TC00002,2025,7,July,3,16,2,Wednesday
TT04961,U02368,CR00055,2025-12-14,57.32,Credit Card,TC00058,2025,12,December,4,14,6,Sunday
TT04962,U02368,CR00006,2025-12-11,276.37,PayPal,TC00033,2025,12,December,4,11,3,Thursday
TT04963,U02368,CR00024,2025-11-06,117.68,PayPal,TC00008,2025,11,November,4,6,3,Thursday
TT04964,U02368,CR00019,2025-01-27,0.0,Bank Transfer,TC00053,2025,1,January,1,27,0,Monday
TT04965,U02372,CR00059,2025-01-28,0.0,Credit Card,TC00024,2025,1,January,1,28,1,Tuesday
TT04966,U02372,CR00035,2025-09-02,0.0,PayPal,TC00059,2025,9,September,3,2,1,Tuesday
TT04967,U02372,CR00021,2025-10-15,0.0,PayPal,TC00008,2025,10,October,4,15,2,Wednesday
TT04968,U02374,CR00026,2025-06-19,0.0,Credit Card,TC00007,2025,6,June,2,19,3,Thursday
TT04969,U02374,CR00010,2025-10-13,0.0,PayPal,TC00033,2025,10,October,4,13,0,Monday
TT04970,U02374,CR00028,2025-10-25,0.78,Credit Card,TC00004,2025,10,October,4,25,5,Saturday
TT04971,U02379,CR00014,2025-03-12,0.0,PayPal,TC00054,2025,3,March,1,12,2,Wednesday
TT04972,U02379,CR00019,2025-11-12,0.0,Credit Card,TC00053,2025,11,November,4,12,2,Wednesday
TT04973,U02380,CR00034,2025-01-05,394.26,PayPal,TC00059,2025,1,January,1,5,6,Sunday
TT04974,U02380,CR00054,2025-12-13,0.0,Bank Transfer,TC00058,2025,12,December,4,13,5,Saturday
TT04975,U02380,CR00011,2025-03-17,326.02,PayPal,TC00053,2025,3,March,1,17,0,Monday
TT04976,U02384,CR00044,2025-03-02,119.04,Credit Card,TC00037,2025,3,March,1,2,6,Sunday
TT04977,U02384,CR00029,2025-06-16,0.0,PayPal,TC00004,2025,6,June,2,16,0,Monday
TT04978,U02384,CR00048,2025-04-11,0.0,Bank Transfer,TC00054,2025,4,April,2,11,4,Friday
TT04979,U02386,CR00025,2025-10-03,299.57,Credit Card,TC00008,2025,10,October,4,3,4,Friday
TT04980,U02386,CR00026,2025-04-08,0.0,PayPal,TC00021,2025,4,April,2,8,1,Tuesday
TT04981,U02386,CR00003,2025-06-09,0.0,Credit Card,TC00056,2025,6,June,2,9,0,Monday
TT04982,U02386,CR00009,2025-02-13,0.0,Bank Transfer,TC00033,2025,2,February,1,13,3,Thursday
TT04983,U02395,CR00058,2025-03-15,0.0,PayPal,TC00024,2025,3,March,1,15,5,Saturday
TT04984,U02395,CR00036,2025-06-15,0.0,Bank Transfer,TC00018,2025,6,June,2,15,6,Sunday
TT04985,U02395,CR00033,2025-02-14,0.0,PayPal,TC00046,2025,2,February,1,14,4,Friday
TT04986,U02414,CR00001,2025-08-21,472.28,Credit Card,TC00056,2025,8,August,3,21,3,Thursday
TT04987,U02414,CR00003,2025-06-22,0.0,PayPal,TC00056,2025,6,June,2,22,6,Sunday
TT04988,U02414,CR00042,2025-07-09,0.0,PayPal,TC00037,2025,7,July,3,9,2,Wednesday
TT04989,U02425,CR00048,2025-03-01,0.0,Bank Transfer,TC00011,2025,3,March,1,1,5,Saturday
TT04990,U02425,CR00009,2025-10-26,0.0,Credit Card,TC00033,2025,10,October,4,26,6,Sunday
TT04991,U02429,CR00004,2025-10-28,0.0,Credit Card,TC00056,2025,10,October,4,28,1,Tuesday
TT04992,U02429,CR00031,2025-06-01,0.0,Credit Card,TC00046,2025,6,June,2,1,6,Sunday
TT04993,U02429,CR00005,2025-09-25,0.0,Credit Card,TC00056,2025,9,September,3,25,3,Thursday
TT04994,U02436,CR00054,2025-08-16,0.0,Bank Transfer,TC00058,2025,8,August,3,16,5,Saturday
TT04995,U02436,CR00024,2025-07-20,117.68,Credit Card,TC00008,2025,7,July,3,20,6,Sunday
TT04996,U02436,CR00040,2025-02-06,327.99,PayPal,TC00018,2025,2,February,1,6,3,Thursday
TT04997,U02466,CR00023,2025-02-12,0.0,PayPal,TC00008,2025,2,February,1,12,2,Wednesday
TT04998,U02466,CR00047,2025-05-29,89.59,Credit Card,TC00054,2025,5,May,2,29,3,Thursday
TT04999,U02466,CR00006,2025-04-13,276.37,PayPal,TC00033,2025,4,April,2,13,6,Sunday
TT05000,U02466,CR00016,2025-07-17,0.0,PayPal,TC00053,2025,7,July,3,17,3,Thursday
TT05001,U02468,CR00022,2025-03-11,0.0,Bank Transfer,TC00008,2025,3,March,1,11,1,Tuesday
TT05002,U02468,CR00026,2025-07-05,0.0,PayPal,TC00021,2025,7,July,3,5,5,Saturday
TT05003,U02468,CR00059,2025-02-04,0.0,Bank Transfer,TC00002,2025,2,February,1,4,1,Tuesday
TT05004,U02478,CR00050,2025-07-03,490.9,PayPal,TC00011,2025,7,July,3,3,3,Thursday
TT05005,U02478,CR00033,2025-02-17,0.0,PayPal,TC00055,2025,2,February,1,17,0,Monday
TT05006,U02479,CR00015,2025-07-05,285.05,Credit Card,TC00011,2025,7,July,3,5,5,Saturday
TT05007,U02479,CR00005,2025-06-12,0.0,PayPal,TC00056,2025,6,June,2,12,3,Thursday
TT05008,U02479,CR00020,2025-01-04,0.0,PayPal,TC00053,2025,1,January,1,4,5,Saturday
TT05009,U02479,CR00058,2025-10-15,0.0,Credit Card,TC00002,2025,10,October,4,15,2,Wednesday
TT05010,U02484,CR00052,2025-04-27,0.0,PayPal,TC00058,2025,4,April,2,27,6,Sunday
TT05011,U02484,CR00045,2025-01-21,0.0,PayPal,TC00037,2025,1,January,1,21,1,Tuesday
TT05012,U02484,CR00002,2025-03-07,0.0,PayPal,TC00056,2025,3,March,1,7,4,Friday
TT05013,U02484,CR00015,2025-07-16,285.05,Credit Card,TC00055,2025,7,July,3,16,2,Wednesday
TT05014,U02503,CR00033,2025-06-08,0.0,Credit Card,TC00012,2025,6,June,2,8,6,Sunday
TT05015,U02503,CR00008,2025-08-11,0.0,Credit Card,TC00033,2025,8,August,3,11,0,Monday
TT05016,U02504,CR00013,2025-03-12,0.0,PayPal,TC00037,2025,3,March,1,12,2,Wednesday
TT05017,U02504,CR00011,2025-01-07,326.02,PayPal,TC00058,2025,1,January,1,7,1,Tuesday
TT05018,U02504,CR00017,2025-10-03,0.0,PayPal,TC00053,2025,10,October,4,3,4,Friday
TT05019,U02504,CR00007,2025-11-09,0.0,Credit Card,TC00033,2025,11,November,4,9,6,Sunday
TT05020,U02509,CR00021,2025-07-06,0.0,PayPal,TC00008,2025,7,July,3,6,6,Sunday
TT05021,U02509,CR00013,2025-09-14,0.0,Credit Card,TC00024,2025,9,September,3,14,6,Sunday
TT05022,U02509,CR00028,2025-12-19,0.78,Bank Transfer,TC00004,2025,12,December,4,19,4,Friday
TT05023,U02521,CR00047,2025-11-13,89.59,Credit Card,TC00011,2025,11,November,4,13,3,Thursday
TT05024,U02521,CR00036,2025-03-30,0.0,PayPal,TC00018,2025,3,March,1,30,6,Sunday
TT05025,U02521,CR00026,2025-04-26,0.0,PayPal,TC00007,2025,4,April,2,26,5,Saturday
TT05026,U02521,CR00010,2025-04-03,0.0,Credit Card,TC00033,2025,4,April,2,3,3,Thursday
TT05027,U02526,CR00044,2025-10-23,119.04,Bank Transfer,TC00037,2025,10,October,4,23,3,Thursday
TT05028,U02526,CR00038,2025-09-08,342.61,PayPal,TC00018,2025,9,September,3,8,0,Monday
TT05029,U02529,CR00054,2025-03-04,0.0,Credit Card,TC00058,2025,3,March,1,4,1,Tuesday
TT05030,U02529,CR00017,2025-06-09,0.0,PayPal,TC00053,2025,6,June,2,9,0,Monday
TT05031,U02529,CR00025,2025-05-02,299.57,Credit Card,TC00008,2025,5,May,2,2,4,Friday
TT05032,U02531,CR00026,2025-11-18,0.0,Credit Card,TC00007,2025,11,November,4,18,1,Tuesday
TT05033,U02531,CR00037,2025-08-29,0.0,PayPal,TC00018,2025,8,August,3,29,4,Friday
TT05034,U02531,CR00027,2025-01-15,0.0,PayPal,TC00007,2025,1,January,1,15,2,Wednesday
TT05035,U02531,CR00033,2025-03-20,0.0,PayPal,TC00012,2025,3,March,1,20,3,Thursday
TT05036,U02534,CR00053,2025-12-28,0.0,Credit Card,TC00058,2025,12,December,4,28,6,Sunday
TT05037,U02534,CR00009,2025-02-26,0.0,Bank Transfer,TC00033,2025,2,February,1,26,2,Wednesday
TT05038,U02558,CR00028,2025-04-18,0.78,PayPal,TC00007,2025,4,April,2,18,4,Friday
TT05039,U02558,CR00002,2025-01-20,0.0,PayPal,TC00056,2025,1,January,1,20,0,Monday
TT05040,U02558,CR00033,2025-05-21,0.0,PayPal,TC00059,2025,5,May,2,21,2,Wednesday
TT05041,U02558,CR00058,2025-04-08,0.0,PayPal,TC00002,2025,4,April,2,8,1,Tuesday
TT05042,U02562,CR00029,2025-12-26,0.0,Bank Transfer,TC00007,2025,12,December,4,26,4,Friday
TT05043,U02562,CR00011,2025-04-22,326.02,Bank Transfer,TC00059,2025,4,April,2,22,1,Tuesday
TT05044,U02562,CR00042,2025-02-03,0.0,Bank Transfer,TC00037,2025,2,February,1,3,0,Monday
TT05045,U02562,CR00058,2025-01-27,0.0,PayPal,TC00024,2025,1,January,1,27,0,Monday
TT05046,U02600,CR00032,2025-11-20,0.0,Credit Card,TC00055,2025,11,November,4,20,3,Thursday
TT05047,U02600,CR00006,2025-06-30,276.37,Credit Card,TC00033,2025,6,June,2,30,0,Monday
TT05048,U02600,CR00039,2025-04-21,346.71,PayPal,TC00018,2025,4,April,2,21,0,Monday
TT05049,U02601,CR00052,2025-06-11,0.0,PayPal,TC00058,2025,6,June,2,11,2,Wednesday
TT05050,U02601,CR00022,2025-06-26,0.0,Credit Card,TC00008,2025,6,June,2,26,3,Thursday
TT05051,U02601,CR00048,2025-02-22,0.0,Credit Card,TC00011,2025,2,February,1,22,5,Saturday
TT05052,U02601,CR00032,2025-03-10,0.0,Bank Transfer,TC00046,2025,3,March,1,10,0,Monday
TT05053,U02613,CR00007,2025-07-15,0.0,Credit Card,TC00033,2025,7,July,3,15,1,Tuesday
TT05054,U02613,CR00057,2025-04-26,177.34,Credit Card,TC00024,2025,4,April,2,26,5,Saturday
TT05055,U02615,CR00054,2025-10-07,0.0,PayPal,TC00058,2025,10,October,4,7,1,Tuesday
TT05056,U02615,CR00020,2025-07-19,0.0,PayPal,TC00053,2025,7,July,3,19,5,Saturday
TT05057,U02617,CR00019,2025-01-23,0.0,Credit Card,TC00053,2025,1,January,1,23,3,Thursday
TT05058,U02617,CR00050,2025-02-05,490.9,PayPal,TC00011,2025,2,February,1,5,2,Wednesday
TT05059,U02617,CR00002,2025-05-25,0.0,Bank Transfer,TC00056,2025,5,May,2,25,6,Sunday
TT05060,U02617,CR00042,2025-09-08,0.0,PayPal,TC00037,2025,9,September,3,8,0,Monday
TT05061,U02618,CR00054,2025-04-28,0.0,PayPal,TC00058,2025,4,April,2,28,0,Monday
TT05062,U02618,CR00053,2025-08-08,0.0,Bank Transfer,TC00058,2025,8,August,3,8,4,Friday
TT05063,U02618,CR00036,2025-11-04,0.0,Bank Transfer,TC00018,2025,11,November,4,4,1,Tuesday
TT05064,U02624,CR00002,2025-12-21,0.0,Credit Card,TC00056,2025,12,December,4,21,6,Sunday
TT05065,U02624,CR00021,2025-03-20,0.0,PayPal,TC00008,2025,3,March,1,20,3,Thursday
TT05066,U02624,CR00050,2025-12-19,490.9,PayPal,TC00011,2025,12,December,4,19,4,Friday
TT05067,U02625,CR00058,2025-10-19,0.0,Bank Transfer,TC00002,2025,10,October,4,19,6,Sunday
TT05068,U02625,CR00019,2025-01-29,0.0,PayPal,TC00053,2025,1,January,1,29,2,Wednesday
TT05069,U02626,CR00056,2025-07-24,212.39,Bank Transfer,TC00002,2025,7,July,3,24,3,Thursday
TT05070,U02626,CR00007,2025-09-12,0.0,Bank Transfer,TC00033,2025,9,September,3,12,4,Friday
TT05071,U02626,CR00035,2025-12-04,0.0,PayPal,TC00012,2025,12,December,4,4,3,Thursday
TT05072,U02637,CR00023,2025-07-08,0.0,PayPal,TC00008,2025,7,July,3,8,1,Tuesday
TT05073,U02637,CR00028,2025-03-18,0.78,Credit Card,TC00007,2025,3,March,1,18,1,Tuesday
TT05074,U02640,CR00040,2025-05-14,327.99,Bank Transfer,TC00018,2025,5,May,2,14,2,Wednesday
TT05075,U02640,CR00011,2025-10-30,326.02,Bank Transfer,TC00033,2025,10,October,4,30,3,Thursday
TT05076,U02640,CR00053,2025-03-07,0.0,Bank Transfer,TC00058,2025,3,March,1,7,4,Friday
TT05077,U02644,CR00057,2025-11-08,177.34,Credit Card,TC00002,2025,11,November,4,8,5,Saturday
TT05078,U02644,CR00055,2025-08-03,57.32,PayPal,TC00058,2025,8,August,3,3,6,Sunday
TT05079,U02644,CR00008,2025-01-30,0.0,PayPal,TC00033,2025,1,January,1,30,3,Thursday
TT05080,U02644,CR00060,2025-05-28,0.0,Bank Transfer,TC00024,2025,5,May,2,28,2,Wednesday
TT05081,U02646,CR00046,2025-05-10,248.1,Bank Transfer,TC00041,2025,5,May,2,10,5,Saturday
TT05082,U02646,CR00012,2025-04-10,487.92,Bank Transfer,TC00033,2025,4,April,2,10,3,Thursday
TT05083,U02658,CR00031,2025-12-01,0.0,PayPal,TC00055,2025,12,December,4,1,0,Monday
TT05084,U02658,CR00015,2025-05-09,285.05,PayPal,TC00059,2025,5,May,2,9,4,Friday
TT05085,U02658,CR00052,2025-06-04,0.0,Credit Card,TC00058,2025,6,June,2,4,2,Wednesday
TT05086,U02668,CR00055,2025-09-05,57.32,Credit Card,TC00058,2025,9,September,3,5,4,Friday
TT05087,U02668,CR00010,2025-03-02,0.0,Credit Card,TC00033,2025,3,March,1,2,6,Sunday
TT05088,U02668,CR00002,2025-01-23,0.0,Credit Card,TC00056,2025,1,January,1,23,3,Thursday
TT05089,U02675,CR00002,2025-04-29,0.0,Bank Transfer,TC00056,2025,4,April,2,29,1,Tuesday
TT05090,U02675,CR00005,2025-10-24,0.0,Bank Transfer,TC00056,2025,10,October,4,24,4,Friday
TT05091,U02675,CR00029,2025-03-26,0.0,Credit Card,TC00021,2025,3,March,1,26,2,Wednesday
TT05092,U02675,CR00039,2025-02-15,346.71,Credit Card,TC00018,2025,2,February,1,15,5,Saturday
TT05093,U02677,CR00050,2025-06-02,490.9,PayPal,TC00054,2025,6,June,2,2,0,Monday
TT05094,U02677,CR00014,2025-08-06,0.0,PayPal,TC00041,2025,8,August,3,6,2,Wednesday
TT05095,U02677,CR00008,2025-07-28,0.0,Bank Transfer,TC00033,2025,7,July,3,28,0,Monday
TT05096,U02686,CR00035,2025-03-22,0.0,Credit Card,TC00059,2025,3,March,1,22,5,Saturday
TT05097,U02686,CR00001,2025-12-04,472.28,Credit Card,TC00056,2025,12,December,4,4,3,Thursday
TT05098,U02686,CR00038,2025-11-21,342.61,Bank Transfer,TC00018,2025,11,November,4,21,4,Friday
TT05099,U02686,CR00005,2025-01-29,0.0,PayPal,TC00056,2025,1,January,1,29,2,Wednesday
TT05100,U02690,CR00029,2025-05-24,0.0,Credit Card,TC00007,2025,5,May,2,24,5,Saturday
TT05101,U02690,CR00030,2025-04-10,0.0,PayPal,TC00004,2025,4,April,2,10,3,Thursday
TT05102,U02690,CR00035,2025-05-08,0.0,Credit Card,TC00059,2025,5,May,2,8,3,Thursday
TT05103,U02690,CR00034,2025-04-30,394.26,Credit Card,TC00046,2025,4,April,2,30,2,Wednesday
TT05104,U02692,CR00010,2025-02-19,0.0,Bank Transfer,TC00033,2025,2,February,1,19,2,Wednesday
TT05105,U02692,CR00021,2025-07-04,0.0,PayPal,TC00008,2025,7,July,3,4,4,Friday
TT05106,U02692,CR00024,2025-02-07,117.68,Bank Transfer,TC00008,2025,2,February,1,7,4,Friday
TT05107,U02697,CR00047,2025-08-06,89.59,Credit Card,TC00041,2025,8,August,3,6,2,Wednesday
TT05108,U02697,CR00039,2025-11-27,346.71,Credit Card,TC00018,2025,11,November,4,27,3,Thursday
TT05109,U02697,CR00028,2025-03-19,0.78,Bank Transfer,TC00021,2025,3,March,1,19,2,Wednesday
TT05110,U02697,CR00017,2025-02-06,0.0,PayPal,TC00053,2025,2,February,1,6,3,Thursday
TT05111,U02701,CR00057,2025-08-22,177.34,Bank Transfer,TC00024,2025,8,August,3,22,4,Friday
TT05112,U02701,CR00042,2025-12-14,0.0,Bank Transfer,TC00037,2025,12,December,4,14,6,Sunday
TT05113,U02701,CR00046,2025-01-28,248.1,Credit Card,TC00041,2025,1,January,1,28,1,Tuesday
TT05114,U02701,CR00007,2025-10-15,0.0,PayPal,TC00033,2025,10,October,4,15,2,Wednesday
TT05115,U02726,CR00043,2025-01-03,0.0,Bank Transfer,TC00037,2025,1,January,1,3,4,Friday
TT05116,U02726,CR00018,2025-06-05,0.0,PayPal,TC00053,2025,6,June,2,5,3,Thursday
TT05117,U02726,CR00019,2025-06-30,0.0,PayPal,TC00053,2025,6,June,2,30,0,Monday
TT05118,U02726,CR00021,2025-05-20,0.0,Credit Card,TC00008,2025,5,May,2,20,1,Tuesday
TT05119,U02741,CR00004,2025-08-13,0.0,PayPal,TC00056,2025,8,August,3,13,2,Wednesday
TT05120,U02742,CR00015,2025-06-21,285.05,Bank Transfer,TC00002,2025,6,June,2,21,5,Saturday
TT05121,U02742,CR00002,2025-04-15,0.0,PayPal,TC00056,2025,4,April,2,15,1,Tuesday
TT05122,U02746,CR00024,2025-02-19,117.68,Bank Transfer,TC00008,2025,2,February,1,19,2,Wednesday
TT05123,U02746,CR00021,2025-11-30,0.0,PayPal,TC00008,2025,11,November,4,30,6,Sunday
TT05124,U02746,CR00007,2025-07-07,0.0,PayPal,TC00033,2025,7,July,3,7,0,Monday
TT05125,U02747,CR00041,2025-04-07,53.86,Bank Transfer,TC00037,2025,4,April,2,7,0,Monday
TT05126,U02747,CR00022,2025-03-21,0.0,PayPal,TC00008,2025,3,March,1,21,4,Friday
TT05127,U02747,CR00032,2025-08-12,0.0,Credit Card,TC00046,2025,8,August,3,12,1,Tuesday
TT05128,U02749,CR00014,2025-06-13,0.0,Bank Transfer,TC00008,2025,6,June,2,13,4,Friday
TT05129,U02749,CR00036,2025-11-15,0.0,Credit Card,TC00018,2025,11,November,4,15,5,Saturday
TT05130,U02758,CR00021,2025-12-10,0.0,Credit Card,TC00008,2025,12,December,4,10,2,Wednesday
TT05131,U02758,CR00023,2025-11-03,0.0,PayPal,TC00008,2025,11,November,4,3,0,Monday
TT05132,U02759,CR00037,2025-04-12,0.0,Credit Card,TC00018,2025,4,April,2,12,5,Saturday
TT05133,U02759,CR00003,2025-01-03,0.0,PayPal,TC00056,2025,1,January,1,3,4,Friday
TT05134,U02760,CR00047,2025-09-25,89.59,Credit Card,TC00041,2025,9,September,3,25,3,Thursday
TT05135,U02760,CR00015,2025-09-05,285.05,Bank Transfer,TC00054,2025,9,September,3,5,4,Friday
TT05136,U02760,CR00021,2025-05-25,0.0,PayPal,TC00008,2025,5,May,2,25,6,Sunday
TT05137,U02761,CR00035,2025-09-01,0.0,PayPal,TC00059,2025,9,September,3,1,0,Monday
TT05138,U02761,CR00020,2025-12-12,0.0,Bank Transfer,TC00053,2025,12,December,4,12,4,Friday
TT05139,U02761,CR00034,2025-12-02,394.26,Credit Card,TC00055,2025,12,December,4,2,1,Tuesday
TT05140,U02761,CR00003,2025-05-03,0.0,Bank Transfer,TC00056,2025,5,May,2,3,5,Saturday
TT05141,U02762,CR00051,2025-02-01,37.89,Bank Transfer,TC00058,2025,2,February,1,1,5,Saturday
TT05142,U02762,CR00006,2025-05-06,276.37,Credit Card,TC00033,2025,5,May,2,6,1,Tuesday
TT05143,U02763,CR00011,2025-10-17,326.02,Credit Card,TC00053,2025,10,October,4,17,4,Friday
TT05144,U02763,CR00026,2025-10-01,0.0,Credit Card,TC00007,2025,10,October,4,1,2,Wednesday
TT05145,U02763,CR00046,2025-10-04,248.1,Bank Transfer,TC00054,2025,10,October,4,4,5,Saturday
TT05146,U02769,CR00047,2025-10-14,89.59,Bank Transfer,TC00011,2025,10,October,4,14,1,Tuesday
TT05147,U02769,CR00049,2025-03-10,415.51,Credit Card,TC00041,2025,3,March,1,10,0,Monday
TT05148,U02769,CR00046,2025-03-01,248.1,PayPal,TC00011,2025,3,March,1,1,5,Saturday
TT05149,U02778,CR00035,2025-04-25,0.0,Credit Card,TC00055,2025,4,April,2,25,4,Friday
TT05150,U02778,CR00027,2025-12-25,0.0,PayPal,TC00004,2025,12,December,4,25,3,Thursday
TT05151,U02778,CR00043,2025-04-08,0.0,Bank Transfer,TC00037,2025,4,April,2,8,1,Tuesday
TT05152,U02779,CR00049,2025-06-24,415.51,Bank Transfer,TC00041,2025,6,June,2,24,1,Tuesday
TT05153,U02779,CR00034,2025-10-02,394.26,Bank Transfer,TC00059,2025,10,October,4,2,3,Thursday
TT05154,U02779,CR00036,2025-07-27,0.0,Bank Transfer,TC00018,2025,7,July,3,27,6,Sunday
TT05155,U02780,CR00009,2025-07-01,0.0,Credit Card,TC00033,2025,7,July,3,1,1,Tuesday
TT05156,U02780,CR00014,2025-02-16,0.0,Credit Card,TC00012,2025,2,February,1,16,6,Sunday
TT05157,U02781,CR00012,2025-09-12,487.92,PayPal,TC00008,2025,9,September,3,12,4,Friday
TT05158,U02781,CR00056,2025-12-28,212.39,PayPal,TC00002,2025,12,December,4,28,6,Sunday
TT05159,U02781,CR00031,2025-06-19,0.0,Bank Transfer,TC00059,2025,6,June,2,19,3,Thursday
TT05160,U02789,CR00007,2025-01-01,0.0,Credit Card,TC00033,2025,1,January,1,1,2,Wednesday
TT05161,U02789,CR00029,2025-11-01,0.0,PayPal,TC00007,2025,11,November,4,1,5,Saturday
TT05162,U02789,CR00045,2025-08-29,0.0,Credit Card,TC00037,2025,8,August,3,29,4,Friday
TT05163,U02789,CR00060,2025-07-22,0.0,Bank Transfer,TC00024,2025,7,July,3,22,1,Tuesday
TT05164,U02801,CR00060,2025-06-26,0.0,PayPal,TC00024,2025,6,June,2,26,3,Thursday
TT05165,U02801,CR00028,2025-04-28,0.78,PayPal,TC00004,2025,4,April,2,28,0,Monday
TT05166,U02801,CR00023,2025-04-20,0.0,Bank Transfer,TC00008,2025,4,April,2,20,6,Sunday
TT05167,U02803,CR00010,2025-12-09,0.0,Bank Transfer,TC00033,2025,12,December,4,9,1,Tuesday
TT05168,U02803,CR00053,2025-04-16,0.0,Bank Transfer,TC00058,2025,4,April,2,16,2,Wednesday
TT05169,U02807,CR00056,2025-06-20,212.39,PayPal,TC00024,2025,6,June,2,20,4,Friday
TT05170,U02807,CR00059,2025-03-22,0.0,Bank Transfer,TC00002,2025,3,March,1,22,5,Saturday
TT05171,U02807,CR00039,2025-05-25,346.71,Bank Transfer,TC00018,2025,5,May,2,25,6,Sunday
TT05172,U02807,CR00035,2025-05-02,0.0,Bank Transfer,TC00059,2025,5,May,2,2,4,Friday
TT05173,U02808,CR00017,2025-02-07,0.0,PayPal,TC00053,2025,2,February,1,7,4,Friday
TT05174,U02808,CR00020,2025-11-01,0.0,PayPal,TC00053,2025,11,November,4,1,5,Saturday
TT05175,U02815,CR00056,2025-05-10,212.39,Bank Transfer,TC00024,2025,5,May,2,10,5,Saturday
TT05176,U02815,CR00045,2025-09-21,0.0,Bank Transfer,TC00037,2025,9,September,3,21,6,Sunday
TT05177,U02815,CR00007,2025-03-21,0.0,Bank Transfer,TC00033,2025,3,March,1,21,4,Friday
TT05178,U02815,CR00057,2025-04-28,177.34,Bank Transfer,TC00024,2025,4,April,2,28,0,Monday
TT05179,U02819,CR00053,2025-04-05,0.0,Bank Transfer,TC00058,2025,4,April,2,5,5,Saturday
TT05180,U02819,CR00026,2025-08-09,0.0,PayPal,TC00004,2025,8,August,3,9,5,Saturday
TT05181,U02839,CR00008,2025-09-19,0.0,Bank Transfer,TC00033,2025,9,September,3,19,4,Friday
TT05182,U02839,CR00005,2025-10-03,0.0,Bank Transfer,TC00056,2025,10,October,4,3,4,Friday
TT05183,U02839,CR00019,2025-10-05,0.0,PayPal,TC00053,2025,10,October,4,5,6,Sunday
TT05184,U02839,CR00033,2025-12-18,0.0,Credit Card,TC00055,2025,12,December,4,18,3,Thursday
TT05185,U02858,CR00029,2025-09-20,0.0,PayPal,TC00021,2025,9,September,3,20,5,Saturday
TT05186,U02858,CR00022,2025-12-25,0.0,Bank Transfer,TC00008,2025,12,December,4,25,3,Thursday
TT05187,U02858,CR00031,2025-09-02,0.0,Credit Card,TC00055,2025,9,September,3,2,1,Tuesday
TT05188,U02858,CR00005,2025-04-28,0.0,PayPal,TC00056,2025,4,April,2,28,0,Monday
TT05189,U02859,CR00040,2025-09-10,327.99,Credit Card,TC00018,2025,9,September,3,10,2,Wednesday
TT05190,U02859,CR00011,2025-03-20,326.02,PayPal,TC00037,2025,3,March,1,20,3,Thursday
TT05191,U02862,CR00019,2025-07-23,0.0,Bank Transfer,TC00053,2025,7,July,3,23,2,Wednesday
TT05192,U02862,CR00004,2025-05-25,0.0,Credit Card,TC00056,2025,5,May,2,25,6,Sunday
TT05193,U02866,CR00011,2025-02-20,326.02,PayPal,TC00059,2025,2,February,1,20,3,Thursday
TT05194,U02866,CR00021,2025-08-20,0.0,PayPal,TC00008,2025,8,August,3,20,2,Wednesday
TT05195,U02868,CR00030,2025-07-03,0.0,PayPal,TC00021,2025,7,July,3,3,3,Thursday
TT05196,U02868,CR00031,2025-09-02,0.0,PayPal,TC00059,2025,9,September,3,2,1,Tuesday
TT05197,U02872,CR00038,2025-01-09,342.61,PayPal,TC00018,2025,1,January,1,9,3,Thursday
TT05198,U02872,CR00014,2025-04-26,0.0,PayPal,TC00041,2025,4,April,2,26,5,Saturday
TT05199,U02873,CR00037,2025-05-25,0.0,PayPal,TC00018,2025,5,May,2,25,6,Sunday
TT05200,U02873,CR00041,2025-05-01,53.86,PayPal,TC00037,2025,5,May,2,1,3,Thursday
TT05201,U02873,CR00013,2025-01-05,0.0,PayPal,TC00004,2025,1,January,1,5,6,Sunday
TT05202,U02881,CR00006,2025-08-23,276.37,Bank Transfer,TC00033,2025,8,August,3,23,5,Saturday
TT05203,U02881,CR00059,2025-06-19,0.0,Credit Card,TC00002,2025,6,June,2,19,3,Thursday
TT05204,U02881,CR00009,2025-12-01,0.0,Bank Transfer,TC00033,2025,12,December,4,1,0,Monday
TT05205,U02881,CR00052,2025-05-09,0.0,Credit Card,TC00058,2025,5,May,2,9,4,Friday
TT05206,U02884,CR00021,2025-07-15,0.0,Bank Transfer,TC00008,2025,7,July,3,15,1,Tuesday
TT05207,U02884,CR00028,2025-01-03,0.78,Credit Card,TC00021,2025,1,January,1,3,4,Friday
TT05208,U02884,CR00059,2025-07-29,0.0,PayPal,TC00002,2025,7,July,3,29,1,Tuesday
TT05209,U02885,CR00022,2025-11-28,0.0,Bank Transfer,TC00008,2025,11,November,4,28,4,Friday
TT05210,U02885,CR00009,2025-07-14,0.0,Bank Transfer,TC00033,2025,7,July,3,14,0,Monday
TT05211,U02885,CR00038,2025-08-01,342.61,Bank Transfer,TC00018,2025,8,August,3,1,4,Friday
TT05212,U02886,CR00047,2025-06-20,89.59,PayPal,TC00041,2025,6,June,2,20,4,Friday
TT05213,U02886,CR00036,2025-05-19,0.0,Bank Transfer,TC00018,2025,5,May,2,19,0,Monday
TT05214,U02886,CR00014,2025-08-01,0.0,Credit Card,TC00021,2025,8,August,3,1,4,Friday
TT05215,U02887,CR00009,2025-05-20,0.0,PayPal,TC00033,2025,5,May,2,20,1,Tuesday
TT05216,U02887,CR00057,2025-11-06,177.34,Credit Card,TC00002,2025,11,November,4,6,3,Thursday
TT05217,U02887,CR00031,2025-08-03,0.0,PayPal,TC00055,2025,8,August,3,3,6,Sunday
TT05218,U02887,CR00025,2025-08-27,299.57,PayPal,TC00008,2025,8,August,3,27,2,Wednesday
TT05219,U02890,CR00059,2025-03-28,0.0,Bank Transfer,TC00002,2025,3,March,1,28,4,Friday
TT05220,U02890,CR00033,2025-12-13,0.0,Bank Transfer,TC00046,2025,12,December,4,13,5,Saturday
TT05221,U02891,CR00015,2025-02-06,285.05,Bank Transfer,TC00037,2025,2,February,1,6,3,Thursday
TT05222,U02891,CR00025,2025-08-28,299.57,Credit Card,TC00008,2025,8,August,3,28,3,Thursday
TT05223,U02891,CR00024,2025-03-20,117.68,Bank Transfer,TC00008,2025,3,March,1,20,3,Thursday
TT05224,U02898,CR00010,2025-03-23,0.0,Credit Card,TC00033,2025,3,March,1,23,6,Sunday
TT05225,U02898,CR00028,2025-07-08,0.78,Bank Transfer,TC00004,2025,7,July,3,8,1,Tuesday
TT05226,U02898,CR00006,2025-12-20,276.37,Credit Card,TC00033,2025,12,December,4,20,5,Saturday
TT05227,U02898,CR00038,2025-12-27,342.61,Credit Card,TC00018,2025,12,December,4,27,5,Saturday
TT05228,U02906,CR00001,2025-12-08,472.28,PayPal,TC00056,2025,12,December,4,8,0,Monday
TT05229,U02906,CR00044,2025-03-10,119.04,Credit Card,TC00037,2025,3,March,1,10,0,Monday
TT05230,U02906,CR00043,2025-05-11,0.0,Credit Card,TC00037,2025,5,May,2,11,6,Sunday
TT05231,U02923,CR00037,2025-03-20,0.0,PayPal,TC00018,2025,3,March,1,20,3,Thursday
TT05232,U02923,CR00040,2025-03-15,327.99,PayPal,TC00018,2025,3,March,1,15,5,Saturday
TT05233,U02923,CR00050,2025-11-22,490.9,Bank Transfer,TC00054,2025,11,November,4,22,5,Saturday
TT05234,U02925,CR00010,2025-11-05,0.0,Bank Transfer,TC00033,2025,11,November,4,5,2,Wednesday
TT05235,U02925,CR00021,2025-01-05,0.0,Credit Card,TC00008,2025,1,January,1,5,6,Sunday
TT05236,U02925,CR00034,2025-07-12,394.26,PayPal,TC00059,2025,7,July,3,12,5,Saturday
TT05237,U02925,CR00044,2025-03-15,119.04,PayPal,TC00037,2025,3,March,1,15,5,Saturday
TT05238,U02935,CR00049,2025-03-04,415.51,PayPal,TC00041,2025,3,March,1,4,1,Tuesday
TT05239,U02935,CR00015,2025-03-13,285.05,Credit Card,TC00056,2025,3,March,1,13,3,Thursday
TT05240,U02940,CR00029,2025-05-11,0.0,Bank Transfer,TC00021,2025,5,May,2,11,6,Sunday
TT05241,U02940,CR00039,2025-10-29,346.71,PayPal,TC00018,2025,10,October,4,29,2,Wednesday
TT05242,U02940,CR00058,2025-11-19,0.0,PayPal,TC00002,2025,11,November,4,19,2,Wednesday
TT05243,U02942,CR00009,2025-12-13,0.0,PayPal,TC00033,2025,12,December,4,13,5,Saturday
TT05244,U02942,CR00027,2025-01-11,0.0,Bank Transfer,TC00004,2025,1,January,1,11,5,Saturday
TT05245,U02942,CR00049,2025-08-17,415.51,PayPal,TC00054,2025,8,August,3,17,6,Sunday
TT05246,U02949,CR00012,2025-02-19,487.92,Credit Card,TC00007,2025,2,February,1,19,2,Wednesday
TT05247,U02949,CR00025,2025-12-16,299.57,Bank Transfer,TC00008,2025,12,December,4,16,1,Tuesday
TT05248,U02950,CR00018,2025-05-19,0.0,Bank Transfer,TC00053,2025,5,May,2,19,0,Monday
TT05249,U02950,CR00007,2025-11-04,0.0,Credit Card,TC00033,2025,11,November,4,4,1,Tuesday
TT05250,U02950,CR00038,2025-09-03,342.61,Credit Card,TC00018,2025,9,September,3,3,2,Wednesday
TT05251,U02950,CR00009,2025-01-20,0.0,Credit Card,TC00033,2025,1,January,1,20,0,Monday
TT05252,U02952,CR00009,2025-10-05,0.0,PayPal,TC00033,2025,10,October,4,5,6,Sunday
TT05253,U02952,CR00048,2025-05-04,0.0,PayPal,TC00041,2025,5,May,2,4,6,Sunday
TT05254,U02966,CR00014,2025-06-15,0.0,Bank Transfer,TC00024,2025,6,June,2,15,6,Sunday
TT05255,U02966,CR00027,2025-06-04,0.0,PayPal,TC00021,2025,6,June,2,4,2,Wednesday
TT05256,U02966,CR00036,2025-05-11,0.0,Credit Card,TC00018,2025,5,May,2,11,6,Sunday
TT05257,U02966,CR00058,2025-08-18,0.0,Bank Transfer,TC00024,2025,8,August,3,18,0,Monday
TT05258,U02972,CR00050,2025-08-23,490.9,PayPal,TC00054,2025,8,August,3,23,5,Saturday
TT05259,U02972,CR00047,2025-02-19,89.59,Bank Transfer,TC00054,2025,2,February,1,19,2,Wednesday
TT05260,U02978,CR00005,2025-08-22,0.0,PayPal,TC00056,2025,8,August,3,22,4,Friday
TT05261,U02978,CR00010,2025-06-04,0.0,Bank Transfer,TC00033,2025,6,June,2,4,2,Wednesday
TT05262,U02978,CR00046,2025-10-08,248.1,Bank Transfer,TC00041,2025,10,October,4,8,2,Wednesday
TT05263,U02978,CR00060,2025-03-10,0.0,Credit Card,TC00002,2025,3,March,1,10,0,Monday
TT05264,U02986,CR00038,2025-09-28,342.61,Credit Card,TC00018,2025,9,September,3,28,6,Sunday
TT05265,U02986,CR00046,2025-05-18,248.1,Bank Transfer,TC00041,2025,5,May,2,18,6,Sunday
TT05266,U02990,CR00001,2025-09-25,472.28,PayPal,TC00056,2025,9,September,3,25,3,Thursday
TT05267,U02990,CR00045,2025-02-17,0.0,PayPal,TC00037,2025,2,February,1,17,0,Monday
TT05268,U00038,CR00033,2025-08-24,0.0,Bank Transfer,TC00031,2025,8,August,3,24,6,Sunday
TT05269,U00047,CR00021,2025-09-05,0.0,PayPal,TC00016,2025,9,September,3,5,4,Friday
TT05270,U00069,CR00007,2025-08-24,0.0,Credit Card,TC00003,2025,8,August,3,24,6,Sunday
TT05271,U00069,CR00026,2025-02-16,0.0,PayPal,TC00031,2025,2,February,1,16,6,Sunday
TT05272,U00070,CR00059,2025-05-11,0.0,Credit Card,TC00038,2025,5,May,2,11,6,Sunday
TT05273,U00070,CR00016,2025-10-12,0.0,Bank Transfer,TC00014,2025,10,October,4,12,6,Sunday
TT05274,U00072,CR00011,2025-04-16,326.02,Credit Card,TC00028,2025,4,April,2,16,2,Wednesday
TT05275,U00082,CR00036,2025-06-30,0.0,Bank Transfer,TC00043,2025,6,June,2,30,0,Monday
TT05276,U00115,CR00030,2025-08-02,0.0,Bank Transfer,TC00043,2025,8,August,3,2,5,Saturday
TT05277,U00122,CR00059,2025-02-02,0.0,PayPal,TC00036,2025,2,February,1,2,6,Sunday
TT05278,U00122,CR00029,2025-10-24,0.0,Credit Card,TC00017,2025,10,October,4,24,4,Friday
TT05279,U00154,CR00046,2025-02-24,248.1,Credit Card,TC00027,2025,2,February,1,24,0,Monday
TT05280,U00162,CR00045,2025-05-01,0.0,Credit Card,TC00044,2025,5,May,2,1,3,Thursday
TT05281,U00186,CR00011,2025-09-10,326.02,PayPal,TC00028,2025,9,September,3,10,2,Wednesday
TT05282,U00186,CR00037,2025-12-21,0.0,PayPal,TC00043,2025,12,December,4,21,6,Sunday
TT05283,U00204,CR00045,2025-10-01,0.0,Credit Card,TC00044,2025,10,October,4,1,2,Wednesday
TT05284,U00209,CR00014,2025-08-14,0.0,Credit Card,TC00028,2025,8,August,3,14,3,Thursday
TT05285,U00221,CR00010,2025-11-28,0.0,Bank Transfer,TC00003,2025,11,November,4,28,4,Friday
TT05286,U00240,CR00059,2025-08-10,0.0,Credit Card,TC00038,2025,8,August,3,10,6,Sunday
TT05287,U00240,CR00013,2025-01-17,0.0,Bank Transfer,TC00028,2025,1,January,1,17,4,Friday
TT05288,U00241,CR00035,2025-02-18,0.0,Credit Card,TC00031,2025,2,February,1,18,1,Tuesday
TT05289,U00241,CR00021,2025-06-30,0.0,Bank Transfer,TC00016,2025,6,June,2,30,0,Monday
TT05290,U00247,CR00018,2025-05-29,0.0,Bank Transfer,TC00016,2025,5,May,2,29,3,Thursday
TT05291,U00259,CR00038,2025-06-07,342.61,PayPal,TC00014,2025,6,June,2,7,5,Saturday
TT05292,U00269,CR00033,2025-06-03,0.0,Bank Transfer,TC00031,2025,6,June,2,3,1,Tuesday
TT05293,U00278,CR00003,2025-08-15,0.0,PayPal,TC00023,2025,8,August,3,15,4,Friday
TT05294,U00283,CR00058,2025-08-15,0.0,Bank Transfer,TC00017,2025,8,August,3,15,4,Friday
TT05295,U00283,CR00005,2025-07-09,0.0,PayPal,TC00014,2025,7,July,3,9,2,Wednesday
TT05296,U00284,CR00038,2025-01-19,342.61,PayPal,TC00014,2025,1,January,1,19,6,Sunday
TT05297,U00285,CR00055,2025-01-21,57.32,PayPal,TC00025,2025,1,January,1,21,1,Tuesday
TT05298,U00307,CR00002,2025-08-29,0.0,Credit Card,TC00026,2025,8,August,3,29,4,Friday
TT05299,U00320,CR00015,2025-08-29,285.05,Bank Transfer,TC00028,2025,8,August,3,29,4,Friday
TT05300,U00337,CR00030,2025-06-29,0.0,Credit Card,TC00023,2025,6,June,2,29,6,Sunday
TT05301,U00342,CR00026,2025-01-01,0.0,Bank Transfer,TC00016,2025,1,January,1,1,2,Wednesday
TT05302,U00344,CR00033,2025-01-11,0.0,Bank Transfer,TC00031,2025,1,January,1,11,5,Saturday
TT05303,U00347,CR00020,2025-01-22,0.0,Credit Card,TC00027,2025,1,January,1,22,2,Wednesday
TT05304,U00347,CR00039,2025-10-01,346.71,Bank Transfer,TC00014,2025,10,October,4,1,2,Wednesday
TT05305,U00348,CR00025,2025-04-14,299.57,PayPal,TC00010,2025,4,April,2,14,0,Monday
TT05306,U00366,CR00048,2025-06-26,0.0,Credit Card,TC00027,2025,6,June,2,26,3,Thursday
TT05307,U00366,CR00037,2025-02-05,0.0,Credit Card,TC00043,2025,2,February,1,5,2,Wednesday
TT05308,U00370,CR00044,2025-02-01,119.04,Bank Transfer,TC00023,2025,2,February,1,1,5,Saturday
TT05309,U00370,CR00012,2025-11-10,487.92,Credit Card,TC00028,2025,11,November,4,10,0,Monday
TT05310,U00378,CR00020,2025-11-01,0.0,Bank Transfer,TC00017,2025,11,November,4,1,5,Saturday
TT05311,U00378,CR00014,2025-07-05,0.0,Bank Transfer,TC00028,2025,7,July,3,5,5,Saturday
TT05312,U00386,CR00025,2025-10-24,299.57,Bank Transfer,TC00016,2025,10,October,4,24,4,Friday
TT05313,U00386,CR00009,2025-09-03,0.0,Credit Card,TC00047,2025,9,September,3,3,2,Wednesday
TT05314,U00389,CR00031,2025-11-14,0.0,PayPal,TC00031,2025,11,November,4,14,4,Friday
TT05315,U00396,CR00030,2025-11-12,0.0,PayPal,TC00036,2025,11,November,4,12,2,Wednesday
TT05316,U00396,CR00042,2025-12-25,0.0,Credit Card,TC00044,2025,12,December,4,25,3,Thursday
TT05317,U00408,CR00014,2025-06-07,0.0,PayPal,TC00028,2025,6,June,2,7,5,Saturday
TT05318,U00419,CR00028,2025-03-01,0.78,Credit Card,TC00038,2025,3,March,1,1,5,Saturday
TT05319,U00430,CR00012,2025-07-28,487.92,Bank Transfer,TC00028,2025,7,July,3,28,0,Monday
TT05320,U00446,CR00054,2025-11-01,0.0,Bank Transfer,TC00034,2025,11,November,4,1,5,Saturday
TT05321,U00446,CR00041,2025-06-23,53.86,Credit Card,TC00023,2025,6,June,2,23,0,Monday
TT05322,U00456,CR00023,2025-12-24,0.0,Credit Card,TC00010,2025,12,December,4,24,2,Wednesday
TT05323,U00456,CR00060,2025-08-17,0.0,Bank Transfer,TC00038,2025,8,August,3,17,6,Sunday
TT05324,U00479,CR00032,2025-10-05,0.0,Bank Transfer,TC00031,2025,10,October,4,5,6,Sunday
TT05325,U00479,CR00054,2025-04-13,0.0,Bank Transfer,TC00025,2025,4,April,2,13,6,Sunday
TT05326,U00487,CR00022,2025-05-13,0.0,Credit Card,TC00016,2025,5,May,2,13,1,Tuesday
TT05327,U00487,CR00023,2025-05-01,0.0,PayPal,TC00016,2025,5,May,2,1,3,Thursday
TT05328,U00488,CR00044,2025-06-01,119.04,Bank Transfer,TC00023,2025,6,June,2,1,6,Sunday
TT05329,U00488,CR00007,2025-11-16,0.0,Bank Transfer,TC00051,2025,11,November,4,16,6,Sunday
TT05330,U00502,CR00028,2025-04-23,0.78,Bank Transfer,TC00038,2025,4,April,2,23,2,Wednesday
TT05331,U00502,CR00003,2025-04-02,0.0,Bank Transfer,TC00003,2025,4,April,2,2,2,Wednesday
TT05332,U00505,CR00042,2025-09-11,0.0,Credit Card,TC00044,2025,9,September,3,11,3,Thursday
TT05333,U00515,CR00014,2025-08-09,0.0,PayPal,TC00028,2025,8,August,3,9,5,Saturday
TT05334,U00515,CR00023,2025-11-23,0.0,Credit Card,TC00010,2025,11,November,4,23,6,Sunday
TT05335,U00519,CR00021,2025-08-20,0.0,PayPal,TC00016,2025,8,August,3,20,2,Wednesday
TT05336,U00522,CR00036,2025-01-23,0.0,Bank Transfer,TC00014,2025,1,January,1,23,3,Thursday
TT05337,U00527,CR00019,2025-06-24,0.0,PayPal,TC00009,2025,6,June,2,24,1,Tuesday
TT05338,U00527,CR00059,2025-12-04,0.0,PayPal,TC00038,2025,12,December,4,4,3,Thursday
TT05339,U00529,CR00052,2025-12-22,0.0,PayPal,TC00025,2025,12,December,4,22,0,Monday
TT05340,U00529,CR00018,2025-09-01,0.0,Bank Transfer,TC00023,2025,9,September,3,1,0,Monday
TT05341,U00535,CR00049,2025-06-18,415.51,Bank Transfer,TC00027,2025,6,June,2,18,2,Wednesday
TT05342,U00535,CR00033,2025-07-06,0.0,PayPal,TC00031,2025,7,July,3,6,6,Sunday
TT05343,U00553,CR00010,2025-09-10,0.0,Bank Transfer,TC00051,2025,9,September,3,10,2,Wednesday
TT05344,U00553,CR00013,2025-10-14,0.0,PayPal,TC00028,2025,10,October,4,14,1,Tuesday
TT05345,U00564,CR00041,2025-10-18,53.86,Credit Card,TC00044,2025,10,October,4,18,5,Saturday
TT05346,U00566,CR00028,2025-05-28,0.78,Credit Card,TC00009,2025,5,May,2,28,2,Wednesday
TT05347,U00566,CR00059,2025-12-16,0.0,Bank Transfer,TC00036,2025,12,December,4,16,1,Tuesday
TT05348,U00571,CR00043,2025-01-29,0.0,PayPal,TC00044,2025,1,January,1,29,2,Wednesday
TT05349,U00571,CR00009,2025-02-24,0.0,Credit Card,TC00051,2025,2,February,1,24,0,Monday
TT05350,U00586,CR00025,2025-09-20,299.57,Bank Transfer,TC00016,2025,9,September,3,20,5,Saturday
TT05351,U00621,CR00053,2025-12-19,0.0,Credit Card,TC00034,2025,12,December,4,19,4,Friday
TT05352,U00621,CR00005,2025-12-15,0.0,PayPal,TC00003,2025,12,December,4,15,0,Monday
TT05353,U00623,CR00044,2025-04-07,119.04,Credit Card,TC00023,2025,4,April,2,7,0,Monday
TT05354,U00623,CR00059,2025-08-28,0.0,Bank Transfer,TC00038,2025,8,August,3,28,3,Thursday
TT05355,U00626,CR00057,2025-05-16,177.34,Credit Card,TC00038,2025,5,May,2,16,4,Friday
TT05356,U00628,CR00001,2025-09-19,472.28,PayPal,TC00016,2025,9,September,3,19,4,Friday
TT05357,U00628,CR00054,2025-11-19,0.0,Bank Transfer,TC00045,2025,11,November,4,19,2,Wednesday
TT05358,U00631,CR00033,2025-01-04,0.0,Bank Transfer,TC00031,2025,1,January,1,4,5,Saturday
TT05359,U00631,CR00010,2025-01-23,0.0,Bank Transfer,TC00051,2025,1,January,1,23,3,Thursday
TT05360,U00637,CR00001,2025-01-22,472.28,Credit Card,TC00009,2025,1,January,1,22,2,Wednesday
TT05361,U00637,CR00055,2025-12-18,57.32,Bank Transfer,TC00045,2025,12,December,4,18,3,Thursday
TT05362,U00640,CR00050,2025-03-02,490.9,Bank Transfer,TC00027,2025,3,March,1,2,6,Sunday
TT05363,U00652,CR00054,2025-04-01,0.0,PayPal,TC00026,2025,4,April,2,1,1,Tuesday
TT05364,U00652,CR00034,2025-01-24,394.26,Credit Card,TC00031,2025,1,January,1,24,4,Friday
TT05365,U00660,CR00047,2025-05-10,89.59,Bank Transfer,TC00027,2025,5,May,2,10,5,Saturday
TT05366,U00660,CR00012,2025-06-19,487.92,PayPal,TC00028,2025,6,June,2,19,3,Thursday
TT05367,U00662,CR00015,2025-12-04,285.05,PayPal,TC00028,2025,12,December,4,4,3,Thursday
TT05368,U00671,CR00014,2025-04-01,0.0,Bank Transfer,TC00028,2025,4,April,2,1,1,Tuesday
TT05369,U00672,CR00020,2025-10-09,0.0,Bank Transfer,TC00047,2025,10,October,4,9,3,Thursday
TT05370,U00676,CR00017,2025-09-02,0.0,PayPal,TC00017,2025,9,September,3,2,1,Tuesday
TT05371,U00676,CR00008,2025-09-20,0.0,Bank Transfer,TC00003,2025,9,September,3,20,5,Saturday
TT05372,U00689,CR00007,2025-02-05,0.0,Credit Card,TC00047,2025,2,February,1,5,2,Wednesday
TT05373,U00689,CR00026,2025-02-28,0.0,Bank Transfer,TC00025,2025,2,February,1,28,4,Friday
TT05374,U00696,CR00037,2025-05-25,0.0,Bank Transfer,TC00014,2025,5,May,2,25,6,Sunday
TT05375,U00698,CR00017,2025-07-20,0.0,PayPal,TC00034,2025,7,July,3,20,6,Sunday
TT05376,U00698,CR00051,2025-06-02,37.89,PayPal,TC00045,2025,6,June,2,2,0,Monday
TT05377,U00736,CR00026,2025-07-22,0.0,Bank Transfer,TC00025,2025,7,July,3,22,1,Tuesday
TT05378,U00737,CR00024,2025-05-15,117.68,PayPal,TC00010,2025,5,May,2,15,3,Thursday
TT05379,U00737,CR00047,2025-01-29,89.59,Credit Card,TC00027,2025,1,January,1,29,2,Wednesday
TT05380,U00747,CR00052,2025-10-24,0.0,PayPal,TC00034,2025,10,October,4,24,4,Friday
TT05381,U00748,CR00013,2025-01-15,0.0,Credit Card,TC00028,2025,1,January,1,15,2,Wednesday
TT05382,U00748,CR00053,2025-11-01,0.0,Bank Transfer,TC00034,2025,11,November,4,1,5,Saturday
TT05383,U00753,CR00020,2025-09-06,0.0,PayPal,TC00026,2025,9,September,3,6,5,Saturday
TT05384,U00753,CR00004,2025-02-25,0.0,PayPal,TC00026,2025,2,February,1,25,1,Tuesday
TT05385,U00764,CR00019,2025-04-24,0.0,Credit Card,TC00043,2025,4,April,2,24,3,Thursday
TT05386,U00764,CR00018,2025-04-03,0.0,Credit Card,TC00034,2025,4,April,2,3,3,Thursday
TT05387,U00771,CR00015,2025-01-19,285.05,Bank Transfer,TC00028,2025,1,January,1,19,6,Sunday
TT05388,U00801,CR00049,2025-01-02,415.51,Bank Transfer,TC00027,2025,1,January,1,2,3,Thursday
TT05389,U00801,CR00026,2025-09-19,0.0,PayPal,TC00031,2025,9,September,3,19,4,Friday
TT05390,U00831,CR00009,2025-07-21,0.0,Bank Transfer,TC00003,2025,7,July,3,21,0,Monday
TT05391,U00831,CR00027,2025-08-01,0.0,PayPal,TC00043,2025,8,August,3,1,4,Friday
TT05392,U00843,CR00006,2025-01-15,276.37,Bank Transfer,TC00003,2025,1,January,1,15,2,Wednesday
TT05393,U00845,CR00041,2025-08-18,53.86,Bank Transfer,TC00044,2025,8,August,3,18,0,Monday
TT05394,U00853,CR00020,2025-06-01,0.0,Credit Card,TC00003,2025,6,June,2,1,6,Sunday
TT05395,U00853,CR00030,2025-03-01,0.0,Bank Transfer,TC00025,2025,3,March,1,1,5,Saturday
TT05396,U00867,CR00007,2025-11-24,0.0,PayPal,TC00047,2025,11,November,4,24,0,Monday
TT05397,U00875,CR00055,2025-09-07,57.32,PayPal,TC00026,2025,9,September,3,7,6,Sunday
TT05398,U00920,CR00042,2025-05-20,0.0,PayPal,TC00044,2025,5,May,2,20,1,Tuesday
TT05399,U00921,CR00012,2025-07-12,487.92,PayPal,TC00028,2025,7,July,3,12,5,Saturday
TT05400,U00922,CR00008,2025-02-12,0.0,Bank Transfer,TC00051,2025,2,February,1,12,2,Wednesday
TT05401,U00922,CR00005,2025-03-11,0.0,Credit Card,TC00025,2025,3,March,1,11,1,Tuesday
TT05402,U00925,CR00059,2025-11-28,0.0,PayPal,TC00038,2025,11,November,4,28,4,Friday
TT05403,U00925,CR00050,2025-03-06,490.9,Bank Transfer,TC00027,2025,3,March,1,6,3,Thursday
TT05404,U00941,CR00031,2025-05-19,0.0,PayPal,TC00031,2025,5,May,2,19,0,Monday
TT05405,U00941,CR00015,2025-07-30,285.05,Credit Card,TC00028,2025,7,July,3,30,2,Wednesday
TT05406,U00950,CR00059,2025-11-16,0.0,PayPal,TC00036,2025,11,November,4,16,6,Sunday
TT05407,U00952,CR00003,2025-05-04,0.0,Bank Transfer,TC00038,2025,5,May,2,4,6,Sunday
TT05408,U00952,CR00014,2025-04-07,0.0,Bank Transfer,TC00028,2025,4,April,2,7,0,Monday
TT05409,U00963,CR00018,2025-05-23,0.0,PayPal,TC00038,2025,5,May,2,23,4,Friday
TT05410,U00963,CR00033,2025-08-13,0.0,Bank Transfer,TC00031,2025,8,August,3,13,2,Wednesday
TT05411,U00977,CR00019,2025-09-14,0.0,PayPal,TC00036,2025,9,September,3,14,6,Sunday
TT05412,U00988,CR00032,2025-07-11,0.0,Credit Card,TC00031,2025,7,July,3,11,4,Friday
TT05413,U00994,CR00026,2025-03-14,0.0,PayPal,TC00038,2025,3,March,1,14,4,Friday
TT05414,U00995,CR00032,2025-12-27,0.0,PayPal,TC00031,2025,12,December,4,27,5,Saturday
TT05415,U00995,CR00052,2025-08-24,0.0,PayPal,TC00034,2025,8,August,3,24,6,Sunday
TT05416,U01003,CR00013,2025-09-17,0.0,Bank Transfer,TC00028,2025,9,September,3,17,2,Wednesday
TT05417,U01030,CR00016,2025-08-24,0.0,Bank Transfer,TC00038,2025,8,August,3,24,6,Sunday
TT05418,U01036,CR00045,2025-03-19,0.0,PayPal,TC00044,2025,3,March,1,19,2,Wednesday
TT05419,U01049,CR00022,2025-08-10,0.0,Credit Card,TC00010,2025,8,August,3,10,6,Sunday
TT05420,U01049,CR00023,2025-04-13,0.0,PayPal,TC00010,2025,4,April,2,13,6,Sunday
TT05421,U01059,CR00016,2025-11-27,0.0,Bank Transfer,TC00010,2025,11,November,4,27,3,Thursday
TT05422,U01061,CR00036,2025-03-05,0.0,PayPal,TC00014,2025,3,March,1,5,2,Wednesday
TT05423,U01061,CR00038,2025-06-15,342.61,Credit Card,TC00009,2025,6,June,2,15,6,Sunday
TT05424,U01089,CR00060,2025-05-06,0.0,Credit Card,TC00036,2025,5,May,2,6,1,Tuesday
TT05425,U01109,CR00013,2025-12-15,0.0,PayPal,TC00028,2025,12,December,4,15,0,Monday
TT05426,U01120,CR00024,2025-09-24,117.68,PayPal,TC00016,2025,9,September,3,24,2,Wednesday
TT05427,U01135,CR00007,2025-07-18,0.0,Bank Transfer,TC00047,2025,7,July,3,18,4,Friday
TT05428,U01144,CR00039,2025-03-02,346.71,PayPal,TC00009,2025,3,March,1,2,6,Sunday
TT05429,U01144,CR00021,2025-01-01,0.0,PayPal,TC00016,2025,1,January,1,1,2,Wednesday
TT05430,U01156,CR00036,2025-05-18,0.0,Bank Transfer,TC00043,2025,5,May,2,18,6,Sunday
TT05431,U01156,CR00013,2025-05-25,0.0,PayPal,TC00028,2025,5,May,2,25,6,Sunday
TT05432,U01162,CR00027,2025-02-18,0.0,PayPal,TC00022,2025,2,February,1,18,1,Tuesday
TT05433,U01178,CR00022,2025-08-18,0.0,PayPal,TC00016,2025,8,August,3,18,0,Monday
TT05434,U01178,CR00031,2025-11-15,0.0,Bank Transfer,TC00031,2025,11,November,4,15,5,Saturday
TT05435,U01179,CR00039,2025-11-13,346.71,Bank Transfer,TC00009,2025,11,November,4,13,3,Thursday
TT05436,U01179,CR00046,2025-03-29,248.1,PayPal,TC00027,2025,3,March,1,29,5,Saturday
TT05437,U01194,CR00052,2025-01-22,0.0,Bank Transfer,TC00045,2025,1,January,1,22,2,Wednesday
TT05438,U01196,CR00006,2025-12-17,276.37,Bank Transfer,TC00047,2025,12,December,4,17,2,Wednesday
TT05439,U01196,CR00028,2025-12-08,0.78,Credit Card,TC00047,2025,12,December,4,8,0,Monday
TT05440,U01205,CR00056,2025-01-10,212.39,Bank Transfer,TC00038,2025,1,January,1,10,4,Friday
TT05441,U01205,CR00024,2025-01-08,117.68,Credit Card,TC00016,2025,1,January,1,8,2,Wednesday
TT05442,U01210,CR00010,2025-04-05,0.0,Bank Transfer,TC00003,2025,4,April,2,5,5,Saturday
TT05443,U01226,CR00005,2025-04-28,0.0,Bank Transfer,TC00003,2025,4,April,2,28,0,Monday
TT05444,U01226,CR00006,2025-08-14,276.37,PayPal,TC00051,2025,8,August,3,14,3,Thursday
TT05445,U01232,CR00022,2025-06-04,0.0,PayPal,TC00016,2025,6,June,2,4,2,Wednesday
TT05446,U01248,CR00028,2025-10-21,0.78,Credit Card,TC00031,2025,10,October,4,21,1,Tuesday
TT05447,U01248,CR00007,2025-07-29,0.0,Bank Transfer,TC00003,2025,7,July,3,29,1,Tuesday
TT05448,U01252,CR00049,2025-09-06,415.51,Credit Card,TC00027,2025,9,September,3,6,5,Saturday
TT05449,U01270,CR00014,2025-10-07,0.0,Bank Transfer,TC00028,2025,10,October,4,7,1,Tuesday
TT05450,U01270,CR00009,2025-08-01,0.0,Bank Transfer,TC00003,2025,8,August,3,1,4,Friday
TT05451,U01297,CR00027,2025-07-21,0.0,Bank Transfer,TC00027,2025,7,July,3,21,0,Monday
TT05452,U01300,CR00014,2025-06-02,0.0,Bank Transfer,TC00028,2025,6,June,2,2,0,Monday
TT05453,U01359,CR00009,2025-11-11,0.0,Credit Card,TC00047,2025,11,November,4,11,1,Tuesday
TT05454,U01359,CR00031,2025-11-04,0.0,Bank Transfer,TC00031,2025,11,November,4,4,1,Tuesday
TT05455,U01363,CR00021,2025-07-17,0.0,PayPal,TC00016,2025,7,July,3,17,3,Thursday
TT05456,U01363,CR00019,2025-06-08,0.0,Credit Card,TC00023,2025,6,June,2,8,6,Sunday
TT05457,U01368,CR00052,2025-08-08,0.0,PayPal,TC00025,2025,8,August,3,8,4,Friday
TT05458,U01378,CR00009,2025-03-02,0.0,Bank Transfer,TC00003,2025,3,March,1,2,6,Sunday
TT05459,U01378,CR00001,2025-01-06,472.28,PayPal,TC00017,2025,1,January,1,6,0,Monday
TT05460,U01379,CR00029,2025-10-15,0.0,PayPal,TC00043,2025,10,October,4,15,2,Wednesday
TT05461,U01379,CR00025,2025-11-13,299.57,PayPal,TC00010,2025,11,November,4,13,3,Thursday
TT05462,U01421,CR00043,2025-02-18,0.0,Credit Card,TC00023,2025,2,February,1,18,1,Tuesday
TT05463,U01422,CR00042,2025-06-11,0.0,PayPal,TC00023,2025,6,June,2,11,2,Wednesday
TT05464,U01422,CR00050,2025-05-18,490.9,Bank Transfer,TC00027,2025,5,May,2,18,6,Sunday
TT05465,U01424,CR00049,2025-07-17,415.51,Bank Transfer,TC00027,2025,7,July,3,17,3,Thursday
TT05466,U01433,CR00047,2025-12-04,89.59,PayPal,TC00027,2025,12,December,4,4,3,Thursday
TT05467,U01433,CR00048,2025-12-05,0.0,Bank Transfer,TC00027,2025,12,December,4,5,4,Friday
TT05468,U01443,CR00048,2025-04-18,0.0,Credit Card,TC00027,2025,4,April,2,18,4,Friday
TT05469,U01443,CR00007,2025-05-17,0.0,Credit Card,TC00003,2025,5,May,2,17,5,Saturday
TT05470,U01452,CR00051,2025-11-28,37.89,Credit Card,TC00045,2025,11,November,4,28,4,Friday
TT05471,U01452,CR00024,2025-06-18,117.68,Bank Transfer,TC00010,2025,6,June,2,18,2,Wednesday
TT05472,U01469,CR00017,2025-10-30,0.0,PayPal,TC00044,2025,10,October,4,30,3,Thursday
TT05473,U01469,CR00032,2025-01-05,0.0,PayPal,TC00031,2025,1,January,1,5,6,Sunday
TT05474,U01474,CR00052,2025-03-25,0.0,Credit Card,TC00045,2025,3,March,1,25,1,Tuesday
TT05475,U01474,CR00053,2025-05-07,0.0,Bank Transfer,TC00026,2025,5,May,2,7,2,Wednesday
TT05476,U01476,CR00011,2025-04-03,326.02,Credit Card,TC00028,2025,4,April,2,3,3,Thursday
TT05477,U01515,CR00008,2025-10-06,0.0,Bank Transfer,TC00003,2025,10,October,4,6,0,Monday
TT05478,U01523,CR00030,2025-04-04,0.0,PayPal,TC00034,2025,4,April,2,4,4,Friday
TT05479,U01532,CR00023,2025-01-26,0.0,Bank Transfer,TC00010,2025,1,January,1,26,6,Sunday
TT05480,U01538,CR00049,2025-12-10,415.51,Credit Card,TC00027,2025,12,December,4,10,2,Wednesday
TT05481,U01547,CR00008,2025-03-09,0.0,Credit Card,TC00047,2025,3,March,1,9,6,Sunday
TT05482,U01547,CR00027,2025-11-22,0.0,Credit Card,TC00027,2025,11,November,4,22,5,Saturday
TT05483,U01548,CR00004,2025-08-13,0.0,Credit Card,TC00045,2025,8,August,3,13,2,Wednesday
TT05484,U01576,CR00033,2025-09-21,0.0,PayPal,TC00031,2025,9,September,3,21,6,Sunday
TT05485,U01576,CR00005,2025-05-19,0.0,Bank Transfer,TC00003,2025,5,May,2,19,0,Monday
TT05486,U01581,CR00051,2025-06-09,37.89,Bank Transfer,TC00045,2025,6,June,2,9,0,Monday
TT05487,U01581,CR00057,2025-03-11,177.34,Credit Card,TC00038,2025,3,March,1,11,1,Tuesday
TT05488,U01583,CR00037,2025-07-18,0.0,PayPal,TC00009,2025,7,July,3,18,4,Friday
TT05489,U01597,CR00025,2025-01-02,299.57,Bank Transfer,TC00016,2025,1,January,1,2,3,Thursday
TT05490,U01599,CR00019,2025-08-15,0.0,Bank Transfer,TC00031,2025,8,August,3,15,4,Friday
TT05491,U01603,CR00047,2025-03-15,89.59,PayPal,TC00027,2025,3,March,1,15,5,Saturday
TT05492,U01603,CR00045,2025-09-19,0.0,PayPal,TC00044,2025,9,September,3,19,4,Friday
TT05493,U01609,CR00052,2025-08-26,0.0,Bank Transfer,TC00025,2025,8,August,3,26,1,Tuesday
TT05494,U01622,CR00028,2025-03-01,0.78,Credit Card,TC00044,2025,3,March,1,1,5,Saturday
TT05495,U01634,CR00023,2025-12-02,0.0,PayPal,TC00010,2025,12,December,4,2,1,Tuesday
TT05496,U01636,CR00010,2025-05-09,0.0,PayPal,TC00047,2025,5,May,2,9,4,Friday
TT05497,U01638,CR00052,2025-08-26,0.0,Credit Card,TC00045,2025,8,August,3,26,1,Tuesday
TT05498,U01640,CR00016,2025-07-29,0.0,Bank Transfer,TC00036,2025,7,July,3,29,1,Tuesday
TT05499,U01646,CR00002,2025-05-09,0.0,Credit Card,TC00025,2025,5,May,2,9,4,Friday
TT05500,U01652,CR00033,2025-10-09,0.0,PayPal,TC00031,2025,10,October,4,9,3,Thursday
TT05501,U01652,CR00040,2025-02-16,327.99,PayPal,TC00014,2025,2,February,1,16,6,Sunday
TT05502,U01688,CR00054,2025-03-26,0.0,Credit Card,TC00025,2025,3,March,1,26,2,Wednesday
TT05503,U01688,CR00019,2025-01-15,0.0,Bank Transfer,TC00016,2025,1,January,1,15,2,Wednesday
TT05504,U01697,CR00060,2025-03-30,0.0,Bank Transfer,TC00017,2025,3,March,1,30,6,Sunday
TT05505,U01738,CR00010,2025-09-08,0.0,PayPal,TC00051,2025,9,September,3,8,0,Monday
TT05506,U01742,CR00042,2025-07-05,0.0,Bank Transfer,TC00023,2025,7,July,3,5,5,Saturday
TT05507,U01742,CR00043,2025-12-06,0.0,PayPal,TC00023,2025,12,December,4,6,5,Saturday
TT05508,U01764,CR00058,2025-08-02,0.0,Bank Transfer,TC00017,2025,8,August,3,2,5,Saturday
TT05509,U01764,CR00015,2025-10-20,285.05,Bank Transfer,TC00028,2025,10,October,4,20,0,Monday
TT05510,U01776,CR00014,2025-11-09,0.0,Bank Transfer,TC00028,2025,11,November,4,9,6,Sunday
TT05511,U01776,CR00060,2025-05-03,0.0,PayPal,TC00038,2025,5,May,2,3,5,Saturday
TT05512,U01785,CR00026,2025-06-10,0.0,Bank Transfer,TC00031,2025,6,June,2,10,1,Tuesday
TT05513,U01787,CR00057,2025-09-19,177.34,Credit Card,TC00036,2025,9,September,3,19,4,Friday
TT05514,U01787,CR00047,2025-02-18,89.59,Bank Transfer,TC00027,2025,2,February,1,18,1,Tuesday
TT05515,U01792,CR00041,2025-08-08,53.86,Bank Transfer,TC00044,2025,8,August,3,8,4,Friday
TT05516,U01804,CR00058,2025-04-24,0.0,Bank Transfer,TC00038,2025,4,April,2,24,3,Thursday
TT05517,U01804,CR00019,2025-03-10,0.0,Bank Transfer,TC00009,2025,3,March,1,10,0,Monday
TT05518,U01807,CR00019,2025-09-04,0.0,PayPal,TC00044,2025,9,September,3,4,3,Thursday
TT05519,U01807,CR00050,2025-01-25,490.9,Credit Card,TC00027,2025,1,January,1,25,5,Saturday
TT05520,U01816,CR00022,2025-03-30,0.0,Bank Transfer,TC00016,2025,3,March,1,30,6,Sunday
TT05521,U01816,CR00060,2025-10-28,0.0,Credit Card,TC00036,2025,10,October,4,28,1,Tuesday
TT05522,U01831,CR00001,2025-09-28,472.28,Bank Transfer,TC00022,2025,9,September,3,28,6,Sunday
TT05523,U01835,CR00017,2025-12-07,0.0,PayPal,TC00014,2025,12,December,4,7,6,Sunday
TT05524,U01835,CR00016,2025-12-01,0.0,Credit Card,TC00023,2025,12,December,4,1,0,Monday
TT05525,U01843,CR00053,2025-04-06,0.0,PayPal,TC00026,2025,4,April,2,6,6,Sunday
TT05526,U01846,CR00024,2025-03-20,117.68,PayPal,TC00010,2025,3,March,1,20,3,Thursday
TT05527,U01846,CR00035,2025-01-02,0.0,Credit Card,TC00031,2025,1,January,1,2,3,Thursday
TT05528,U01856,CR00023,2025-02-26,0.0,Bank Transfer,TC00010,2025,2,February,1,26,2,Wednesday
TT05529,U01868,CR00031,2025-12-23,0.0,Credit Card,TC00031,2025,12,December,4,23,1,Tuesday
TT05530,U01868,CR00043,2025-03-16,0.0,Bank Transfer,TC00023,2025,3,March,1,16,6,Sunday
TT05531,U01892,CR00052,2025-04-30,0.0,PayPal,TC00034,2025,4,April,2,30,2,Wednesday
TT05532,U01895,CR00023,2025-07-10,0.0,PayPal,TC00016,2025,7,July,3,10,3,Thursday
TT05533,U01907,CR00060,2025-12-23,0.0,Bank Transfer,TC00022,2025,12,December,4,23,1,Tuesday
TT05534,U01907,CR00047,2025-05-30,89.59,Credit Card,TC00027,2025,5,May,2,30,4,Friday
TT05535,U01922,CR00031,2025-02-06,0.0,Bank Transfer,TC00031,2025,2,February,1,6,3,Thursday
TT05536,U01922,CR00036,2025-02-20,0.0,PayPal,TC00043,2025,2,February,1,20,3,Thursday
TT05537,U01924,CR00054,2025-12-11,0.0,Credit Card,TC00034,2025,12,December,4,11,3,Thursday
TT05538,U01924,CR00047,2025-04-07,89.59,Credit Card,TC00027,2025,4,April,2,7,0,Monday
TT05539,U01927,CR00023,2025-12-27,0.0,Bank Transfer,TC00010,2025,12,December,4,27,5,Saturday
TT05540,U01935,CR00002,2025-04-25,0.0,Bank Transfer,TC00047,2025,4,April,2,25,4,Friday
TT05541,U01938,CR00050,2025-09-15,490.9,PayPal,TC00027,2025,9,September,3,15,0,Monday
TT05542,U01938,CR00043,2025-10-24,0.0,Bank Transfer,TC00044,2025,10,October,4,24,4,Friday
TT05543,U01944,CR00042,2025-09-11,0.0,PayPal,TC00023,2025,9,September,3,11,3,Thursday
TT05544,U01944,CR00022,2025-07-09,0.0,Credit Card,TC00016,2025,7,July,3,9,2,Wednesday
TT05545,U01999,CR00049,2025-03-20,415.51,Bank Transfer,TC00027,2025,3,March,1,20,3,Thursday
TT05546,U01999,CR00050,2025-07-10,490.9,PayPal,TC00027,2025,7,July,3,10,3,Thursday
TT05547,U02016,CR00048,2025-12-20,0.0,Bank Transfer,TC00027,2025,12,December,4,20,5,Saturday
TT05548,U02024,CR00013,2025-08-04,0.0,PayPal,TC00028,2025,8,August,3,4,0,Monday
TT05549,U02024,CR00058,2025-11-18,0.0,Bank Transfer,TC00038,2025,11,November,4,18,1,Tuesday
TT05550,U02026,CR00029,2025-04-15,0.0,Bank Transfer,TC00027,2025,4,April,2,15,1,Tuesday
TT05551,U02028,CR00053,2025-08-17,0.0,Credit Card,TC00045,2025,8,August,3,17,6,Sunday
TT05552,U02028,CR00007,2025-01-19,0.0,Credit Card,TC00003,2025,1,January,1,19,6,Sunday
TT05553,U02075,CR00042,2025-12-26,0.0,PayPal,TC00044,2025,12,December,4,26,4,Friday
TT05554,U02080,CR00038,2025-06-06,342.61,PayPal,TC00014,2025,6,June,2,6,4,Friday
TT05555,U02080,CR00050,2025-12-29,490.9,Bank Transfer,TC00027,2025,12,December,4,29,0,Monday
TT05556,U02081,CR00044,2025-03-07,119.04,Credit Card,TC00044,2025,3,March,1,7,4,Friday
TT05557,U02081,CR00008,2025-06-05,0.0,Bank Transfer,TC00003,2025,6,June,2,5,3,Thursday
TT05558,U02083,CR00052,2025-06-07,0.0,Credit Card,TC00026,2025,6,June,2,7,5,Saturday
TT05559,U02083,CR00012,2025-04-29,487.92,Bank Transfer,TC00028,2025,4,April,2,29,1,Tuesday
TT05560,U02089,CR00048,2025-02-02,0.0,Bank Transfer,TC00027,2025,2,February,1,2,6,Sunday
TT05561,U02099,CR00034,2025-03-27,394.26,PayPal,TC00031,2025,3,March,1,27,3,Thursday
TT05562,U02107,CR00048,2025-12-04,0.0,Credit Card,TC00027,2025,12,December,4,4,3,Thursday
TT05563,U02107,CR00045,2025-11-16,0.0,Bank Transfer,TC00044,2025,11,November,4,16,6,Sunday
TT05564,U02112,CR00036,2025-07-03,0.0,PayPal,TC00043,2025,7,July,3,3,3,Thursday
TT05565,U02112,CR00022,2025-06-23,0.0,Credit Card,TC00016,2025,6,June,2,23,0,Monday
TT05566,U02123,CR00042,2025-09-18,0.0,Credit Card,TC00023,2025,9,September,3,18,3,Thursday
TT05567,U02123,CR00049,2025-11-05,415.51,Bank Transfer,TC00027,2025,11,November,4,5,2,Wednesday
TT05568,U02160,CR00018,2025-09-23,0.0,Bank Transfer,TC00003,2025,9,September,3,23,1,Tuesday
TT05569,U02169,CR00031,2025-09-04,0.0,PayPal,TC00031,2025,9,September,3,4,3,Thursday
TT05570,U02179,CR00019,2025-03-20,0.0,PayPal,TC00023,2025,3,March,1,20,3,Thursday
TT05571,U02179,CR00002,2025-04-25,0.0,Bank Transfer,TC00047,2025,4,April,2,25,4,Friday
TT05572,U02184,CR00057,2025-05-24,177.34,PayPal,TC00022,2025,5,May,2,24,5,Saturday
TT05573,U02184,CR00022,2025-01-25,0.0,Credit Card,TC00016,2025,1,January,1,25,5,Saturday
TT05574,U02189,CR00035,2025-07-24,0.0,Credit Card,TC00031,2025,7,July,3,24,3,Thursday
TT05575,U02192,CR00026,2025-06-23,0.0,PayPal,TC00022,2025,6,June,2,23,0,Monday
TT05576,U02192,CR00018,2025-06-25,0.0,Bank Transfer,TC00025,2025,6,June,2,25,2,Wednesday
TT05577,U02236,CR00030,2025-10-17,0.0,Bank Transfer,TC00043,2025,10,October,4,17,4,Friday
TT05578,U02249,CR00024,2025-06-24,117.68,Credit Card,TC00010,2025,6,June,2,24,1,Tuesday
TT05579,U02249,CR00007,2025-06-19,0.0,Bank Transfer,TC00003,2025,6,June,2,19,3,Thursday
TT05580,U02264,CR00005,2025-06-04,0.0,Bank Transfer,TC00010,2025,6,June,2,4,2,Wednesday
TT05581,U02264,CR00049,2025-04-28,415.51,PayPal,TC00027,2025,4,April,2,28,0,Monday
TT05582,U02269,CR00059,2025-12-09,0.0,PayPal,TC00036,2025,12,December,4,9,1,Tuesday
TT05583,U02274,CR00057,2025-03-02,177.34,PayPal,TC00022,2025,3,March,1,2,6,Sunday
TT05584,U02274,CR00010,2025-11-06,0.0,Bank Transfer,TC00051,2025,11,November,4,6,3,Thursday
TT05585,U02275,CR00059,2025-11-05,0.0,Credit Card,TC00036,2025,11,November,4,5,2,Wednesday
TT05586,U02275,CR00017,2025-08-06,0.0,Credit Card,TC00016,2025,8,August,3,6,2,Wednesday
TT05587,U02279,CR00052,2025-09-15,0.0,PayPal,TC00025,2025,9,September,3,15,0,Monday
TT05588,U02285,CR00004,2025-01-15,0.0,Bank Transfer,TC00036,2025,1,January,1,15,2,Wednesday
TT05589,U02285,CR00057,2025-08-07,177.34,Bank Transfer,TC00017,2025,8,August,3,7,3,Thursday
TT05590,U02307,CR00046,2025-09-28,248.1,Credit Card,TC00027,2025,9,September,3,28,6,Sunday
TT05591,U02308,CR00019,2025-11-26,0.0,PayPal,TC00043,2025,11,November,4,26,2,Wednesday
TT05592,U02340,CR00026,2025-06-23,0.0,PayPal,TC00016,2025,6,June,2,23,0,Monday
TT05593,U02340,CR00051,2025-05-06,37.89,Bank Transfer,TC00034,2025,5,May,2,6,1,Tuesday
TT05594,U02377,CR00058,2025-12-15,0.0,Bank Transfer,TC00036,2025,12,December,4,15,0,Monday
TT05595,U02377,CR00014,2025-08-16,0.0,Credit Card,TC00028,2025,8,August,3,16,5,Saturday
TT05596,U02387,CR00008,2025-05-05,0.0,PayPal,TC00051,2025,5,May,2,5,0,Monday
TT05597,U02389,CR00014,2025-08-14,0.0,Credit Card,TC00028,2025,8,August,3,14,3,Thursday
TT05598,U02389,CR00057,2025-07-25,177.34,Bank Transfer,TC00022,2025,7,July,3,25,4,Friday
TT05599,U02392,CR00037,2025-01-19,0.0,PayPal,TC00043,2025,1,January,1,19,6,Sunday
TT05600,U02392,CR00056,2025-07-25,212.39,PayPal,TC00036,2025,7,July,3,25,4,Friday
TT05601,U02404,CR00036,2025-06-09,0.0,PayPal,TC00009,2025,6,June,2,9,0,Monday
TT05602,U02404,CR00041,2025-06-22,53.86,Credit Card,TC00023,2025,6,June,2,22,6,Sunday
TT05603,U02412,CR00019,2025-09-26,0.0,Bank Transfer,TC00026,2025,9,September,3,26,4,Friday
TT05604,U02413,CR00017,2025-08-23,0.0,Bank Transfer,TC00044,2025,8,August,3,23,5,Saturday
TT05605,U02413,CR00042,2025-03-08,0.0,Bank Transfer,TC00023,2025,3,March,1,8,5,Saturday
TT05606,U02418,CR00030,2025-05-27,0.0,Credit Card,TC00034,2025,5,May,2,27,1,Tuesday
TT05607,U02423,CR00024,2025-07-13,117.68,Credit Card,TC00016,2025,7,July,3,13,6,Sunday
TT05608,U02423,CR00040,2025-10-10,327.99,Bank Transfer,TC00014,2025,10,October,4,10,4,Friday
TT05609,U02433,CR00024,2025-04-17,117.68,PayPal,TC00016,2025,4,April,2,17,3,Thursday
TT05610,U02443,CR00055,2025-11-03,57.32,Bank Transfer,TC00045,2025,11,November,4,3,0,Monday
TT05611,U02443,CR00051,2025-05-14,37.89,Bank Transfer,TC00034,2025,5,May,2,14,2,Wednesday
TT05612,U02461,CR00014,2025-04-26,0.0,Bank Transfer,TC00028,2025,4,April,2,26,5,Saturday
TT05613,U02461,CR00032,2025-06-23,0.0,Bank Transfer,TC00031,2025,6,June,2,23,0,Monday
TT05614,U02492,CR00033,2025-05-16,0.0,PayPal,TC00031,2025,5,May,2,16,4,Friday
TT05615,U02495,CR00058,2025-01-27,0.0,Bank Transfer,TC00038,2025,1,January,1,27,0,Monday
TT05616,U02495,CR00047,2025-06-26,89.59,PayPal,TC00027,2025,6,June,2,26,3,Thursday
TT05617,U02517,CR00024,2025-04-07,117.68,Credit Card,TC00016,2025,4,April,2,7,0,Monday
TT05618,U02517,CR00039,2025-06-25,346.71,Bank Transfer,TC00014,2025,6,June,2,25,2,Wednesday
TT05619,U02519,CR00047,2025-09-21,89.59,Credit Card,TC00027,2025,9,September,3,21,6,Sunday
TT05620,U02519,CR00022,2025-09-20,0.0,PayPal,TC00010,2025,9,September,3,20,5,Saturday
TT05621,U02522,CR00024,2025-12-04,117.68,Credit Card,TC00010,2025,12,December,4,4,3,Thursday
TT05622,U02523,CR00045,2025-10-18,0.0,Bank Transfer,TC00023,2025,10,October,4,18,5,Saturday
TT05623,U02532,CR00023,2025-02-13,0.0,PayPal,TC00016,2025,2,February,1,13,3,Thursday
TT05624,U02536,CR00053,2025-10-06,0.0,Bank Transfer,TC00026,2025,10,October,4,6,0,Monday
TT05625,U02536,CR00052,2025-09-23,0.0,Bank Transfer,TC00026,2025,9,September,3,23,1,Tuesday
TT05626,U02570,CR00001,2025-11-23,472.28,PayPal,TC00028,2025,11,November,4,23,6,Sunday
TT05627,U02575,CR00029,2025-05-12,0.0,Credit Card,TC00028,2025,5,May,2,12,0,Monday
TT05628,U02575,CR00015,2025-11-20,285.05,Credit Card,TC00028,2025,11,November,4,20,3,Thursday
TT05629,U02585,CR00044,2025-06-19,119.04,Bank Transfer,TC00044,2025,6,June,2,19,3,Thursday
TT05630,U02585,CR00039,2025-06-08,346.71,PayPal,TC00009,2025,6,June,2,8,6,Sunday
TT05631,U02587,CR00003,2025-12-16,0.0,Credit Card,TC00022,2025,12,December,4,16,1,Tuesday
TT05632,U02587,CR00015,2025-06-01,285.05,Credit Card,TC00028,2025,6,June,2,1,6,Sunday
TT05633,U02592,CR00001,2025-10-28,472.28,Credit Card,TC00026,2025,10,October,4,28,1,Tuesday
TT05634,U02592,CR00035,2025-09-29,0.0,Credit Card,TC00031,2025,9,September,3,29,0,Monday
TT05635,U02597,CR00056,2025-03-19,212.39,Bank Transfer,TC00038,2025,3,March,1,19,2,Wednesday
TT05636,U02597,CR00055,2025-12-02,57.32,Bank Transfer,TC00026,2025,12,December,4,2,1,Tuesday
TT05637,U02619,CR00056,2025-04-26,212.39,Credit Card,TC00038,2025,4,April,2,26,5,Saturday
TT05638,U02648,CR00022,2025-09-24,0.0,Credit Card,TC00010,2025,9,September,3,24,2,Wednesday
TT05639,U02650,CR00046,2025-02-11,248.1,Credit Card,TC00027,2025,2,February,1,11,1,Tuesday
TT05640,U02650,CR00036,2025-04-30,0.0,Credit Card,TC00014,2025,4,April,2,30,2,Wednesday
TT05641,U02660,CR00007,2025-09-05,0.0,PayPal,TC00003,2025,9,September,3,5,4,Friday
TT05642,U02680,CR00037,2025-12-06,0.0,Bank Transfer,TC00043,2025,12,December,4,6,5,Saturday
TT05643,U02694,CR00040,2025-06-15,327.99,PayPal,TC00043,2025,6,June,2,15,6,Sunday
TT05644,U02694,CR00025,2025-04-05,299.57,Credit Card,TC00016,2025,4,April,2,5,5,Saturday
TT05645,U02702,CR00029,2025-09-30,0.0,Bank Transfer,TC00009,2025,9,September,3,30,1,Tuesday
TT05646,U02702,CR00060,2025-08-06,0.0,Credit Card,TC00022,2025,8,August,3,6,2,Wednesday
TT05647,U02704,CR00031,2025-07-25,0.0,Credit Card,TC00031,2025,7,July,3,25,4,Friday
TT05648,U02705,CR00034,2025-01-12,394.26,Credit Card,TC00031,2025,1,January,1,12,6,Sunday
TT05649,U02705,CR00007,2025-06-03,0.0,Bank Transfer,TC00047,2025,6,June,2,3,1,Tuesday
TT05650,U02710,CR00011,2025-08-11,326.02,Credit Card,TC00028,2025,8,August,3,11,0,Monday
TT05651,U02711,CR00035,2025-03-12,0.0,PayPal,TC00031,2025,3,March,1,12,2,Wednesday
TT05652,U02711,CR00020,2025-01-08,0.0,PayPal,TC00045,2025,1,January,1,8,2,Wednesday
TT05653,U02715,CR00013,2025-09-28,0.0,PayPal,TC00028,2025,9,September,3,28,6,Sunday
TT05654,U02715,CR00002,2025-12-25,0.0,PayPal,TC00045,2025,12,December,4,25,3,Thursday
TT05655,U02716,CR00022,2025-05-11,0.0,Bank Transfer,TC00010,2025,5,May,2,11,6,Sunday
TT05656,U02716,CR00058,2025-08-24,0.0,Bank Transfer,TC00036,2025,8,August,3,24,6,Sunday
TT05657,U02718,CR00042,2025-12-30,0.0,Bank Transfer,TC00044,2025,12,December,4,30,1,Tuesday
TT05658,U02719,CR00031,2025-07-19,0.0,Credit Card,TC00031,2025,7,July,3,19,5,Saturday
TT05659,U02729,CR00034,2025-09-27,394.26,Bank Transfer,TC00031,2025,9,September,3,27,5,Saturday
TT05660,U02756,CR00007,2025-06-28,0.0,PayPal,TC00003,2025,6,June,2,28,5,Saturday
TT05661,U02756,CR00011,2025-07-17,326.02,Bank Transfer,TC00028,2025,7,July,3,17,3,Thursday
TT05662,U02768,CR00001,2025-05-06,472.28,Bank Transfer,TC00047,2025,5,May,2,6,1,Tuesday
TT05663,U02768,CR00021,2025-04-05,0.0,Bank Transfer,TC00010,2025,4,April,2,5,5,Saturday
TT05664,U02771,CR00028,2025-05-18,0.78,Bank Transfer,TC00031,2025,5,May,2,18,6,Sunday
TT05665,U02776,CR00013,2025-03-15,0.0,PayPal,TC00028,2025,3,March,1,15,5,Saturday
TT05666,U02776,CR00005,2025-11-25,0.0,Credit Card,TC00031,2025,11,November,4,25,1,Tuesday
TT05667,U02784,CR00053,2025-12-07,0.0,Credit Card,TC00025,2025,12,December,4,7,6,Sunday
TT05668,U02784,CR00046,2025-08-28,248.1,PayPal,TC00027,2025,8,August,3,28,3,Thursday
TT05669,U02810,CR00060,2025-02-10,0.0,Bank Transfer,TC00038,2025,2,February,1,10,0,Monday
TT05670,U02823,CR00059,2025-01-29,0.0,Credit Card,TC00036,2025,1,January,1,29,2,Wednesday
TT05671,U02823,CR00033,2025-08-15,0.0,Bank Transfer,TC00031,2025,8,August,3,15,4,Friday
TT05672,U02831,CR00010,2025-02-06,0.0,Bank Transfer,TC00051,2025,2,February,1,6,3,Thursday
TT05673,U02833,CR00004,2025-11-24,0.0,PayPal,TC00009,2025,11,November,4,24,0,Monday
TT05674,U02833,CR00038,2025-12-29,342.61,Bank Transfer,TC00009,2025,12,December,4,29,0,Monday
TT05675,U02841,CR00022,2025-09-29,0.0,Credit Card,TC00010,2025,9,September,3,29,0,Monday
TT05676,U02847,CR00042,2025-05-01,0.0,PayPal,TC00023,2025,5,May,2,1,3,Thursday
TT05677,U02856,CR00001,2025-04-08,472.28,Bank Transfer,TC00031,2025,4,April,2,8,1,Tuesday
TT05678,U02867,CR00003,2025-10-04,0.0,Bank Transfer,TC00003,2025,10,October,4,4,5,Saturday
TT05679,U02867,CR00057,2025-07-09,177.34,PayPal,TC00038,2025,7,July,3,9,2,Wednesday
TT05680,U02912,CR00056,2025-07-10,212.39,Bank Transfer,TC00017,2025,7,July,3,10,3,Thursday
TT05681,U02912,CR00053,2025-11-03,0.0,Credit Card,TC00026,2025,11,November,4,3,0,Monday
TT05682,U02922,CR00002,2025-12-19,0.0,PayPal,TC00023,2025,12,December,4,19,4,Friday
TT05683,U02954,CR00032,2025-06-20,0.0,Credit Card,TC00031,2025,6,June,2,20,4,Friday
TT05684,U02954,CR00012,2025-08-24,487.92,Bank Transfer,TC00028,2025,8,August,3,24,6,Sunday
TT05685,U02970,CR00028,2025-12-24,0.78,Bank Transfer,TC00038,2025,12,December,4,24,2,Wednesday
TT05686,U02970,CR00047,2025-07-15,89.59,Credit Card,TC00027,2025,7,July,3,15,1,Tuesday
TT05687,U02987,CR00003,2025-11-18,0.0,PayPal,TC00010,2025,11,November,4,18,1,Tuesday
TT05688,U02998,CR00051,2025-11-08,37.89,Bank Transfer,TC00034,2025,11,November,4,8,5,Saturday
TT05689,U00003,CR00017,2025-03-05,0.0,PayPal,TC00040,2025,3,March,1,5,2,Wednesday
TT05690,U00004,CR00030,2025-09-21,0.0,Bank Transfer,TC00042,2025,9,September,3,21,6,Sunday
TT05691,U00013,CR00040,2025-03-26,327.99,Bank Transfer,TC00042,2025,3,March,1,26,2,Wednesday
TT05692,U00015,CR00057,2025-01-16,177.34,Bank Transfer,TC00040,2025,1,January,1,16,3,Thursday
TT05693,U00018,CR00030,2025-06-10,0.0,Credit Card,TC00042,2025,6,June,2,10,1,Tuesday
TT05694,U00028,CR00043,2025-06-17,0.0,PayPal,TC00042,2025,6,June,2,17,1,Tuesday
TT05695,U00045,CR00022,2025-03-02,0.0,PayPal,TC00042,2025,3,March,1,2,6,Sunday
TT05696,U00048,CR00060,2025-06-15,0.0,Bank Transfer,TC00040,2025,6,June,2,15,6,Sunday
TT05697,U00055,CR00050,2025-11-05,490.9,Bank Transfer,TC00042,2025,11,November,4,5,2,Wednesday
TT05698,U00071,CR00052,2025-08-05,0.0,PayPal,TC00042,2025,8,August,3,5,1,Tuesday
TT05699,U00083,CR00020,2025-05-18,0.0,Credit Card,TC00042,2025,5,May,2,18,6,Sunday
TT05700,U00085,CR00031,2025-02-16,0.0,Bank Transfer,TC00040,2025,2,February,1,16,6,Sunday
TT05701,U00109,CR00022,2025-06-02,0.0,Bank Transfer,TC00040,2025,6,June,2,2,0,Monday
TT05702,U00112,CR00019,2025-07-13,0.0,PayPal,TC00042,2025,7,July,3,13,6,Sunday
TT05703,U00117,CR00050,2025-09-11,490.9,Bank Transfer,TC00040,2025,9,September,3,11,3,Thursday
TT05704,U00126,CR00022,2025-07-24,0.0,Bank Transfer,TC00040,2025,7,July,3,24,3,Thursday
TT05705,U00128,CR00037,2025-05-18,0.0,PayPal,TC00040,2025,5,May,2,18,6,Sunday
TT05706,U00133,CR00031,2025-05-11,0.0,Credit Card,TC00040,2025,5,May,2,11,6,Sunday
TT05707,U00134,CR00027,2025-11-13,0.0,PayPal,TC00042,2025,11,November,4,13,3,Thursday
TT05708,U00144,CR00039,2025-10-21,346.71,PayPal,TC00040,2025,10,October,4,21,1,Tuesday
TT05709,U00147,CR00019,2025-09-23,0.0,PayPal,TC00040,2025,9,September,3,23,1,Tuesday
TT05710,U00149,CR00043,2025-02-21,0.0,Bank Transfer,TC00040,2025,2,February,1,21,4,Friday
TT05711,U00152,CR00011,2025-12-29,326.02,Credit Card,TC00040,2025,12,December,4,29,0,Monday
TT05712,U00161,CR00031,2025-07-02,0.0,Bank Transfer,TC00040,2025,7,July,3,2,2,Wednesday
TT05713,U00166,CR00028,2025-04-23,0.78,PayPal,TC00042,2025,4,April,2,23,2,Wednesday
TT05714,U00173,CR00017,2025-10-13,0.0,Credit Card,TC00040,2025,10,October,4,13,0,Monday
TT05715,U00177,CR00043,2025-12-05,0.0,Bank Transfer,TC00042,2025,12,December,4,5,4,Friday
TT05716,U00178,CR00017,2025-03-16,0.0,Credit Card,TC00042,2025,3,March,1,16,6,Sunday
TT05717,U00191,CR00012,2025-05-03,487.92,Bank Transfer,TC00040,2025,5,May,2,3,5,Saturday
TT05718,U00198,CR00015,2025-09-20,285.05,PayPal,TC00042,2025,9,September,3,20,5,Saturday
TT05719,U00208,CR00007,2025-11-04,0.0,Credit Card,TC00040,2025,11,November,4,4,1,Tuesday
TT05720,U00216,CR00040,2025-11-10,327.99,Bank Transfer,TC00042,2025,11,November,4,10,0,Monday
TT05721,U00220,CR00054,2025-06-03,0.0,Bank Transfer,TC00042,2025,6,June,2,3,1,Tuesday
TT05722,U00251,CR00021,2025-11-19,0.0,Credit Card,TC00042,2025,11,November,4,19,2,Wednesday
TT05723,U00260,CR00001,2025-08-16,472.28,Bank Transfer,TC00040,2025,8,August,3,16,5,Saturday
TT05724,U00265,CR00016,2025-02-12,0.0,Credit Card,TC00040,2025,2,February,1,12,2,Wednesday
TT05725,U00272,CR00003,2025-12-21,0.0,Bank Transfer,TC00040,2025,12,December,4,21,6,Sunday
TT05726,U00282,CR00032,2025-04-04,0.0,PayPal,TC00040,2025,4,April,2,4,4,Friday
TT05727,U00292,CR00026,2025-10-17,0.0,Bank Transfer,TC00042,2025,10,October,4,17,4,Friday
TT05728,U00293,CR00053,2025-02-27,0.0,Credit Card,TC00040,2025,2,February,1,27,3,Thursday
TT05729,U00298,CR00020,2025-03-18,0.0,Credit Card,TC00040,2025,3,March,1,18,1,Tuesday
TT05730,U00301,CR00005,2025-09-30,0.0,Bank Transfer,TC00040,2025,9,September,3,30,1,Tuesday
TT05731,U00303,CR00015,2025-08-05,285.05,Bank Transfer,TC00042,2025,8,August,3,5,1,Tuesday
TT05732,U00310,CR00028,2025-12-21,0.78,Credit Card,TC00042,2025,12,December,4,21,6,Sunday
TT05733,U00315,CR00047,2025-07-03,89.59,Bank Transfer,TC00042,2025,7,July,3,3,3,Thursday
TT05734,U00321,CR00010,2025-11-16,0.0,Bank Transfer,TC00042,2025,11,November,4,16,6,Sunday
TT05735,U00322,CR00054,2025-08-02,0.0,PayPal,TC00042,2025,8,August,3,2,5,Saturday
TT05736,U00323,CR00008,2025-02-07,0.0,Bank Transfer,TC00042,2025,2,February,1,7,4,Friday
TT05737,U00328,CR00002,2025-02-14,0.0,PayPal,TC00040,2025,2,February,1,14,4,Friday
TT05738,U00329,CR00022,2025-09-10,0.0,Credit Card,TC00040,2025,9,September,3,10,2,Wednesday
TT05739,U00330,CR00025,2025-09-12,299.57,Bank Transfer,TC00042,2025,9,September,3,12,4,Friday
TT05740,U00334,CR00008,2025-10-07,0.0,Credit Card,TC00042,2025,10,October,4,7,1,Tuesday
TT05741,U00338,CR00016,2025-01-05,0.0,Credit Card,TC00042,2025,1,January,1,5,6,Sunday
TT05742,U00339,CR00006,2025-10-21,276.37,Credit Card,TC00042,2025,10,October,4,21,1,Tuesday
TT05743,U00340,CR00013,2025-04-08,0.0,Bank Transfer,TC00040,2025,4,April,2,8,1,Tuesday
TT05744,U00345,CR00048,2025-02-17,0.0,PayPal,TC00040,2025,2,February,1,17,0,Monday
TT05745,U00351,CR00031,2025-11-16,0.0,Credit Card,TC00040,2025,11,November,4,16,6,Sunday
TT05746,U00352,CR00015,2025-10-06,285.05,PayPal,TC00042,2025,10,October,4,6,0,Monday
TT05747,U00353,CR00039,2025-12-22,346.71,PayPal,TC00040,2025,12,December,4,22,0,Monday
TT05748,U00356,CR00053,2025-04-10,0.0,Bank Transfer,TC00042,2025,4,April,2,10,3,Thursday
TT05749,U00357,CR00043,2025-12-16,0.0,Credit Card,TC00040,2025,12,December,4,16,1,Tuesday
TT05750,U00362,CR00059,2025-11-26,0.0,Credit Card,TC00042,2025,11,November,4,26,2,Wednesday
TT05751,U00365,CR00018,2025-08-24,0.0,Bank Transfer,TC00040,2025,8,August,3,24,6,Sunday
TT05752,U00379,CR00056,2025-07-28,212.39,Bank Transfer,TC00042,2025,7,July,3,28,0,Monday
TT05753,U00383,CR00007,2025-01-26,0.0,PayPal,TC00042,2025,1,January,1,26,6,Sunday
TT05754,U00404,CR00016,2025-06-21,0.0,Bank Transfer,TC00040,2025,6,June,2,21,5,Saturday
TT05755,U00406,CR00023,2025-12-10,0.0,Credit Card,TC00040,2025,12,December,4,10,2,Wednesday
TT05756,U00407,CR00016,2025-03-29,0.0,Credit Card,TC00042,2025,3,March,1,29,5,Saturday
TT05757,U00415,CR00008,2025-12-25,0.0,Credit Card,TC00040,2025,12,December,4,25,3,Thursday
TT05758,U00423,CR00046,2025-08-05,248.1,Credit Card,TC00042,2025,8,August,3,5,1,Tuesday
TT05759,U00424,CR00029,2025-05-25,0.0,Bank Transfer,TC00042,2025,5,May,2,25,6,Sunday
TT05760,U00427,CR00017,2025-08-19,0.0,Bank Transfer,TC00040,2025,8,August,3,19,1,Tuesday
TT05761,U00438,CR00014,2025-03-21,0.0,Credit Card,TC00040,2025,3,March,1,21,4,Friday
TT05762,U00444,CR00012,2025-12-24,487.92,Bank Transfer,TC00042,2025,12,December,4,24,2,Wednesday
TT05763,U00449,CR00036,2025-06-26,0.0,PayPal,TC00042,2025,6,June,2,26,3,Thursday
TT05764,U00464,CR00031,2025-06-06,0.0,PayPal,TC00040,2025,6,June,2,6,4,Friday
TT05765,U00494,CR00018,2025-01-10,0.0,Bank Transfer,TC00042,2025,1,January,1,10,4,Friday
TT05766,U00543,CR00005,2025-11-19,0.0,PayPal,TC00042,2025,11,November,4,19,2,Wednesday
TT05767,U00548,CR00014,2025-03-22,0.0,Credit Card,TC00040,2025,3,March,1,22,5,Saturday
TT05768,U00556,CR00028,2025-06-02,0.78,Bank Transfer,TC00042,2025,6,June,2,2,0,Monday
TT05769,U00559,CR00008,2025-04-12,0.0,Bank Transfer,TC00040,2025,4,April,2,12,5,Saturday
TT05770,U00562,CR00029,2025-04-18,0.0,PayPal,TC00042,2025,4,April,2,18,4,Friday
TT05771,U00569,CR00045,2025-07-24,0.0,PayPal,TC00040,2025,7,July,3,24,3,Thursday
TT05772,U00570,CR00028,2025-05-02,0.78,PayPal,TC00042,2025,5,May,2,2,4,Friday
TT05773,U00572,CR00053,2025-10-13,0.0,Bank Transfer,TC00042,2025,10,October,4,13,0,Monday
TT05774,U00573,CR00036,2025-03-11,0.0,Bank Transfer,TC00042,2025,3,March,1,11,1,Tuesday
TT05775,U00574,CR00055,2025-06-26,57.32,PayPal,TC00042,2025,6,June,2,26,3,Thursday
TT05776,U00576,CR00017,2025-12-07,0.0,PayPal,TC00042,2025,12,December,4,7,6,Sunday
TT05777,U00584,CR00038,2025-08-02,342.61,Bank Transfer,TC00042,2025,8,August,3,2,5,Saturday
TT05778,U00592,CR00033,2025-02-05,0.0,Bank Transfer,TC00040,2025,2,February,1,5,2,Wednesday
TT05779,U00595,CR00054,2025-05-04,0.0,Bank Transfer,TC00040,2025,5,May,2,4,6,Sunday
TT05780,U00604,CR00007,2025-04-03,0.0,Bank Transfer,TC00042,2025,4,April,2,3,3,Thursday
TT05781,U00619,CR00026,2025-12-18,0.0,PayPal,TC00042,2025,12,December,4,18,3,Thursday
TT05782,U00622,CR00039,2025-12-23,346.71,Credit Card,TC00040,2025,12,December,4,23,1,Tuesday
TT05783,U00633,CR00002,2025-12-19,0.0,Credit Card,TC00040,2025,12,December,4,19,4,Friday
TT05784,U00636,CR00007,2025-09-25,0.0,Credit Card,TC00042,2025,9,September,3,25,3,Thursday
TT05785,U00639,CR00024,2025-06-03,117.68,PayPal,TC00042,2025,6,June,2,3,1,Tuesday
TT05786,U00666,CR00008,2025-07-28,0.0,Credit Card,TC00042,2025,7,July,3,28,0,Monday
TT05787,U00701,CR00012,2025-03-01,487.92,Credit Card,TC00042,2025,3,March,1,1,5,Saturday
TT05788,U00704,CR00019,2025-08-11,0.0,Credit Card,TC00042,2025,8,August,3,11,0,Monday
TT05789,U00709,CR00045,2025-10-23,0.0,Bank Transfer,TC00042,2025,10,October,4,23,3,Thursday
TT05790,U00723,CR00036,2025-03-03,0.0,Credit Card,TC00042,2025,3,March,1,3,0,Monday
TT05791,U00724,CR00010,2025-08-20,0.0,Bank Transfer,TC00042,2025,8,August,3,20,2,Wednesday
TT05792,U00752,CR00005,2025-06-18,0.0,Credit Card,TC00040,2025,6,June,2,18,2,Wednesday
TT05793,U00760,CR00026,2025-09-14,0.0,Bank Transfer,TC00042,2025,9,September,3,14,6,Sunday
TT05794,U00765,CR00022,2025-05-28,0.0,PayPal,TC00040,2025,5,May,2,28,2,Wednesday
TT05795,U00767,CR00024,2025-09-18,117.68,PayPal,TC00042,2025,9,September,3,18,3,Thursday
TT05796,U00772,CR00037,2025-12-11,0.0,PayPal,TC00042,2025,12,December,4,11,3,Thursday
TT05797,U00775,CR00030,2025-12-28,0.0,Credit Card,TC00042,2025,12,December,4,28,6,Sunday
TT05798,U00786,CR00022,2025-12-20,0.0,Credit Card,TC00040,2025,12,December,4,20,5,Saturday
TT05799,U00819,CR00038,2025-04-16,342.61,Credit Card,TC00042,2025,4,April,2,16,2,Wednesday
TT05800,U00821,CR00036,2025-07-04,0.0,Credit Card,TC00042,2025,7,July,3,4,4,Friday
TT05801,U00829,CR00049,2025-10-02,415.51,PayPal,TC00042,2025,10,October,4,2,3,Thursday
TT05802,U00836,CR00056,2025-11-03,212.39,Bank Transfer,TC00040,2025,11,November,4,3,0,Monday
TT05803,U00838,CR00045,2025-06-27,0.0,Bank Transfer,TC00042,2025,6,June,2,27,4,Friday
TT05804,U00850,CR00037,2025-10-14,0.0,PayPal,TC00042,2025,10,October,4,14,1,Tuesday
TT05805,U00852,CR00052,2025-10-17,0.0,Bank Transfer,TC00040,2025,10,October,4,17,4,Friday
TT05806,U00858,CR00003,2025-11-27,0.0,PayPal,TC00040,2025,11,November,4,27,3,Thursday
TT05807,U00870,CR00017,2025-11-12,0.0,Credit Card,TC00042,2025,11,November,4,12,2,Wednesday
TT05808,U00874,CR00038,2025-05-12,342.61,Bank Transfer,TC00042,2025,5,May,2,12,0,Monday
TT05809,U00876,CR00048,2025-08-19,0.0,PayPal,TC00040,2025,8,August,3,19,1,Tuesday
TT05810,U00881,CR00025,2025-11-03,299.57,Bank Transfer,TC00040,2025,11,November,4,3,0,Monday
TT05811,U00893,CR00022,2025-10-14,0.0,Credit Card,TC00042,2025,10,October,4,14,1,Tuesday
TT05812,U00898,CR00016,2025-10-07,0.0,Credit Card,TC00040,2025,10,October,4,7,1,Tuesday
TT05813,U00903,CR00012,2025-09-28,487.92,Bank Transfer,TC00042,2025,9,September,3,28,6,Sunday
TT05814,U00911,CR00022,2025-04-06,0.0,Credit Card,TC00040,2025,4,April,2,6,6,Sunday
TT05815,U00915,CR00036,2025-03-28,0.0,Bank Transfer,TC00042,2025,3,March,1,28,4,Friday
TT05816,U00917,CR00027,2025-08-08,0.0,Bank Transfer,TC00042,2025,8,August,3,8,4,Friday
TT05817,U00919,CR00004,2025-07-02,0.0,Bank Transfer,TC00040,2025,7,July,3,2,2,Wednesday
TT05818,U00928,CR00041,2025-06-29,53.86,PayPal,TC00040,2025,6,June,2,29,6,Sunday
TT05819,U00959,CR00030,2025-03-21,0.0,Bank Transfer,TC00042,2025,3,March,1,21,4,Friday
TT05820,U00961,CR00013,2025-06-02,0.0,Credit Card,TC00042,2025,6,June,2,2,0,Monday
TT05821,U00967,CR00040,2025-10-04,327.99,Credit Card,TC00042,2025,10,October,4,4,5,Saturday
TT05822,U00976,CR00035,2025-05-11,0.0,Credit Card,TC00040,2025,5,May,2,11,6,Sunday
TT05823,U00981,CR00045,2025-05-03,0.0,PayPal,TC00042,2025,5,May,2,3,5,Saturday
TT05824,U00989,CR00018,2025-12-11,0.0,PayPal,TC00040,2025,12,December,4,11,3,Thursday
TT05825,U00997,CR00056,2025-02-26,212.39,Bank Transfer,TC00040,2025,2,February,1,26,2,Wednesday
TT05826,U01000,CR00030,2025-11-19,0.0,Credit Card,TC00042,2025,11,November,4,19,2,Wednesday
TT05827,U01015,CR00002,2025-03-03,0.0,Bank Transfer,TC00040,2025,3,March,1,3,0,Monday
TT05828,U01020,CR00060,2025-11-06,0.0,Credit Card,TC00042,2025,11,November,4,6,3,Thursday
TT05829,U01022,CR00054,2025-06-07,0.0,Bank Transfer,TC00040,2025,6,June,2,7,5,Saturday
TT05830,U01031,CR00001,2025-09-29,472.28,Credit Card,TC00042,2025,9,September,3,29,0,Monday
TT05831,U01032,CR00027,2025-02-17,0.0,Bank Transfer,TC00042,2025,2,February,1,17,0,Monday
TT05832,U01033,CR00026,2025-10-06,0.0,Bank Transfer,TC00042,2025,10,October,4,6,0,Monday
TT05833,U01034,CR00053,2025-10-26,0.0,PayPal,TC00040,2025,10,October,4,26,6,Sunday
TT05834,U01066,CR00025,2025-09-17,299.57,Bank Transfer,TC00042,2025,9,September,3,17,2,Wednesday
TT05835,U01079,CR00004,2025-05-03,0.0,PayPal,TC00040,2025,5,May,2,3,5,Saturday
TT05836,U01083,CR00020,2025-02-15,0.0,PayPal,TC00040,2025,2,February,1,15,5,Saturday
TT05837,U01084,CR00003,2025-11-15,0.0,Credit Card,TC00040,2025,11,November,4,15,5,Saturday
TT05838,U01092,CR00014,2025-09-02,0.0,Credit Card,TC00040,2025,9,September,3,2,1,Tuesday
TT05839,U01096,CR00049,2025-10-09,415.51,PayPal,TC00042,2025,10,October,4,9,3,Thursday
TT05840,U01123,CR00009,2025-02-11,0.0,Credit Card,TC00040,2025,2,February,1,11,1,Tuesday
TT05841,U01143,CR00023,2025-07-23,0.0,Bank Transfer,TC00042,2025,7,July,3,23,2,Wednesday
TT05842,U01146,CR00026,2025-02-03,0.0,Credit Card,TC00042,2025,2,February,1,3,0,Monday
TT05843,U01151,CR00005,2025-02-01,0.0,Bank Transfer,TC00040,2025,2,February,1,1,5,Saturday
TT05844,U01158,CR00052,2025-02-01,0.0,Credit Card,TC00040,2025,2,February,1,1,5,Saturday
TT05845,U01167,CR00019,2025-03-27,0.0,PayPal,TC00042,2025,3,March,1,27,3,Thursday
TT05846,U01170,CR00015,2025-06-11,285.05,PayPal,TC00042,2025,6,June,2,11,2,Wednesday
TT05847,U01177,CR00004,2025-10-06,0.0,Bank Transfer,TC00042,2025,10,October,4,6,0,Monday
TT05848,U01180,CR00019,2025-02-08,0.0,PayPal,TC00040,2025,2,February,1,8,5,Saturday
TT05849,U01197,CR00024,2025-05-17,117.68,PayPal,TC00042,2025,5,May,2,17,5,Saturday
TT05850,U01203,CR00011,2025-04-20,326.02,PayPal,TC00042,2025,4,April,2,20,6,Sunday
TT05851,U01221,CR00004,2025-12-09,0.0,PayPal,TC00040,2025,12,December,4,9,1,Tuesday
TT05852,U01224,CR00037,2025-01-01,0.0,Bank Transfer,TC00040,2025,1,January,1,1,2,Wednesday
TT05853,U01231,CR00003,2025-04-21,0.0,Credit Card,TC00040,2025,4,April,2,21,0,Monday
TT05854,U01233,CR00016,2025-08-22,0.0,Bank Transfer,TC00040,2025,8,August,3,22,4,Friday
TT05855,U01235,CR00056,2025-04-02,212.39,Credit Card,TC00042,2025,4,April,2,2,2,Wednesday
TT05856,U01237,CR00036,2025-09-14,0.0,Credit Card,TC00042,2025,9,September,3,14,6,Sunday
TT05857,U01239,CR00046,2025-04-27,248.1,Credit Card,TC00040,2025,4,April,2,27,6,Sunday
TT05858,U01244,CR00001,2025-01-02,472.28,Credit Card,TC00040,2025,1,January,1,2,3,Thursday
TT05859,U01249,CR00003,2025-11-26,0.0,Credit Card,TC00040,2025,11,November,4,26,2,Wednesday
TT05860,U01250,CR00018,2025-11-21,0.0,Credit Card,TC00040,2025,11,November,4,21,4,Friday
TT05861,U01261,CR00024,2025-03-06,117.68,PayPal,TC00042,2025,3,March,1,6,3,Thursday
TT05862,U01266,CR00046,2025-08-29,248.1,Credit Card,TC00042,2025,8,August,3,29,4,Friday
TT05863,U01267,CR00034,2025-09-29,394.26,Credit Card,TC00040,2025,9,September,3,29,0,Monday
TT05864,U01268,CR00041,2025-10-21,53.86,Credit Card,TC00040,2025,10,October,4,21,1,Tuesday
TT05865,U01277,CR00045,2025-04-17,0.0,Bank Transfer,TC00042,2025,4,April,2,17,3,Thursday
TT05866,U01280,CR00030,2025-08-07,0.0,PayPal,TC00042,2025,8,August,3,7,3,Thursday
TT05867,U01281,CR00030,2025-03-05,0.0,Credit Card,TC00042,2025,3,March,1,5,2,Wednesday
TT05868,U01284,CR00042,2025-12-06,0.0,Credit Card,TC00042,2025,12,December,4,6,5,Saturday
TT05869,U01287,CR00011,2025-02-11,326.02,PayPal,TC00042,2025,2,February,1,11,1,Tuesday
TT05870,U01290,CR00059,2025-01-15,0.0,Bank Transfer,TC00040,2025,1,January,1,15,2,Wednesday
TT05871,U01315,CR00032,2025-04-28,0.0,Credit Card,TC00040,2025,4,April,2,28,0,Monday
TT05872,U01318,CR00004,2025-04-17,0.0,Credit Card,TC00042,2025,4,April,2,17,3,Thursday
TT05873,U01321,CR00022,2025-02-06,0.0,PayPal,TC00042,2025,2,February,1,6,3,Thursday
TT05874,U01322,CR00023,2025-06-19,0.0,Bank Transfer,TC00040,2025,6,June,2,19,3,Thursday
TT05875,U01331,CR00046,2025-06-25,248.1,PayPal,TC00040,2025,6,June,2,25,2,Wednesday
TT05876,U01332,CR00057,2025-11-11,177.34,PayPal,TC00042,2025,11,November,4,11,1,Tuesday
TT05877,U01334,CR00010,2025-11-14,0.0,Credit Card,TC00040,2025,11,November,4,14,4,Friday
TT05878,U01336,CR00045,2025-12-05,0.0,Credit Card,TC00040,2025,12,December,4,5,4,Friday
TT05879,U01337,CR00032,2025-06-24,0.0,Bank Transfer,TC00040,2025,6,June,2,24,1,Tuesday
TT05880,U01343,CR00015,2025-07-10,285.05,Bank Transfer,TC00040,2025,7,July,3,10,3,Thursday
TT05881,U01344,CR00038,2025-09-11,342.61,PayPal,TC00042,2025,9,September,3,11,3,Thursday
TT05882,U01346,CR00024,2025-07-27,117.68,Bank Transfer,TC00040,2025,7,July,3,27,6,Sunday
TT05883,U01347,CR00036,2025-01-01,0.0,Bank Transfer,TC00040,2025,1,January,1,1,2,Wednesday
TT05884,U01350,CR00038,2025-06-22,342.61,Bank Transfer,TC00042,2025,6,June,2,22,6,Sunday
TT05885,U01352,CR00028,2025-03-23,0.78,Credit Card,TC00042,2025,3,March,1,23,6,Sunday
TT05886,U01355,CR00026,2025-08-02,0.0,Bank Transfer,TC00042,2025,8,August,3,2,5,Saturday
TT05887,U01364,CR00032,2025-04-19,0.0,Credit Card,TC00040,2025,4,April,2,19,5,Saturday
TT05888,U01365,CR00026,2025-02-27,0.0,PayPal,TC00042,2025,2,February,1,27,3,Thursday
TT05889,U01375,CR00010,2025-07-15,0.0,Bank Transfer,TC00040,2025,7,July,3,15,1,Tuesday
TT05890,U01394,CR00042,2025-08-17,0.0,Bank Transfer,TC00042,2025,8,August,3,17,6,Sunday
TT05891,U01395,CR00004,2025-01-04,0.0,Bank Transfer,TC00042,2025,1,January,1,4,5,Saturday
TT05892,U01397,CR00025,2025-02-23,299.57,Bank Transfer,TC00040,2025,2,February,1,23,6,Sunday
TT05893,U01399,CR00021,2025-02-22,0.0,PayPal,TC00042,2025,2,February,1,22,5,Saturday
TT05894,U01405,CR00010,2025-05-19,0.0,Bank Transfer,TC00042,2025,5,May,2,19,0,Monday
TT05895,U01411,CR00013,2025-09-21,0.0,PayPal,TC00042,2025,9,September,3,21,6,Sunday
TT05896,U01414,CR00033,2025-01-16,0.0,Credit Card,TC00040,2025,1,January,1,16,3,Thursday
TT05897,U01429,CR00035,2025-07-02,0.0,Credit Card,TC00040,2025,7,July,3,2,2,Wednesday
TT05898,U01430,CR00007,2025-02-20,0.0,PayPal,TC00042,2025,2,February,1,20,3,Thursday
TT05899,U01432,CR00018,2025-12-29,0.0,PayPal,TC00042,2025,12,December,4,29,0,Monday
TT05900,U01435,CR00044,2025-08-20,119.04,Bank Transfer,TC00042,2025,8,August,3,20,2,Wednesday
TT05901,U01445,CR00029,2025-07-30,0.0,Bank Transfer,TC00042,2025,7,July,3,30,2,Wednesday
TT05902,U01450,CR00056,2025-10-30,212.39,Credit Card,TC00042,2025,10,October,4,30,3,Thursday
TT05903,U01451,CR00048,2025-04-25,0.0,Credit Card,TC00040,2025,4,April,2,25,4,Friday
TT05904,U01455,CR00002,2025-05-22,0.0,Credit Card,TC00042,2025,5,May,2,22,3,Thursday
TT05905,U01460,CR00039,2025-05-01,346.71,PayPal,TC00042,2025,5,May,2,1,3,Thursday
TT05906,U01463,CR00042,2025-01-10,0.0,Credit Card,TC00040,2025,1,January,1,10,4,Friday
TT05907,U01472,CR00040,2025-04-25,327.99,Bank Transfer,TC00040,2025,4,April,2,25,4,Friday
TT05908,U01473,CR00014,2025-06-06,0.0,Bank Transfer,TC00040,2025,6,June,2,6,4,Friday
TT05909,U01488,CR00045,2025-07-21,0.0,PayPal,TC00042,2025,7,July,3,21,0,Monday
TT05910,U01496,CR00012,2025-02-27,487.92,Credit Card,TC00040,2025,2,February,1,27,3,Thursday
TT05911,U01497,CR00033,2025-05-14,0.0,Credit Card,TC00040,2025,5,May,2,14,2,Wednesday
TT05912,U01500,CR00041,2025-01-10,53.86,Bank Transfer,TC00040,2025,1,January,1,10,4,Friday
TT05913,U01506,CR00015,2025-10-24,285.05,Bank Transfer,TC00040,2025,10,October,4,24,4,Friday
TT05914,U01511,CR00043,2025-04-05,0.0,PayPal,TC00042,2025,4,April,2,5,5,Saturday
TT05915,U01512,CR00038,2025-11-13,342.61,Bank Transfer,TC00040,2025,11,November,4,13,3,Thursday
TT05916,U01517,CR00052,2025-09-08,0.0,Bank Transfer,TC00042,2025,9,September,3,8,0,Monday
TT05917,U01522,CR00027,2025-03-07,0.0,PayPal,TC00042,2025,3,March,1,7,4,Friday
TT05918,U01526,CR00034,2025-05-11,394.26,Bank Transfer,TC00040,2025,5,May,2,11,6,Sunday
TT05919,U01528,CR00022,2025-10-08,0.0,Credit Card,TC00042,2025,10,October,4,8,2,Wednesday
TT05920,U01530,CR00013,2025-01-22,0.0,Bank Transfer,TC00040,2025,1,January,1,22,2,Wednesday
TT05921,U01531,CR00043,2025-07-27,0.0,Credit Card,TC00042,2025,7,July,3,27,6,Sunday
TT05922,U01536,CR00017,2025-11-05,0.0,Credit Card,TC00042,2025,11,November,4,5,2,Wednesday
TT05923,U01543,CR00060,2025-02-17,0.0,Credit Card,TC00042,2025,2,February,1,17,0,Monday
TT05924,U01553,CR00029,2025-06-01,0.0,PayPal,TC00042,2025,6,June,2,1,6,Sunday
TT05925,U01578,CR00047,2025-03-17,89.59,Credit Card,TC00040,2025,3,March,1,17,0,Monday
TT05926,U01585,CR00028,2025-07-05,0.78,Credit Card,TC00042,2025,7,July,3,5,5,Saturday
TT05927,U01602,CR00059,2025-03-14,0.0,Bank Transfer,TC00042,2025,3,March,1,14,4,Friday
TT05928,U01618,CR00056,2025-08-14,212.39,PayPal,TC00042,2025,8,August,3,14,3,Thursday
TT05929,U01627,CR00035,2025-08-14,0.0,Credit Card,TC00040,2025,8,August,3,14,3,Thursday
TT05930,U01628,CR00015,2025-12-08,285.05,PayPal,TC00040,2025,12,December,4,8,0,Monday
TT05931,U01635,CR00009,2025-11-17,0.0,PayPal,TC00042,2025,11,November,4,17,0,Monday
TT05932,U01637,CR00046,2025-05-06,248.1,Credit Card,TC00040,2025,5,May,2,6,1,Tuesday
TT05933,U01647,CR00048,2025-02-05,0.0,Bank Transfer,TC00042,2025,2,February,1,5,2,Wednesday
TT05934,U01649,CR00037,2025-12-09,0.0,Credit Card,TC00042,2025,12,December,4,9,1,Tuesday
TT05935,U01654,CR00050,2025-03-07,490.9,Bank Transfer,TC00040,2025,3,March,1,7,4,Friday
TT05936,U01656,CR00011,2025-06-15,326.02,PayPal,TC00040,2025,6,June,2,15,6,Sunday
TT05937,U01662,CR00025,2025-09-07,299.57,Credit Card,TC00042,2025,9,September,3,7,6,Sunday
TT05938,U01666,CR00048,2025-07-09,0.0,Credit Card,TC00042,2025,7,July,3,9,2,Wednesday
TT05939,U01671,CR00018,2025-04-28,0.0,PayPal,TC00040,2025,4,April,2,28,0,Monday
TT05940,U01674,CR00050,2025-11-17,490.9,Bank Transfer,TC00040,2025,11,November,4,17,0,Monday
TT05941,U01692,CR00003,2025-07-17,0.0,Bank Transfer,TC00042,2025,7,July,3,17,3,Thursday
TT05942,U01695,CR00008,2025-06-27,0.0,PayPal,TC00042,2025,6,June,2,27,4,Friday
TT05943,U01702,CR00014,2025-08-13,0.0,Credit Card,TC00040,2025,8,August,3,13,2,Wednesday
TT05944,U01708,CR00034,2025-04-22,394.26,Credit Card,TC00040,2025,4,April,2,22,1,Tuesday
TT05945,U01720,CR00060,2025-10-14,0.0,PayPal,TC00042,2025,10,October,4,14,1,Tuesday
TT05946,U01721,CR00053,2025-11-19,0.0,PayPal,TC00042,2025,11,November,4,19,2,Wednesday
TT05947,U01724,CR00048,2025-11-27,0.0,Credit Card,TC00042,2025,11,November,4,27,3,Thursday
TT05948,U01726,CR00006,2025-03-12,276.37,PayPal,TC00040,2025,3,March,1,12,2,Wednesday
TT05949,U01729,CR00022,2025-01-13,0.0,Credit Card,TC00040,2025,1,January,1,13,0,Monday
TT05950,U01745,CR00035,2025-04-04,0.0,Credit Card,TC00040,2025,4,April,2,4,4,Friday
TT05951,U01762,CR00058,2025-06-23,0.0,Credit Card,TC00040,2025,6,June,2,23,0,Monday
TT05952,U01773,CR00047,2025-02-06,89.59,PayPal,TC00042,2025,2,February,1,6,3,Thursday
TT05953,U01786,CR00039,2025-12-09,346.71,Credit Card,TC00040,2025,12,December,4,9,1,Tuesday
TT05954,U01789,CR00060,2025-10-29,0.0,Bank Transfer,TC00040,2025,10,October,4,29,2,Wednesday
TT05955,U01795,CR00055,2025-06-02,57.32,Bank Transfer,TC00042,2025,6,June,2,2,0,Monday
TT05956,U01805,CR00055,2025-09-29,57.32,PayPal,TC00042,2025,9,September,3,29,0,Monday
TT05957,U01809,CR00041,2025-11-26,53.86,Bank Transfer,TC00040,2025,11,November,4,26,2,Wednesday
TT05958,U01810,CR00011,2025-02-09,326.02,PayPal,TC00042,2025,2,February,1,9,6,Sunday
TT05959,U01812,CR00051,2025-12-02,37.89,Credit Card,TC00040,2025,12,December,4,2,1,Tuesday
TT05960,U01820,CR00018,2025-03-19,0.0,PayPal,TC00040,2025,3,March,1,19,2,Wednesday
TT05961,U01822,CR00037,2025-06-28,0.0,PayPal,TC00040,2025,6,June,2,28,5,Saturday
TT05962,U01825,CR00052,2025-08-13,0.0,Credit Card,TC00042,2025,8,August,3,13,2,Wednesday
TT05963,U01840,CR00024,2025-09-10,117.68,PayPal,TC00042,2025,9,September,3,10,2,Wednesday
TT05964,U01842,CR00041,2025-12-20,53.86,Credit Card,TC00042,2025,12,December,4,20,5,Saturday
TT05965,U01854,CR00001,2025-01-11,472.28,PayPal,TC00042,2025,1,January,1,11,5,Saturday
TT05966,U01867,CR00006,2025-07-20,276.37,Credit Card,TC00040,2025,7,July,3,20,6,Sunday
TT05967,U01871,CR00035,2025-03-25,0.0,Credit Card,TC00040,2025,3,March,1,25,1,Tuesday
TT05968,U01872,CR00012,2025-06-12,487.92,Credit Card,TC00042,2025,6,June,2,12,3,Thursday
TT05969,U01876,CR00042,2025-02-03,0.0,Credit Card,TC00040,2025,2,February,1,3,0,Monday
TT05970,U01877,CR00023,2025-06-26,0.0,Bank Transfer,TC00042,2025,6,June,2,26,3,Thursday
TT05971,U01879,CR00008,2025-02-04,0.0,Credit Card,TC00042,2025,2,February,1,4,1,Tuesday
TT05972,U01893,CR00048,2025-06-01,0.0,Bank Transfer,TC00040,2025,6,June,2,1,6,Sunday
TT05973,U01896,CR00042,2025-08-14,0.0,Bank Transfer,TC00040,2025,8,August,3,14,3,Thursday
TT05974,U01900,CR00047,2025-01-30,89.59,Credit Card,TC00042,2025,1,January,1,30,3,Thursday
TT05975,U01903,CR00032,2025-02-01,0.0,Bank Transfer,TC00040,2025,2,February,1,1,5,Saturday
TT05976,U01906,CR00046,2025-10-10,248.1,Credit Card,TC00042,2025,10,October,4,10,4,Friday
TT05977,U01908,CR00021,2025-07-25,0.0,PayPal,TC00040,2025,7,July,3,25,4,Friday
TT05978,U01917,CR00028,2025-04-21,0.78,Bank Transfer,TC00042,2025,4,April,2,21,0,Monday
TT05979,U01918,CR00025,2025-04-17,299.57,Credit Card,TC00042,2025,4,April,2,17,3,Thursday
TT05980,U01920,CR00056,2025-10-25,212.39,PayPal,TC00042,2025,10,October,4,25,5,Saturday
TT05981,U01926,CR00047,2025-07-22,89.59,PayPal,TC00042,2025,7,July,3,22,1,Tuesday
TT05982,U01929,CR00030,2025-12-28,0.0,Bank Transfer,TC00042,2025,12,December,4,28,6,Sunday
TT05983,U01931,CR00030,2025-09-21,0.0,Credit Card,TC00042,2025,9,September,3,21,6,Sunday
TT05984,U01934,CR00035,2025-08-15,0.0,PayPal,TC00040,2025,8,August,3,15,4,Friday
TT05985,U01943,CR00059,2025-09-14,0.0,Bank Transfer,TC00042,2025,9,September,3,14,6,Sunday
TT05986,U01953,CR00051,2025-06-02,37.89,PayPal,TC00040,2025,6,June,2,2,0,Monday
TT05987,U01958,CR00054,2025-05-26,0.0,Bank Transfer,TC00040,2025,5,May,2,26,0,Monday
TT05988,U01959,CR00059,2025-03-27,0.0,PayPal,TC00040,2025,3,March,1,27,3,Thursday
TT05989,U01961,CR00004,2025-02-25,0.0,Bank Transfer,TC00042,2025,2,February,1,25,1,Tuesday
TT05990,U01962,CR00058,2025-01-23,0.0,Bank Transfer,TC00040,2025,1,January,1,23,3,Thursday
TT05991,U01979,CR00013,2025-01-03,0.0,Credit Card,TC00042,2025,1,January,1,3,4,Friday
TT05992,U01987,CR00041,2025-06-28,53.86,Bank Transfer,TC00042,2025,6,June,2,28,5,Saturday
TT05993,U01989,CR00041,2025-10-01,53.86,PayPal,TC00040,2025,10,October,4,1,2,Wednesday
TT05994,U01993,CR00054,2025-07-23,0.0,Credit Card,TC00042,2025,7,July,3,23,2,Wednesday
TT05995,U01994,CR00018,2025-09-10,0.0,Bank Transfer,TC00040,2025,9,September,3,10,2,Wednesday
TT05996,U01998,CR00044,2025-12-15,119.04,Bank Transfer,TC00040,2025,12,December,4,15,0,Monday
TT05997,U02010,CR00059,2025-10-05,0.0,Bank Transfer,TC00042,2025,10,October,4,5,6,Sunday
TT05998,U02015,CR00054,2025-04-19,0.0,Bank Transfer,TC00042,2025,4,April,2,19,5,Saturday
TT05999,U02035,CR00013,2025-11-17,0.0,PayPal,TC00040,2025,11,November,4,17,0,Monday
TT06000,U02038,CR00027,2025-10-16,0.0,Credit Card,TC00042,2025,10,October,4,16,3,Thursday
TT06001,U02039,CR00006,2025-04-01,276.37,PayPal,TC00042,2025,4,April,2,1,1,Tuesday
TT06002,U02055,CR00043,2025-09-02,0.0,Bank Transfer,TC00042,2025,9,September,3,2,1,Tuesday
TT06003,U02058,CR00033,2025-09-02,0.0,Bank Transfer,TC00040,2025,9,September,3,2,1,Tuesday
TT06004,U02064,CR00050,2025-01-01,490.9,Bank Transfer,TC00040,2025,1,January,1,1,2,Wednesday
TT06005,U02068,CR00004,2025-05-03,0.0,Bank Transfer,TC00040,2025,5,May,2,3,5,Saturday
TT06006,U02071,CR00011,2025-06-17,326.02,Bank Transfer,TC00040,2025,6,June,2,17,1,Tuesday
TT06007,U02074,CR00028,2025-04-05,0.78,Credit Card,TC00042,2025,4,April,2,5,5,Saturday
TT06008,U02077,CR00051,2025-07-11,37.89,PayPal,TC00042,2025,7,July,3,11,4,Friday
TT06009,U02094,CR00031,2025-12-21,0.0,Bank Transfer,TC00040,2025,12,December,4,21,6,Sunday
TT06010,U02096,CR00030,2025-11-05,0.0,Bank Transfer,TC00042,2025,11,November,4,5,2,Wednesday
TT06011,U02098,CR00060,2025-01-23,0.0,PayPal,TC00042,2025,1,January,1,23,3,Thursday
TT06012,U02125,CR00055,2025-04-14,57.32,Credit Card,TC00040,2025,4,April,2,14,0,Monday
TT06013,U02144,CR00033,2025-02-09,0.0,Bank Transfer,TC00040,2025,2,February,1,9,6,Sunday
TT06014,U02147,CR00052,2025-03-03,0.0,Bank Transfer,TC00040,2025,3,March,1,3,0,Monday
TT06015,U02149,CR00057,2025-02-21,177.34,PayPal,TC00040,2025,2,February,1,21,4,Friday
TT06016,U02151,CR00038,2025-09-23,342.61,Credit Card,TC00042,2025,9,September,3,23,1,Tuesday
TT06017,U02152,CR00030,2025-02-20,0.0,PayPal,TC00042,2025,2,February,1,20,3,Thursday
TT06018,U02153,CR00018,2025-10-28,0.0,PayPal,TC00042,2025,10,October,4,28,1,Tuesday
TT06019,U02155,CR00023,2025-04-05,0.0,Credit Card,TC00040,2025,4,April,2,5,5,Saturday
TT06020,U02161,CR00023,2025-06-01,0.0,PayPal,TC00042,2025,6,June,2,1,6,Sunday
TT06021,U02199,CR00023,2025-05-23,0.0,Credit Card,TC00040,2025,5,May,2,23,4,Friday
TT06022,U02212,CR00049,2025-12-09,415.51,PayPal,TC00042,2025,12,December,4,9,1,Tuesday
TT06023,U02215,CR00039,2025-09-27,346.71,Credit Card,TC00042,2025,9,September,3,27,5,Saturday
TT06024,U02217,CR00030,2025-12-15,0.0,PayPal,TC00042,2025,12,December,4,15,0,Monday
TT06025,U02224,CR00019,2025-04-26,0.0,PayPal,TC00042,2025,4,April,2,26,5,Saturday
TT06026,U02231,CR00002,2025-01-20,0.0,Bank Transfer,TC00040,2025,1,January,1,20,0,Monday
TT06027,U02248,CR00045,2025-02-15,0.0,Bank Transfer,TC00040,2025,2,February,1,15,5,Saturday
TT06028,U02250,CR00024,2025-11-23,117.68,Credit Card,TC00042,2025,11,November,4,23,6,Sunday
TT06029,U02254,CR00021,2025-08-13,0.0,Bank Transfer,TC00042,2025,8,August,3,13,2,Wednesday
TT06030,U02258,CR00039,2025-04-13,346.71,Credit Card,TC00042,2025,4,April,2,13,6,Sunday
TT06031,U02284,CR00050,2025-09-27,490.9,Bank Transfer,TC00040,2025,9,September,3,27,5,Saturday
TT06032,U02288,CR00006,2025-07-20,276.37,Credit Card,TC00042,2025,7,July,3,20,6,Sunday
TT06033,U02290,CR00045,2025-06-25,0.0,Credit Card,TC00040,2025,6,June,2,25,2,Wednesday
TT06034,U02300,CR00041,2025-08-22,53.86,PayPal,TC00042,2025,8,August,3,22,4,Friday
TT06035,U02301,CR00023,2025-02-02,0.0,PayPal,TC00042,2025,2,February,1,2,6,Sunday
TT06036,U02306,CR00001,2025-06-10,472.28,Bank Transfer,TC00040,2025,6,June,2,10,1,Tuesday
TT06037,U02315,CR00058,2025-02-13,0.0,Credit Card,TC00040,2025,2,February,1,13,3,Thursday
TT06038,U02336,CR00023,2025-06-08,0.0,Credit Card,TC00040,2025,6,June,2,8,6,Sunday
TT06039,U02337,CR00002,2025-10-26,0.0,Credit Card,TC00040,2025,10,October,4,26,6,Sunday
TT06040,U02341,CR00028,2025-10-14,0.78,Credit Card,TC00042,2025,10,October,4,14,1,Tuesday
TT06041,U02344,CR00052,2025-04-24,0.0,Bank Transfer,TC00040,2025,4,April,2,24,3,Thursday
TT06042,U02345,CR00010,2025-07-02,0.0,Bank Transfer,TC00042,2025,7,July,3,2,2,Wednesday
TT06043,U02349,CR00020,2025-03-25,0.0,PayPal,TC00040,2025,3,March,1,25,1,Tuesday
TT06044,U02370,CR00019,2025-03-17,0.0,Credit Card,TC00042,2025,3,March,1,17,0,Monday
TT06045,U02371,CR00033,2025-11-14,0.0,PayPal,TC00040,2025,11,November,4,14,4,Friday
TT06046,U02410,CR00034,2025-09-20,394.26,Bank Transfer,TC00040,2025,9,September,3,20,5,Saturday
TT06047,U02415,CR00047,2025-02-21,89.59,PayPal,TC00042,2025,2,February,1,21,4,Friday
TT06048,U02427,CR00028,2025-06-18,0.78,Bank Transfer,TC00042,2025,6,June,2,18,2,Wednesday
TT06049,U02432,CR00019,2025-12-09,0.0,Bank Transfer,TC00042,2025,12,December,4,9,1,Tuesday
TT06050,U02445,CR00034,2025-06-10,394.26,Bank Transfer,TC00040,2025,6,June,2,10,1,Tuesday
TT06051,U02459,CR00058,2025-11-16,0.0,Credit Card,TC00040,2025,11,November,4,16,6,Sunday
TT06052,U02470,CR00015,2025-10-26,285.05,PayPal,TC00042,2025,10,October,4,26,6,Sunday
TT06053,U02490,CR00030,2025-01-29,0.0,PayPal,TC00042,2025,1,January,1,29,2,Wednesday
TT06054,U02512,CR00035,2025-09-08,0.0,Bank Transfer,TC00040,2025,9,September,3,8,0,Monday
TT06055,U02515,CR00035,2025-05-02,0.0,PayPal,TC00040,2025,5,May,2,2,4,Friday
TT06056,U02537,CR00025,2025-04-01,299.57,Bank Transfer,TC00040,2025,4,April,2,1,1,Tuesday
TT06057,U02540,CR00047,2025-03-01,89.59,Bank Transfer,TC00042,2025,3,March,1,1,5,Saturday
TT06058,U02541,CR00049,2025-04-03,415.51,PayPal,TC00042,2025,4,April,2,3,3,Thursday
TT06059,U02542,CR00003,2025-09-28,0.0,Credit Card,TC00040,2025,9,September,3,28,6,Sunday
TT06060,U02564,CR00031,2025-11-13,0.0,Bank Transfer,TC00040,2025,11,November,4,13,3,Thursday
TT06061,U02566,CR00012,2025-06-06,487.92,Bank Transfer,TC00040,2025,6,June,2,6,4,Friday
TT06062,U02582,CR00020,2025-02-04,0.0,PayPal,TC00042,2025,2,February,1,4,1,Tuesday
TT06063,U02583,CR00005,2025-12-29,0.0,Credit Card,TC00042,2025,12,December,4,29,0,Monday
TT06064,U02602,CR00013,2025-10-20,0.0,PayPal,TC00040,2025,10,October,4,20,0,Monday
TT06065,U02605,CR00054,2025-01-15,0.0,Credit Card,TC00042,2025,1,January,1,15,2,Wednesday
TT06066,U02612,CR00006,2025-10-27,276.37,Credit Card,TC00040,2025,10,October,4,27,0,Monday
TT06067,U02614,CR00055,2025-02-11,57.32,Credit Card,TC00042,2025,2,February,1,11,1,Tuesday
TT06068,U02616,CR00029,2025-01-26,0.0,Credit Card,TC00042,2025,1,January,1,26,6,Sunday
TT06069,U02623,CR00011,2025-04-21,326.02,Credit Card,TC00042,2025,4,April,2,21,0,Monday
TT06070,U02633,CR00048,2025-01-21,0.0,Bank Transfer,TC00040,2025,1,January,1,21,1,Tuesday
TT06071,U02643,CR00040,2025-10-24,327.99,Bank Transfer,TC00042,2025,10,October,4,24,4,Friday
TT06072,U02645,CR00012,2025-10-04,487.92,Bank Transfer,TC00040,2025,10,October,4,4,5,Saturday
TT06073,U02651,CR00018,2025-08-06,0.0,PayPal,TC00042,2025,8,August,3,6,2,Wednesday
TT06074,U02663,CR00048,2025-06-09,0.0,Bank Transfer,TC00040,2025,6,June,2,9,0,Monday
TT06075,U02672,CR00048,2025-06-10,0.0,PayPal,TC00040,2025,6,June,2,10,1,Tuesday
TT06076,U02679,CR00001,2025-10-07,472.28,Bank Transfer,TC00042,2025,10,October,4,7,1,Tuesday
TT06077,U02683,CR00050,2025-04-24,490.9,Credit Card,TC00040,2025,4,April,2,24,3,Thursday
TT06078,U02684,CR00058,2025-05-19,0.0,PayPal,TC00040,2025,5,May,2,19,0,Monday
TT06079,U02709,CR00029,2025-12-23,0.0,Bank Transfer,TC00042,2025,12,December,4,23,1,Tuesday
TT06080,U02733,CR00059,2025-04-26,0.0,PayPal,TC00040,2025,4,April,2,26,5,Saturday
TT06081,U02743,CR00033,2025-04-11,0.0,Bank Transfer,TC00040,2025,4,April,2,11,4,Friday
TT06082,U02754,CR00017,2025-01-09,0.0,Bank Transfer,TC00042,2025,1,January,1,9,3,Thursday
TT06083,U02767,CR00009,2025-06-09,0.0,Bank Transfer,TC00042,2025,6,June,2,9,0,Monday
TT06084,U02770,CR00012,2025-10-16,487.92,Bank Transfer,TC00040,2025,10,October,4,16,3,Thursday
TT06085,U02775,CR00060,2025-11-19,0.0,Bank Transfer,TC00040,2025,11,November,4,19,2,Wednesday
TT06086,U02786,CR00029,2025-03-12,0.0,Credit Card,TC00042,2025,3,March,1,12,2,Wednesday
TT06087,U02788,CR00024,2025-07-14,117.68,Bank Transfer,TC00042,2025,7,July,3,14,0,Monday
TT06088,U02791,CR00004,2025-06-13,0.0,Credit Card,TC00040,2025,6,June,2,13,4,Friday
TT06089,U02792,CR00027,2025-04-20,0.0,Bank Transfer,TC00042,2025,4,April,2,20,6,Sunday
TT06090,U02793,CR00041,2025-11-01,53.86,PayPal,TC00042,2025,11,November,4,1,5,Saturday
TT06091,U02821,CR00008,2025-07-29,0.0,PayPal,TC00040,2025,7,July,3,29,1,Tuesday
TT06092,U02825,CR00021,2025-12-30,0.0,Bank Transfer,TC00040,2025,12,December,4,30,1,Tuesday
TT06093,U02832,CR00028,2025-01-11,0.78,Bank Transfer,TC00042,2025,1,January,1,11,5,Saturday
TT06094,U02843,CR00060,2025-12-20,0.0,Credit Card,TC00040,2025,12,December,4,20,5,Saturday
TT06095,U02844,CR00048,2025-08-23,0.0,Credit Card,TC00042,2025,8,August,3,23,5,Saturday
TT06096,U02850,CR00002,2025-08-05,0.0,Credit Card,TC00042,2025,8,August,3,5,1,Tuesday
TT06097,U02857,CR00018,2025-08-29,0.0,Credit Card,TC00040,2025,8,August,3,29,4,Friday
TT06098,U02883,CR00050,2025-10-11,490.9,Bank Transfer,TC00040,2025,10,October,4,11,5,Saturday
TT06099,U02899,CR00036,2025-05-28,0.0,Bank Transfer,TC00042,2025,5,May,2,28,2,Wednesday
TT06100,U02909,CR00030,2025-11-21,0.0,PayPal,TC00042,2025,11,November,4,21,4,Friday
TT06101,U02915,CR00043,2025-12-15,0.0,Credit Card,TC00040,2025,12,December,4,15,0,Monday
TT06102,U02916,CR00058,2025-06-30,0.0,Bank Transfer,TC00042,2025,6,June,2,30,0,Monday
TT06103,U02927,CR00015,2025-06-13,285.05,Bank Transfer,TC00040,2025,6,June,2,13,4,Friday
TT06104,U02931,CR00045,2025-07-08,0.0,PayPal,TC00040,2025,7,July,3,8,1,Tuesday
TT06105,U02937,CR00028,2025-11-02,0.78,Bank Transfer,TC00042,2025,11,November,4,2,6,Sunday
TT06106,U02941,CR00006,2025-08-12,276.37,Credit Card,TC00042,2025,8,August,3,12,1,Tuesday
TT06107,U02945,CR00046,2025-06-10,248.1,PayPal,TC00042,2025,6,June,2,10,1,Tuesday
TT06108,U02947,CR00051,2025-01-06,37.89,Credit Card,TC00042,2025,1,January,1,6,0,Monday
TT06109,U02958,CR00013,2025-03-02,0.0,PayPal,TC00042,2025,3,March,1,2,6,Sunday
TT06110,U02969,CR00028,2025-01-02,0.78,PayPal,TC00042,2025,1,January,1,2,3,Thursday
TT06111,U02971,CR00050,2025-01-07,490.9,PayPal,TC00040,2025,1,January,1,7,1,Tuesday
TT06112,U02974,CR00047,2025-09-20,89.59,Credit Card,TC00040,2025,9,September,3,20,5,Saturday
TT06113,U02976,CR00039,2025-08-03,346.71,Credit Card,TC00042,2025,8,August,3,3,6,Sunday
TT06114,U02980,CR00041,2025-06-20,53.86,Bank Transfer,TC00042,2025,6,June,2,20,4,Friday
TT06115,U02981,CR00045,2025-11-01,0.0,Bank Transfer,TC00042,2025,11,November,4,1,5,Saturday
TT06116,U02984,CR00053,2025-06-21,0.0,PayPal,TC00040,2025,6,June,2,21,5,Saturday
TT06117,U02989,CR00037,2025-05-12,0.0,Credit Card,TC00040,2025,5,May,2,12,0,Monday
TT06118,U02992,CR00035,2025-12-28,0.0,Bank Transfer,TC00040,2025,12,December,4,28,6,Sunday
TT06119,U02994,CR00023,2025-03-21,0.0,Bank Transfer,TC00042,2025,3,March,1,21,4,Friday
TT06120,U00003,CR00058,2025-03-02,0.0,Bank Transfer,TC00040,2025,3,March,1,2,6,Sunday
TT06121,U00013,CR00012,2025-10-29,487.92,Bank Transfer,TC00042,2025,10,October,4,29,2,Wednesday
TT06122,U00015,CR00041,2025-10-29,53.86,Credit Card,TC00040,2025,10,October,4,29,2,Wednesday
TT06123,U00018,CR00010,2025-09-28,0.0,Credit Card,TC00040,2025,9,September,3,28,6,Sunday
TT06124,U00045,CR00030,2025-09-18,0.0,Bank Transfer,TC00042,2025,9,September,3,18,3,Thursday
TT06125,U00048,CR00031,2025-09-18,0.0,PayPal,TC00040,2025,9,September,3,18,3,Thursday
TT06126,U00055,CR00044,2025-05-13,119.04,PayPal,TC00040,2025,5,May,2,13,1,Tuesday
TT06127,U00071,CR00055,2025-01-27,57.32,Credit Card,TC00042,2025,1,January,1,27,0,Monday
TT06128,U00083,CR00002,2025-01-11,0.0,Bank Transfer,TC00040,2025,1,January,1,11,5,Saturday
TT06129,U00085,CR00004,2025-07-12,0.0,Credit Card,TC00042,2025,7,July,3,12,5,Saturday
TT06130,U00109,CR00009,2025-09-23,0.0,PayPal,TC00040,2025,9,September,3,23,1,Tuesday
TT06131,U00112,CR00010,2025-12-26,0.0,Bank Transfer,TC00040,2025,12,December,4,26,4,Friday
TT06132,U00117,CR00058,2025-03-20,0.0,PayPal,TC00040,2025,3,March,1,20,3,Thursday
TT06133,U00126,CR00051,2025-12-14,37.89,PayPal,TC00040,2025,12,December,4,14,6,Sunday
TT06134,U00128,CR00024,2025-05-11,117.68,PayPal,TC00040,2025,5,May,2,11,6,Sunday
TT06135,U00133,CR00040,2025-08-13,327.99,PayPal,TC00040,2025,8,August,3,13,2,Wednesday
TT06136,U00134,CR00006,2025-02-02,276.37,Bank Transfer,TC00040,2025,2,February,1,2,6,Sunday
TT06137,U00144,CR00059,2025-06-05,0.0,Credit Card,TC00040,2025,6,June,2,5,3,Thursday
TT06138,U00147,CR00029,2025-08-16,0.0,Bank Transfer,TC00042,2025,8,August,3,16,5,Saturday
TT06139,U00149,CR00010,2025-02-23,0.0,PayPal,TC00042,2025,2,February,1,23,6,Sunday
TT06140,U00152,CR00034,2025-11-15,394.26,Bank Transfer,TC00040,2025,11,November,4,15,5,Saturday
TT06141,U00161,CR00012,2025-03-05,487.92,PayPal,TC00040,2025,3,March,1,5,2,Wednesday
TT06142,U00166,CR00023,2025-09-02,0.0,PayPal,TC00040,2025,9,September,3,2,1,Tuesday
TT06143,U00169,CR00008,2025-03-27,0.0,PayPal,TC00040,2025,3,March,1,27,3,Thursday
TT06144,U00173,CR00042,2025-05-03,0.0,Bank Transfer,TC00040,2025,5,May,2,3,5,Saturday
TT06145,U00177,CR00016,2025-09-22,0.0,PayPal,TC00042,2025,9,September,3,22,0,Monday
TT06146,U00191,CR00016,2025-04-27,0.0,Bank Transfer,TC00040,2025,4,April,2,27,6,Sunday
TT06147,U00192,CR00003,2025-07-18,0.0,Bank Transfer,TC00040,2025,7,July,3,18,4,Friday
TT06148,U00198,CR00043,2025-11-29,0.0,Credit Card,TC00040,2025,11,November,4,29,5,Saturday
TT06149,U00208,CR00045,2025-04-27,0.0,PayPal,TC00040,2025,4,April,2,27,6,Sunday
TT06150,U00216,CR00048,2025-09-16,0.0,PayPal,TC00040,2025,9,September,3,16,1,Tuesday
TT06151,U00220,CR00020,2025-12-05,0.0,Credit Card,TC00042,2025,12,December,4,5,4,Friday
TT06152,U00238,CR00013,2025-11-25,0.0,Bank Transfer,TC00042,2025,11,November,4,25,1,Tuesday
TT06153,U00251,CR00035,2025-07-08,0.0,Bank Transfer,TC00040,2025,7,July,3,8,1,Tuesday
TT06154,U00260,CR00035,2025-06-26,0.0,PayPal,TC00040,2025,6,June,2,26,3,Thursday
TT06155,U00265,CR00055,2025-05-07,57.32,Credit Card,TC00042,2025,5,May,2,7,2,Wednesday
TT06156,U00272,CR00026,2025-02-24,0.0,Credit Card,TC00042,2025,2,February,1,24,0,Monday
TT06157,U00282,CR00053,2025-09-30,0.0,Credit Card,TC00040,2025,9,September,3,30,1,Tuesday
TT06158,U00292,CR00054,2025-08-21,0.0,Credit Card,TC00040,2025,8,August,3,21,3,Thursday
TT06159,U00298,CR00015,2025-04-10,285.05,Credit Card,TC00042,2025,4,April,2,10,3,Thursday
TT06160,U00301,CR00024,2025-07-08,117.68,PayPal,TC00042,2025,7,July,3,8,1,Tuesday
TT06161,U00303,CR00051,2025-09-11,37.89,PayPal,TC00040,2025,9,September,3,11,3,Thursday
TT06162,U00310,CR00058,2025-12-06,0.0,PayPal,TC00042,2025,12,December,4,6,5,Saturday
TT06163,U00315,CR00003,2025-07-14,0.0,Credit Card,TC00040,2025,7,July,3,14,0,Monday
TT06164,U00321,CR00029,2025-01-15,0.0,Bank Transfer,TC00042,2025,1,January,1,15,2,Wednesday
TT06165,U00322,CR00019,2025-09-10,0.0,Credit Card,TC00040,2025,9,September,3,10,2,Wednesday
TT06166,U00323,CR00004,2025-04-08,0.0,PayPal,TC00042,2025,4,April,2,8,1,Tuesday
TT06167,U00328,CR00009,2025-11-26,0.0,PayPal,TC00040,2025,11,November,4,26,2,Wednesday
TT06168,U00329,CR00001,2025-04-11,472.28,PayPal,TC00042,2025,4,April,2,11,4,Friday
TT06169,U00330,CR00020,2025-09-22,0.0,Credit Card,TC00042,2025,9,September,3,22,0,Monday
TT06170,U00338,CR00047,2025-08-20,89.59,PayPal,TC00042,2025,8,August,3,20,2,Wednesday
TT06171,U00339,CR00033,2025-12-24,0.0,Credit Card,TC00040,2025,12,December,4,24,2,Wednesday
TT06172,U00340,CR00005,2025-03-21,0.0,PayPal,TC00040,2025,3,March,1,21,4,Friday
TT06173,U00345,CR00052,2025-04-27,0.0,Bank Transfer,TC00040,2025,4,April,2,27,6,Sunday
TT06174,U00351,CR00048,2025-12-20,0.0,Bank Transfer,TC00042,2025,12,December,4,20,5,Saturday
TT06175,U00352,CR00044,2025-11-18,119.04,Bank Transfer,TC00040,2025,11,November,4,18,1,Tuesday
TT06176,U00353,CR00053,2025-07-06,0.0,Bank Transfer,TC00040,2025,7,July,3,6,6,Sunday
TT06177,U00356,CR00051,2025-10-13,37.89,Bank Transfer,TC00040,2025,10,October,4,13,0,Monday
TT06178,U00357,CR00044,2025-10-09,119.04,PayPal,TC00040,2025,10,October,4,9,3,Thursday
TT06179,U00362,CR00058,2025-01-15,0.0,Credit Card,TC00040,2025,1,January,1,15,2,Wednesday
TT06180,U00365,CR00020,2025-07-25,0.0,PayPal,TC00040,2025,7,July,3,25,4,Friday
TT06181,U00379,CR00012,2025-07-26,487.92,PayPal,TC00040,2025,7,July,3,26,5,Saturday
TT06182,U00383,CR00046,2025-05-28,248.1,Credit Card,TC00040,2025,5,May,2,28,2,Wednesday
TT06183,U00394,CR00028,2025-12-05,0.78,Credit Card,TC00042,2025,12,December,4,5,4,Friday
TT06184,U00399,CR00053,2025-12-06,0.0,Credit Card,TC00042,2025,12,December,4,6,5,Saturday
TT06185,U00404,CR00045,2025-07-27,0.0,PayPal,TC00040,2025,7,July,3,27,6,Sunday
TT06186,U00406,CR00016,2025-08-22,0.0,PayPal,TC00042,2025,8,August,3,22,4,Friday
TT06187,U00407,CR00051,2025-12-27,37.89,Bank Transfer,TC00040,2025,12,December,4,27,5,Saturday
TT06188,U00411,CR00010,2025-04-25,0.0,PayPal,TC00042,2025,4,April,2,25,4,Friday
TT06189,U00415,CR00054,2025-08-29,0.0,Credit Card,TC00042,2025,8,August,3,29,4,Friday
TT06190,U00423,CR00041,2025-12-01,53.86,PayPal,TC00040,2025,12,December,4,1,0,Monday
TT06191,U00424,CR00040,2025-10-24,327.99,Bank Transfer,TC00040,2025,10,October,4,24,4,Friday
TT06192,U00427,CR00007,2025-12-26,0.0,Credit Card,TC00042,2025,12,December,4,26,4,Friday
TT06193,U00438,CR00036,2025-10-19,0.0,PayPal,TC00040,2025,10,October,4,19,6,Sunday
TT06194,U00444,CR00024,2025-06-09,117.68,PayPal,TC00040,2025,6,June,2,9,0,Monday
TT06195,U00449,CR00033,2025-10-23,0.0,PayPal,TC00040,2025,10,October,4,23,3,Thursday
TT06196,U00450,CR00059,2025-11-15,0.0,PayPal,TC00042,2025,11,November,4,15,5,Saturday
TT06197,U00464,CR00034,2025-05-23,394.26,Credit Card,TC00040,2025,5,May,2,23,4,Friday
TT06198,U00494,CR00007,2025-04-05,0.0,Bank Transfer,TC00040,2025,4,April,2,5,5,Saturday
TT06199,U00543,CR00047,2025-07-15,89.59,Credit Card,TC00042,2025,7,July,3,15,1,Tuesday
TT06200,U00548,CR00011,2025-09-17,326.02,Bank Transfer,TC00040,2025,9,September,3,17,2,Wednesday
TT06201,U00556,CR00004,2025-07-12,0.0,Credit Card,TC00040,2025,7,July,3,12,5,Saturday
TT06202,U00559,CR00019,2025-05-23,0.0,Credit Card,TC00040,2025,5,May,2,23,4,Friday
TT06203,U00562,CR00056,2025-12-17,212.39,PayPal,TC00042,2025,12,December,4,17,2,Wednesday
TT06204,U00569,CR00055,2025-04-01,57.32,Bank Transfer,TC00040,2025,4,April,2,1,1,Tuesday
TT06205,U00572,CR00035,2025-04-28,0.0,Bank Transfer,TC00040,2025,4,April,2,28,0,Monday
TT06206,U00573,CR00056,2025-05-16,212.39,Credit Card,TC00040,2025,5,May,2,16,4,Friday
TT06207,U00574,CR00019,2025-05-12,0.0,PayPal,TC00042,2025,5,May,2,12,0,Monday
TT06208,U00576,CR00046,2025-11-11,248.1,PayPal,TC00040,2025,11,November,4,11,1,Tuesday
TT06209,U00584,CR00016,2025-01-16,0.0,PayPal,TC00042,2025,1,January,1,16,3,Thursday
TT06210,U00592,CR00027,2025-06-12,0.0,Credit Card,TC00042,2025,6,June,2,12,3,Thursday
TT06211,U00595,CR00002,2025-11-28,0.0,PayPal,TC00040,2025,11,November,4,28,4,Friday
TT06212,U00604,CR00054,2025-08-20,0.0,Credit Card,TC00040,2025,8,August,3,20,2,Wednesday
TT06213,U00619,CR00007,2025-12-08,0.0,PayPal,TC00040,2025,12,December,4,8,0,Monday
TT06214,U00622,CR00022,2025-12-23,0.0,PayPal,TC00042,2025,12,December,4,23,1,Tuesday
TT06215,U00633,CR00056,2025-02-16,212.39,Bank Transfer,TC00042,2025,2,February,1,16,6,Sunday
TT06216,U00636,CR00045,2025-02-24,0.0,Credit Card,TC00042,2025,2,February,1,24,0,Monday
TT06217,U00639,CR00019,2025-12-16,0.0,Bank Transfer,TC00040,2025,12,December,4,16,1,Tuesday
TT06218,U00666,CR00036,2025-11-28,0.0,PayPal,TC00040,2025,11,November,4,28,4,Friday
TT06219,U00687,CR00055,2025-06-01,57.32,Credit Card,TC00042,2025,6,June,2,1,6,Sunday
TT06220,U00701,CR00028,2025-02-02,0.78,Credit Card,TC00042,2025,2,February,1,2,6,Sunday
TT06221,U00704,CR00036,2025-08-12,0.0,PayPal,TC00042,2025,8,August,3,12,1,Tuesday
TT06222,U00709,CR00009,2025-02-07,0.0,Credit Card,TC00042,2025,2,February,1,7,4,Friday
TT06223,U00723,CR00006,2025-08-03,276.37,Credit Card,TC00042,2025,8,August,3,3,6,Sunday
TT06224,U00724,CR00012,2025-01-18,487.92,Credit Card,TC00042,2025,1,January,1,18,5,Saturday
TT06225,U00752,CR00042,2025-01-10,0.0,Credit Card,TC00040,2025,1,January,1,10,4,Friday
TT06226,U00760,CR00009,2025-01-07,0.0,Bank Transfer,TC00042,2025,1,January,1,7,1,Tuesday
TT06227,U00765,CR00021,2025-07-27,0.0,PayPal,TC00042,2025,7,July,3,27,6,Sunday
TT06228,U00772,CR00048,2025-08-03,0.0,Bank Transfer,TC00040,2025,8,August,3,3,6,Sunday
TT06229,U00775,CR00009,2025-01-22,0.0,Bank Transfer,TC00042,2025,1,January,1,22,2,Wednesday
TT06230,U00787,CR00007,2025-07-29,0.0,Bank Transfer,TC00042,2025,7,July,3,29,1,Tuesday
TT06231,U00819,CR00007,2025-01-23,0.0,PayPal,TC00042,2025,1,January,1,23,3,Thursday
TT06232,U00821,CR00015,2025-10-12,285.05,PayPal,TC00042,2025,10,October,4,12,6,Sunday
TT06233,U00829,CR00033,2025-07-22,0.0,PayPal,TC00040,2025,7,July,3,22,1,Tuesday
TT06234,U00836,CR00029,2025-02-13,0.0,Credit Card,TC00042,2025,2,February,1,13,3,Thursday
TT06235,U00838,CR00007,2025-12-14,0.0,Credit Card,TC00040,2025,12,December,4,14,6,Sunday
TT06236,U00850,CR00032,2025-01-21,0.0,Credit Card,TC00040,2025,1,January,1,21,1,Tuesday
TT06237,U00852,CR00035,2025-12-17,0.0,PayPal,TC00040,2025,12,December,4,17,2,Wednesday
TT06238,U00858,CR00017,2025-07-25,0.0,PayPal,TC00042,2025,7,July,3,25,4,Friday
TT06239,U00870,CR00007,2025-10-25,0.0,Credit Card,TC00042,2025,10,October,4,25,5,Saturday
TT06240,U00874,CR00004,2025-05-23,0.0,Credit Card,TC00040,2025,5,May,2,23,4,Friday
TT06241,U00876,CR00015,2025-01-16,285.05,Credit Card,TC00040,2025,1,January,1,16,3,Thursday
TT06242,U00881,CR00016,2025-07-22,0.0,Bank Transfer,TC00040,2025,7,July,3,22,1,Tuesday
TT06243,U00898,CR00022,2025-04-23,0.0,Bank Transfer,TC00042,2025,4,April,2,23,2,Wednesday
TT06244,U00903,CR00058,2025-03-03,0.0,Credit Card,TC00042,2025,3,March,1,3,0,Monday
TT06245,U00907,CR00060,2025-02-21,0.0,PayPal,TC00042,2025,2,February,1,21,4,Friday
TT06246,U00911,CR00058,2025-07-04,0.0,Bank Transfer,TC00040,2025,7,July,3,4,4,Friday
TT06247,U00915,CR00052,2025-05-10,0.0,Credit Card,TC00042,2025,5,May,2,10,5,Saturday
TT06248,U00917,CR00010,2025-06-08,0.0,Bank Transfer,TC00042,2025,6,June,2,8,6,Sunday
TT06249,U00919,CR00017,2025-11-02,0.0,Bank Transfer,TC00042,2025,11,November,4,2,6,Sunday
TT06250,U00928,CR00027,2025-01-19,0.0,Credit Card,TC00042,2025,1,January,1,19,6,Sunday
TT06251,U00959,CR00015,2025-05-09,285.05,PayPal,TC00042,2025,5,May,2,9,4,Friday
TT06252,U00961,CR00003,2025-03-01,0.0,Bank Transfer,TC00040,2025,3,March,1,1,5,Saturday
TT06253,U00967,CR00016,2025-10-03,0.0,Credit Card,TC00042,2025,10,October,4,3,4,Friday
TT06254,U00976,CR00020,2025-10-21,0.0,PayPal,TC00042,2025,10,October,4,21,1,Tuesday
TT06255,U00981,CR00047,2025-07-18,89.59,Bank Transfer,TC00040,2025,7,July,3,18,4,Friday
TT06256,U00989,CR00045,2025-05-11,0.0,PayPal,TC00040,2025,5,May,2,11,6,Sunday
TT06257,U00997,CR00013,2025-06-21,0.0,PayPal,TC00040,2025,6,June,2,21,5,Saturday
TT06258,U01000,CR00055,2025-06-26,57.32,PayPal,TC00040,2025,6,June,2,26,3,Thursday
TT06259,U01015,CR00025,2025-09-10,299.57,PayPal,TC00042,2025,9,September,3,10,2,Wednesday
TT06260,U01020,CR00034,2025-06-09,394.26,PayPal,TC00040,2025,6,June,2,9,0,Monday
TT06261,U01022,CR00022,2025-08-29,0.0,Bank Transfer,TC00042,2025,8,August,3,29,4,Friday
TT06262,U01031,CR00058,2025-04-24,0.0,Bank Transfer,TC00042,2025,4,April,2,24,3,Thursday
TT06263,U01032,CR00019,2025-05-15,0.0,PayPal,TC00042,2025,5,May,2,15,3,Thursday
TT06264,U01033,CR00011,2025-10-23,326.02,Credit Card,TC00040,2025,10,October,4,23,3,Thursday
TT06265,U01034,CR00033,2025-11-15,0.0,Credit Card,TC00040,2025,11,November,4,15,5,Saturday
TT06266,U01066,CR00058,2025-12-18,0.0,PayPal,TC00040,2025,12,December,4,18,3,Thursday
TT06267,U01079,CR00048,2025-03-06,0.0,PayPal,TC00040,2025,3,March,1,6,3,Thursday
TT06268,U01083,CR00026,2025-05-18,0.0,Credit Card,TC00042,2025,5,May,2,18,6,Sunday
TT06269,U01084,CR00025,2025-01-28,299.57,Bank Transfer,TC00040,2025,1,January,1,28,1,Tuesday
TT06270,U01092,CR00054,2025-07-12,0.0,Bank Transfer,TC00042,2025,7,July,3,12,5,Saturday
TT06271,U01096,CR00025,2025-09-18,299.57,PayPal,TC00040,2025,9,September,3,18,3,Thursday
TT06272,U01123,CR00050,2025-10-11,490.9,Credit Card,TC00042,2025,10,October,4,11,5,Saturday
TT06273,U01143,CR00024,2025-12-15,117.68,Credit Card,TC00040,2025,12,December,4,15,0,Monday
TT06274,U01146,CR00028,2025-09-12,0.78,Bank Transfer,TC00042,2025,9,September,3,12,4,Friday
TT06275,U01151,CR00020,2025-09-24,0.0,PayPal,TC00040,2025,9,September,3,24,2,Wednesday
TT06276,U01158,CR00040,2025-03-15,327.99,PayPal,TC00040,2025,3,March,1,15,5,Saturday
TT06277,U01163,CR00018,2025-05-22,0.0,Bank Transfer,TC00040,2025,5,May,2,22,3,Thursday
TT06278,U01167,CR00013,2025-02-18,0.0,Credit Card,TC00042,2025,2,February,1,18,1,Tuesday
TT06279,U01170,CR00049,2025-09-09,415.51,PayPal,TC00040,2025,9,September,3,9,1,Tuesday
TT06280,U01177,CR00018,2025-12-08,0.0,Credit Card,TC00042,2025,12,December,4,8,0,Monday
TT06281,U01197,CR00021,2025-03-25,0.0,Credit Card,TC00042,2025,3,March,1,25,1,Tuesday
TT06282,U01203,CR00055,2025-09-25,57.32,Credit Card,TC00040,2025,9,September,3,25,3,Thursday
TT06283,U01221,CR00046,2025-01-03,248.1,Credit Card,TC00042,2025,1,January,1,3,4,Friday
TT06284,U01224,CR00002,2025-08-10,0.0,Credit Card,TC00040,2025,8,August,3,10,6,Sunday
TT06285,U01231,CR00057,2025-03-29,177.34,PayPal,TC00042,2025,3,March,1,29,5,Saturday
TT06286,U01235,CR00053,2025-01-17,0.0,Credit Card,TC00040,2025,1,January,1,17,4,Friday
TT06287,U01239,CR00012,2025-03-23,487.92,Bank Transfer,TC00042,2025,3,March,1,23,6,Sunday
TT06288,U01244,CR00006,2025-05-13,276.37,Bank Transfer,TC00042,2025,5,May,2,13,1,Tuesday
TT06289,U01249,CR00026,2025-09-03,0.0,Bank Transfer,TC00042,2025,9,September,3,3,2,Wednesday
TT06290,U01250,CR00032,2025-11-07,0.0,Credit Card,TC00040,2025,11,November,4,7,4,Friday
TT06291,U01261,CR00054,2025-04-14,0.0,Bank Transfer,TC00042,2025,4,April,2,14,0,Monday
TT06292,U01266,CR00001,2025-11-15,472.28,PayPal,TC00040,2025,11,November,4,15,5,Saturday
TT06293,U01267,CR00031,2025-03-18,0.0,Credit Card,TC00040,2025,3,March,1,18,1,Tuesday
TT06294,U01268,CR00019,2025-03-01,0.0,Bank Transfer,TC00042,2025,3,March,1,1,5,Saturday
TT06295,U01277,CR00016,2025-02-18,0.0,Credit Card,TC00042,2025,2,February,1,18,1,Tuesday
TT06296,U01280,CR00005,2025-01-24,0.0,Credit Card,TC00042,2025,1,January,1,24,4,Friday
TT06297,U01281,CR00011,2025-01-22,326.02,Credit Card,TC00040,2025,1,January,1,22,2,Wednesday
TT06298,U01284,CR00053,2025-12-06,0.0,Bank Transfer,TC00040,2025,12,December,4,6,5,Saturday
TT06299,U01286,CR00045,2025-02-18,0.0,Bank Transfer,TC00042,2025,2,February,1,18,1,Tuesday
TT06300,U01287,CR00057,2025-06-25,177.34,Credit Card,TC00042,2025,6,June,2,25,2,Wednesday
TT06301,U01290,CR00013,2025-10-17,0.0,PayPal,TC00040,2025,10,October,4,17,4,Friday
TT06302,U01315,CR00037,2025-02-09,0.0,Credit Card,TC00040,2025,2,February,1,9,6,Sunday
TT06303,U01318,CR00051,2025-11-13,37.89,Bank Transfer,TC00040,2025,11,November,4,13,3,Thursday
TT06304,U01321,CR00007,2025-03-02,0.0,Credit Card,TC00040,2025,3,March,1,2,6,Sunday
TT06305,U01322,CR00026,2025-07-18,0.0,Credit Card,TC00042,2025,7,July,3,18,4,Friday
TT06306,U01331,CR00038,2025-06-16,342.61,Bank Transfer,TC00042,2025,6,June,2,16,0,Monday
TT06307,U01332,CR00025,2025-03-01,299.57,PayPal,TC00042,2025,3,March,1,1,5,Saturday
TT06308,U01334,CR00060,2025-03-25,0.0,Bank Transfer,TC00042,2025,3,March,1,25,1,Tuesday
TT06309,U01336,CR00051,2025-01-26,37.89,Credit Card,TC00042,2025,1,January,1,26,6,Sunday
TT06310,U01337,CR00037,2025-09-26,0.0,Credit Card,TC00040,2025,9,September,3,26,4,Friday
TT06311,U01344,CR00007,2025-05-11,0.0,PayPal,TC00042,2025,5,May,2,11,6,Sunday
TT06312,U01346,CR00058,2025-05-23,0.0,Bank Transfer,TC00042,2025,5,May,2,23,4,Friday
TT06313,U01350,CR00022,2025-06-05,0.0,Bank Transfer,TC00040,2025,6,June,2,5,3,Thursday
TT06314,U01352,CR00020,2025-07-29,0.0,Credit Card,TC00042,2025,7,July,3,29,1,Tuesday
TT06315,U01355,CR00020,2025-12-22,0.0,Credit Card,TC00040,2025,12,December,4,22,0,Monday
TT06316,U01364,CR00012,2025-09-22,487.92,Bank Transfer,TC00042,2025,9,September,3,22,0,Monday
TT06317,U01365,CR00025,2025-12-07,299.57,Credit Card,TC00040,2025,12,December,4,7,6,Sunday
TT06318,U01375,CR00049,2025-12-25,415.51,Credit Card,TC00040,2025,12,December,4,25,3,Thursday
TT06319,U01394,CR00053,2025-01-28,0.0,PayPal,TC00042,2025,1,January,1,28,1,Tuesday
TT06320,U01395,CR00001,2025-05-12,472.28,Bank Transfer,TC00040,2025,5,May,2,12,0,Monday
TT06321,U01397,CR00052,2025-10-04,0.0,Credit Card,TC00040,2025,10,October,4,4,5,Saturday
TT06322,U01399,CR00060,2025-02-04,0.0,PayPal,TC00040,2025,2,February,1,4,1,Tuesday
TT06323,U01405,CR00025,2025-03-02,299.57,Credit Card,TC00042,2025,3,March,1,2,6,Sunday
TT06324,U01411,CR00057,2025-06-20,177.34,Credit Card,TC00040,2025,6,June,2,20,4,Friday
TT06325,U01414,CR00055,2025-06-05,57.32,PayPal,TC00042,2025,6,June,2,5,3,Thursday
TT06326,U01429,CR00058,2025-05-24,0.0,Credit Card,TC00042,2025,5,May,2,24,5,Saturday
TT06327,U01430,CR00019,2025-11-08,0.0,PayPal,TC00040,2025,11,November,4,8,5,Saturday
TT06328,U01432,CR00034,2025-03-13,394.26,PayPal,TC00040,2025,3,March,1,13,3,Thursday
TT06329,U01435,CR00049,2025-01-21,415.51,Bank Transfer,TC00042,2025,1,January,1,21,1,Tuesday
TT06330,U01445,CR00052,2025-03-17,0.0,Credit Card,TC00040,2025,3,March,1,17,0,Monday
TT06331,U01450,CR00009,2025-05-02,0.0,Credit Card,TC00042,2025,5,May,2,2,4,Friday
TT06332,U01451,CR00022,2025-08-26,0.0,Bank Transfer,TC00042,2025,8,August,3,26,1,Tuesday
TT06333,U01455,CR00006,2025-02-16,276.37,Credit Card,TC00040,2025,2,February,1,16,6,Sunday
TT06334,U01463,CR00043,2025-06-11,0.0,PayPal,TC00042,2025,6,June,2,11,2,Wednesday
TT06335,U01472,CR00016,2025-01-04,0.0,PayPal,TC00040,2025,1,January,1,4,5,Saturday
TT06336,U01473,CR00024,2025-08-25,117.68,PayPal,TC00040,2025,8,August,3,25,0,Monday
TT06337,U01475,CR00046,2025-04-12,248.1,PayPal,TC00042,2025,4,April,2,12,5,Saturday
TT06338,U01488,CR00043,2025-04-02,0.0,Bank Transfer,TC00042,2025,4,April,2,2,2,Wednesday
TT06339,U01496,CR00043,2025-11-17,0.0,Bank Transfer,TC00040,2025,11,November,4,17,0,Monday
TT06340,U01497,CR00050,2025-08-10,490.9,Credit Card,TC00042,2025,8,August,3,10,6,Sunday
TT06341,U01500,CR00021,2025-10-24,0.0,Credit Card,TC00040,2025,10,October,4,24,4,Friday
TT06342,U01506,CR00036,2025-12-01,0.0,Credit Card,TC00042,2025,12,December,4,1,0,Monday
TT06343,U01511,CR00041,2025-04-05,53.86,PayPal,TC00040,2025,4,April,2,5,5,Saturday
TT06344,U01512,CR00030,2025-10-17,0.0,Credit Card,TC00042,2025,10,October,4,17,4,Friday
TT06345,U01517,CR00046,2025-06-18,248.1,Bank Transfer,TC00042,2025,6,June,2,18,2,Wednesday
TT06346,U01522,CR00028,2025-01-07,0.78,Credit Card,TC00042,2025,1,January,1,7,1,Tuesday
TT06347,U01526,CR00052,2025-01-11,0.0,PayPal,TC00042,2025,1,January,1,11,5,Saturday
TT06348,U01528,CR00006,2025-05-24,276.37,Bank Transfer,TC00042,2025,5,May,2,24,5,Saturday
TT06349,U01530,CR00028,2025-08-28,0.78,Bank Transfer,TC00042,2025,8,August,3,28,3,Thursday
TT06350,U01531,CR00030,2025-04-15,0.0,Bank Transfer,TC00042,2025,4,April,2,15,1,Tuesday
TT06351,U01543,CR00042,2025-01-24,0.0,Bank Transfer,TC00042,2025,1,January,1,24,4,Friday
TT06352,U01553,CR00044,2025-03-14,119.04,PayPal,TC00040,2025,3,March,1,14,4,Friday
TT06353,U01575,CR00022,2025-08-11,0.0,PayPal,TC00040,2025,8,August,3,11,0,Monday
TT06354,U01578,CR00044,2025-06-24,119.04,Credit Card,TC00042,2025,6,June,2,24,1,Tuesday
TT06355,U01585,CR00001,2025-02-05,472.28,PayPal,TC00040,2025,2,February,1,5,2,Wednesday
TT06356,U01586,CR00048,2025-01-23,0.0,PayPal,TC00040,2025,1,January,1,23,3,Thursday
TT06357,U01602,CR00038,2025-04-27,342.61,PayPal,TC00042,2025,4,April,2,27,6,Sunday
TT06358,U01628,CR00047,2025-12-04,89.59,Bank Transfer,TC00042,2025,12,December,4,4,3,Thursday
TT06359,U01635,CR00048,2025-09-08,0.0,Bank Transfer,TC00042,2025,9,September,3,8,0,Monday
TT06360,U01637,CR00017,2025-08-28,0.0,Credit Card,TC00040,2025,8,August,3,28,3,Thursday
TT06361,U01647,CR00017,2025-08-17,0.0,Bank Transfer,TC00042,2025,8,August,3,17,6,Sunday
TT06362,U01649,CR00038,2025-01-24,342.61,Credit Card,TC00040,2025,1,January,1,24,4,Friday
TT06363,U01654,CR00007,2025-03-15,0.0,PayPal,TC00042,2025,3,March,1,15,5,Saturday
TT06364,U01656,CR00049,2025-05-28,415.51,Bank Transfer,TC00042,2025,5,May,2,28,2,Wednesday
TT06365,U01662,CR00042,2025-12-21,0.0,PayPal,TC00042,2025,12,December,4,21,6,Sunday
TT06366,U01666,CR00015,2025-01-16,285.05,PayPal,TC00042,2025,1,January,1,16,3,Thursday
TT06367,U01671,CR00029,2025-09-02,0.0,Bank Transfer,TC00042,2025,9,September,3,2,1,Tuesday
TT06368,U01674,CR00019,2025-05-01,0.0,PayPal,TC00042,2025,5,May,2,1,3,Thursday
TT06369,U01692,CR00006,2025-10-18,276.37,PayPal,TC00042,2025,10,October,4,18,5,Saturday
TT06370,U01695,CR00026,2025-08-11,0.0,PayPal,TC00042,2025,8,August,3,11,0,Monday
TT06371,U01702,CR00008,2025-02-27,0.0,Credit Card,TC00040,2025,2,February,1,27,3,Thursday
TT06372,U01708,CR00018,2025-05-28,0.0,Credit Card,TC00042,2025,5,May,2,28,2,Wednesday
TT06373,U01720,CR00038,2025-09-05,342.61,Bank Transfer,TC00040,2025,9,September,3,5,4,Friday
TT06374,U01724,CR00038,2025-08-21,342.61,Credit Card,TC00042,2025,8,August,3,21,3,Thursday
TT06375,U01726,CR00007,2025-04-28,0.0,Credit Card,TC00042,2025,4,April,2,28,0,Monday
TT06376,U01729,CR00011,2025-11-27,326.02,Credit Card,TC00042,2025,11,November,4,27,3,Thursday
TT06377,U01745,CR00039,2025-10-17,346.71,Bank Transfer,TC00042,2025,10,October,4,17,4,Friday
TT06378,U01746,CR00043,2025-01-23,0.0,PayPal,TC00040,2025,1,January,1,23,3,Thursday
TT06379,U01762,CR00005,2025-05-24,0.0,Credit Card,TC00040,2025,5,May,2,24,5,Saturday
TT06380,U01773,CR00041,2025-10-23,53.86,PayPal,TC00040,2025,10,October,4,23,3,Thursday
TT06381,U01786,CR00058,2025-07-14,0.0,Credit Card,TC00040,2025,7,July,3,14,0,Monday
TT06382,U01789,CR00036,2025-03-02,0.0,Credit Card,TC00042,2025,3,March,1,2,6,Sunday
TT06383,U01795,CR00059,2025-04-03,0.0,Credit Card,TC00042,2025,4,April,2,3,3,Thursday
TT06384,U01805,CR00031,2025-01-05,0.0,PayPal,TC00040,2025,1,January,1,5,6,Sunday
TT06385,U01809,CR00056,2025-04-30,212.39,Credit Card,TC00040,2025,4,April,2,30,2,Wednesday
TT06386,U01810,CR00037,2025-02-09,0.0,PayPal,TC00040,2025,2,February,1,9,6,Sunday
TT06387,U01812,CR00024,2025-03-10,117.68,Credit Card,TC00040,2025,3,March,1,10,0,Monday
TT06388,U01820,CR00001,2025-09-21,472.28,Credit Card,TC00042,2025,9,September,3,21,6,Sunday
TT06389,U01822,CR00007,2025-12-20,0.0,Bank Transfer,TC00042,2025,12,December,4,20,5,Saturday
TT06390,U01825,CR00038,2025-11-15,342.61,PayPal,TC00042,2025,11,November,4,15,5,Saturday
TT06391,U01840,CR00059,2025-08-11,0.0,Credit Card,TC00040,2025,8,August,3,11,0,Monday
TT06392,U01842,CR00036,2025-01-14,0.0,Credit Card,TC00040,2025,1,January,1,14,1,Tuesday
TT06393,U01854,CR00056,2025-07-20,212.39,Credit Card,TC00042,2025,7,July,3,20,6,Sunday
TT06394,U01867,CR00004,2025-11-25,0.0,PayPal,TC00042,2025,11,November,4,25,1,Tuesday
TT06395,U01871,CR00024,2025-07-21,117.68,PayPal,TC00040,2025,7,July,3,21,0,Monday
TT06396,U01872,CR00004,2025-01-17,0.0,PayPal,TC00042,2025,1,January,1,17,4,Friday
TT06397,U01876,CR00001,2025-07-23,472.28,Credit Card,TC00040,2025,7,July,3,23,2,Wednesday
TT06398,U01877,CR00058,2025-10-18,0.0,Credit Card,TC00042,2025,10,October,4,18,5,Saturday
TT06399,U01879,CR00044,2025-12-24,119.04,Credit Card,TC00040,2025,12,December,4,24,2,Wednesday
TT06400,U01893,CR00014,2025-06-10,0.0,Bank Transfer,TC00042,2025,6,June,2,10,1,Tuesday
TT06401,U01896,CR00049,2025-11-28,415.51,Credit Card,TC00042,2025,11,November,4,28,4,Friday
TT06402,U01900,CR00021,2025-10-07,0.0,Bank Transfer,TC00042,2025,10,October,4,7,1,Tuesday
TT06403,U01903,CR00057,2025-08-05,177.34,Credit Card,TC00040,2025,8,August,3,5,1,Tuesday
TT06404,U01906,CR00060,2025-04-15,0.0,PayPal,TC00040,2025,4,April,2,15,1,Tuesday
TT06405,U01908,CR00009,2025-04-26,0.0,Bank Transfer,TC00042,2025,4,April,2,26,5,Saturday
TT06406,U01917,CR00018,2025-09-15,0.0,Credit Card,TC00042,2025,9,September,3,15,0,Monday
TT06407,U01918,CR00024,2025-11-23,117.68,Credit Card,TC00040,2025,11,November,4,23,6,Sunday
TT06408,U01920,CR00024,2025-01-20,117.68,Bank Transfer,TC00042,2025,1,January,1,20,0,Monday
TT06409,U01926,CR00002,2025-08-24,0.0,PayPal,TC00042,2025,8,August,3,24,6,Sunday
TT06410,U01929,CR00024,2025-03-21,117.68,PayPal,TC00040,2025,3,March,1,21,4,Friday
TT06411,U01931,CR00038,2025-09-12,342.61,Credit Card,TC00040,2025,9,September,3,12,4,Friday
TT06412,U01934,CR00047,2025-10-08,89.59,Bank Transfer,TC00042,2025,10,October,4,8,2,Wednesday
TT06413,U01943,CR00038,2025-04-29,342.61,PayPal,TC00040,2025,4,April,2,29,1,Tuesday
TT06414,U01958,CR00042,2025-09-28,0.0,Credit Card,TC00042,2025,9,September,3,28,6,Sunday
TT06415,U01961,CR00005,2025-04-13,0.0,Bank Transfer,TC00040,2025,4,April,2,13,6,Sunday
TT06416,U01962,CR00053,2025-02-02,0.0,Bank Transfer,TC00040,2025,2,February,1,2,6,Sunday
TT06417,U01987,CR00027,2025-06-01,0.0,PayPal,TC00042,2025,6,June,2,1,6,Sunday
TT06418,U01989,CR00027,2025-06-22,0.0,PayPal,TC00042,2025,6,June,2,22,6,Sunday
TT06419,U01993,CR00041,2025-03-10,53.86,Credit Card,TC00042,2025,3,March,1,10,0,Monday
TT06420,U01994,CR00022,2025-08-18,0.0,Credit Card,TC00042,2025,8,August,3,18,0,Monday
TT06421,U01998,CR00001,2025-01-07,472.28,Bank Transfer,TC00042,2025,1,January,1,7,1,Tuesday
TT06422,U02010,CR00020,2025-05-10,0.0,Bank Transfer,TC00042,2025,5,May,2,10,5,Saturday
TT06423,U02015,CR00034,2025-09-23,394.26,PayPal,TC00040,2025,9,September,3,23,1,Tuesday
TT06424,U02022,CR00059,2025-01-17,0.0,Credit Card,TC00042,2025,1,January,1,17,4,Friday
TT06425,U02035,CR00049,2025-02-22,415.51,PayPal,TC00042,2025,2,February,1,22,5,Saturday
TT06426,U02038,CR00023,2025-08-11,0.0,PayPal,TC00042,2025,8,August,3,11,0,Monday
TT06427,U02039,CR00004,2025-10-30,0.0,PayPal,TC00042,2025,10,October,4,30,3,Thursday
TT06428,U02055,CR00040,2025-08-04,327.99,PayPal,TC00042,2025,8,August,3,4,0,Monday
TT06429,U02058,CR00054,2025-08-06,0.0,Bank Transfer,TC00042,2025,8,August,3,6,2,Wednesday
TT06430,U02064,CR00010,2025-03-13,0.0,PayPal,TC00042,2025,3,March,1,13,3,Thursday
TT06431,U02071,CR00026,2025-04-10,0.0,Credit Card,TC00042,2025,4,April,2,10,3,Thursday
TT06432,U02074,CR00025,2025-04-07,299.57,PayPal,TC00042,2025,4,April,2,7,0,Monday
TT06433,U02077,CR00013,2025-07-11,0.0,Bank Transfer,TC00040,2025,7,July,3,11,4,Friday
TT06434,U02094,CR00036,2025-05-11,0.0,Bank Transfer,TC00040,2025,5,May,2,11,6,Sunday
TT06435,U02096,CR00017,2025-08-13,0.0,Credit Card,TC00042,2025,8,August,3,13,2,Wednesday
TT06436,U02098,CR00015,2025-03-12,285.05,Credit Card,TC00040,2025,3,March,1,12,2,Wednesday
TT06437,U02144,CR00034,2025-05-19,394.26,Credit Card,TC00040,2025,5,May,2,19,0,Monday
TT06438,U02147,CR00055,2025-12-03,57.32,Credit Card,TC00042,2025,12,December,4,3,2,Wednesday
TT06439,U02149,CR00023,2025-04-27,0.0,PayPal,TC00040,2025,4,April,2,27,6,Sunday
TT06440,U02151,CR00049,2025-10-13,415.51,Credit Card,TC00042,2025,10,October,4,13,0,Monday
TT06441,U02152,CR00034,2025-11-14,394.26,PayPal,TC00040,2025,11,November,4,14,4,Friday
TT06442,U02153,CR00004,2025-11-14,0.0,Bank Transfer,TC00040,2025,11,November,4,14,4,Friday
TT06443,U02155,CR00014,2025-09-25,0.0,Credit Card,TC00040,2025,9,September,3,25,3,Thursday
TT06444,U02161,CR00022,2025-03-11,0.0,PayPal,TC00042,2025,3,March,1,11,1,Tuesday
TT06445,U02174,CR00005,2025-08-20,0.0,Credit Card,TC00040,2025,8,August,3,20,2,Wednesday
TT06446,U02199,CR00045,2025-11-27,0.0,Bank Transfer,TC00040,2025,11,November,4,27,3,Thursday
TT06447,U02212,CR00015,2025-03-09,285.05,Bank Transfer,TC00042,2025,3,March,1,9,6,Sunday
TT06448,U02215,CR00042,2025-11-13,0.0,Credit Card,TC00040,2025,11,November,4,13,3,Thursday
TT06449,U02217,CR00004,2025-06-12,0.0,Credit Card,TC00040,2025,6,June,2,12,3,Thursday
TT06450,U02224,CR00059,2025-03-11,0.0,Credit Card,TC00040,2025,3,March,1,11,1,Tuesday
TT06451,U02231,CR00036,2025-09-13,0.0,Bank Transfer,TC00042,2025,9,September,3,13,5,Saturday
TT06452,U02248,CR00016,2025-11-10,0.0,Credit Card,TC00042,2025,11,November,4,10,0,Monday
TT06453,U02250,CR00047,2025-11-02,89.59,Credit Card,TC00040,2025,11,November,4,2,6,Sunday
TT06454,U02254,CR00011,2025-09-26,326.02,Credit Card,TC00040,2025,9,September,3,26,4,Friday
TT06455,U02258,CR00011,2025-06-29,326.02,Bank Transfer,TC00040,2025,6,June,2,29,6,Sunday
TT06456,U02284,CR00005,2025-09-18,0.0,Credit Card,TC00040,2025,9,September,3,18,3,Thursday
TT06457,U02288,CR00022,2025-06-11,0.0,PayPal,TC00042,2025,6,June,2,11,2,Wednesday
TT06458,U02290,CR00013,2025-01-15,0.0,Bank Transfer,TC00042,2025,1,January,1,15,2,Wednesday
TT06459,U02300,CR00032,2025-09-01,0.0,Credit Card,TC00040,2025,9,September,3,1,0,Monday
TT06460,U02301,CR00021,2025-04-15,0.0,Bank Transfer,TC00040,2025,4,April,2,15,1,Tuesday
TT06461,U02306,CR00029,2025-12-08,0.0,PayPal,TC00042,2025,12,December,4,8,0,Monday
TT06462,U02315,CR00018,2025-11-06,0.0,Bank Transfer,TC00040,2025,11,November,4,6,3,Thursday
TT06463,U02336,CR00005,2025-02-22,0.0,Credit Card,TC00040,2025,2,February,1,22,5,Saturday
TT06464,U02337,CR00014,2025-11-10,0.0,PayPal,TC00042,2025,11,November,4,10,0,Monday
TT06465,U02344,CR00056,2025-11-14,212.39,Credit Card,TC00040,2025,11,November,4,14,4,Friday
TT06466,U02345,CR00056,2025-10-16,212.39,PayPal,TC00042,2025,10,October,4,16,3,Thursday
TT06467,U02349,CR00040,2025-01-18,327.99,Bank Transfer,TC00042,2025,1,January,1,18,5,Saturday
TT06468,U02370,CR00007,2025-12-30,0.0,Bank Transfer,TC00042,2025,12,December,4,30,1,Tuesday
TT06469,U02410,CR00012,2025-02-05,487.92,Bank Transfer,TC00040,2025,2,February,1,5,2,Wednesday
TT06470,U02415,CR00005,2025-05-21,0.0,PayPal,TC00042,2025,5,May,2,21,2,Wednesday
TT06471,U02427,CR00056,2025-07-12,212.39,Bank Transfer,TC00042,2025,7,July,3,12,5,Saturday
TT06472,U02445,CR00029,2025-02-19,0.0,PayPal,TC00042,2025,2,February,1,19,2,Wednesday
TT06473,U02459,CR00004,2025-12-20,0.0,Bank Transfer,TC00040,2025,12,December,4,20,5,Saturday
TT06474,U02470,CR00054,2025-07-04,0.0,Bank Transfer,TC00040,2025,7,July,3,4,4,Friday
TT06475,U02485,CR00045,2025-07-04,0.0,PayPal,TC00042,2025,7,July,3,4,4,Friday
TT06476,U02490,CR00022,2025-12-27,0.0,Bank Transfer,TC00042,2025,12,December,4,27,5,Saturday
TT06477,U02512,CR00023,2025-07-18,0.0,Bank Transfer,TC00040,2025,7,July,3,18,4,Friday
TT06478,U02537,CR00032,2025-04-15,0.0,Credit Card,TC00040,2025,4,April,2,15,1,Tuesday
TT06479,U02540,CR00040,2025-07-15,327.99,Credit Card,TC00040,2025,7,July,3,15,1,Tuesday
TT06480,U02541,CR00016,2025-01-30,0.0,Bank Transfer,TC00040,2025,1,January,1,30,3,Thursday
TT06481,U02542,CR00055,2025-06-09,57.32,PayPal,TC00040,2025,6,June,2,9,0,Monday
TT06482,U02564,CR00056,2025-04-30,212.39,Credit Card,TC00042,2025,4,April,2,30,2,Wednesday
TT06483,U02566,CR00021,2025-01-08,0.0,Credit Card,TC00042,2025,1,January,1,8,2,Wednesday
TT06484,U02582,CR00030,2025-10-13,0.0,Credit Card,TC00042,2025,10,October,4,13,0,Monday
TT06485,U02583,CR00007,2025-10-29,0.0,PayPal,TC00040,2025,10,October,4,29,2,Wednesday
TT06486,U02602,CR00050,2025-08-18,490.9,Credit Card,TC00040,2025,8,August,3,18,0,Monday
TT06487,U02605,CR00017,2025-11-20,0.0,PayPal,TC00042,2025,11,November,4,20,3,Thursday
TT06488,U02612,CR00051,2025-06-25,37.89,Credit Card,TC00040,2025,6,June,2,25,2,Wednesday
TT06489,U02614,CR00015,2025-05-28,285.05,Bank Transfer,TC00040,2025,5,May,2,28,2,Wednesday
TT06490,U02616,CR00012,2025-12-05,487.92,Bank Transfer,TC00040,2025,12,December,4,5,4,Friday
TT06491,U02623,CR00042,2025-06-01,0.0,Bank Transfer,TC00040,2025,6,June,2,1,6,Sunday
TT06492,U02630,CR00004,2025-09-23,0.0,PayPal,TC00042,2025,9,September,3,23,1,Tuesday
TT06493,U02633,CR00013,2025-11-08,0.0,PayPal,TC00040,2025,11,November,4,8,5,Saturday
TT06494,U02643,CR00018,2025-05-20,0.0,Bank Transfer,TC00042,2025,5,May,2,20,1,Tuesday
TT06495,U02651,CR00041,2025-01-20,53.86,Bank Transfer,TC00040,2025,1,January,1,20,0,Monday
TT06496,U02663,CR00035,2025-11-02,0.0,PayPal,TC00040,2025,11,November,4,2,6,Sunday
TT06497,U02672,CR00033,2025-12-12,0.0,PayPal,TC00040,2025,12,December,4,12,4,Friday
TT06498,U02679,CR00026,2025-04-04,0.0,Credit Card,TC00042,2025,4,April,2,4,4,Friday
TT06499,U02683,CR00023,2025-01-29,0.0,Credit Card,TC00042,2025,1,January,1,29,2,Wednesday
TT06500,U02684,CR00049,2025-07-06,415.51,Credit Card,TC00040,2025,7,July,3,6,6,Sunday
TT06501,U02698,CR00052,2025-06-25,0.0,Credit Card,TC00042,2025,6,June,2,25,2,Wednesday
TT06502,U02709,CR00035,2025-01-15,0.0,Bank Transfer,TC00040,2025,1,January,1,15,2,Wednesday
TT06503,U02733,CR00021,2025-09-13,0.0,Bank Transfer,TC00040,2025,9,September,3,13,5,Saturday
TT06504,U02743,CR00029,2025-03-11,0.0,Bank Transfer,TC00042,2025,3,March,1,11,1,Tuesday
TT06505,U02754,CR00053,2025-08-14,0.0,Credit Card,TC00040,2025,8,August,3,14,3,Thursday
TT06506,U02767,CR00052,2025-05-30,0.0,Credit Card,TC00040,2025,5,May,2,30,4,Friday
TT06507,U02770,CR00008,2025-10-04,0.0,PayPal,TC00040,2025,10,October,4,4,5,Saturday
TT06508,U02786,CR00043,2025-02-02,0.0,Credit Card,TC00042,2025,2,February,1,2,6,Sunday
TT06509,U02791,CR00026,2025-08-16,0.0,Bank Transfer,TC00042,2025,8,August,3,16,5,Saturday
TT06510,U02792,CR00050,2025-04-01,490.9,PayPal,TC00042,2025,4,April,2,1,1,Tuesday
TT06511,U02793,CR00022,2025-10-02,0.0,Credit Card,TC00040,2025,10,October,4,2,3,Thursday
TT06512,U02821,CR00045,2025-09-28,0.0,PayPal,TC00042,2025,9,September,3,28,6,Sunday
TT06513,U02825,CR00041,2025-12-27,53.86,Bank Transfer,TC00040,2025,12,December,4,27,5,Saturday
TT06514,U02832,CR00027,2025-07-19,0.0,Bank Transfer,TC00042,2025,7,July,3,19,5,Saturday
TT06515,U02843,CR00005,2025-10-11,0.0,Bank Transfer,TC00040,2025,10,October,4,11,5,Saturday
TT06516,U02850,CR00015,2025-08-18,285.05,Credit Card,TC00040,2025,8,August,3,18,0,Monday
TT06517,U02857,CR00023,2025-08-06,0.0,PayPal,TC00040,2025,8,August,3,6,2,Wednesday
TT06518,U02874,CR00054,2025-02-24,0.0,Bank Transfer,TC00040,2025,2,February,1,24,0,Monday
TT06519,U02883,CR00015,2025-09-18,285.05,Bank Transfer,TC00040,2025,9,September,3,18,3,Thursday
TT06520,U02899,CR00010,2025-03-02,0.0,Credit Card,TC00042,2025,3,March,1,2,6,Sunday
TT06521,U02909,CR00035,2025-09-29,0.0,Credit Card,TC00040,2025,9,September,3,29,0,Monday
TT06522,U02915,CR00048,2025-11-23,0.0,PayPal,TC00042,2025,11,November,4,23,6,Sunday
TT06523,U02916,CR00037,2025-08-29,0.0,Credit Card,TC00040,2025,8,August,3,29,4,Friday
TT06524,U02927,CR00046,2025-02-05,248.1,Bank Transfer,TC00042,2025,2,February,1,5,2,Wednesday
TT06525,U02931,CR00053,2025-08-27,0.0,Bank Transfer,TC00042,2025,8,August,3,27,2,Wednesday
TT06526,U02941,CR00041,2025-08-18,53.86,Bank Transfer,TC00040,2025,8,August,3,18,0,Monday
TT06527,U02945,CR00024,2025-05-25,117.68,Credit Card,TC00042,2025,5,May,2,25,6,Sunday
TT06528,U02947,CR00048,2025-07-24,0.0,Bank Transfer,TC00042,2025,7,July,3,24,3,Thursday
TT06529,U02958,CR00027,2025-11-01,0.0,Credit Card,TC00042,2025,11,November,4,1,5,Saturday
TT06530,U02969,CR00039,2025-03-19,346.71,Credit Card,TC00042,2025,3,March,1,19,2,Wednesday
TT06531,U02971,CR00019,2025-10-15,0.0,Credit Card,TC00042,2025,10,October,4,15,2,Wednesday
TT06532,U02974,CR00050,2025-07-24,490.9,PayPal,TC00040,2025,7,July,3,24,3,Thursday
TT06533,U02976,CR00054,2025-09-23,0.0,Credit Card,TC00042,2025,9,September,3,23,1,Tuesday
TT06534,U02980,CR00044,2025-02-04,119.04,Credit Card,TC00040,2025,2,February,1,4,1,Tuesday
TT06535,U02981,CR00030,2025-09-25,0.0,Credit Card,TC00042,2025,9,September,3,25,3,Thursday
TT06536,U02984,CR00007,2025-11-11,0.0,PayPal,TC00040,2025,11,November,4,11,1,Tuesday
TT06537,U02989,CR00049,2025-04-27,415.51,PayPal,TC00042,2025,4,April,2,27,6,Sunday
TT06538,U02992,CR00042,2025-01-17,0.0,PayPal,TC00040,2025,1,January,1,17,4,Friday
TT06539,U02994,CR00036,2025-12-12,0.0,Credit Card,TC00040,2025,12,December,4,12,4,Friday
TT06540,U00003,CR00042,2025-08-24,0.0,Bank Transfer,TC00040,2025,8,August,3,24,6,Sunday
TT06541,U00004,CR00047,2025-01-06,89.59,PayPal,TC00040,2025,1,January,1,6,0,Monday
TT06542,U00013,CR00029,2025-06-24,0.0,Credit Card,TC00042,2025,6,June,2,24,1,Tuesday
TT06543,U00015,CR00030,2025-02-02,0.0,Bank Transfer,TC00042,2025,2,February,1,2,6,Sunday
TT06544,U00018,CR00040,2025-12-13,327.99,PayPal,TC00042,2025,12,December,4,13,5,Saturday
TT06545,U00028,CR00003,2025-10-23,0.0,Bank Transfer,TC00040,2025,10,October,4,23,3,Thursday
TT06546,U00045,CR00037,2025-04-13,0.0,Bank Transfer,TC00040,2025,4,April,2,13,6,Sunday
TT06547,U00048,CR00009,2025-09-17,0.0,PayPal,TC00040,2025,9,September,3,17,2,Wednesday
TT06548,U00055,CR00008,2025-05-20,0.0,Bank Transfer,TC00042,2025,5,May,2,20,1,Tuesday
TT06549,U00071,CR00031,2025-06-07,0.0,Credit Card,TC00040,2025,6,June,2,7,5,Saturday
TT06550,U00083,CR00024,2025-07-28,117.68,Bank Transfer,TC00042,2025,7,July,3,28,0,Monday
TT06551,U00085,CR00005,2025-12-30,0.0,Credit Card,TC00042,2025,12,December,4,30,1,Tuesday
TT06552,U00109,CR00007,2025-12-10,0.0,PayPal,TC00040,2025,12,December,4,10,2,Wednesday
TT06553,U00117,CR00043,2025-12-05,0.0,Credit Card,TC00040,2025,12,December,4,5,4,Friday
TT06554,U00126,CR00019,2025-08-06,0.0,Bank Transfer,TC00040,2025,8,August,3,6,2,Wednesday
TT06555,U00128,CR00026,2025-06-20,0.0,PayPal,TC00042,2025,6,June,2,20,4,Friday
TT06556,U00134,CR00035,2025-01-28,0.0,PayPal,TC00040,2025,1,January,1,28,1,Tuesday
TT06557,U00144,CR00044,2025-01-11,119.04,Bank Transfer,TC00042,2025,1,January,1,11,5,Saturday
TT06558,U00147,CR00054,2025-12-21,0.0,Bank Transfer,TC00040,2025,12,December,4,21,6,Sunday
TT06559,U00149,CR00050,2025-12-06,490.9,PayPal,TC00042,2025,12,December,4,6,5,Saturday
TT06560,U00152,CR00044,2025-11-02,119.04,Bank Transfer,TC00042,2025,11,November,4,2,6,Sunday
TT06561,U00161,CR00022,2025-01-30,0.0,PayPal,TC00042,2025,1,January,1,30,3,Thursday
TT06562,U00166,CR00022,2025-02-04,0.0,Bank Transfer,TC00040,2025,2,February,1,4,1,Tuesday
TT06563,U00169,CR00048,2025-02-21,0.0,Credit Card,TC00042,2025,2,February,1,21,4,Friday
TT06564,U00173,CR00002,2025-10-03,0.0,PayPal,TC00040,2025,10,October,4,3,4,Friday
TT06565,U00177,CR00044,2025-06-12,119.04,PayPal,TC00040,2025,6,June,2,12,3,Thursday
TT06566,U00178,CR00020,2025-11-06,0.0,PayPal,TC00040,2025,11,November,4,6,3,Thursday
TT06567,U00191,CR00017,2025-06-05,0.0,Credit Card,TC00042,2025,6,June,2,5,3,Thursday
TT06568,U00192,CR00036,2025-01-15,0.0,PayPal,TC00040,2025,1,January,1,15,2,Wednesday
TT06569,U00198,CR00045,2025-09-13,0.0,Bank Transfer,TC00042,2025,9,September,3,13,5,Saturday
TT06570,U00208,CR00035,2025-11-29,0.0,PayPal,TC00040,2025,11,November,4,29,5,Saturday
TT06571,U00216,CR00003,2025-06-24,0.0,Credit Card,TC00040,2025,6,June,2,24,1,Tuesday
TT06572,U00220,CR00035,2025-08-28,0.0,Credit Card,TC00040,2025,8,August,3,28,3,Thursday
TT06573,U00238,CR00022,2025-01-12,0.0,PayPal,TC00040,2025,1,January,1,12,6,Sunday
TT06574,U00251,CR00009,2025-12-08,0.0,Credit Card,TC00042,2025,12,December,4,8,0,Monday
TT06575,U00260,CR00033,2025-08-10,0.0,PayPal,TC00040,2025,8,August,3,10,6,Sunday
TT06576,U00272,CR00050,2025-10-25,490.9,PayPal,TC00040,2025,10,October,4,25,5,Saturday
TT06577,U00282,CR00013,2025-08-14,0.0,Bank Transfer,TC00040,2025,8,August,3,14,3,Thursday
TT06578,U00292,CR00030,2025-02-12,0.0,PayPal,TC00042,2025,2,February,1,12,2,Wednesday
TT06579,U00293,CR00039,2025-09-30,346.71,PayPal,TC00042,2025,9,September,3,30,1,Tuesday
TT06580,U00298,CR00044,2025-03-01,119.04,PayPal,TC00040,2025,3,March,1,1,5,Saturday
TT06581,U00301,CR00043,2025-08-25,0.0,PayPal,TC00040,2025,8,August,3,25,0,Monday
TT06582,U00303,CR00028,2025-08-05,0.78,Credit Card,TC00042,2025,8,August,3,5,1,Tuesday
TT06583,U00310,CR00002,2025-10-23,0.0,Credit Card,TC00040,2025,10,October,4,23,3,Thursday
TT06584,U00315,CR00055,2025-07-07,57.32,Bank Transfer,TC00042,2025,7,July,3,7,0,Monday
TT06585,U00321,CR00007,2025-03-07,0.0,PayPal,TC00042,2025,3,March,1,7,4,Friday
TT06586,U00322,CR00020,2025-01-26,0.0,Credit Card,TC00040,2025,1,January,1,26,6,Sunday
TT06587,U00323,CR00038,2025-05-25,342.61,PayPal,TC00040,2025,5,May,2,25,6,Sunday
TT06588,U00328,CR00056,2025-03-23,212.39,PayPal,TC00042,2025,3,March,1,23,6,Sunday
TT06589,U00330,CR00019,2025-07-17,0.0,Credit Card,TC00040,2025,7,July,3,17,3,Thursday
TT06590,U00334,CR00014,2025-02-22,0.0,Credit Card,TC00040,2025,2,February,1,22,5,Saturday
TT06591,U00338,CR00058,2025-07-10,0.0,PayPal,TC00040,2025,7,July,3,10,3,Thursday
TT06592,U00339,CR00055,2025-07-10,57.32,PayPal,TC00040,2025,7,July,3,10,3,Thursday
TT06593,U00340,CR00054,2025-02-17,0.0,PayPal,TC00042,2025,2,February,1,17,0,Monday
TT06594,U00345,CR00055,2025-03-21,57.32,PayPal,TC00040,2025,3,March,1,21,4,Friday
TT06595,U00352,CR00020,2025-06-27,0.0,PayPal,TC00040,2025,6,June,2,27,4,Friday
TT06596,U00353,CR00013,2025-07-10,0.0,Credit Card,TC00042,2025,7,July,3,10,3,Thursday
TT06597,U00356,CR00050,2025-04-11,490.9,Credit Card,TC00042,2025,4,April,2,11,4,Friday
TT06598,U00357,CR00012,2025-09-12,487.92,PayPal,TC00040,2025,9,September,3,12,4,Friday
TT06599,U00365,CR00060,2025-12-30,0.0,Bank Transfer,TC00040,2025,12,December,4,30,1,Tuesday
TT06600,U00379,CR00016,2025-10-23,0.0,Bank Transfer,TC00040,2025,10,October,4,23,3,Thursday
TT06601,U00383,CR00003,2025-06-08,0.0,PayPal,TC00042,2025,6,June,2,8,6,Sunday
TT06602,U00399,CR00039,2025-11-24,346.71,PayPal,TC00042,2025,11,November,4,24,0,Monday
TT06603,U00404,CR00010,2025-12-29,0.0,Bank Transfer,TC00042,2025,12,December,4,29,0,Monday
TT06604,U00406,CR00013,2025-01-10,0.0,Credit Card,TC00040,2025,1,January,1,10,4,Friday
TT06605,U00407,CR00028,2025-02-21,0.78,Bank Transfer,TC00042,2025,2,February,1,21,4,Friday
TT06606,U00411,CR00032,2025-02-13,0.0,Bank Transfer,TC00040,2025,2,February,1,13,3,Thursday
TT06607,U00415,CR00051,2025-03-03,37.89,Credit Card,TC00040,2025,3,March,1,3,0,Monday
TT06608,U00423,CR00038,2025-02-22,342.61,Credit Card,TC00040,2025,2,February,1,22,5,Saturday
TT06609,U00424,CR00017,2025-08-04,0.0,PayPal,TC00040,2025,8,August,3,4,0,Monday
TT06610,U00427,CR00002,2025-04-12,0.0,Bank Transfer,TC00040,2025,4,April,2,12,5,Saturday
TT06611,U00438,CR00016,2025-02-21,0.0,PayPal,TC00040,2025,2,February,1,21,4,Friday
TT06612,U00444,CR00019,2025-06-22,0.0,PayPal,TC00042,2025,6,June,2,22,6,Sunday
TT06613,U00449,CR00030,2025-11-28,0.0,Credit Card,TC00042,2025,11,November,4,28,4,Friday
TT06614,U00450,CR00013,2025-10-27,0.0,Credit Card,TC00040,2025,10,October,4,27,0,Monday
TT06615,U00494,CR00031,2025-06-11,0.0,PayPal,TC00040,2025,6,June,2,11,2,Wednesday
TT06616,U00543,CR00029,2025-04-07,0.0,Credit Card,TC00042,2025,4,April,2,7,0,Monday
TT06617,U00548,CR00023,2025-08-11,0.0,Bank Transfer,TC00040,2025,8,August,3,11,0,Monday
TT06618,U00556,CR00053,2025-01-01,0.0,Credit Card,TC00042,2025,1,January,1,1,2,Wednesday
TT06619,U00559,CR00025,2025-07-24,299.57,Credit Card,TC00040,2025,7,July,3,24,3,Thursday
TT06620,U00562,CR00042,2025-06-21,0.0,Bank Transfer,TC00040,2025,6,June,2,21,5,Saturday
TT06621,U00569,CR00036,2025-07-24,0.0,PayPal,TC00042,2025,7,July,3,24,3,Thursday
TT06622,U00570,CR00050,2025-05-23,490.9,Credit Card,TC00042,2025,5,May,2,23,4,Friday
TT06623,U00572,CR00005,2025-09-15,0.0,Credit Card,TC00040,2025,9,September,3,15,0,Monday
TT06624,U00573,CR00023,2025-05-12,0.0,PayPal,TC00040,2025,5,May,2,12,0,Monday
TT06625,U00574,CR00002,2025-03-09,0.0,Credit Card,TC00042,2025,3,March,1,9,6,Sunday
TT06626,U00576,CR00013,2025-02-10,0.0,Credit Card,TC00042,2025,2,February,1,10,0,Monday
TT06627,U00584,CR00030,2025-12-26,0.0,Bank Transfer,TC00042,2025,12,December,4,26,4,Friday
TT06628,U00592,CR00019,2025-04-12,0.0,PayPal,TC00040,2025,4,April,2,12,5,Saturday
TT06629,U00595,CR00024,2025-07-15,117.68,PayPal,TC00040,2025,7,July,3,15,1,Tuesday
TT06630,U00604,CR00027,2025-11-25,0.0,Bank Transfer,TC00042,2025,11,November,4,25,1,Tuesday
TT06631,U00619,CR00024,2025-01-07,117.68,Bank Transfer,TC00040,2025,1,January,1,7,1,Tuesday
TT06632,U00633,CR00030,2025-05-28,0.0,PayPal,TC00042,2025,5,May,2,28,2,Wednesday
TT06633,U00636,CR00036,2025-06-28,0.0,PayPal,TC00040,2025,6,June,2,28,5,Saturday
TT06634,U00639,CR00043,2025-09-30,0.0,PayPal,TC00042,2025,9,September,3,30,1,Tuesday
TT06635,U00666,CR00024,2025-10-29,117.68,PayPal,TC00042,2025,10,October,4,29,2,Wednesday
TT06636,U00687,CR00046,2025-03-30,248.1,Bank Transfer,TC00040,2025,3,March,1,30,6,Sunday
TT06637,U00701,CR00038,2025-12-21,342.61,Credit Card,TC00042,2025,12,December,4,21,6,Sunday
TT06638,U00704,CR00006,2025-09-16,276.37,Bank Transfer,TC00042,2025,9,September,3,16,1,Tuesday
TT06639,U00709,CR00060,2025-12-30,0.0,Bank Transfer,TC00042,2025,12,December,4,30,1,Tuesday
TT06640,U00724,CR00001,2025-04-26,472.28,PayPal,TC00042,2025,4,April,2,26,5,Saturday
TT06641,U00752,CR00018,2025-05-17,0.0,Credit Card,TC00042,2025,5,May,2,17,5,Saturday
TT06642,U00760,CR00001,2025-08-09,472.28,PayPal,TC00042,2025,8,August,3,9,5,Saturday
TT06643,U00765,CR00026,2025-05-23,0.0,Credit Card,TC00042,2025,5,May,2,23,4,Friday
TT06644,U00767,CR00039,2025-04-27,346.71,Bank Transfer,TC00040,2025,4,April,2,27,6,Sunday
TT06645,U00772,CR00020,2025-02-19,0.0,PayPal,TC00042,2025,2,February,1,19,2,Wednesday
TT06646,U00775,CR00046,2025-10-05,248.1,Credit Card,TC00040,2025,10,October,4,5,6,Sunday
TT06647,U00786,CR00044,2025-07-21,119.04,Bank Transfer,TC00040,2025,7,July,3,21,0,Monday
TT06648,U00787,CR00005,2025-04-07,0.0,Credit Card,TC00042,2025,4,April,2,7,0,Monday
TT06649,U00819,CR00032,2025-08-07,0.0,PayPal,TC00040,2025,8,August,3,7,3,Thursday
TT06650,U00821,CR00051,2025-07-08,37.89,PayPal,TC00042,2025,7,July,3,8,1,Tuesday
TT06651,U00829,CR00052,2025-10-07,0.0,PayPal,TC00040,2025,10,October,4,7,1,Tuesday
TT06652,U00836,CR00025,2025-11-18,299.57,Bank Transfer,TC00042,2025,11,November,4,18,1,Tuesday
TT06653,U00838,CR00048,2025-03-07,0.0,Credit Card,TC00042,2025,3,March,1,7,4,Friday
TT06654,U00850,CR00018,2025-07-08,0.0,Credit Card,TC00042,2025,7,July,3,8,1,Tuesday
TT06655,U00852,CR00011,2025-04-12,326.02,Credit Card,TC00040,2025,4,April,2,12,5,Saturday
TT06656,U00858,CR00041,2025-01-17,53.86,Bank Transfer,TC00042,2025,1,January,1,17,4,Friday
TT06657,U00870,CR00028,2025-01-09,0.78,Bank Transfer,TC00042,2025,1,January,1,9,3,Thursday
TT06658,U00874,CR00018,2025-07-21,0.0,Credit Card,TC00042,2025,7,July,3,21,0,Monday
TT06659,U00876,CR00011,2025-07-30,326.02,Credit Card,TC00040,2025,7,July,3,30,2,Wednesday
TT06660,U00881,CR00050,2025-10-01,490.9,PayPal,TC00040,2025,10,October,4,1,2,Wednesday
TT06661,U00893,CR00014,2025-02-06,0.0,Bank Transfer,TC00042,2025,2,February,1,6,3,Thursday
TT06662,U00898,CR00037,2025-04-25,0.0,PayPal,TC00042,2025,4,April,2,25,4,Friday
TT06663,U00903,CR00044,2025-07-03,119.04,Bank Transfer,TC00042,2025,7,July,3,3,3,Thursday
TT06664,U00907,CR00029,2025-03-23,0.0,Bank Transfer,TC00042,2025,3,March,1,23,6,Sunday
TT06665,U00911,CR00010,2025-03-09,0.0,Bank Transfer,TC00042,2025,3,March,1,9,6,Sunday
TT06666,U00915,CR00041,2025-01-24,53.86,Credit Card,TC00042,2025,1,January,1,24,4,Friday
TT06667,U00917,CR00037,2025-06-21,0.0,Credit Card,TC00042,2025,6,June,2,21,5,Saturday
TT06668,U00919,CR00013,2025-12-07,0.0,PayPal,TC00042,2025,12,December,4,7,6,Sunday
TT06669,U00928,CR00011,2025-05-21,326.02,Credit Card,TC00042,2025,5,May,2,21,2,Wednesday
TT06670,U00959,CR00058,2025-12-01,0.0,Credit Card,TC00042,2025,12,December,4,1,0,Monday
TT06671,U00961,CR00015,2025-12-05,285.05,Bank Transfer,TC00042,2025,12,December,4,5,4,Friday
TT06672,U00967,CR00006,2025-08-21,276.37,PayPal,TC00040,2025,8,August,3,21,3,Thursday
TT06673,U00989,CR00031,2025-11-11,0.0,Bank Transfer,TC00040,2025,11,November,4,11,1,Tuesday
TT06674,U00997,CR00046,2025-04-25,248.1,Credit Card,TC00040,2025,4,April,2,25,4,Friday
TT06675,U01000,CR00024,2025-02-07,117.68,Credit Card,TC00042,2025,2,February,1,7,4,Friday
TT06676,U01015,CR00053,2025-09-24,0.0,Bank Transfer,TC00042,2025,9,September,3,24,2,Wednesday
TT06677,U01020,CR00002,2025-07-27,0.0,PayPal,TC00042,2025,7,July,3,27,6,Sunday
TT06678,U01022,CR00055,2025-12-20,57.32,Credit Card,TC00040,2025,12,December,4,20,5,Saturday
TT06679,U01031,CR00020,2025-01-06,0.0,Bank Transfer,TC00042,2025,1,January,1,6,0,Monday
TT06680,U01032,CR00003,2025-07-27,0.0,Credit Card,TC00040,2025,7,July,3,27,6,Sunday
TT06681,U01033,CR00015,2025-11-17,285.05,Credit Card,TC00042,2025,11,November,4,17,0,Monday
TT06682,U01034,CR00041,2025-05-05,53.86,PayPal,TC00040,2025,5,May,2,5,0,Monday
TT06683,U01079,CR00026,2025-09-28,0.0,Bank Transfer,TC00042,2025,9,September,3,28,6,Sunday
TT06684,U01092,CR00016,2025-01-16,0.0,Bank Transfer,TC00042,2025,1,January,1,16,3,Thursday
TT06685,U01096,CR00027,2025-06-08,0.0,Bank Transfer,TC00042,2025,6,June,2,8,6,Sunday
TT06686,U01123,CR00057,2025-12-21,177.34,Credit Card,TC00042,2025,12,December,4,21,6,Sunday
TT06687,U01143,CR00019,2025-03-12,0.0,Credit Card,TC00042,2025,3,March,1,12,2,Wednesday
TT06688,U01146,CR00008,2025-08-20,0.0,PayPal,TC00040,2025,8,August,3,20,2,Wednesday
TT06689,U01151,CR00058,2025-03-02,0.0,PayPal,TC00040,2025,3,March,1,2,6,Sunday
TT06690,U01163,CR00037,2025-08-29,0.0,Credit Card,TC00040,2025,8,August,3,29,4,Friday
TT06691,U01167,CR00030,2025-10-20,0.0,Credit Card,TC00042,2025,10,October,4,20,0,Monday
TT06692,U01170,CR00028,2025-07-14,0.78,Bank Transfer,TC00042,2025,7,July,3,14,0,Monday
TT06693,U01177,CR00043,2025-11-15,0.0,Bank Transfer,TC00042,2025,11,November,4,15,5,Saturday
TT06694,U01180,CR00006,2025-05-16,276.37,PayPal,TC00042,2025,5,May,2,16,4,Friday
TT06695,U01197,CR00026,2025-09-03,0.0,Bank Transfer,TC00042,2025,9,September,3,3,2,Wednesday
TT06696,U01203,CR00039,2025-12-21,346.71,Credit Card,TC00040,2025,12,December,4,21,6,Sunday
TT06697,U01221,CR00009,2025-08-17,0.0,Bank Transfer,TC00040,2025,8,August,3,17,6,Sunday
TT06698,U01224,CR00039,2025-02-17,346.71,PayPal,TC00042,2025,2,February,1,17,0,Monday
TT06699,U01231,CR00025,2025-05-02,299.57,PayPal,TC00040,2025,5,May,2,2,4,Friday
TT06700,U01233,CR00040,2025-02-06,327.99,Bank Transfer,TC00042,2025,2,February,1,6,3,Thursday
TT06701,U01235,CR00026,2025-02-26,0.0,Credit Card,TC00042,2025,2,February,1,26,2,Wednesday
TT06702,U01237,CR00021,2025-07-13,0.0,Bank Transfer,TC00042,2025,7,July,3,13,6,Sunday
TT06703,U01239,CR00019,2025-07-26,0.0,Credit Card,TC00040,2025,7,July,3,26,5,Saturday
TT06704,U01244,CR00016,2025-02-28,0.0,Credit Card,TC00042,2025,2,February,1,28,4,Friday
TT06705,U01249,CR00025,2025-05-15,299.57,Bank Transfer,TC00040,2025,5,May,2,15,3,Thursday
TT06706,U01250,CR00037,2025-04-29,0.0,Credit Card,TC00042,2025,4,April,2,29,1,Tuesday
TT06707,U01261,CR00028,2025-01-03,0.78,Bank Transfer,TC00042,2025,1,January,1,3,4,Friday
TT06708,U01266,CR00012,2025-03-20,487.92,PayPal,TC00042,2025,3,March,1,20,3,Thursday
TT06709,U01267,CR00058,2025-02-03,0.0,Credit Card,TC00042,2025,2,February,1,3,0,Monday
TT06710,U01268,CR00030,2025-09-22,0.0,Credit Card,TC00042,2025,9,September,3,22,0,Monday
TT06711,U01277,CR00021,2025-03-20,0.0,Credit Card,TC00042,2025,3,March,1,20,3,Thursday
TT06712,U01280,CR00046,2025-08-10,248.1,PayPal,TC00040,2025,8,August,3,10,6,Sunday
TT06713,U01281,CR00058,2025-03-12,0.0,Bank Transfer,TC00040,2025,3,March,1,12,2,Wednesday
TT06714,U01284,CR00050,2025-11-29,490.9,PayPal,TC00042,2025,11,November,4,29,5,Saturday
TT06715,U01286,CR00006,2025-06-27,276.37,Bank Transfer,TC00040,2025,6,June,2,27,4,Friday
TT06716,U01287,CR00008,2025-10-02,0.0,PayPal,TC00042,2025,10,October,4,2,3,Thursday
TT06717,U01315,CR00054,2025-11-19,0.0,Bank Transfer,TC00040,2025,11,November,4,19,2,Wednesday
TT06718,U01318,CR00021,2025-12-22,0.0,Bank Transfer,TC00042,2025,12,December,4,22,0,Monday
TT06719,U01321,CR00013,2025-01-11,0.0,Bank Transfer,TC00042,2025,1,January,1,11,5,Saturday
TT06720,U01331,CR00012,2025-02-05,487.92,Credit Card,TC00042,2025,2,February,1,5,2,Wednesday
TT06721,U01332,CR00044,2025-12-28,119.04,PayPal,TC00040,2025,12,December,4,28,6,Sunday
TT06722,U01336,CR00026,2025-05-01,0.0,PayPal,TC00042,2025,5,May,2,1,3,Thursday
TT06723,U01337,CR00001,2025-09-12,472.28,Bank Transfer,TC00042,2025,9,September,3,12,4,Friday
TT06724,U01343,CR00033,2025-08-08,0.0,PayPal,TC00040,2025,8,August,3,8,4,Friday
TT06725,U01344,CR00047,2025-03-03,89.59,Credit Card,TC00042,2025,3,March,1,3,0,Monday
TT06726,U01346,CR00007,2025-12-15,0.0,PayPal,TC00040,2025,12,December,4,15,0,Monday
TT06727,U01347,CR00018,2025-03-16,0.0,Bank Transfer,TC00042,2025,3,March,1,16,6,Sunday
TT06728,U01350,CR00045,2025-04-02,0.0,PayPal,TC00042,2025,4,April,2,2,2,Wednesday
TT06729,U01352,CR00018,2025-04-23,0.0,Credit Card,TC00042,2025,4,April,2,23,2,Wednesday
TT06730,U01355,CR00001,2025-04-19,472.28,Bank Transfer,TC00040,2025,4,April,2,19,5,Saturday
TT06731,U01364,CR00006,2025-10-22,276.37,Credit Card,TC00040,2025,10,October,4,22,2,Wednesday
TT06732,U01375,CR00019,2025-09-09,0.0,PayPal,TC00040,2025,9,September,3,9,1,Tuesday
TT06733,U01394,CR00051,2025-12-06,37.89,Credit Card,TC00042,2025,12,December,4,6,5,Saturday
TT06734,U01395,CR00027,2025-10-12,0.0,Bank Transfer,TC00042,2025,10,October,4,12,6,Sunday
TT06735,U01399,CR00050,2025-01-09,490.9,Bank Transfer,TC00042,2025,1,January,1,9,3,Thursday
TT06736,U01405,CR00051,2025-04-30,37.89,PayPal,TC00042,2025,4,April,2,30,2,Wednesday
TT06737,U01411,CR00029,2025-12-15,0.0,PayPal,TC00042,2025,12,December,4,15,0,Monday
TT06738,U01414,CR00047,2025-01-15,89.59,PayPal,TC00040,2025,1,January,1,15,2,Wednesday
TT06739,U01429,CR00018,2025-11-04,0.0,PayPal,TC00040,2025,11,November,4,4,1,Tuesday
TT06740,U01430,CR00032,2025-04-07,0.0,PayPal,TC00040,2025,4,April,2,7,0,Monday
TT06741,U01432,CR00025,2025-02-27,299.57,PayPal,TC00042,2025,2,February,1,27,3,Thursday
TT06742,U01435,CR00051,2025-01-04,37.89,PayPal,TC00040,2025,1,January,1,4,5,Saturday
TT06743,U01445,CR00057,2025-06-19,177.34,Credit Card,TC00042,2025,6,June,2,19,3,Thursday
TT06744,U01450,CR00010,2025-09-15,0.0,Bank Transfer,TC00040,2025,9,September,3,15,0,Monday
TT06745,U01451,CR00049,2025-12-07,415.51,Bank Transfer,TC00040,2025,12,December,4,7,6,Sunday
TT06746,U01455,CR00052,2025-03-20,0.0,Credit Card,TC00040,2025,3,March,1,20,3,Thursday
TT06747,U01460,CR00045,2025-03-11,0.0,PayPal,TC00042,2025,3,March,1,11,1,Tuesday
TT06748,U01463,CR00060,2025-02-06,0.0,PayPal,TC00040,2025,2,February,1,6,3,Thursday
TT06749,U01472,CR00034,2025-11-05,394.26,PayPal,TC00040,2025,11,November,4,5,2,Wednesday
TT06750,U01475,CR00060,2025-07-01,0.0,Credit Card,TC00042,2025,7,July,3,1,1,Tuesday
TT06751,U01488,CR00047,2025-01-13,89.59,Credit Card,TC00042,2025,1,January,1,13,0,Monday
TT06752,U01497,CR00002,2025-11-07,0.0,Credit Card,TC00042,2025,11,November,4,7,4,Friday
TT06753,U01500,CR00008,2025-06-06,0.0,PayPal,TC00040,2025,6,June,2,6,4,Friday
TT06754,U01506,CR00020,2025-04-23,0.0,Credit Card,TC00042,2025,4,April,2,23,2,Wednesday
TT06755,U01511,CR00015,2025-11-22,285.05,PayPal,TC00042,2025,11,November,4,22,5,Saturday
TT06756,U01512,CR00027,2025-09-20,0.0,Bank Transfer,TC00042,2025,9,September,3,20,5,Saturday
TT06757,U01522,CR00056,2025-05-28,212.39,PayPal,TC00040,2025,5,May,2,28,2,Wednesday
TT06758,U01526,CR00043,2025-10-17,0.0,PayPal,TC00040,2025,10,October,4,17,4,Friday
TT06759,U01528,CR00054,2025-09-15,0.0,Bank Transfer,TC00040,2025,9,September,3,15,0,Monday
TT06760,U01530,CR00051,2025-02-12,37.89,Bank Transfer,TC00042,2025,2,February,1,12,2,Wednesday
TT06761,U01531,CR00039,2025-03-03,346.71,Credit Card,TC00040,2025,3,March,1,3,0,Monday
TT06762,U01536,CR00037,2025-06-23,0.0,PayPal,TC00040,2025,6,June,2,23,0,Monday
TT06763,U01543,CR00021,2025-05-03,0.0,Bank Transfer,TC00040,2025,5,May,2,3,5,Saturday
TT06764,U01553,CR00023,2025-06-09,0.0,Bank Transfer,TC00042,2025,6,June,2,9,0,Monday
TT06765,U01575,CR00032,2025-05-09,0.0,Bank Transfer,TC00040,2025,5,May,2,9,4,Friday
TT06766,U01578,CR00037,2025-02-25,0.0,PayPal,TC00040,2025,2,February,1,25,1,Tuesday
TT06767,U01586,CR00001,2025-01-24,472.28,PayPal,TC00042,2025,1,January,1,24,4,Friday
TT06768,U01602,CR00050,2025-03-02,490.9,Bank Transfer,TC00040,2025,3,March,1,2,6,Sunday
TT06769,U01618,CR00016,2025-08-22,0.0,Credit Card,TC00042,2025,8,August,3,22,4,Friday
TT06770,U01627,CR00040,2025-10-17,327.99,PayPal,TC00042,2025,10,October,4,17,4,Friday
TT06771,U01628,CR00046,2025-03-08,248.1,Credit Card,TC00040,2025,3,March,1,8,5,Saturday
TT06772,U01635,CR00023,2025-12-25,0.0,Credit Card,TC00040,2025,12,December,4,25,3,Thursday
TT06773,U01637,CR00060,2025-09-24,0.0,Bank Transfer,TC00040,2025,9,September,3,24,2,Wednesday
TT06774,U01649,CR00007,2025-12-09,0.0,Bank Transfer,TC00040,2025,12,December,4,9,1,Tuesday
TT06775,U01654,CR00022,2025-01-14,0.0,Credit Card,TC00042,2025,1,January,1,14,1,Tuesday
TT06776,U01656,CR00032,2025-07-06,0.0,PayPal,TC00040,2025,7,July,3,6,6,Sunday
TT06777,U01662,CR00001,2025-02-12,472.28,PayPal,TC00042,2025,2,February,1,12,2,Wednesday
TT06778,U01666,CR00051,2025-07-09,37.89,Credit Card,TC00040,2025,7,July,3,9,2,Wednesday
TT06779,U01671,CR00042,2025-02-07,0.0,Bank Transfer,TC00040,2025,2,February,1,7,4,Friday
TT06780,U01674,CR00030,2025-04-01,0.0,Credit Card,TC00042,2025,4,April,2,1,1,Tuesday
TT06781,U01692,CR00037,2025-11-15,0.0,Credit Card,TC00040,2025,11,November,4,15,5,Saturday
TT06782,U01695,CR00015,2025-07-13,285.05,Credit Card,TC00042,2025,7,July,3,13,6,Sunday
TT06783,U01702,CR00025,2025-03-22,299.57,PayPal,TC00042,2025,3,March,1,22,5,Saturday
TT06784,U01708,CR00022,2025-11-14,0.0,Bank Transfer,TC00040,2025,11,November,4,14,4,Friday
TT06785,U01720,CR00009,2025-12-10,0.0,Credit Card,TC00040,2025,12,December,4,10,2,Wednesday
TT06786,U01721,CR00025,2025-05-17,299.57,Credit Card,TC00042,2025,5,May,2,17,5,Saturday
TT06787,U01724,CR00043,2025-11-24,0.0,Credit Card,TC00040,2025,11,November,4,24,0,Monday
TT06788,U01726,CR00019,2025-10-13,0.0,Credit Card,TC00042,2025,10,October,4,13,0,Monday
TT06789,U01729,CR00025,2025-05-27,299.57,Credit Card,TC00040,2025,5,May,2,27,1,Tuesday
TT06790,U01745,CR00021,2025-10-12,0.0,Bank Transfer,TC00042,2025,10,October,4,12,6,Sunday
TT06791,U01746,CR00058,2025-10-27,0.0,Bank Transfer,TC00042,2025,10,October,4,27,0,Monday
TT06792,U01762,CR00035,2025-04-20,0.0,PayPal,TC00040,2025,4,April,2,20,6,Sunday
TT06793,U01773,CR00050,2025-11-19,490.9,Credit Card,TC00040,2025,11,November,4,19,2,Wednesday
TT06794,U01786,CR00055,2025-03-19,57.32,PayPal,TC00042,2025,3,March,1,19,2,Wednesday
TT06795,U01789,CR00056,2025-08-08,212.39,PayPal,TC00042,2025,8,August,3,8,4,Friday
TT06796,U01795,CR00002,2025-04-15,0.0,Credit Card,TC00042,2025,4,April,2,15,1,Tuesday
TT06797,U01805,CR00035,2025-07-10,0.0,PayPal,TC00040,2025,7,July,3,10,3,Thursday
TT06798,U01810,CR00049,2025-11-04,415.51,Bank Transfer,TC00042,2025,11,November,4,4,1,Tuesday
TT06799,U01812,CR00053,2025-09-16,0.0,Bank Transfer,TC00042,2025,9,September,3,16,1,Tuesday
TT06800,U01820,CR00023,2025-06-28,0.0,Bank Transfer,TC00042,2025,6,June,2,28,5,Saturday
TT06801,U01822,CR00042,2025-10-15,0.0,PayPal,TC00040,2025,10,October,4,15,2,Wednesday
TT06802,U01825,CR00033,2025-05-07,0.0,Bank Transfer,TC00040,2025,5,May,2,7,2,Wednesday
TT06803,U01840,CR00035,2025-10-29,0.0,Credit Card,TC00040,2025,10,October,4,29,2,Wednesday
TT06804,U01842,CR00034,2025-08-06,394.26,Credit Card,TC00040,2025,8,August,3,6,2,Wednesday
TT06805,U01854,CR00041,2025-06-28,53.86,PayPal,TC00042,2025,6,June,2,28,5,Saturday
TT06806,U01867,CR00052,2025-04-13,0.0,Credit Card,TC00040,2025,4,April,2,13,6,Sunday
TT06807,U01871,CR00022,2025-10-16,0.0,PayPal,TC00040,2025,10,October,4,16,3,Thursday
TT06808,U01872,CR00011,2025-01-10,326.02,PayPal,TC00042,2025,1,January,1,10,4,Friday
TT06809,U01876,CR00005,2025-09-10,0.0,Bank Transfer,TC00040,2025,9,September,3,10,2,Wednesday
TT06810,U01877,CR00018,2025-01-06,0.0,Credit Card,TC00042,2025,1,January,1,6,0,Monday
TT06811,U01879,CR00052,2025-11-10,0.0,Credit Card,TC00040,2025,11,November,4,10,0,Monday
TT06812,U01893,CR00019,2025-06-07,0.0,PayPal,TC00042,2025,6,June,2,7,5,Saturday
TT06813,U01896,CR00025,2025-02-09,299.57,Bank Transfer,TC00042,2025,2,February,1,9,6,Sunday
TT06814,U01900,CR00055,2025-04-13,57.32,Credit Card,TC00040,2025,4,April,2,13,6,Sunday
TT06815,U01903,CR00019,2025-10-09,0.0,Bank Transfer,TC00042,2025,10,October,4,9,3,Thursday
TT06816,U01906,CR00040,2025-01-26,327.99,Credit Card,TC00042,2025,1,January,1,26,6,Sunday
TT06817,U01908,CR00011,2025-03-05,326.02,PayPal,TC00040,2025,3,March,1,5,2,Wednesday
TT06818,U01917,CR00047,2025-07-11,89.59,Bank Transfer,TC00042,2025,7,July,3,11,4,Friday
TT06819,U01918,CR00018,2025-03-14,0.0,Bank Transfer,TC00040,2025,3,March,1,14,4,Friday
TT06820,U01920,CR00022,2025-07-10,0.0,Bank Transfer,TC00040,2025,7,July,3,10,3,Thursday
TT06821,U01926,CR00060,2025-10-25,0.0,PayPal,TC00042,2025,10,October,4,25,5,Saturday
TT06822,U01929,CR00002,2025-04-27,0.0,Bank Transfer,TC00040,2025,4,April,2,27,6,Sunday
TT06823,U01934,CR00019,2025-12-29,0.0,PayPal,TC00042,2025,12,December,4,29,0,Monday
TT06824,U01943,CR00036,2025-12-22,0.0,Credit Card,TC00042,2025,12,December,4,22,0,Monday
TT06825,U01953,CR00026,2025-03-18,0.0,PayPal,TC00042,2025,3,March,1,18,1,Tuesday
TT06826,U01958,CR00044,2025-06-13,119.04,Bank Transfer,TC00042,2025,6,June,2,13,4,Friday
TT06827,U01959,CR00039,2025-04-09,346.71,Bank Transfer,TC00042,2025,4,April,2,9,2,Wednesday
TT06828,U01961,CR00036,2025-09-20,0.0,PayPal,TC00040,2025,9,September,3,20,5,Saturday
TT06829,U01962,CR00023,2025-07-21,0.0,Credit Card,TC00040,2025,7,July,3,21,0,Monday
TT06830,U01979,CR00007,2025-10-20,0.0,Bank Transfer,TC00040,2025,10,October,4,20,0,Monday
TT06831,U01987,CR00022,2025-08-10,0.0,PayPal,TC00042,2025,8,August,3,10,6,Sunday
TT06832,U01989,CR00042,2025-05-21,0.0,PayPal,TC00040,2025,5,May,2,21,2,Wednesday
TT06833,U01993,CR00031,2025-06-30,0.0,PayPal,TC00040,2025,6,June,2,30,0,Monday
TT06834,U01998,CR00013,2025-07-18,0.0,Bank Transfer,TC00040,2025,7,July,3,18,4,Friday
TT06835,U02010,CR00046,2025-02-08,248.1,PayPal,TC00040,2025,2,February,1,8,5,Saturday
TT06836,U02015,CR00048,2025-02-13,0.0,Bank Transfer,TC00042,2025,2,February,1,13,3,Thursday
TT06837,U02022,CR00005,2025-04-05,0.0,Bank Transfer,TC00040,2025,4,April,2,5,5,Saturday
TT06838,U02035,CR00004,2025-09-09,0.0,Bank Transfer,TC00040,2025,9,September,3,9,1,Tuesday
TT06839,U02038,CR00035,2025-06-08,0.0,Credit Card,TC00040,2025,6,June,2,8,6,Sunday
TT06840,U02039,CR00015,2025-12-10,285.05,Credit Card,TC00040,2025,12,December,4,10,2,Wednesday
TT06841,U02055,CR00001,2025-10-09,472.28,PayPal,TC00040,2025,10,October,4,9,3,Thursday
TT06842,U02058,CR00001,2025-12-19,472.28,Credit Card,TC00040,2025,12,December,4,19,4,Friday
TT06843,U02064,CR00027,2025-09-23,0.0,Bank Transfer,TC00042,2025,9,September,3,23,1,Tuesday
TT06844,U02068,CR00058,2025-11-25,0.0,Bank Transfer,TC00040,2025,11,November,4,25,1,Tuesday
TT06845,U02071,CR00023,2025-09-24,0.0,PayPal,TC00042,2025,9,September,3,24,2,Wednesday
TT06846,U02074,CR00022,2025-06-22,0.0,Bank Transfer,TC00040,2025,6,June,2,22,6,Sunday
TT06847,U02077,CR00032,2025-01-29,0.0,PayPal,TC00040,2025,1,January,1,29,2,Wednesday
TT06848,U02094,CR00014,2025-03-01,0.0,Bank Transfer,TC00042,2025,3,March,1,1,5,Saturday
TT06849,U02096,CR00026,2025-09-04,0.0,PayPal,TC00042,2025,9,September,3,4,3,Thursday
TT06850,U02098,CR00051,2025-12-04,37.89,PayPal,TC00042,2025,12,December,4,4,3,Thursday
TT06851,U02125,CR00046,2025-02-21,248.1,Bank Transfer,TC00040,2025,2,February,1,21,4,Friday
TT06852,U02144,CR00018,2025-06-05,0.0,PayPal,TC00040,2025,6,June,2,5,3,Thursday
TT06853,U02147,CR00038,2025-06-19,342.61,Credit Card,TC00040,2025,6,June,2,19,3,Thursday
TT06854,U02149,CR00041,2025-11-10,53.86,Bank Transfer,TC00040,2025,11,November,4,10,0,Monday
TT06855,U02151,CR00039,2025-12-11,346.71,Bank Transfer,TC00042,2025,12,December,4,11,3,Thursday
TT06856,U02152,CR00037,2025-05-07,0.0,Bank Transfer,TC00042,2025,5,May,2,7,2,Wednesday
TT06857,U02153,CR00036,2025-10-03,0.0,Credit Card,TC00042,2025,10,October,4,3,4,Friday
TT06858,U02155,CR00029,2025-10-24,0.0,Credit Card,TC00042,2025,10,October,4,24,4,Friday
TT06859,U02161,CR00037,2025-10-10,0.0,Credit Card,TC00040,2025,10,October,4,10,4,Friday
TT06860,U02174,CR00004,2025-04-25,0.0,Credit Card,TC00040,2025,4,April,2,25,4,Friday
TT06861,U02199,CR00016,2025-11-17,0.0,Bank Transfer,TC00042,2025,11,November,4,17,0,Monday
TT06862,U02212,CR00035,2025-05-29,0.0,Bank Transfer,TC00040,2025,5,May,2,29,3,Thursday
TT06863,U02215,CR00021,2025-12-26,0.0,Bank Transfer,TC00042,2025,12,December,4,26,4,Friday
TT06864,U02217,CR00038,2025-09-22,342.61,Bank Transfer,TC00040,2025,9,September,3,22,0,Monday
TT06865,U02224,CR00031,2025-02-06,0.0,Credit Card,TC00040,2025,2,February,1,6,3,Thursday
TT06866,U02231,CR00022,2025-08-01,0.0,Credit Card,TC00040,2025,8,August,3,1,4,Friday
TT06867,U02248,CR00020,2025-05-24,0.0,Bank Transfer,TC00042,2025,5,May,2,24,5,Saturday
TT06868,U02250,CR00012,2025-10-03,487.92,PayPal,TC00042,2025,10,October,4,3,4,Friday
TT06869,U02254,CR00054,2025-12-21,0.0,PayPal,TC00042,2025,12,December,4,21,6,Sunday
TT06870,U02258,CR00020,2025-11-08,0.0,Credit Card,TC00042,2025,11,November,4,8,5,Saturday
TT06871,U02284,CR00055,2025-10-05,57.32,Credit Card,TC00040,2025,10,October,4,5,6,Sunday
TT06872,U02288,CR00039,2025-12-25,346.71,Bank Transfer,TC00042,2025,12,December,4,25,3,Thursday
TT06873,U02300,CR00006,2025-01-07,276.37,PayPal,TC00040,2025,1,January,1,7,1,Tuesday
TT06874,U02306,CR00058,2025-08-20,0.0,Credit Card,TC00042,2025,8,August,3,20,2,Wednesday
TT06875,U02315,CR00048,2025-01-07,0.0,Credit Card,TC00042,2025,1,January,1,7,1,Tuesday
TT06876,U02337,CR00018,2025-05-19,0.0,Bank Transfer,TC00040,2025,5,May,2,19,0,Monday
TT06877,U02341,CR00017,2025-07-03,0.0,Bank Transfer,TC00042,2025,7,July,3,3,3,Thursday
TT06878,U02344,CR00059,2025-08-16,0.0,Bank Transfer,TC00040,2025,8,August,3,16,5,Saturday
TT06879,U02345,CR00035,2025-07-15,0.0,Bank Transfer,TC00040,2025,7,July,3,15,1,Tuesday
TT06880,U02349,CR00032,2025-05-02,0.0,Credit Card,TC00040,2025,5,May,2,2,4,Friday
TT06881,U02370,CR00028,2025-01-14,0.78,PayPal,TC00042,2025,1,January,1,14,1,Tuesday
TT06882,U02371,CR00003,2025-11-03,0.0,PayPal,TC00040,2025,11,November,4,3,0,Monday
TT06883,U02410,CR00017,2025-06-27,0.0,Bank Transfer,TC00042,2025,6,June,2,27,4,Friday
TT06884,U02415,CR00041,2025-01-16,53.86,Credit Card,TC00042,2025,1,January,1,16,3,Thursday
TT06885,U02427,CR00059,2025-05-16,0.0,Bank Transfer,TC00040,2025,5,May,2,16,4,Friday
TT06886,U02432,CR00055,2025-01-11,57.32,PayPal,TC00040,2025,1,January,1,11,5,Saturday
TT06887,U02445,CR00051,2025-12-06,37.89,Credit Card,TC00040,2025,12,December,4,6,5,Saturday
TT06888,U02485,CR00020,2025-10-03,0.0,Bank Transfer,TC00040,2025,10,October,4,3,4,Friday
TT06889,U02490,CR00054,2025-01-06,0.0,PayPal,TC00040,2025,1,January,1,6,0,Monday
TT06890,U02512,CR00021,2025-08-19,0.0,PayPal,TC00040,2025,8,August,3,19,1,Tuesday
TT06891,U02515,CR00041,2025-06-16,53.86,Bank Transfer,TC00040,2025,6,June,2,16,0,Monday
TT06892,U02537,CR00017,2025-02-08,0.0,PayPal,TC00042,2025,2,February,1,8,5,Saturday
TT06893,U02540,CR00035,2025-10-05,0.0,PayPal,TC00040,2025,10,October,4,5,6,Sunday
TT06894,U02541,CR00058,2025-07-18,0.0,PayPal,TC00042,2025,7,July,3,18,4,Friday
TT06895,U02542,CR00005,2025-05-06,0.0,PayPal,TC00040,2025,5,May,2,6,1,Tuesday
TT06896,U02564,CR00015,2025-03-21,285.05,Bank Transfer,TC00042,2025,3,March,1,21,4,Friday
TT06897,U02566,CR00050,2025-04-07,490.9,Bank Transfer,TC00042,2025,4,April,2,7,0,Monday
TT06898,U02582,CR00058,2025-05-20,0.0,PayPal,TC00040,2025,5,May,2,20,1,Tuesday
TT06899,U02583,CR00019,2025-04-02,0.0,Credit Card,TC00040,2025,4,April,2,2,2,Wednesday
TT06900,U02593,CR00054,2025-10-04,0.0,Bank Transfer,TC00040,2025,10,October,4,4,5,Saturday
TT06901,U02602,CR00016,2025-09-23,0.0,PayPal,TC00042,2025,9,September,3,23,1,Tuesday
TT06902,U02605,CR00052,2025-05-01,0.0,PayPal,TC00042,2025,5,May,2,1,3,Thursday
TT06903,U02612,CR00010,2025-08-24,0.0,Bank Transfer,TC00042,2025,8,August,3,24,6,Sunday
TT06904,U02614,CR00021,2025-07-21,0.0,PayPal,TC00040,2025,7,July,3,21,0,Monday
TT06905,U02616,CR00052,2025-11-18,0.0,Credit Card,TC00040,2025,11,November,4,18,1,Tuesday
TT06906,U02623,CR00054,2025-01-20,0.0,Bank Transfer,TC00040,2025,1,January,1,20,0,Monday
TT06907,U02630,CR00017,2025-06-24,0.0,Credit Card,TC00040,2025,6,June,2,24,1,Tuesday
TT06908,U02633,CR00038,2025-09-10,342.61,Credit Card,TC00040,2025,9,September,3,10,2,Wednesday
TT06909,U02643,CR00011,2025-10-24,326.02,PayPal,TC00040,2025,10,October,4,24,4,Friday
TT06910,U02645,CR00008,2025-08-25,0.0,Credit Card,TC00040,2025,8,August,3,25,0,Monday
TT06911,U02651,CR00055,2025-12-05,57.32,Credit Card,TC00040,2025,12,December,4,5,4,Friday
TT06912,U02663,CR00036,2025-01-24,0.0,PayPal,TC00042,2025,1,January,1,24,4,Friday
TT06913,U02672,CR00035,2025-08-09,0.0,Credit Card,TC00040,2025,8,August,3,9,5,Saturday
TT06914,U02679,CR00010,2025-06-28,0.0,Credit Card,TC00042,2025,6,June,2,28,5,Saturday
TT06915,U02683,CR00001,2025-06-25,472.28,Credit Card,TC00040,2025,6,June,2,25,2,Wednesday
TT06916,U02684,CR00001,2025-05-06,472.28,Bank Transfer,TC00040,2025,5,May,2,6,1,Tuesday
TT06917,U02698,CR00048,2025-11-15,0.0,PayPal,TC00042,2025,11,November,4,15,5,Saturday
TT06918,U02709,CR00008,2025-12-25,0.0,PayPal,TC00040,2025,12,December,4,25,3,Thursday
TT06919,U02733,CR00043,2025-04-02,0.0,Bank Transfer,TC00040,2025,4,April,2,2,2,Wednesday
TT06920,U02754,CR00007,2025-08-13,0.0,Credit Card,TC00042,2025,8,August,3,13,2,Wednesday
TT06921,U02767,CR00057,2025-05-26,177.34,PayPal,TC00042,2025,5,May,2,26,0,Monday
TT06922,U02770,CR00022,2025-08-04,0.0,Credit Card,TC00040,2025,8,August,3,4,0,Monday
TT06923,U02775,CR00020,2025-06-04,0.0,Credit Card,TC00040,2025,6,June,2,4,2,Wednesday
TT06924,U02786,CR00048,2025-01-29,0.0,Bank Transfer,TC00042,2025,1,January,1,29,2,Wednesday
TT06925,U02791,CR00007,2025-07-14,0.0,PayPal,TC00042,2025,7,July,3,14,0,Monday
TT06926,U02792,CR00022,2025-09-05,0.0,Credit Card,TC00042,2025,9,September,3,5,4,Friday
TT06927,U02793,CR00036,2025-02-05,0.0,Bank Transfer,TC00042,2025,2,February,1,5,2,Wednesday
TT06928,U02821,CR00030,2025-11-11,0.0,PayPal,TC00042,2025,11,November,4,11,1,Tuesday
TT06929,U02825,CR00057,2025-06-27,177.34,PayPal,TC00042,2025,6,June,2,27,4,Friday
TT06930,U02832,CR00021,2025-02-05,0.0,PayPal,TC00040,2025,2,February,1,5,2,Wednesday
TT06931,U02843,CR00044,2025-05-26,119.04,Bank Transfer,TC00042,2025,5,May,2,26,0,Monday
TT06932,U02844,CR00032,2025-11-14,0.0,Credit Card,TC00040,2025,11,November,4,14,4,Friday
TT06933,U02850,CR00037,2025-10-25,0.0,Bank Transfer,TC00042,2025,10,October,4,25,5,Saturday
TT06934,U02874,CR00028,2025-09-07,0.78,Bank Transfer,TC00042,2025,9,September,3,7,6,Sunday
TT06935,U02883,CR00022,2025-03-04,0.0,PayPal,TC00042,2025,3,March,1,4,1,Tuesday
TT06936,U02899,CR00004,2025-02-20,0.0,PayPal,TC00040,2025,2,February,1,20,3,Thursday
TT06937,U02909,CR00026,2025-11-07,0.0,Bank Transfer,TC00042,2025,11,November,4,7,4,Friday
TT06938,U02915,CR00031,2025-08-15,0.0,PayPal,TC00040,2025,8,August,3,15,4,Friday
TT06939,U02916,CR00060,2025-02-06,0.0,PayPal,TC00042,2025,2,February,1,6,3,Thursday
TT06940,U02927,CR00027,2025-06-08,0.0,PayPal,TC00042,2025,6,June,2,8,6,Sunday
TT06941,U02931,CR00060,2025-12-02,0.0,Bank Transfer,TC00042,2025,12,December,4,2,1,Tuesday
TT06942,U02937,CR00055,2025-10-13,57.32,PayPal,TC00040,2025,10,October,4,13,0,Monday
TT06943,U02941,CR00005,2025-05-30,0.0,PayPal,TC00040,2025,5,May,2,30,4,Friday
TT06944,U02945,CR00051,2025-03-02,37.89,Credit Card,TC00040,2025,3,March,1,2,6,Sunday
TT06945,U02947,CR00042,2025-04-02,0.0,Bank Transfer,TC00042,2025,4,April,2,2,2,Wednesday
TT06946,U02958,CR00031,2025-02-20,0.0,Bank Transfer,TC00040,2025,2,February,1,20,3,Thursday
TT06947,U02969,CR00012,2025-08-05,487.92,Bank Transfer,TC00040,2025,8,August,3,5,1,Tuesday
TT06948,U02971,CR00017,2025-06-06,0.0,Bank Transfer,TC00040,2025,6,June,2,6,4,Friday
TT06949,U02974,CR00009,2025-03-03,0.0,PayPal,TC00040,2025,3,March,1,3,0,Monday
TT06950,U02976,CR00003,2025-03-12,0.0,Credit Card,TC00040,2025,3,March,1,12,2,Wednesday
TT06951,U02980,CR00009,2025-05-24,0.0,Credit Card,TC00042,2025,5,May,2,24,5,Saturday
TT06952,U02981,CR00039,2025-03-20,346.71,Credit Card,TC00042,2025,3,March,1,20,3,Thursday
TT06953,U02984,CR00038,2025-03-29,342.61,Bank Transfer,TC00040,2025,3,March,1,29,5,Saturday
TT06954,U02992,CR00031,2025-03-10,0.0,Credit Card,TC00040,2025,3,March,1,10,0,Monday
TT06955,U02994,CR00054,2025-06-25,0.0,Bank Transfer,TC00042,2025,6,June,2,25,2,Wednesday
TT06956,U00003,CR00018,2025-11-16,0.0,Bank Transfer,TC00040,2025,11,November,4,16,6,Sunday
TT06957,U00013,CR00054,2025-06-03,0.0,Bank Transfer,TC00040,2025,6,June,2,3,1,Tuesday
TT06958,U00015,CR00050,2025-12-02,490.9,Bank Transfer,TC00042,2025,12,December,4,2,1,Tuesday
TT06959,U00018,CR00048,2025-06-27,0.0,PayPal,TC00042,2025,6,June,2,27,4,Friday
TT06960,U00028,CR00018,2025-05-09,0.0,PayPal,TC00040,2025,5,May,2,9,4,Friday
TT06961,U00045,CR00028,2025-09-27,0.78,Credit Card,TC00042,2025,9,September,3,27,5,Saturday
TT06962,U00048,CR00029,2025-06-27,0.0,Bank Transfer,TC00042,2025,6,June,2,27,4,Friday
TT06963,U00055,CR00018,2025-07-03,0.0,PayPal,TC00040,2025,7,July,3,3,3,Thursday
TT06964,U00071,CR00003,2025-01-19,0.0,Credit Card,TC00042,2025,1,January,1,19,6,Sunday
TT06965,U00083,CR00017,2025-08-26,0.0,Bank Transfer,TC00040,2025,8,August,3,26,1,Tuesday
TT06966,U00085,CR00032,2025-01-01,0.0,Credit Card,TC00040,2025,1,January,1,1,2,Wednesday
TT06967,U00109,CR00035,2025-03-18,0.0,Bank Transfer,TC00040,2025,3,March,1,18,1,Tuesday
TT06968,U00112,CR00041,2025-07-02,53.86,PayPal,TC00040,2025,7,July,3,2,2,Wednesday
TT06969,U00117,CR00034,2025-04-23,394.26,Bank Transfer,TC00040,2025,4,April,2,23,2,Wednesday
TT06970,U00126,CR00026,2025-05-05,0.0,PayPal,TC00042,2025,5,May,2,5,0,Monday
TT06971,U00128,CR00047,2025-11-30,89.59,Bank Transfer,TC00040,2025,11,November,4,30,6,Sunday
TT06972,U00133,CR00020,2025-04-05,0.0,Credit Card,TC00042,2025,4,April,2,5,5,Saturday
TT06973,U00134,CR00042,2025-12-08,0.0,PayPal,TC00040,2025,12,December,4,8,0,Monday
TT06974,U00144,CR00036,2025-03-10,0.0,PayPal,TC00042,2025,3,March,1,10,0,Monday
TT06975,U00147,CR00023,2025-02-06,0.0,Credit Card,TC00042,2025,2,February,1,6,3,Thursday
TT06976,U00149,CR00005,2025-05-12,0.0,Bank Transfer,TC00040,2025,5,May,2,12,0,Monday
TT06977,U00166,CR00014,2025-10-21,0.0,PayPal,TC00040,2025,10,October,4,21,1,Tuesday
TT06978,U00169,CR00016,2025-06-25,0.0,Bank Transfer,TC00042,2025,6,June,2,25,2,Wednesday
TT06979,U00173,CR00032,2025-04-08,0.0,Bank Transfer,TC00040,2025,4,April,2,8,1,Tuesday
TT06980,U00177,CR00001,2025-08-04,472.28,Credit Card,TC00042,2025,8,August,3,4,0,Monday
TT06981,U00178,CR00036,2025-04-12,0.0,PayPal,TC00042,2025,4,April,2,12,5,Saturday
TT06982,U00192,CR00038,2025-06-14,342.61,Bank Transfer,TC00040,2025,6,June,2,14,5,Saturday
TT06983,U00198,CR00049,2025-09-04,415.51,PayPal,TC00040,2025,9,September,3,4,3,Thursday
TT06984,U00208,CR00023,2025-05-26,0.0,PayPal,TC00040,2025,5,May,2,26,0,Monday
TT06985,U00216,CR00058,2025-10-29,0.0,Credit Card,TC00042,2025,10,October,4,29,2,Wednesday
TT06986,U00220,CR00060,2025-12-27,0.0,PayPal,TC00040,2025,12,December,4,27,5,Saturday
TT06987,U00238,CR00024,2025-02-21,117.68,Credit Card,TC00040,2025,2,February,1,21,4,Friday
TT06988,U00251,CR00055,2025-12-21,57.32,PayPal,TC00042,2025,12,December,4,21,6,Sunday
TT06989,U00260,CR00012,2025-04-24,487.92,Credit Card,TC00040,2025,4,April,2,24,3,Thursday
TT06990,U00265,CR00034,2025-05-08,394.26,PayPal,TC00040,2025,5,May,2,8,3,Thursday
TT06991,U00272,CR00060,2025-03-05,0.0,Credit Card,TC00040,2025,3,March,1,5,2,Wednesday
TT06992,U00282,CR00027,2025-09-20,0.0,Bank Transfer,TC00042,2025,9,September,3,20,5,Saturday
TT06993,U00292,CR00024,2025-01-23,117.68,Credit Card,TC00042,2025,1,January,1,23,3,Thursday
TT06994,U00293,CR00036,2025-11-21,0.0,Credit Card,TC00040,2025,11,November,4,21,4,Friday
TT06995,U00298,CR00057,2025-04-06,177.34,PayPal,TC00042,2025,4,April,2,6,6,Sunday
TT06996,U00301,CR00002,2025-05-10,0.0,Credit Card,TC00042,2025,5,May,2,10,5,Saturday
TT06997,U00303,CR00002,2025-06-17,0.0,Credit Card,TC00042,2025,6,June,2,17,1,Tuesday
TT06998,U00315,CR00042,2025-09-08,0.0,PayPal,TC00042,2025,9,September,3,8,0,Monday
TT06999,U00321,CR00028,2025-05-09,0.78,Credit Card,TC00042,2025,5,May,2,9,4,Friday
TT07000,U00322,CR00009,2025-08-30,0.0,PayPal,TC00040,2025,8,August,3,30,5,Saturday
TT07001,U00323,CR00022,2025-06-14,0.0,PayPal,TC00042,2025,6,June,2,14,5,Saturday
TT07002,U00328,CR00011,2025-07-12,326.02,PayPal,TC00040,2025,7,July,3,12,5,Saturday
TT07003,U00330,CR00018,2025-08-17,0.0,PayPal,TC00042,2025,8,August,3,17,6,Sunday
TT07004,U00334,CR00034,2025-12-20,394.26,Credit Card,TC00040,2025,12,December,4,20,5,Saturday
TT07005,U00338,CR00060,2025-04-10,0.0,Bank Transfer,TC00040,2025,4,April,2,10,3,Thursday
TT07006,U00339,CR00012,2025-03-08,487.92,PayPal,TC00042,2025,3,March,1,8,5,Saturday
TT07007,U00340,CR00012,2025-10-15,487.92,PayPal,TC00040,2025,10,October,4,15,2,Wednesday
TT07008,U00345,CR00035,2025-09-14,0.0,Bank Transfer,TC00040,2025,9,September,3,14,6,Sunday
TT07009,U00351,CR00059,2025-04-30,0.0,Bank Transfer,TC00042,2025,4,April,2,30,2,Wednesday
TT07010,U00352,CR00052,2025-02-25,0.0,Credit Card,TC00040,2025,2,February,1,25,1,Tuesday
TT07011,U00353,CR00026,2025-11-08,0.0,PayPal,TC00042,2025,11,November,4,8,5,Saturday
TT07012,U00356,CR00008,2025-01-24,0.0,Bank Transfer,TC00040,2025,1,January,1,24,4,Friday
TT07013,U00362,CR00005,2025-10-22,0.0,Bank Transfer,TC00040,2025,10,October,4,22,2,Wednesday
TT07014,U00379,CR00020,2025-07-04,0.0,PayPal,TC00040,2025,7,July,3,4,4,Friday
TT07015,U00383,CR00057,2025-10-21,177.34,Bank Transfer,TC00042,2025,10,October,4,21,1,Tuesday
TT07016,U00399,CR00023,2025-05-17,0.0,PayPal,TC00040,2025,5,May,2,17,5,Saturday
TT07017,U00404,CR00051,2025-11-10,37.89,PayPal,TC00042,2025,11,November,4,10,0,Monday
TT07018,U00406,CR00029,2025-10-16,0.0,Credit Card,TC00042,2025,10,October,4,16,3,Thursday
TT07019,U00407,CR00017,2025-10-29,0.0,Credit Card,TC00040,2025,10,October,4,29,2,Wednesday
TT07020,U00411,CR00058,2025-11-22,0.0,Bank Transfer,TC00042,2025,11,November,4,22,5,Saturday
TT07021,U00415,CR00001,2025-05-09,472.28,Credit Card,TC00040,2025,5,May,2,9,4,Friday
TT07022,U00423,CR00050,2025-02-28,490.9,Bank Transfer,TC00040,2025,2,February,1,28,4,Friday
TT07023,U00427,CR00040,2025-06-25,327.99,Credit Card,TC00040,2025,6,June,2,25,2,Wednesday
TT07024,U00438,CR00059,2025-06-11,0.0,Bank Transfer,TC00040,2025,6,June,2,11,2,Wednesday
TT07025,U00444,CR00010,2025-07-29,0.0,PayPal,TC00040,2025,7,July,3,29,1,Tuesday
TT07026,U00449,CR00025,2025-02-27,299.57,Credit Card,TC00042,2025,2,February,1,27,3,Thursday
TT07027,U00450,CR00007,2025-04-01,0.0,PayPal,TC00040,2025,4,April,2,1,1,Tuesday
TT07028,U00464,CR00009,2025-05-24,0.0,Credit Card,TC00042,2025,5,May,2,24,5,Saturday
TT07029,U00494,CR00017,2025-09-04,0.0,Credit Card,TC00040,2025,9,September,3,4,3,Thursday
TT07030,U00543,CR00041,2025-11-08,53.86,PayPal,TC00040,2025,11,November,4,8,5,Saturday
TT07031,U00548,CR00043,2025-11-19,0.0,Bank Transfer,TC00042,2025,11,November,4,19,2,Wednesday
TT07032,U00556,CR00019,2025-04-15,0.0,PayPal,TC00040,2025,4,April,2,15,1,Tuesday
TT07033,U00559,CR00030,2025-03-28,0.0,Bank Transfer,TC00042,2025,3,March,1,28,4,Friday
TT07034,U00562,CR00045,2025-07-11,0.0,PayPal,TC00042,2025,7,July,3,11,4,Friday
TT07035,U00569,CR00044,2025-02-13,119.04,Credit Card,TC00040,2025,2,February,1,13,3,Thursday
TT07036,U00570,CR00051,2025-02-28,37.89,Credit Card,TC00040,2025,2,February,1,28,4,Friday
TT07037,U00573,CR00032,2025-10-14,0.0,Bank Transfer,TC00040,2025,10,October,4,14,1,Tuesday
TT07038,U00574,CR00031,2025-07-26,0.0,Bank Transfer,TC00040,2025,7,July,3,26,5,Saturday
TT07039,U00576,CR00035,2025-11-26,0.0,Bank Transfer,TC00040,2025,11,November,4,26,2,Wednesday
TT07040,U00584,CR00046,2025-03-20,248.1,PayPal,TC00042,2025,3,March,1,20,3,Thursday
TT07041,U00592,CR00008,2025-11-07,0.0,PayPal,TC00040,2025,11,November,4,7,4,Friday
TT07042,U00595,CR00027,2025-02-11,0.0,Bank Transfer,TC00042,2025,2,February,1,11,1,Tuesday
TT07043,U00604,CR00053,2025-03-25,0.0,Bank Transfer,TC00040,2025,3,March,1,25,1,Tuesday
TT07044,U00619,CR00003,2025-11-17,0.0,Bank Transfer,TC00040,2025,11,November,4,17,0,Monday
TT07045,U00622,CR00023,2025-12-06,0.0,PayPal,TC00042,2025,12,December,4,6,5,Saturday
TT07046,U00633,CR00041,2025-05-19,53.86,Credit Card,TC00042,2025,5,May,2,19,0,Monday
TT07047,U00636,CR00009,2025-03-28,0.0,Bank Transfer,TC00042,2025,3,March,1,28,4,Friday
TT07048,U00639,CR00023,2025-01-05,0.0,Bank Transfer,TC00042,2025,1,January,1,5,6,Sunday
TT07049,U00687,CR00020,2025-04-23,0.0,PayPal,TC00040,2025,4,April,2,23,2,Wednesday
TT07050,U00701,CR00006,2025-06-05,276.37,PayPal,TC00042,2025,6,June,2,5,3,Thursday
TT07051,U00704,CR00004,2025-07-13,0.0,Credit Card,TC00040,2025,7,July,3,13,6,Sunday
TT07052,U00709,CR00018,2025-06-20,0.0,Credit Card,TC00040,2025,6,June,2,20,4,Friday
TT07053,U00723,CR00015,2025-07-08,285.05,PayPal,TC00042,2025,7,July,3,8,1,Tuesday
TT07054,U00724,CR00009,2025-02-07,0.0,PayPal,TC00040,2025,2,February,1,7,4,Friday
TT07055,U00760,CR00036,2025-02-07,0.0,Credit Card,TC00040,2025,2,February,1,7,4,Friday
TT07056,U00765,CR00023,2025-07-12,0.0,PayPal,TC00040,2025,7,July,3,12,5,Saturday
TT07057,U00767,CR00013,2025-11-15,0.0,Bank Transfer,TC00042,2025,11,November,4,15,5,Saturday
TT07058,U00772,CR00019,2025-11-20,0.0,Bank Transfer,TC00040,2025,11,November,4,20,3,Thursday
TT07059,U00775,CR00001,2025-03-03,472.28,Credit Card,TC00042,2025,3,March,1,3,0,Monday
TT07060,U00786,CR00006,2025-06-08,276.37,Credit Card,TC00042,2025,6,June,2,8,6,Sunday
TT07061,U00787,CR00036,2025-11-01,0.0,Bank Transfer,TC00040,2025,11,November,4,1,5,Saturday
TT07062,U00819,CR00008,2025-11-29,0.0,PayPal,TC00042,2025,11,November,4,29,5,Saturday
TT07063,U00821,CR00035,2025-09-15,0.0,Bank Transfer,TC00040,2025,9,September,3,15,0,Monday
TT07064,U00829,CR00010,2025-07-29,0.0,Bank Transfer,TC00040,2025,7,July,3,29,1,Tuesday
TT07065,U00836,CR00040,2025-08-10,327.99,PayPal,TC00040,2025,8,August,3,10,6,Sunday
TT07066,U00838,CR00052,2025-12-24,0.0,Bank Transfer,TC00040,2025,12,December,4,24,2,Wednesday
TT07067,U00850,CR00039,2025-08-24,346.71,Bank Transfer,TC00042,2025,8,August,3,24,6,Sunday
TT07068,U00852,CR00049,2025-06-18,415.51,Credit Card,TC00040,2025,6,June,2,18,2,Wednesday
TT07069,U00858,CR00036,2025-05-11,0.0,Credit Card,TC00040,2025,5,May,2,11,6,Sunday
TT07070,U00870,CR00049,2025-06-03,415.51,Bank Transfer,TC00042,2025,6,June,2,3,1,Tuesday
TT07071,U00874,CR00012,2025-01-05,487.92,Bank Transfer,TC00042,2025,1,January,1,5,6,Sunday
TT07072,U00876,CR00001,2025-12-23,472.28,PayPal,TC00042,2025,12,December,4,23,1,Tuesday
TT07073,U00881,CR00049,2025-10-08,415.51,PayPal,TC00042,2025,10,October,4,8,2,Wednesday
TT07074,U00893,CR00055,2025-04-19,57.32,Credit Card,TC00042,2025,4,April,2,19,5,Saturday
TT07075,U00903,CR00002,2025-01-15,0.0,PayPal,TC00042,2025,1,January,1,15,2,Wednesday
TT07076,U00915,CR00005,2025-09-09,0.0,PayPal,TC00040,2025,9,September,3,9,1,Tuesday
TT07077,U00917,CR00003,2025-12-30,0.0,PayPal,TC00040,2025,12,December,4,30,1,Tuesday
TT07078,U00919,CR00005,2025-06-15,0.0,Credit Card,TC00040,2025,6,June,2,15,6,Sunday
TT07079,U00928,CR00059,2025-02-23,0.0,PayPal,TC00040,2025,2,February,1,23,6,Sunday
TT07080,U00959,CR00002,2025-11-24,0.0,Credit Card,TC00042,2025,11,November,4,24,0,Monday
TT07081,U00961,CR00044,2025-06-24,119.04,PayPal,TC00040,2025,6,June,2,24,1,Tuesday
TT07082,U00967,CR00052,2025-12-04,0.0,PayPal,TC00042,2025,12,December,4,4,3,Thursday
TT07083,U00976,CR00011,2025-07-25,326.02,Credit Card,TC00040,2025,7,July,3,25,4,Friday
TT07084,U00981,CR00014,2025-12-26,0.0,Credit Card,TC00042,2025,12,December,4,26,4,Friday
TT07085,U00989,CR00027,2025-08-04,0.0,Bank Transfer,TC00042,2025,8,August,3,4,0,Monday
TT07086,U00997,CR00026,2025-08-01,0.0,Bank Transfer,TC00042,2025,8,August,3,1,4,Friday
TT07087,U01015,CR00024,2025-07-11,117.68,Credit Card,TC00042,2025,7,July,3,11,4,Friday
TT07088,U01022,CR00020,2025-01-11,0.0,PayPal,TC00042,2025,1,January,1,11,5,Saturday
TT07089,U01031,CR00038,2025-02-02,342.61,PayPal,TC00042,2025,2,February,1,2,6,Sunday
TT07090,U01032,CR00060,2025-08-14,0.0,PayPal,TC00042,2025,8,August,3,14,3,Thursday
TT07091,U01033,CR00002,2025-12-17,0.0,Bank Transfer,TC00040,2025,12,December,4,17,2,Wednesday
TT07092,U01034,CR00051,2025-02-18,37.89,Credit Card,TC00040,2025,2,February,1,18,1,Tuesday
TT07093,U01066,CR00021,2025-11-12,0.0,Bank Transfer,TC00040,2025,11,November,4,12,2,Wednesday
TT07094,U01079,CR00003,2025-01-29,0.0,Credit Card,TC00042,2025,1,January,1,29,2,Wednesday
TT07095,U01083,CR00033,2025-12-21,0.0,PayPal,TC00040,2025,12,December,4,21,6,Sunday
TT07096,U01084,CR00044,2025-10-09,119.04,Credit Card,TC00040,2025,10,October,4,9,3,Thursday
TT07097,U01092,CR00049,2025-06-11,415.51,Bank Transfer,TC00042,2025,6,June,2,11,2,Wednesday
TT07098,U01096,CR00008,2025-08-06,0.0,PayPal,TC00042,2025,8,August,3,6,2,Wednesday
TT07099,U01123,CR00025,2025-02-16,299.57,Credit Card,TC00040,2025,2,February,1,16,6,Sunday
TT07100,U01143,CR00044,2025-08-08,119.04,PayPal,TC00042,2025,8,August,3,8,4,Friday
TT07101,U01146,CR00059,2025-04-21,0.0,PayPal,TC00040,2025,4,April,2,21,0,Monday
TT07102,U01151,CR00051,2025-07-20,37.89,PayPal,TC00040,2025,7,July,3,20,6,Sunday
TT07103,U01158,CR00043,2025-07-08,0.0,Bank Transfer,TC00042,2025,7,July,3,8,1,Tuesday
TT07104,U01163,CR00040,2025-04-02,327.99,Bank Transfer,TC00042,2025,4,April,2,2,2,Wednesday
TT07105,U01167,CR00033,2025-04-14,0.0,PayPal,TC00040,2025,4,April,2,14,0,Monday
TT07106,U01170,CR00017,2025-09-09,0.0,PayPal,TC00042,2025,9,September,3,9,1,Tuesday
TT07107,U01177,CR00009,2025-10-11,0.0,Bank Transfer,TC00042,2025,10,October,4,11,5,Saturday
TT07108,U01180,CR00039,2025-12-16,346.71,Bank Transfer,TC00040,2025,12,December,4,16,1,Tuesday
TT07109,U01197,CR00032,2025-06-24,0.0,Bank Transfer,TC00040,2025,6,June,2,24,1,Tuesday
TT07110,U01203,CR00018,2025-10-21,0.0,Bank Transfer,TC00040,2025,10,October,4,21,1,Tuesday
TT07111,U01221,CR00015,2025-08-26,285.05,Credit Card,TC00042,2025,8,August,3,26,1,Tuesday
TT07112,U01224,CR00010,2025-06-10,0.0,Credit Card,TC00042,2025,6,June,2,10,1,Tuesday
TT07113,U01231,CR00055,2025-12-29,57.32,PayPal,TC00040,2025,12,December,4,29,0,Monday
TT07114,U01233,CR00020,2025-11-20,0.0,Credit Card,TC00042,2025,11,November,4,20,3,Thursday
TT07115,U01235,CR00037,2025-04-25,0.0,Bank Transfer,TC00040,2025,4,April,2,25,4,Friday
TT07116,U01237,CR00022,2025-10-01,0.0,Credit Card,TC00042,2025,10,October,4,1,2,Wednesday
TT07117,U01239,CR00021,2025-12-12,0.0,Bank Transfer,TC00042,2025,12,December,4,12,4,Friday
TT07118,U01244,CR00010,2025-05-02,0.0,Credit Card,TC00042,2025,5,May,2,2,4,Friday
TT07119,U01250,CR00054,2025-12-05,0.0,Credit Card,TC00040,2025,12,December,4,5,4,Friday
TT07120,U01261,CR00038,2025-04-27,342.61,PayPal,TC00040,2025,4,April,2,27,6,Sunday
TT07121,U01266,CR00023,2025-03-22,0.0,Bank Transfer,TC00040,2025,3,March,1,22,5,Saturday
TT07122,U01267,CR00011,2025-02-28,326.02,Credit Card,TC00040,2025,2,February,1,28,4,Friday
TT07123,U01268,CR00035,2025-05-28,0.0,PayPal,TC00040,2025,5,May,2,28,2,Wednesday
TT07124,U01277,CR00054,2025-05-17,0.0,Bank Transfer,TC00040,2025,5,May,2,17,5,Saturday
TT07125,U01280,CR00048,2025-08-02,0.0,Bank Transfer,TC00040,2025,8,August,3,2,5,Saturday
TT07126,U01281,CR00018,2025-06-26,0.0,PayPal,TC00042,2025,6,June,2,26,3,Thursday
TT07127,U01284,CR00025,2025-02-14,299.57,Bank Transfer,TC00042,2025,2,February,1,14,4,Friday
TT07128,U01286,CR00001,2025-12-25,472.28,PayPal,TC00042,2025,12,December,4,25,3,Thursday
TT07129,U01290,CR00047,2025-08-15,89.59,PayPal,TC00042,2025,8,August,3,15,4,Friday
TT07130,U01315,CR00046,2025-10-04,248.1,Bank Transfer,TC00040,2025,10,October,4,4,5,Saturday
TT07131,U01318,CR00031,2025-09-20,0.0,PayPal,TC00040,2025,9,September,3,20,5,Saturday
TT07132,U01321,CR00010,2025-06-21,0.0,Credit Card,TC00040,2025,6,June,2,21,5,Saturday
TT07133,U01322,CR00053,2025-02-15,0.0,Credit Card,TC00040,2025,2,February,1,15,5,Saturday
TT07134,U01331,CR00051,2025-10-01,37.89,PayPal,TC00040,2025,10,October,4,1,2,Wednesday
TT07135,U01332,CR00049,2025-08-26,415.51,Credit Card,TC00040,2025,8,August,3,26,1,Tuesday
TT07136,U01334,CR00033,2025-07-28,0.0,Bank Transfer,TC00040,2025,7,July,3,28,0,Monday
TT07137,U01336,CR00017,2025-07-15,0.0,Credit Card,TC00040,2025,7,July,3,15,1,Tuesday
TT07138,U01337,CR00026,2025-01-18,0.0,Bank Transfer,TC00042,2025,1,January,1,18,5,Saturday
TT07139,U01343,CR00039,2025-10-28,346.71,Bank Transfer,TC00040,2025,10,October,4,28,1,Tuesday
TT07140,U01344,CR00060,2025-02-22,0.0,Credit Card,TC00042,2025,2,February,1,22,5,Saturday
TT07141,U01346,CR00035,2025-09-02,0.0,Bank Transfer,TC00040,2025,9,September,3,2,1,Tuesday
TT07142,U01347,CR00015,2025-05-10,285.05,PayPal,TC00040,2025,5,May,2,10,5,Saturday
TT07143,U01350,CR00033,2025-11-23,0.0,Bank Transfer,TC00040,2025,11,November,4,23,6,Sunday
TT07144,U01352,CR00043,2025-04-30,0.0,Credit Card,TC00040,2025,4,April,2,30,2,Wednesday
TT07145,U01355,CR00014,2025-01-13,0.0,PayPal,TC00042,2025,1,January,1,13,0,Monday
TT07146,U01365,CR00002,2025-05-30,0.0,Bank Transfer,TC00040,2025,5,May,2,30,4,Friday
TT07147,U01375,CR00040,2025-07-30,327.99,Credit Card,TC00042,2025,7,July,3,30,2,Wednesday
TT07148,U01394,CR00048,2025-04-06,0.0,Bank Transfer,TC00042,2025,4,April,2,6,6,Sunday
TT07149,U01395,CR00007,2025-04-26,0.0,PayPal,TC00040,2025,4,April,2,26,5,Saturday
TT07150,U01397,CR00002,2025-02-02,0.0,Credit Card,TC00042,2025,2,February,1,2,6,Sunday
TT07151,U01399,CR00046,2025-06-19,248.1,PayPal,TC00042,2025,6,June,2,19,3,Thursday
TT07152,U01405,CR00029,2025-09-12,0.0,PayPal,TC00042,2025,9,September,3,12,4,Friday
TT07153,U01411,CR00023,2025-01-18,0.0,Bank Transfer,TC00042,2025,1,January,1,18,5,Saturday
TT07154,U01414,CR00024,2025-07-16,117.68,Bank Transfer,TC00040,2025,7,July,3,16,2,Wednesday
TT07155,U01430,CR00057,2025-06-16,177.34,Bank Transfer,TC00040,2025,6,June,2,16,0,Monday
TT07156,U01432,CR00006,2025-04-08,276.37,PayPal,TC00040,2025,4,April,2,8,1,Tuesday
TT07157,U01435,CR00010,2025-09-01,0.0,Credit Card,TC00040,2025,9,September,3,1,0,Monday
TT07158,U01450,CR00034,2025-09-07,394.26,Bank Transfer,TC00040,2025,9,September,3,7,6,Sunday
TT07159,U01451,CR00050,2025-04-10,490.9,PayPal,TC00042,2025,4,April,2,10,3,Thursday
TT07160,U01455,CR00060,2025-07-26,0.0,Credit Card,TC00042,2025,7,July,3,26,5,Saturday
TT07161,U01460,CR00053,2025-08-05,0.0,Credit Card,TC00040,2025,8,August,3,5,1,Tuesday
TT07162,U01463,CR00049,2025-05-13,415.51,Bank Transfer,TC00040,2025,5,May,2,13,1,Tuesday
TT07163,U01472,CR00048,2025-10-14,0.0,Bank Transfer,TC00042,2025,10,October,4,14,1,Tuesday
TT07164,U01473,CR00041,2025-08-13,53.86,Bank Transfer,TC00042,2025,8,August,3,13,2,Wednesday
TT07165,U01475,CR00047,2025-01-12,89.59,PayPal,TC00040,2025,1,January,1,12,6,Sunday
TT07166,U01488,CR00030,2025-05-24,0.0,PayPal,TC00042,2025,5,May,2,24,5,Saturday
TT07167,U01496,CR00026,2025-08-09,0.0,Credit Card,TC00042,2025,8,August,3,9,5,Saturday
TT07168,U01497,CR00004,2025-11-25,0.0,Credit Card,TC00040,2025,11,November,4,25,1,Tuesday
TT07169,U01500,CR00048,2025-03-15,0.0,Bank Transfer,TC00040,2025,3,March,1,15,5,Saturday
TT07170,U01506,CR00008,2025-09-27,0.0,Credit Card,TC00042,2025,9,September,3,27,5,Saturday
TT07171,U01511,CR00003,2025-09-05,0.0,Bank Transfer,TC00042,2025,9,September,3,5,4,Friday
TT07172,U01512,CR00060,2025-12-03,0.0,Bank Transfer,TC00040,2025,12,December,4,3,2,Wednesday
TT07173,U01517,CR00035,2025-12-21,0.0,Bank Transfer,TC00040,2025,12,December,4,21,6,Sunday
TT07174,U01522,CR00003,2025-07-03,0.0,Credit Card,TC00042,2025,7,July,3,3,3,Thursday
TT07175,U01526,CR00012,2025-03-03,487.92,PayPal,TC00040,2025,3,March,1,3,0,Monday
TT07176,U01528,CR00001,2025-07-30,472.28,Bank Transfer,TC00040,2025,7,July,3,30,2,Wednesday
TT07177,U01530,CR00045,2025-03-01,0.0,Credit Card,TC00040,2025,3,March,1,1,5,Saturday
TT07178,U01531,CR00037,2025-01-10,0.0,Bank Transfer,TC00042,2025,1,January,1,10,4,Friday
TT07179,U01536,CR00003,2025-08-03,0.0,Credit Card,TC00040,2025,8,August,3,3,6,Sunday
TT07180,U01543,CR00037,2025-07-10,0.0,Credit Card,TC00042,2025,7,July,3,10,3,Thursday
TT07181,U01553,CR00019,2025-06-23,0.0,Bank Transfer,TC00042,2025,6,June,2,23,0,Monday
TT07182,U01578,CR00046,2025-11-27,248.1,Credit Card,TC00040,2025,11,November,4,27,3,Thursday
TT07183,U01586,CR00017,2025-07-16,0.0,Credit Card,TC00042,2025,7,July,3,16,2,Wednesday
TT07184,U01628,CR00017,2025-03-25,0.0,Bank Transfer,TC00040,2025,3,March,1,25,1,Tuesday
TT07185,U01635,CR00057,2025-08-05,177.34,Bank Transfer,TC00042,2025,8,August,3,5,1,Tuesday
TT07186,U01647,CR00049,2025-09-06,415.51,Credit Card,TC00042,2025,9,September,3,6,5,Saturday
TT07187,U01649,CR00053,2025-09-20,0.0,Credit Card,TC00040,2025,9,September,3,20,5,Saturday
TT07188,U01654,CR00004,2025-09-05,0.0,Bank Transfer,TC00042,2025,9,September,3,5,4,Friday
TT07189,U01662,CR00020,2025-05-16,0.0,Credit Card,TC00042,2025,5,May,2,16,4,Friday
TT07190,U01666,CR00018,2025-05-19,0.0,Bank Transfer,TC00040,2025,5,May,2,19,0,Monday
TT07191,U01671,CR00024,2025-09-05,117.68,PayPal,TC00040,2025,9,September,3,5,4,Friday
TT07192,U01674,CR00045,2025-09-27,0.0,Bank Transfer,TC00040,2025,9,September,3,27,5,Saturday
TT07193,U01692,CR00025,2025-11-13,299.57,Credit Card,TC00042,2025,11,November,4,13,3,Thursday
TT07194,U01695,CR00006,2025-08-23,276.37,Bank Transfer,TC00042,2025,8,August,3,23,5,Saturday
TT07195,U01702,CR00056,2025-04-18,212.39,Bank Transfer,TC00040,2025,4,April,2,18,4,Friday
TT07196,U01708,CR00043,2025-04-07,0.0,Credit Card,TC00040,2025,4,April,2,7,0,Monday
TT07197,U01720,CR00040,2025-07-28,327.99,Credit Card,TC00040,2025,7,July,3,28,0,Monday
TT07198,U01721,CR00048,2025-04-05,0.0,Bank Transfer,TC00040,2025,4,April,2,5,5,Saturday
TT07199,U01724,CR00014,2025-01-01,0.0,PayPal,TC00042,2025,1,January,1,1,2,Wednesday
TT07200,U01726,CR00054,2025-07-25,0.0,Credit Card,TC00042,2025,7,July,3,25,4,Friday
TT07201,U01729,CR00013,2025-05-11,0.0,PayPal,TC00042,2025,5,May,2,11,6,Sunday
TT07202,U01745,CR00038,2025-04-17,342.61,PayPal,TC00042,2025,4,April,2,17,3,Thursday
TT07203,U01746,CR00037,2025-06-14,0.0,PayPal,TC00042,2025,6,June,2,14,5,Saturday
TT07204,U01762,CR00055,2025-07-26,57.32,Credit Card,TC00040,2025,7,July,3,26,5,Saturday
TT07205,U01773,CR00017,2025-09-23,0.0,Bank Transfer,TC00042,2025,9,September,3,23,1,Tuesday
TT07206,U01789,CR00021,2025-11-05,0.0,Bank Transfer,TC00040,2025,11,November,4,5,2,Wednesday
TT07207,U01795,CR00003,2025-08-21,0.0,Bank Transfer,TC00040,2025,8,August,3,21,3,Thursday
TT07208,U01805,CR00047,2025-06-08,89.59,Credit Card,TC00040,2025,6,June,2,8,6,Sunday
TT07209,U01809,CR00035,2025-09-03,0.0,PayPal,TC00040,2025,9,September,3,3,2,Wednesday
TT07210,U01810,CR00029,2025-09-02,0.0,Bank Transfer,TC00042,2025,9,September,3,2,1,Tuesday
TT07211,U01812,CR00035,2025-06-05,0.0,Credit Card,TC00040,2025,6,June,2,5,3,Thursday
TT07212,U01820,CR00042,2025-07-30,0.0,PayPal,TC00040,2025,7,July,3,30,2,Wednesday
TT07213,U01822,CR00030,2025-09-14,0.0,Credit Card,TC00042,2025,9,September,3,14,6,Sunday
TT07214,U01825,CR00020,2025-11-04,0.0,Credit Card,TC00040,2025,11,November,4,4,1,Tuesday
TT07215,U01840,CR00036,2025-01-28,0.0,Credit Card,TC00040,2025,1,January,1,28,1,Tuesday
TT07216,U01854,CR00011,2025-09-20,326.02,Credit Card,TC00042,2025,9,September,3,20,5,Saturday
TT07217,U01867,CR00041,2025-06-06,53.86,PayPal,TC00042,2025,6,June,2,6,4,Friday
TT07218,U01871,CR00033,2025-05-30,0.0,PayPal,TC00040,2025,5,May,2,30,4,Friday
TT07219,U01872,CR00008,2025-07-17,0.0,Credit Card,TC00042,2025,7,July,3,17,3,Thursday
TT07220,U01877,CR00050,2025-03-17,490.9,Bank Transfer,TC00040,2025,3,March,1,17,0,Monday
TT07221,U01879,CR00049,2025-10-01,415.51,Credit Card,TC00042,2025,10,October,4,1,2,Wednesday
TT07222,U01900,CR00053,2025-09-17,0.0,PayPal,TC00040,2025,9,September,3,17,2,Wednesday
TT07223,U01903,CR00047,2025-09-09,89.59,Credit Card,TC00042,2025,9,September,3,9,1,Tuesday
TT07224,U01906,CR00008,2025-06-11,0.0,Bank Transfer,TC00040,2025,6,June,2,11,2,Wednesday
TT07225,U01917,CR00031,2025-06-27,0.0,Credit Card,TC00040,2025,6,June,2,27,4,Friday
TT07226,U01918,CR00008,2025-02-08,0.0,PayPal,TC00040,2025,2,February,1,8,5,Saturday
TT07227,U01920,CR00012,2025-02-10,487.92,PayPal,TC00042,2025,2,February,1,10,0,Monday
TT07228,U01926,CR00030,2025-05-02,0.0,PayPal,TC00042,2025,5,May,2,2,4,Friday
TT07229,U01929,CR00040,2025-06-09,327.99,Bank Transfer,TC00042,2025,6,June,2,9,0,Monday
TT07230,U01943,CR00033,2025-01-25,0.0,Bank Transfer,TC00040,2025,1,January,1,25,5,Saturday
TT07231,U01953,CR00021,2025-09-21,0.0,Credit Card,TC00040,2025,9,September,3,21,6,Sunday
TT07232,U01958,CR00055,2025-10-23,57.32,PayPal,TC00042,2025,10,October,4,23,3,Thursday
TT07233,U01959,CR00034,2025-11-19,394.26,Credit Card,TC00040,2025,11,November,4,19,2,Wednesday
TT07234,U01961,CR00047,2025-11-16,89.59,Bank Transfer,TC00042,2025,11,November,4,16,6,Sunday
TT07235,U01962,CR00001,2025-06-22,472.28,Bank Transfer,TC00040,2025,6,June,2,22,6,Sunday
TT07236,U01979,CR00009,2025-07-20,0.0,Bank Transfer,TC00042,2025,7,July,3,20,6,Sunday
TT07237,U01987,CR00005,2025-12-16,0.0,PayPal,TC00040,2025,12,December,4,16,1,Tuesday
TT07238,U01989,CR00018,2025-09-09,0.0,Credit Card,TC00040,2025,9,September,3,9,1,Tuesday
TT07239,U01993,CR00001,2025-09-29,472.28,Bank Transfer,TC00042,2025,9,September,3,29,0,Monday
TT07240,U01994,CR00048,2025-07-19,0.0,Credit Card,TC00040,2025,7,July,3,19,5,Saturday
TT07241,U01998,CR00030,2025-06-29,0.0,Credit Card,TC00042,2025,6,June,2,29,6,Sunday
TT07242,U02010,CR00056,2025-01-14,212.39,Bank Transfer,TC00040,2025,1,January,1,14,1,Tuesday
TT07243,U02015,CR00043,2025-03-19,0.0,Bank Transfer,TC00040,2025,3,March,1,19,2,Wednesday
TT07244,U02022,CR00041,2025-04-26,53.86,PayPal,TC00040,2025,4,April,2,26,5,Saturday
TT07245,U02035,CR00008,2025-06-03,0.0,Bank Transfer,TC00040,2025,6,June,2,3,1,Tuesday
TT07246,U02039,CR00057,2025-01-07,177.34,Credit Card,TC00040,2025,1,January,1,7,1,Tuesday
TT07247,U02058,CR00026,2025-08-28,0.0,Bank Transfer,TC00042,2025,8,August,3,28,3,Thursday
TT07248,U02064,CR00024,2025-11-06,117.68,Credit Card,TC00042,2025,11,November,4,6,3,Thursday
TT07249,U02068,CR00025,2025-04-22,299.57,PayPal,TC00042,2025,4,April,2,22,1,Tuesday
TT07250,U02071,CR00013,2025-03-17,0.0,PayPal,TC00042,2025,3,March,1,17,0,Monday
TT07251,U02077,CR00020,2025-06-06,0.0,PayPal,TC00042,2025,6,June,2,6,4,Friday
TT07252,U02094,CR00058,2025-01-22,0.0,Credit Card,TC00040,2025,1,January,1,22,2,Wednesday
TT07253,U02096,CR00038,2025-03-26,342.61,Credit Card,TC00040,2025,3,March,1,26,2,Wednesday
TT07254,U02098,CR00014,2025-10-02,0.0,PayPal,TC00040,2025,10,October,4,2,3,Thursday
TT07255,U02125,CR00025,2025-07-12,299.57,Bank Transfer,TC00040,2025,7,July,3,12,5,Saturday
TT07256,U02144,CR00001,2025-08-12,472.28,Credit Card,TC00042,2025,8,August,3,12,1,Tuesday
TT07257,U02147,CR00024,2025-12-04,117.68,PayPal,TC00040,2025,12,December,4,4,3,Thursday
TT07258,U02149,CR00017,2025-01-29,0.0,Credit Card,TC00040,2025,1,January,1,29,2,Wednesday
TT07259,U02151,CR00020,2025-03-08,0.0,PayPal,TC00042,2025,3,March,1,8,5,Saturday
TT07260,U02153,CR00051,2025-04-06,37.89,PayPal,TC00042,2025,4,April,2,6,6,Sunday
TT07261,U02155,CR00041,2025-07-05,53.86,Credit Card,TC00040,2025,7,July,3,5,5,Saturday
TT07262,U02161,CR00012,2025-10-12,487.92,PayPal,TC00042,2025,10,October,4,12,6,Sunday
TT07263,U02174,CR00038,2025-12-28,342.61,Credit Card,TC00040,2025,12,December,4,28,6,Sunday
TT07264,U02199,CR00015,2025-10-14,285.05,Bank Transfer,TC00040,2025,10,October,4,14,1,Tuesday
TT07265,U02212,CR00060,2025-04-03,0.0,PayPal,TC00040,2025,4,April,2,3,3,Thursday
TT07266,U02215,CR00043,2025-03-17,0.0,Bank Transfer,TC00042,2025,3,March,1,17,0,Monday
TT07267,U02217,CR00013,2025-04-03,0.0,PayPal,TC00040,2025,4,April,2,3,3,Thursday
TT07268,U02224,CR00002,2025-12-05,0.0,Bank Transfer,TC00042,2025,12,December,4,5,4,Friday
TT07269,U02231,CR00052,2025-02-13,0.0,PayPal,TC00040,2025,2,February,1,13,3,Thursday
TT07270,U02248,CR00008,2025-11-03,0.0,PayPal,TC00040,2025,11,November,4,3,0,Monday
TT07271,U02250,CR00016,2025-07-18,0.0,Credit Card,TC00042,2025,7,July,3,18,4,Friday
TT07272,U02254,CR00029,2025-05-03,0.0,Bank Transfer,TC00042,2025,5,May,2,3,5,Saturday
TT07273,U02258,CR00033,2025-06-18,0.0,PayPal,TC00040,2025,6,June,2,18,2,Wednesday
TT07274,U02284,CR00059,2025-09-13,0.0,PayPal,TC00040,2025,9,September,3,13,5,Saturday
TT07275,U02288,CR00004,2025-06-26,0.0,PayPal,TC00040,2025,6,June,2,26,3,Thursday
TT07276,U02290,CR00035,2025-07-30,0.0,Bank Transfer,TC00040,2025,7,July,3,30,2,Wednesday
TT07277,U02300,CR00005,2025-12-14,0.0,Bank Transfer,TC00040,2025,12,December,4,14,6,Sunday
TT07278,U02301,CR00005,2025-05-18,0.0,Credit Card,TC00040,2025,5,May,2,18,6,Sunday
TT07279,U02306,CR00049,2025-12-23,415.51,Bank Transfer,TC00040,2025,12,December,4,23,1,Tuesday
TT07280,U02336,CR00024,2025-04-25,117.68,Credit Card,TC00040,2025,4,April,2,25,4,Friday
TT07281,U02337,CR00001,2025-10-15,472.28,Credit Card,TC00042,2025,10,October,4,15,2,Wednesday
TT07282,U02344,CR00003,2025-08-06,0.0,PayPal,TC00042,2025,8,August,3,6,2,Wednesday
TT07283,U02345,CR00012,2025-05-30,487.92,Credit Card,TC00040,2025,5,May,2,30,4,Friday
TT07284,U02349,CR00007,2025-09-11,0.0,PayPal,TC00040,2025,9,September,3,11,3,Thursday
TT07285,U02370,CR00021,2025-03-22,0.0,Credit Card,TC00042,2025,3,March,1,22,5,Saturday
TT07286,U02371,CR00035,2025-03-19,0.0,PayPal,TC00040,2025,3,March,1,19,2,Wednesday
TT07287,U02410,CR00039,2025-06-16,346.71,PayPal,TC00042,2025,6,June,2,16,0,Monday
TT07288,U02427,CR00051,2025-03-08,37.89,PayPal,TC00042,2025,3,March,1,8,5,Saturday
TT07289,U02432,CR00054,2025-08-29,0.0,PayPal,TC00042,2025,8,August,3,29,4,Friday
TT07290,U02445,CR00024,2025-03-20,117.68,PayPal,TC00042,2025,3,March,1,20,3,Thursday
TT07291,U02459,CR00029,2025-04-13,0.0,PayPal,TC00042,2025,4,April,2,13,6,Sunday
TT07292,U02485,CR00026,2025-12-26,0.0,Credit Card,TC00042,2025,12,December,4,26,4,Friday
TT07293,U02490,CR00028,2025-08-25,0.78,PayPal,TC00042,2025,8,August,3,25,0,Monday
TT07294,U02512,CR00044,2025-07-16,119.04,PayPal,TC00040,2025,7,July,3,16,2,Wednesday
TT07295,U02537,CR00050,2025-07-05,490.9,PayPal,TC00040,2025,7,July,3,5,5,Saturday
TT07296,U02541,CR00010,2025-04-29,0.0,PayPal,TC00040,2025,4,April,2,29,1,Tuesday
TT07297,U02542,CR00017,2025-05-04,0.0,Bank Transfer,TC00040,2025,5,May,2,4,6,Sunday
TT07298,U02564,CR00044,2025-06-03,119.04,Credit Card,TC00042,2025,6,June,2,3,1,Tuesday
TT07299,U02566,CR00060,2025-09-29,0.0,PayPal,TC00042,2025,9,September,3,29,0,Monday
TT07300,U02582,CR00022,2025-01-05,0.0,Credit Card,TC00040,2025,1,January,1,5,6,Sunday
TT07301,U02583,CR00029,2025-05-08,0.0,Credit Card,TC00042,2025,5,May,2,8,3,Thursday
TT07302,U02593,CR00050,2025-03-28,490.9,PayPal,TC00040,2025,3,March,1,28,4,Friday
TT07303,U02602,CR00037,2025-10-24,0.0,Bank Transfer,TC00040,2025,10,October,4,24,4,Friday
TT07304,U02605,CR00035,2025-12-15,0.0,Bank Transfer,TC00040,2025,12,December,4,15,0,Monday
TT07305,U02612,CR00026,2025-11-17,0.0,Bank Transfer,TC00042,2025,11,November,4,17,0,Monday
TT07306,U02614,CR00060,2025-12-03,0.0,PayPal,TC00040,2025,12,December,4,3,2,Wednesday
TT07307,U02616,CR00016,2025-10-30,0.0,PayPal,TC00042,2025,10,October,4,30,3,Thursday
TT07308,U02633,CR00043,2025-07-19,0.0,PayPal,TC00040,2025,7,July,3,19,5,Saturday
TT07309,U02643,CR00022,2025-01-29,0.0,Bank Transfer,TC00040,2025,1,January,1,29,2,Wednesday
TT07310,U02645,CR00039,2025-12-27,346.71,Bank Transfer,TC00042,2025,12,December,4,27,5,Saturday
TT07311,U02651,CR00019,2025-03-06,0.0,PayPal,TC00042,2025,3,March,1,6,3,Thursday
TT07312,U02663,CR00027,2025-06-01,0.0,PayPal,TC00042,2025,6,June,2,1,6,Sunday
TT07313,U02683,CR00006,2025-04-08,276.37,Credit Card,TC00040,2025,4,April,2,8,1,Tuesday
TT07314,U02684,CR00017,2025-03-13,0.0,Bank Transfer,TC00042,2025,3,March,1,13,3,Thursday
TT07315,U02698,CR00045,2025-03-27,0.0,Credit Card,TC00042,2025,3,March,1,27,3,Thursday
TT07316,U02709,CR00046,2025-04-07,248.1,Credit Card,TC00042,2025,4,April,2,7,0,Monday
TT07317,U02733,CR00049,2025-11-28,415.51,Bank Transfer,TC00042,2025,11,November,4,28,4,Friday
TT07318,U02743,CR00025,2025-03-01,299.57,PayPal,TC00040,2025,3,March,1,1,5,Saturday
TT07319,U02754,CR00032,2025-08-30,0.0,PayPal,TC00040,2025,8,August,3,30,5,Saturday
TT07320,U02770,CR00025,2025-12-30,299.57,Credit Card,TC00040,2025,12,December,4,30,1,Tuesday
TT07321,U02775,CR00021,2025-03-07,0.0,Bank Transfer,TC00042,2025,3,March,1,7,4,Friday
TT07322,U02786,CR00025,2025-12-05,299.57,Bank Transfer,TC00040,2025,12,December,4,5,4,Friday
TT07323,U02788,CR00044,2025-07-16,119.04,PayPal,TC00042,2025,7,July,3,16,2,Wednesday
TT07324,U02791,CR00044,2025-04-19,119.04,Credit Card,TC00040,2025,4,April,2,19,5,Saturday
TT07325,U02792,CR00051,2025-05-27,37.89,Bank Transfer,TC00042,2025,5,May,2,27,1,Tuesday
TT07326,U02793,CR00018,2025-08-19,0.0,Bank Transfer,TC00042,2025,8,August,3,19,1,Tuesday
TT07327,U02825,CR00044,2025-09-04,119.04,PayPal,TC00042,2025,9,September,3,4,3,Thursday
TT07328,U02843,CR00019,2025-12-10,0.0,PayPal,TC00040,2025,12,December,4,10,2,Wednesday
TT07329,U02844,CR00006,2025-11-13,276.37,Credit Card,TC00040,2025,11,November,4,13,3,Thursday
TT07330,U02850,CR00009,2025-10-13,0.0,Credit Card,TC00040,2025,10,October,4,13,0,Monday
TT07331,U02857,CR00037,2025-08-25,0.0,Bank Transfer,TC00040,2025,8,August,3,25,0,Monday
TT07332,U02874,CR00055,2025-08-15,57.32,Bank Transfer,TC00040,2025,8,August,3,15,4,Friday
TT07333,U02899,CR00058,2025-09-21,0.0,PayPal,TC00040,2025,9,September,3,21,6,Sunday
TT07334,U02909,CR00049,2025-01-21,415.51,Credit Card,TC00042,2025,1,January,1,21,1,Tuesday
TT07335,U02915,CR00004,2025-07-07,0.0,Bank Transfer,TC00042,2025,7,July,3,7,0,Monday
TT07336,U02916,CR00049,2025-10-02,415.51,Credit Card,TC00042,2025,10,October,4,2,3,Thursday
TT07337,U02927,CR00011,2025-10-27,326.02,PayPal,TC00042,2025,10,October,4,27,0,Monday
TT07338,U02931,CR00044,2025-03-27,119.04,Bank Transfer,TC00040,2025,3,March,1,27,3,Thursday
TT07339,U02941,CR00060,2025-10-15,0.0,Bank Transfer,TC00042,2025,10,October,4,15,2,Wednesday
TT07340,U02947,CR00031,2025-08-08,0.0,PayPal,TC00040,2025,8,August,3,8,4,Friday
TT07341,U02958,CR00022,2025-02-08,0.0,PayPal,TC00040,2025,2,February,1,8,5,Saturday
TT07342,U02969,CR00003,2025-10-23,0.0,Bank Transfer,TC00042,2025,10,October,4,23,3,Thursday
TT07343,U02971,CR00007,2025-04-11,0.0,Credit Card,TC00040,2025,4,April,2,11,4,Friday
TT07344,U02974,CR00021,2025-08-15,0.0,Bank Transfer,TC00042,2025,8,August,3,15,4,Friday
TT07345,U02976,CR00019,2025-01-10,0.0,Bank Transfer,TC00042,2025,1,January,1,10,4,Friday
TT07346,U02980,CR00039,2025-07-15,346.71,Credit Card,TC00042,2025,7,July,3,15,1,Tuesday
TT07347,U02981,CR00042,2025-02-01,0.0,PayPal,TC00042,2025,2,February,1,1,5,Saturday
TT07348,U02984,CR00027,2025-11-01,0.0,PayPal,TC00042,2025,11,November,4,1,5,Saturday
TT07349,U02989,CR00041,2025-12-30,53.86,PayPal,TC00040,2025,12,December,4,30,1,Tuesday
TT07350,U02992,CR00001,2025-10-08,472.28,PayPal,TC00042,2025,10,October,4,8,2,Wednesday
TT07351,U02994,CR00025,2025-05-01,299.57,PayPal,TC00042,2025,5,May,2,1,3,Thursday
TT07352,U00004,CR00038,2025-08-21,342.61,Bank Transfer,TC00040,2025,8,August,3,21,3,Thursday
TT07353,U00013,CR00039,2025-11-08,346.71,Bank Transfer,TC00042,2025,11,November,4,8,5,Saturday
TT07354,U00018,CR00026,2025-11-22,0.0,Credit Card,TC00042,2025,11,November,4,22,5,Saturday
TT07355,U00045,CR00004,2025-07-20,0.0,PayPal,TC00040,2025,7,July,3,20,6,Sunday
TT07356,U00055,CR00048,2025-07-06,0.0,Bank Transfer,TC00042,2025,7,July,3,6,6,Sunday
TT07357,U00071,CR00054,2025-02-26,0.0,PayPal,TC00040,2025,2,February,1,26,2,Wednesday
TT07358,U00083,CR00047,2025-11-19,89.59,PayPal,TC00042,2025,11,November,4,19,2,Wednesday
TT07359,U00085,CR00043,2025-01-09,0.0,Credit Card,TC00040,2025,1,January,1,9,3,Thursday
TT07360,U00109,CR00020,2025-12-06,0.0,Bank Transfer,TC00040,2025,12,December,4,6,5,Saturday
TT07361,U00112,CR00052,2025-12-22,0.0,PayPal,TC00042,2025,12,December,4,22,0,Monday
TT07362,U00117,CR00055,2025-09-01,57.32,Credit Card,TC00040,2025,9,September,3,1,0,Monday
TT07363,U00126,CR00058,2025-12-03,0.0,Bank Transfer,TC00042,2025,12,December,4,3,2,Wednesday
TT07364,U00128,CR00060,2025-05-08,0.0,Bank Transfer,TC00040,2025,5,May,2,8,3,Thursday
TT07365,U00133,CR00025,2025-12-30,299.57,Bank Transfer,TC00042,2025,12,December,4,30,1,Tuesday
TT07366,U00134,CR00022,2025-10-14,0.0,PayPal,TC00040,2025,10,October,4,14,1,Tuesday
TT07367,U00144,CR00018,2025-04-15,0.0,Credit Card,TC00040,2025,4,April,2,15,1,Tuesday
TT07368,U00147,CR00058,2025-05-21,0.0,PayPal,TC00042,2025,5,May,2,21,2,Wednesday
TT07369,U00152,CR00052,2025-01-19,0.0,Credit Card,TC00040,2025,1,January,1,19,6,Sunday
TT07370,U00166,CR00053,2025-12-06,0.0,Credit Card,TC00042,2025,12,December,4,6,5,Saturday
TT07371,U00173,CR00043,2025-09-16,0.0,Bank Transfer,TC00040,2025,9,September,3,16,1,Tuesday
TT07372,U00178,CR00060,2025-06-30,0.0,Credit Card,TC00042,2025,6,June,2,30,0,Monday
TT07373,U00191,CR00001,2025-01-16,472.28,PayPal,TC00042,2025,1,January,1,16,3,Thursday
TT07374,U00192,CR00051,2025-11-07,37.89,PayPal,TC00042,2025,11,November,4,7,4,Friday
TT07375,U00208,CR00024,2025-02-24,117.68,Credit Card,TC00042,2025,2,February,1,24,0,Monday
TT07376,U00216,CR00002,2025-01-16,0.0,Bank Transfer,TC00042,2025,1,January,1,16,3,Thursday
TT07377,U00220,CR00022,2025-07-15,0.0,Bank Transfer,TC00042,2025,7,July,3,15,1,Tuesday
TT07378,U00238,CR00050,2025-10-24,490.9,Bank Transfer,TC00040,2025,10,October,4,24,4,Friday
TT07379,U00251,CR00038,2025-12-26,342.61,Bank Transfer,TC00040,2025,12,December,4,26,4,Friday
TT07380,U00260,CR00010,2025-05-03,0.0,Credit Card,TC00040,2025,5,May,2,3,5,Saturday
TT07381,U00265,CR00056,2025-04-30,212.39,Bank Transfer,TC00040,2025,4,April,2,30,2,Wednesday
TT07382,U00272,CR00055,2025-08-25,57.32,Bank Transfer,TC00042,2025,8,August,3,25,0,Monday
TT07383,U00282,CR00045,2025-04-17,0.0,Credit Card,TC00042,2025,4,April,2,17,3,Thursday
TT07384,U00292,CR00002,2025-08-15,0.0,Credit Card,TC00042,2025,8,August,3,15,4,Friday
TT07385,U00293,CR00045,2025-03-04,0.0,Bank Transfer,TC00040,2025,3,March,1,4,1,Tuesday
TT07386,U00301,CR00057,2025-09-03,177.34,Credit Card,TC00040,2025,9,September,3,3,2,Wednesday
TT07387,U00303,CR00027,2025-04-20,0.0,Credit Card,TC00042,2025,4,April,2,20,6,Sunday
TT07388,U00310,CR00024,2025-04-06,117.68,Bank Transfer,TC00042,2025,4,April,2,6,6,Sunday
TT07389,U00315,CR00012,2025-09-12,487.92,Bank Transfer,TC00040,2025,9,September,3,12,4,Friday
TT07390,U00321,CR00046,2025-02-27,248.1,Credit Card,TC00042,2025,2,February,1,27,3,Thursday
TT07391,U00322,CR00021,2025-09-14,0.0,PayPal,TC00040,2025,9,September,3,14,6,Sunday
TT07392,U00323,CR00010,2025-09-17,0.0,Bank Transfer,TC00040,2025,9,September,3,17,2,Wednesday
TT07393,U00329,CR00029,2025-07-02,0.0,Credit Card,TC00042,2025,7,July,3,2,2,Wednesday
TT07394,U00330,CR00033,2025-03-23,0.0,PayPal,TC00040,2025,3,March,1,23,6,Sunday
TT07395,U00334,CR00022,2025-09-12,0.0,PayPal,TC00040,2025,9,September,3,12,4,Friday
TT07396,U00338,CR00003,2025-07-16,0.0,PayPal,TC00042,2025,7,July,3,16,2,Wednesday
TT07397,U00339,CR00023,2025-05-25,0.0,Credit Card,TC00042,2025,5,May,2,25,6,Sunday
TT07398,U00340,CR00002,2025-03-14,0.0,Credit Card,TC00042,2025,3,March,1,14,4,Friday
TT07399,U00345,CR00050,2025-06-23,490.9,Credit Card,TC00042,2025,6,June,2,23,0,Monday
TT07400,U00351,CR00018,2025-06-24,0.0,Bank Transfer,TC00042,2025,6,June,2,24,1,Tuesday
TT07401,U00352,CR00016,2025-01-21,0.0,Bank Transfer,TC00042,2025,1,January,1,21,1,Tuesday
TT07402,U00353,CR00057,2025-11-13,177.34,Credit Card,TC00040,2025,11,November,4,13,3,Thursday
TT07403,U00356,CR00030,2025-07-13,0.0,PayPal,TC00042,2025,7,July,3,13,6,Sunday
TT07404,U00357,CR00003,2025-05-28,0.0,Bank Transfer,TC00040,2025,5,May,2,28,2,Wednesday
TT07405,U00365,CR00057,2025-12-26,177.34,PayPal,TC00040,2025,12,December,4,26,4,Friday
TT07406,U00379,CR00005,2025-07-24,0.0,PayPal,TC00040,2025,7,July,3,24,3,Thursday
TT07407,U00383,CR00012,2025-03-03,487.92,Credit Card,TC00042,2025,3,March,1,3,0,Monday
TT07408,U00394,CR00009,2025-02-23,0.0,Credit Card,TC00042,2025,2,February,1,23,6,Sunday
TT07409,U00404,CR00044,2025-02-03,119.04,Credit Card,TC00040,2025,2,February,1,3,0,Monday
TT07410,U00406,CR00040,2025-05-06,327.99,Credit Card,TC00042,2025,5,May,2,6,1,Tuesday
TT07411,U00407,CR00003,2025-02-17,0.0,Credit Card,TC00040,2025,2,February,1,17,0,Monday
TT07412,U00411,CR00054,2025-05-26,0.0,Credit Card,TC00042,2025,5,May,2,26,0,Monday
TT07413,U00415,CR00044,2025-06-29,119.04,Credit Card,TC00040,2025,6,June,2,29,6,Sunday
TT07414,U00423,CR00003,2025-11-27,0.0,PayPal,TC00040,2025,11,November,4,27,3,Thursday
TT07415,U00424,CR00028,2025-04-30,0.78,Bank Transfer,TC00042,2025,4,April,2,30,2,Wednesday
TT07416,U00427,CR00008,2025-11-09,0.0,Bank Transfer,TC00042,2025,11,November,4,9,6,Sunday
TT07417,U00438,CR00025,2025-06-25,299.57,PayPal,TC00042,2025,6,June,2,25,2,Wednesday
TT07418,U00444,CR00047,2025-12-29,89.59,Credit Card,TC00042,2025,12,December,4,29,0,Monday
TT07419,U00449,CR00019,2025-12-19,0.0,PayPal,TC00040,2025,12,December,4,19,4,Friday
TT07420,U00450,CR00020,2025-09-14,0.0,PayPal,TC00042,2025,9,September,3,14,6,Sunday
TT07421,U00464,CR00007,2025-09-16,0.0,Credit Card,TC00042,2025,9,September,3,16,1,Tuesday
TT07422,U00494,CR00004,2025-10-30,0.0,Bank Transfer,TC00042,2025,10,October,4,30,3,Thursday
TT07423,U00543,CR00019,2025-02-12,0.0,Bank Transfer,TC00040,2025,2,February,1,12,2,Wednesday
TT07424,U00556,CR00027,2025-02-01,0.0,Bank Transfer,TC00042,2025,2,February,1,1,5,Saturday
TT07425,U00559,CR00046,2025-05-25,248.1,Bank Transfer,TC00042,2025,5,May,2,25,6,Sunday
TT07426,U00562,CR00005,2025-06-13,0.0,PayPal,TC00042,2025,6,June,2,13,4,Friday
TT07427,U00569,CR00054,2025-10-13,0.0,Credit Card,TC00042,2025,10,October,4,13,0,Monday
TT07428,U00570,CR00059,2025-12-27,0.0,Bank Transfer,TC00042,2025,12,December,4,27,5,Saturday
TT07429,U00572,CR00057,2025-01-17,177.34,Bank Transfer,TC00040,2025,1,January,1,17,4,Friday
TT07430,U00573,CR00025,2025-10-04,299.57,Bank Transfer,TC00042,2025,10,October,4,4,5,Saturday
TT07431,U00574,CR00051,2025-01-10,37.89,Bank Transfer,TC00042,2025,1,January,1,10,4,Friday
TT07432,U00576,CR00043,2025-12-18,0.0,Credit Card,TC00040,2025,12,December,4,18,3,Thursday
TT07433,U00584,CR00044,2025-04-24,119.04,PayPal,TC00040,2025,4,April,2,24,3,Thursday
TT07434,U00592,CR00020,2025-08-07,0.0,Bank Transfer,TC00042,2025,8,August,3,7,3,Thursday
TT07435,U00595,CR00060,2025-08-02,0.0,Credit Card,TC00040,2025,8,August,3,2,5,Saturday
TT07436,U00604,CR00042,2025-07-07,0.0,Bank Transfer,TC00042,2025,7,July,3,7,0,Monday
TT07437,U00619,CR00038,2025-04-21,342.61,PayPal,TC00042,2025,4,April,2,21,0,Monday
TT07438,U00622,CR00007,2025-05-22,0.0,Credit Card,TC00040,2025,5,May,2,22,3,Thursday
TT07439,U00633,CR00012,2025-04-14,487.92,Credit Card,TC00042,2025,4,April,2,14,0,Monday
TT07440,U00636,CR00019,2025-09-14,0.0,PayPal,TC00040,2025,9,September,3,14,6,Sunday
TT07441,U00639,CR00044,2025-07-09,119.04,Bank Transfer,TC00042,2025,7,July,3,9,2,Wednesday
TT07442,U00666,CR00057,2025-03-30,177.34,Bank Transfer,TC00040,2025,3,March,1,30,6,Sunday
TT07443,U00687,CR00006,2025-11-21,276.37,PayPal,TC00042,2025,11,November,4,21,4,Friday
TT07444,U00701,CR00031,2025-06-21,0.0,Bank Transfer,TC00040,2025,6,June,2,21,5,Saturday
TT07445,U00704,CR00047,2025-11-09,89.59,Credit Card,TC00040,2025,11,November,4,9,6,Sunday
TT07446,U00723,CR00004,2025-01-27,0.0,Credit Card,TC00042,2025,1,January,1,27,0,Monday
TT07447,U00724,CR00008,2025-10-29,0.0,PayPal,TC00040,2025,10,October,4,29,2,Wednesday
TT07448,U00752,CR00009,2025-09-14,0.0,Bank Transfer,TC00042,2025,9,September,3,14,6,Sunday
TT07449,U00765,CR00034,2025-03-19,394.26,PayPal,TC00040,2025,3,March,1,19,2,Wednesday
TT07450,U00767,CR00002,2025-04-29,0.0,PayPal,TC00040,2025,4,April,2,29,1,Tuesday
TT07451,U00772,CR00032,2025-06-18,0.0,PayPal,TC00040,2025,6,June,2,18,2,Wednesday
TT07452,U00775,CR00057,2025-09-03,177.34,PayPal,TC00040,2025,9,September,3,3,2,Wednesday
TT07453,U00819,CR00036,2025-09-09,0.0,Credit Card,TC00040,2025,9,September,3,9,1,Tuesday
TT07454,U00821,CR00060,2025-12-08,0.0,Bank Transfer,TC00040,2025,12,December,4,8,0,Monday
TT07455,U00829,CR00032,2025-08-09,0.0,Credit Card,TC00040,2025,8,August,3,9,5,Saturday
TT07456,U00836,CR00020,2025-10-19,0.0,Credit Card,TC00040,2025,10,October,4,19,6,Sunday
TT07457,U00838,CR00050,2025-03-13,490.9,PayPal,TC00042,2025,3,March,1,13,3,Thursday
TT07458,U00850,CR00038,2025-06-02,342.61,Bank Transfer,TC00042,2025,6,June,2,2,0,Monday
TT07459,U00852,CR00037,2025-08-16,0.0,Bank Transfer,TC00042,2025,8,August,3,16,5,Saturday
TT07460,U00858,CR00053,2025-09-07,0.0,Bank Transfer,TC00042,2025,9,September,3,7,6,Sunday
TT07461,U00870,CR00021,2025-11-07,0.0,Bank Transfer,TC00042,2025,11,November,4,7,4,Friday
TT07462,U00874,CR00055,2025-05-01,57.32,PayPal,TC00042,2025,5,May,2,1,3,Thursday
TT07463,U00876,CR00017,2025-02-26,0.0,Credit Card,TC00042,2025,2,February,1,26,2,Wednesday
TT07464,U00881,CR00011,2025-01-27,326.02,Bank Transfer,TC00042,2025,1,January,1,27,0,Monday
TT07465,U00893,CR00034,2025-08-27,394.26,Credit Card,TC00040,2025,8,August,3,27,2,Wednesday
TT07466,U00898,CR00024,2025-11-25,117.68,Credit Card,TC00040,2025,11,November,4,25,1,Tuesday
TT07467,U00907,CR00015,2025-05-26,285.05,Credit Card,TC00042,2025,5,May,2,26,0,Monday
TT07468,U00915,CR00004,2025-09-05,0.0,PayPal,TC00040,2025,9,September,3,5,4,Friday
TT07469,U00917,CR00018,2025-04-23,0.0,Bank Transfer,TC00042,2025,4,April,2,23,2,Wednesday
TT07470,U00928,CR00022,2025-11-19,0.0,PayPal,TC00042,2025,11,November,4,19,2,Wednesday
TT07471,U00959,CR00034,2025-02-16,394.26,PayPal,TC00040,2025,2,February,1,16,6,Sunday
TT07472,U00967,CR00007,2025-01-20,0.0,Credit Card,TC00042,2025,1,January,1,20,0,Monday
TT07473,U00976,CR00039,2025-07-27,346.71,Bank Transfer,TC00042,2025,7,July,3,27,6,Sunday
TT07474,U00981,CR00008,2025-03-09,0.0,PayPal,TC00042,2025,3,March,1,9,6,Sunday
TT07475,U00989,CR00015,2025-06-11,285.05,Bank Transfer,TC00040,2025,6,June,2,11,2,Wednesday
TT07476,U00997,CR00019,2025-04-17,0.0,Bank Transfer,TC00042,2025,4,April,2,17,3,Thursday
TT07477,U01000,CR00003,2025-01-13,0.0,Bank Transfer,TC00040,2025,1,January,1,13,0,Monday
TT07478,U01015,CR00023,2025-08-05,0.0,Credit Card,TC00040,2025,8,August,3,5,1,Tuesday
TT07479,U01020,CR00011,2025-03-19,326.02,Bank Transfer,TC00040,2025,3,March,1,19,2,Wednesday
TT07480,U01022,CR00053,2025-04-23,0.0,Bank Transfer,TC00042,2025,4,April,2,23,2,Wednesday
TT07481,U01032,CR00012,2025-06-09,487.92,PayPal,TC00042,2025,6,June,2,9,0,Monday
TT07482,U01033,CR00025,2025-09-12,299.57,PayPal,TC00042,2025,9,September,3,12,4,Friday
TT07483,U01034,CR00045,2025-05-05,0.0,Credit Card,TC00042,2025,5,May,2,5,0,Monday
TT07484,U01066,CR00027,2025-07-24,0.0,PayPal,TC00042,2025,7,July,3,24,3,Thursday
TT07485,U01079,CR00030,2025-04-11,0.0,Credit Card,TC00042,2025,4,April,2,11,4,Friday
TT07486,U01083,CR00001,2025-03-11,472.28,Credit Card,TC00042,2025,3,March,1,11,1,Tuesday
TT07487,U01084,CR00045,2025-08-03,0.0,Credit Card,TC00042,2025,8,August,3,3,6,Sunday
TT07488,U01092,CR00039,2025-05-27,346.71,Credit Card,TC00042,2025,5,May,2,27,1,Tuesday
TT07489,U01096,CR00023,2025-01-23,0.0,Bank Transfer,TC00042,2025,1,January,1,23,3,Thursday
TT07490,U01123,CR00052,2025-11-13,0.0,Credit Card,TC00042,2025,11,November,4,13,3,Thursday
TT07491,U01143,CR00047,2025-03-19,89.59,Bank Transfer,TC00040,2025,3,March,1,19,2,Wednesday
TT07492,U01146,CR00043,2025-01-07,0.0,Credit Card,TC00042,2025,1,January,1,7,1,Tuesday
TT07493,U01151,CR00018,2025-02-26,0.0,Credit Card,TC00040,2025,2,February,1,26,2,Wednesday
TT07494,U01158,CR00036,2025-08-02,0.0,PayPal,TC00042,2025,8,August,3,2,5,Saturday
TT07495,U01163,CR00010,2025-12-02,0.0,Credit Card,TC00042,2025,12,December,4,2,1,Tuesday
TT07496,U01167,CR00053,2025-05-09,0.0,Credit Card,TC00040,2025,5,May,2,9,4,Friday
TT07497,U01170,CR00039,2025-08-07,346.71,Credit Card,TC00042,2025,8,August,3,7,3,Thursday
TT07498,U01177,CR00041,2025-12-16,53.86,PayPal,TC00040,2025,12,December,4,16,1,Tuesday
TT07499,U01180,CR00027,2025-11-04,0.0,Credit Card,TC00042,2025,11,November,4,4,1,Tuesday
TT07500,U01197,CR00031,2025-07-05,0.0,Credit Card,TC00040,2025,7,July,3,5,5,Saturday
TT07501,U01203,CR00056,2025-03-15,212.39,Bank Transfer,TC00040,2025,3,March,1,15,5,Saturday
TT07502,U01224,CR00032,2025-06-29,0.0,Credit Card,TC00040,2025,6,June,2,29,6,Sunday
TT07503,U01231,CR00036,2025-12-30,0.0,Bank Transfer,TC00042,2025,12,December,4,30,1,Tuesday
TT07504,U01233,CR00026,2025-01-09,0.0,Credit Card,TC00042,2025,1,January,1,9,3,Thursday
TT07505,U01235,CR00045,2025-11-17,0.0,Bank Transfer,TC00040,2025,11,November,4,17,0,Monday
TT07506,U01239,CR00018,2025-01-04,0.0,PayPal,TC00042,2025,1,January,1,4,5,Saturday
TT07507,U01244,CR00045,2025-09-23,0.0,Bank Transfer,TC00042,2025,9,September,3,23,1,Tuesday
TT07508,U01249,CR00054,2025-08-03,0.0,Bank Transfer,TC00042,2025,8,August,3,3,6,Sunday
TT07509,U01261,CR00039,2025-05-26,346.71,Credit Card,TC00042,2025,5,May,2,26,0,Monday
TT07510,U01266,CR00013,2025-02-11,0.0,PayPal,TC00042,2025,2,February,1,11,1,Tuesday
TT07511,U01268,CR00023,2025-07-13,0.0,PayPal,TC00040,2025,7,July,3,13,6,Sunday
TT07512,U01277,CR00020,2025-08-07,0.0,Bank Transfer,TC00042,2025,8,August,3,7,3,Thursday
TT07513,U01280,CR00051,2025-03-01,37.89,Bank Transfer,TC00042,2025,3,March,1,1,5,Saturday
TT07514,U01284,CR00005,2025-01-07,0.0,PayPal,TC00040,2025,1,January,1,7,1,Tuesday
TT07515,U01286,CR00025,2025-12-09,299.57,PayPal,TC00040,2025,12,December,4,9,1,Tuesday
TT07516,U01287,CR00002,2025-03-24,0.0,Credit Card,TC00040,2025,3,March,1,24,0,Monday
TT07517,U01290,CR00054,2025-11-25,0.0,Bank Transfer,TC00042,2025,11,November,4,25,1,Tuesday
TT07518,U01315,CR00010,2025-07-06,0.0,Bank Transfer,TC00040,2025,7,July,3,6,6,Sunday
TT07519,U01318,CR00027,2025-05-27,0.0,Bank Transfer,TC00042,2025,5,May,2,27,1,Tuesday
TT07520,U01321,CR00041,2025-07-26,53.86,Bank Transfer,TC00042,2025,7,July,3,26,5,Saturday
TT07521,U01322,CR00059,2025-05-22,0.0,Credit Card,TC00040,2025,5,May,2,22,3,Thursday
TT07522,U01331,CR00019,2025-06-11,0.0,Credit Card,TC00042,2025,6,June,2,11,2,Wednesday
TT07523,U01332,CR00040,2025-09-05,327.99,Credit Card,TC00042,2025,9,September,3,5,4,Friday
TT07524,U01334,CR00052,2025-10-05,0.0,Bank Transfer,TC00042,2025,10,October,4,5,6,Sunday
TT07525,U01336,CR00060,2025-12-12,0.0,PayPal,TC00040,2025,12,December,4,12,4,Friday
TT07526,U01337,CR00058,2025-04-20,0.0,PayPal,TC00040,2025,4,April,2,20,6,Sunday
TT07527,U01343,CR00041,2025-02-04,53.86,Credit Card,TC00040,2025,2,February,1,4,1,Tuesday
TT07528,U01344,CR00018,2025-08-26,0.0,Bank Transfer,TC00040,2025,8,August,3,26,1,Tuesday
TT07529,U01346,CR00048,2025-08-29,0.0,PayPal,TC00042,2025,8,August,3,29,4,Friday
TT07530,U01347,CR00049,2025-02-15,415.51,PayPal,TC00042,2025,2,February,1,15,5,Saturday
TT07531,U01355,CR00028,2025-05-22,0.78,PayPal,TC00042,2025,5,May,2,22,3,Thursday
TT07532,U01365,CR00046,2025-02-20,248.1,Bank Transfer,TC00040,2025,2,February,1,20,3,Thursday
TT07533,U01375,CR00059,2025-02-25,0.0,Bank Transfer,TC00040,2025,2,February,1,25,1,Tuesday
TT07534,U01394,CR00025,2025-10-16,299.57,Bank Transfer,TC00040,2025,10,October,4,16,3,Thursday
TT07535,U01395,CR00021,2025-11-06,0.0,Credit Card,TC00040,2025,11,November,4,6,3,Thursday
TT07536,U01399,CR00048,2025-01-07,0.0,Credit Card,TC00040,2025,1,January,1,7,1,Tuesday
TT07537,U01405,CR00044,2025-06-17,119.04,Credit Card,TC00040,2025,6,June,2,17,1,Tuesday
TT07538,U01414,CR00057,2025-01-28,177.34,Bank Transfer,TC00040,2025,1,January,1,28,1,Tuesday
TT07539,U01429,CR00009,2025-10-07,0.0,Bank Transfer,TC00042,2025,10,October,4,7,1,Tuesday
TT07540,U01430,CR00028,2025-08-26,0.78,Credit Card,TC00042,2025,8,August,3,26,1,Tuesday
TT07541,U01432,CR00057,2025-09-21,177.34,Bank Transfer,TC00040,2025,9,September,3,21,6,Sunday
TT07542,U01435,CR00056,2025-01-21,212.39,Credit Card,TC00040,2025,1,January,1,21,1,Tuesday
TT07543,U01445,CR00051,2025-02-09,37.89,Bank Transfer,TC00040,2025,2,February,1,9,6,Sunday
TT07544,U01450,CR00047,2025-06-16,89.59,Bank Transfer,TC00040,2025,6,June,2,16,0,Monday
TT07545,U01451,CR00016,2025-01-01,0.0,Credit Card,TC00040,2025,1,January,1,1,2,Wednesday
TT07546,U01455,CR00026,2025-02-28,0.0,Bank Transfer,TC00042,2025,2,February,1,28,4,Friday
TT07547,U01460,CR00030,2025-05-17,0.0,PayPal,TC00042,2025,5,May,2,17,5,Saturday
TT07548,U01463,CR00044,2025-02-13,119.04,Bank Transfer,TC00042,2025,2,February,1,13,3,Thursday
TT07549,U01472,CR00011,2025-04-24,326.02,PayPal,TC00040,2025,4,April,2,24,3,Thursday
TT07550,U01473,CR00001,2025-11-14,472.28,PayPal,TC00042,2025,11,November,4,14,4,Friday
TT07551,U01475,CR00015,2025-10-11,285.05,Credit Card,TC00042,2025,10,October,4,11,5,Saturday
TT07552,U01488,CR00026,2025-12-20,0.0,PayPal,TC00042,2025,12,December,4,20,5,Saturday
TT07553,U01496,CR00017,2025-07-29,0.0,Bank Transfer,TC00040,2025,7,July,3,29,1,Tuesday
TT07554,U01497,CR00010,2025-10-10,0.0,Bank Transfer,TC00040,2025,10,October,4,10,4,Friday
TT07555,U01506,CR00021,2025-08-17,0.0,PayPal,TC00042,2025,8,August,3,17,6,Sunday
TT07556,U01511,CR00006,2025-05-05,276.37,Credit Card,TC00040,2025,5,May,2,5,0,Monday
TT07557,U01517,CR00010,2025-04-01,0.0,Credit Card,TC00040,2025,4,April,2,1,1,Tuesday
TT07558,U01522,CR00021,2025-10-19,0.0,PayPal,TC00040,2025,10,October,4,19,6,Sunday
TT07559,U01526,CR00048,2025-02-03,0.0,PayPal,TC00042,2025,2,February,1,3,0,Monday
TT07560,U01528,CR00018,2025-01-23,0.0,Bank Transfer,TC00042,2025,1,January,1,23,3,Thursday
TT07561,U01530,CR00023,2025-07-29,0.0,Credit Card,TC00040,2025,7,July,3,29,1,Tuesday
TT07562,U01531,CR00021,2025-10-19,0.0,PayPal,TC00042,2025,10,October,4,19,6,Sunday
TT07563,U01536,CR00034,2025-09-06,394.26,Bank Transfer,TC00040,2025,9,September,3,6,5,Saturday
TT07564,U01543,CR00048,2025-02-24,0.0,PayPal,TC00042,2025,2,February,1,24,0,Monday
TT07565,U01553,CR00005,2025-07-04,0.0,Credit Card,TC00042,2025,7,July,3,4,4,Friday
TT07566,U01575,CR00015,2025-03-19,285.05,Credit Card,TC00042,2025,3,March,1,19,2,Wednesday
TT07567,U01578,CR00011,2025-07-28,326.02,PayPal,TC00040,2025,7,July,3,28,0,Monday
TT07568,U01585,CR00035,2025-09-28,0.0,Bank Transfer,TC00040,2025,9,September,3,28,6,Sunday
TT07569,U01586,CR00029,2025-08-12,0.0,PayPal,TC00042,2025,8,August,3,12,1,Tuesday
TT07570,U01602,CR00042,2025-09-13,0.0,Credit Card,TC00040,2025,9,September,3,13,5,Saturday
TT07571,U01627,CR00044,2025-12-12,119.04,Bank Transfer,TC00042,2025,12,December,4,12,4,Friday
TT07572,U01628,CR00018,2025-09-01,0.0,Bank Transfer,TC00042,2025,9,September,3,1,0,Monday
TT07573,U01635,CR00019,2025-08-08,0.0,Bank Transfer,TC00042,2025,8,August,3,8,4,Friday
TT07574,U01637,CR00043,2025-05-30,0.0,Credit Card,TC00040,2025,5,May,2,30,4,Friday
TT07575,U01647,CR00043,2025-01-25,0.0,Bank Transfer,TC00040,2025,1,January,1,25,5,Saturday
TT07576,U01649,CR00019,2025-01-01,0.0,Bank Transfer,TC00042,2025,1,January,1,1,2,Wednesday
TT07577,U01654,CR00028,2025-08-21,0.78,Credit Card,TC00042,2025,8,August,3,21,3,Thursday
TT07578,U01656,CR00018,2025-02-08,0.0,PayPal,TC00042,2025,2,February,1,8,5,Saturday
TT07579,U01662,CR00006,2025-03-13,276.37,PayPal,TC00040,2025,3,March,1,13,3,Thursday
TT07580,U01666,CR00041,2025-08-15,53.86,PayPal,TC00042,2025,8,August,3,15,4,Friday
TT07581,U01671,CR00033,2025-02-02,0.0,Credit Card,TC00040,2025,2,February,1,2,6,Sunday
TT07582,U01674,CR00029,2025-05-14,0.0,Bank Transfer,TC00042,2025,5,May,2,14,2,Wednesday
TT07583,U01692,CR00058,2025-10-23,0.0,Credit Card,TC00042,2025,10,October,4,23,3,Thursday
TT07584,U01695,CR00044,2025-09-04,119.04,Bank Transfer,TC00040,2025,9,September,3,4,3,Thursday
TT07585,U01702,CR00009,2025-05-11,0.0,Bank Transfer,TC00040,2025,5,May,2,11,6,Sunday
TT07586,U01708,CR00024,2025-10-15,117.68,PayPal,TC00040,2025,10,October,4,15,2,Wednesday
TT07587,U01720,CR00010,2025-01-28,0.0,Bank Transfer,TC00040,2025,1,January,1,28,1,Tuesday
TT07588,U01721,CR00049,2025-09-05,415.51,Credit Card,TC00042,2025,9,September,3,5,4,Friday
TT07589,U01724,CR00002,2025-06-14,0.0,PayPal,TC00040,2025,6,June,2,14,5,Saturday
TT07590,U01726,CR00014,2025-11-21,0.0,PayPal,TC00040,2025,11,November,4,21,4,Friday
TT07591,U01729,CR00027,2025-08-30,0.0,Credit Card,TC00042,2025,8,August,3,30,5,Saturday
TT07592,U01746,CR00048,2025-12-06,0.0,PayPal,TC00042,2025,12,December,4,6,5,Saturday
TT07593,U01762,CR00020,2025-08-03,0.0,PayPal,TC00040,2025,8,August,3,3,6,Sunday
TT07594,U01773,CR00036,2025-12-03,0.0,PayPal,TC00040,2025,12,December,4,3,2,Wednesday
TT07595,U01786,CR00044,2025-12-24,119.04,Bank Transfer,TC00042,2025,12,December,4,24,2,Wednesday
TT07596,U01789,CR00025,2025-09-15,299.57,Credit Card,TC00042,2025,9,September,3,15,0,Monday
TT07597,U01795,CR00029,2025-09-24,0.0,PayPal,TC00042,2025,9,September,3,24,2,Wednesday
TT07598,U01805,CR00052,2025-01-15,0.0,Credit Card,TC00040,2025,1,January,1,15,2,Wednesday
TT07599,U01809,CR00054,2025-11-23,0.0,Credit Card,TC00042,2025,11,November,4,23,6,Sunday
TT07600,U01810,CR00031,2025-07-20,0.0,Bank Transfer,TC00040,2025,7,July,3,20,6,Sunday
TT07601,U01812,CR00037,2025-01-29,0.0,PayPal,TC00042,2025,1,January,1,29,2,Wednesday
TT07602,U01820,CR00034,2025-06-27,394.26,Bank Transfer,TC00040,2025,6,June,2,27,4,Friday
TT07603,U01825,CR00026,2025-05-04,0.0,Bank Transfer,TC00042,2025,5,May,2,4,6,Sunday
TT07604,U01840,CR00029,2025-09-06,0.0,PayPal,TC00042,2025,9,September,3,6,5,Saturday
TT07605,U01842,CR00037,2025-06-18,0.0,PayPal,TC00040,2025,6,June,2,18,2,Wednesday
TT07606,U01854,CR00004,2025-11-08,0.0,Bank Transfer,TC00040,2025,11,November,4,8,5,Saturday
TT07607,U01867,CR00037,2025-04-24,0.0,PayPal,TC00040,2025,4,April,2,24,3,Thursday
TT07608,U01871,CR00052,2025-11-25,0.0,PayPal,TC00040,2025,11,November,4,25,1,Tuesday
TT07609,U01872,CR00003,2025-11-04,0.0,PayPal,TC00042,2025,11,November,4,4,1,Tuesday
TT07610,U01876,CR00009,2025-08-02,0.0,Bank Transfer,TC00042,2025,8,August,3,2,5,Saturday
TT07611,U01877,CR00054,2025-12-12,0.0,PayPal,TC00040,2025,12,December,4,12,4,Friday
TT07612,U01879,CR00034,2025-08-08,394.26,PayPal,TC00040,2025,8,August,3,8,4,Friday
TT07613,U01893,CR00039,2025-10-16,346.71,Credit Card,TC00042,2025,10,October,4,16,3,Thursday
TT07614,U01900,CR00019,2025-10-10,0.0,Bank Transfer,TC00040,2025,10,October,4,10,4,Friday
TT07615,U01903,CR00028,2025-11-24,0.78,Bank Transfer,TC00042,2025,11,November,4,24,0,Monday
TT07616,U01906,CR00049,2025-01-16,415.51,Credit Card,TC00042,2025,1,January,1,16,3,Thursday
TT07617,U01908,CR00055,2025-06-10,57.32,Bank Transfer,TC00042,2025,6,June,2,10,1,Tuesday
TT07618,U01918,CR00029,2025-09-01,0.0,Credit Card,TC00042,2025,9,September,3,1,0,Monday
TT07619,U01920,CR00047,2025-02-23,89.59,Bank Transfer,TC00042,2025,2,February,1,23,6,Sunday
TT07620,U01926,CR00007,2025-07-12,0.0,PayPal,TC00042,2025,7,July,3,12,5,Saturday
TT07621,U01931,CR00048,2025-11-28,0.0,PayPal,TC00042,2025,11,November,4,28,4,Friday
TT07622,U01934,CR00028,2025-07-25,0.78,Bank Transfer,TC00042,2025,7,July,3,25,4,Friday
TT07623,U01943,CR00026,2025-12-10,0.0,Credit Card,TC00042,2025,12,December,4,10,2,Wednesday
TT07624,U01953,CR00048,2025-11-23,0.0,PayPal,TC00040,2025,11,November,4,23,6,Sunday
TT07625,U01958,CR00025,2025-09-23,299.57,Credit Card,TC00042,2025,9,September,3,23,1,Tuesday
TT07626,U01959,CR00008,2025-06-15,0.0,Bank Transfer,TC00042,2025,6,June,2,15,6,Sunday
TT07627,U01961,CR00022,2025-09-25,0.0,Bank Transfer,TC00040,2025,9,September,3,25,3,Thursday
TT07628,U01987,CR00043,2025-12-20,0.0,Credit Card,TC00040,2025,12,December,4,20,5,Saturday
TT07629,U01989,CR00014,2025-01-26,0.0,PayPal,TC00040,2025,1,January,1,26,6,Sunday
TT07630,U01993,CR00042,2025-08-24,0.0,PayPal,TC00040,2025,8,August,3,24,6,Sunday
TT07631,U01994,CR00025,2025-02-27,299.57,PayPal,TC00042,2025,2,February,1,27,3,Thursday
TT07632,U01998,CR00033,2025-04-04,0.0,Bank Transfer,TC00040,2025,4,April,2,4,4,Friday
TT07633,U02010,CR00040,2025-03-23,327.99,PayPal,TC00040,2025,3,March,1,23,6,Sunday
TT07634,U02015,CR00018,2025-03-02,0.0,Bank Transfer,TC00042,2025,3,March,1,2,6,Sunday
TT07635,U02035,CR00015,2025-04-17,285.05,Bank Transfer,TC00042,2025,4,April,2,17,3,Thursday
TT07636,U02038,CR00053,2025-03-17,0.0,Bank Transfer,TC00042,2025,3,March,1,17,0,Monday
TT07637,U02055,CR00006,2025-02-05,276.37,Bank Transfer,TC00042,2025,2,February,1,5,2,Wednesday
TT07638,U02058,CR00060,2025-09-14,0.0,Bank Transfer,TC00042,2025,9,September,3,14,6,Sunday
TT07639,U02064,CR00037,2025-11-06,0.0,PayPal,TC00042,2025,11,November,4,6,3,Thursday
TT07640,U02068,CR00003,2025-08-08,0.0,PayPal,TC00042,2025,8,August,3,8,4,Friday
TT07641,U02071,CR00045,2025-12-06,0.0,Credit Card,TC00040,2025,12,December,4,6,5,Saturday
TT07642,U02074,CR00012,2025-10-25,487.92,Bank Transfer,TC00042,2025,10,October,4,25,5,Saturday
TT07643,U02077,CR00008,2025-11-13,0.0,PayPal,TC00040,2025,11,November,4,13,3,Thursday
TT07644,U02098,CR00054,2025-10-04,0.0,Credit Card,TC00042,2025,10,October,4,4,5,Saturday
TT07645,U02144,CR00016,2025-04-15,0.0,Bank Transfer,TC00042,2025,4,April,2,15,1,Tuesday
TT07646,U02147,CR00047,2025-11-13,89.59,Credit Card,TC00040,2025,11,November,4,13,3,Thursday
TT07647,U02149,CR00009,2025-02-13,0.0,Bank Transfer,TC00042,2025,2,February,1,13,3,Thursday
TT07648,U02151,CR00004,2025-11-09,0.0,PayPal,TC00042,2025,11,November,4,9,6,Sunday
TT07649,U02152,CR00022,2025-03-07,0.0,Bank Transfer,TC00042,2025,3,March,1,7,4,Friday
TT07650,U02153,CR00031,2025-08-06,0.0,Bank Transfer,TC00040,2025,8,August,3,6,2,Wednesday
TT07651,U02155,CR00022,2025-05-05,0.0,Credit Card,TC00042,2025,5,May,2,5,0,Monday
TT07652,U02161,CR00018,2025-04-01,0.0,PayPal,TC00040,2025,4,April,2,1,1,Tuesday
TT07653,U02174,CR00053,2025-11-29,0.0,Bank Transfer,TC00042,2025,11,November,4,29,5,Saturday
TT07654,U02199,CR00055,2025-09-26,57.32,Credit Card,TC00042,2025,9,September,3,26,4,Friday
TT07655,U02212,CR00008,2025-09-14,0.0,Credit Card,TC00042,2025,9,September,3,14,6,Sunday
TT07656,U02215,CR00031,2025-10-12,0.0,PayPal,TC00040,2025,10,October,4,12,6,Sunday
TT07657,U02224,CR00010,2025-12-27,0.0,PayPal,TC00040,2025,12,December,4,27,5,Saturday
TT07658,U02231,CR00007,2025-05-14,0.0,PayPal,TC00042,2025,5,May,2,14,2,Wednesday
TT07659,U02248,CR00005,2025-05-25,0.0,PayPal,TC00040,2025,5,May,2,25,6,Sunday
TT07660,U02250,CR00043,2025-07-30,0.0,PayPal,TC00042,2025,7,July,3,30,2,Wednesday
TT07661,U02254,CR00013,2025-08-15,0.0,PayPal,TC00040,2025,8,August,3,15,4,Friday
TT07662,U02258,CR00032,2025-01-26,0.0,Credit Card,TC00040,2025,1,January,1,26,6,Sunday
TT07663,U02284,CR00012,2025-03-18,487.92,Bank Transfer,TC00042,2025,3,March,1,18,1,Tuesday
TT07664,U02288,CR00020,2025-12-15,0.0,PayPal,TC00040,2025,12,December,4,15,0,Monday
TT07665,U02290,CR00015,2025-02-27,285.05,Bank Transfer,TC00042,2025,2,February,1,27,3,Thursday
TT07666,U02300,CR00040,2025-05-18,327.99,Credit Card,TC00040,2025,5,May,2,18,6,Sunday
TT07667,U02301,CR00046,2025-08-14,248.1,PayPal,TC00042,2025,8,August,3,14,3,Thursday
TT07668,U02315,CR00014,2025-05-02,0.0,Bank Transfer,TC00042,2025,5,May,2,2,4,Friday
TT07669,U02336,CR00038,2025-08-14,342.61,Bank Transfer,TC00042,2025,8,August,3,14,3,Thursday
TT07670,U02337,CR00040,2025-11-28,327.99,Credit Card,TC00042,2025,11,November,4,28,4,Friday
TT07671,U02341,CR00038,2025-01-30,342.61,PayPal,TC00042,2025,1,January,1,30,3,Thursday
TT07672,U02344,CR00021,2025-07-16,0.0,Credit Card,TC00040,2025,7,July,3,16,2,Wednesday
TT07673,U02345,CR00004,2025-07-22,0.0,Bank Transfer,TC00040,2025,7,July,3,22,1,Tuesday
TT07674,U02349,CR00043,2025-02-07,0.0,Credit Card,TC00042,2025,2,February,1,7,4,Friday
TT07675,U02370,CR00059,2025-01-12,0.0,Bank Transfer,TC00040,2025,1,January,1,12,6,Sunday
TT07676,U02371,CR00007,2025-02-23,0.0,PayPal,TC00042,2025,2,February,1,23,6,Sunday
TT07677,U02410,CR00059,2025-05-25,0.0,Credit Card,TC00042,2025,5,May,2,25,6,Sunday
TT07678,U02415,CR00011,2025-06-03,326.02,Credit Card,TC00042,2025,6,June,2,3,1,Tuesday
TT07679,U02427,CR00037,2025-08-09,0.0,PayPal,TC00042,2025,8,August,3,9,5,Saturday
TT07680,U02432,CR00013,2025-11-10,0.0,PayPal,TC00040,2025,11,November,4,10,0,Monday
TT07681,U02445,CR00037,2025-08-16,0.0,Bank Transfer,TC00040,2025,8,August,3,16,5,Saturday
TT07682,U02459,CR00014,2025-12-24,0.0,PayPal,TC00042,2025,12,December,4,24,2,Wednesday
TT07683,U02470,CR00029,2025-11-25,0.0,PayPal,TC00042,2025,11,November,4,25,1,Tuesday
TT07684,U02485,CR00051,2025-03-20,37.89,PayPal,TC00042,2025,3,March,1,20,3,Thursday
TT07685,U02490,CR00017,2025-09-15,0.0,Bank Transfer,TC00042,2025,9,September,3,15,0,Monday
TT07686,U02512,CR00030,2025-04-01,0.0,Credit Card,TC00042,2025,4,April,2,1,1,Tuesday
TT07687,U02515,CR00029,2025-02-18,0.0,Credit Card,TC00042,2025,2,February,1,18,1,Tuesday
TT07688,U02537,CR00056,2025-09-25,212.39,Bank Transfer,TC00040,2025,9,September,3,25,3,Thursday
TT07689,U02540,CR00045,2025-12-16,0.0,PayPal,TC00040,2025,12,December,4,16,1,Tuesday
TT07690,U02541,CR00050,2025-10-30,490.9,Credit Card,TC00040,2025,10,October,4,30,3,Thursday
TT07691,U02542,CR00047,2025-01-16,89.59,Credit Card,TC00040,2025,1,January,1,16,3,Thursday
TT07692,U02564,CR00050,2025-02-25,490.9,Credit Card,TC00040,2025,2,February,1,25,1,Tuesday
TT07693,U02566,CR00004,2025-09-29,0.0,Credit Card,TC00040,2025,9,September,3,29,0,Monday
TT07694,U02582,CR00036,2025-10-28,0.0,Bank Transfer,TC00040,2025,10,October,4,28,1,Tuesday
TT07695,U02583,CR00043,2025-09-22,0.0,Bank Transfer,TC00040,2025,9,September,3,22,0,Monday
TT07696,U02593,CR00036,2025-05-07,0.0,PayPal,TC00042,2025,5,May,2,7,2,Wednesday
TT07697,U02602,CR00035,2025-01-14,0.0,Credit Card,TC00040,2025,1,January,1,14,1,Tuesday
TT07698,U02605,CR00040,2025-01-19,327.99,Credit Card,TC00042,2025,1,January,1,19,6,Sunday
TT07699,U02612,CR00049,2025-11-12,415.51,Bank Transfer,TC00040,2025,11,November,4,12,2,Wednesday
TT07700,U02614,CR00054,2025-01-13,0.0,Credit Card,TC00042,2025,1,January,1,13,0,Monday
TT07701,U02616,CR00040,2025-10-17,327.99,Credit Card,TC00040,2025,10,October,4,17,4,Friday
TT07702,U02623,CR00029,2025-08-23,0.0,PayPal,TC00042,2025,8,August,3,23,5,Saturday
TT07703,U02630,CR00020,2025-08-21,0.0,Credit Card,TC00042,2025,8,August,3,21,3,Thursday
TT07704,U02633,CR00006,2025-04-24,276.37,Credit Card,TC00042,2025,4,April,2,24,3,Thursday
TT07705,U02643,CR00031,2025-01-09,0.0,Credit Card,TC00040,2025,1,January,1,9,3,Thursday
TT07706,U02651,CR00021,2025-03-27,0.0,PayPal,TC00040,2025,3,March,1,27,3,Thursday
TT07707,U02672,CR00058,2025-02-03,0.0,PayPal,TC00040,2025,2,February,1,3,0,Monday
TT07708,U02679,CR00051,2025-05-20,37.89,Credit Card,TC00040,2025,5,May,2,20,1,Tuesday
TT07709,U02683,CR00017,2025-04-09,0.0,PayPal,TC00042,2025,4,April,2,9,2,Wednesday
TT07710,U02698,CR00037,2025-10-28,0.0,Credit Card,TC00042,2025,10,October,4,28,1,Tuesday
TT07711,U02709,CR00040,2025-02-02,327.99,Bank Transfer,TC00040,2025,2,February,1,2,6,Sunday
TT07712,U02733,CR00016,2025-12-17,0.0,Credit Card,TC00040,2025,12,December,4,17,2,Wednesday
TT07713,U02743,CR00022,2025-04-06,0.0,Bank Transfer,TC00040,2025,4,April,2,6,6,Sunday
TT07714,U02754,CR00025,2025-09-29,299.57,Credit Card,TC00042,2025,9,September,3,29,0,Monday
TT07715,U02767,CR00036,2025-11-04,0.0,PayPal,TC00040,2025,11,November,4,4,1,Tuesday
TT07716,U02770,CR00019,2025-04-09,0.0,Bank Transfer,TC00042,2025,4,April,2,9,2,Wednesday
TT07717,U02786,CR00001,2025-06-07,472.28,PayPal,TC00042,2025,6,June,2,7,5,Saturday
TT07718,U02788,CR00012,2025-03-23,487.92,PayPal,TC00042,2025,3,March,1,23,6,Sunday
TT07719,U02791,CR00030,2025-09-12,0.0,Credit Card,TC00042,2025,9,September,3,12,4,Friday
TT07720,U02792,CR00042,2025-08-02,0.0,Credit Card,TC00042,2025,8,August,3,2,5,Saturday
TT07721,U02793,CR00012,2025-05-29,487.92,PayPal,TC00042,2025,5,May,2,29,3,Thursday
TT07722,U02821,CR00036,2025-11-02,0.0,PayPal,TC00042,2025,11,November,4,2,6,Sunday
TT07723,U02825,CR00039,2025-12-19,346.71,Credit Card,TC00042,2025,12,December,4,19,4,Friday
TT07724,U02843,CR00023,2025-05-10,0.0,PayPal,TC00042,2025,5,May,2,10,5,Saturday
TT07725,U02844,CR00023,2025-10-21,0.0,Bank Transfer,TC00042,2025,10,October,4,21,1,Tuesday
TT07726,U02850,CR00055,2025-01-15,57.32,Credit Card,TC00042,2025,1,January,1,15,2,Wednesday
TT07727,U02857,CR00040,2025-09-13,327.99,PayPal,TC00042,2025,9,September,3,13,5,Saturday
TT07728,U02874,CR00006,2025-10-06,276.37,PayPal,TC00040,2025,10,October,4,6,0,Monday
TT07729,U02883,CR00041,2025-07-13,53.86,Credit Card,TC00042,2025,7,July,3,13,6,Sunday
TT07730,U02899,CR00005,2025-05-26,0.0,Bank Transfer,TC00042,2025,5,May,2,26,0,Monday
TT07731,U02909,CR00041,2025-03-23,53.86,Bank Transfer,TC00040,2025,3,March,1,23,6,Sunday
TT07732,U02915,CR00021,2025-01-14,0.0,Bank Transfer,TC00040,2025,1,January,1,14,1,Tuesday
TT07733,U02916,CR00050,2025-03-15,490.9,Bank Transfer,TC00040,2025,3,March,1,15,5,Saturday
TT07734,U02927,CR00052,2025-09-26,0.0,PayPal,TC00042,2025,9,September,3,26,4,Friday
TT07735,U02937,CR00018,2025-09-07,0.0,PayPal,TC00042,2025,9,September,3,7,6,Sunday
TT07736,U02941,CR00013,2025-04-03,0.0,Bank Transfer,TC00040,2025,4,April,2,3,3,Thursday
TT07737,U02945,CR00039,2025-06-02,346.71,PayPal,TC00042,2025,6,June,2,2,0,Monday
TT07738,U02958,CR00043,2025-05-17,0.0,Credit Card,TC00042,2025,5,May,2,17,5,Saturday
TT07739,U02969,CR00055,2025-02-26,57.32,Credit Card,TC00040,2025,2,February,1,26,2,Wednesday
TT07740,U02974,CR00007,2025-10-30,0.0,Bank Transfer,TC00040,2025,10,October,4,30,3,Thursday
TT07741,U02976,CR00010,2025-12-23,0.0,Credit Card,TC00042,2025,12,December,4,23,1,Tuesday
TT07742,U02981,CR00005,2025-06-30,0.0,Bank Transfer,TC00042,2025,6,June,2,30,0,Monday
TT07743,U02984,CR00010,2025-01-28,0.0,PayPal,TC00042,2025,1,January,1,28,1,Tuesday
TT07744,U02989,CR00017,2025-08-28,0.0,Bank Transfer,TC00040,2025,8,August,3,28,3,Thursday
TT07745,U02992,CR00030,2025-02-06,0.0,Credit Card,TC00042,2025,2,February,1,6,3,Thursday
TT07746,U02994,CR00044,2025-06-26,119.04,PayPal,TC00042,2025,6,June,2,26,3,Thursday
TT07747,U00003,CR00005,2025-04-14,0.0,Credit Card,TC00042,2025,4,April,2,14,0,Monday
TT07748,U00004,CR00021,2025-08-06,0.0,Credit Card,TC00040,2025,8,August,3,6,2,Wednesday
TT07749,U00013,CR00021,2025-12-22,0.0,PayPal,TC00040,2025,12,December,4,22,0,Monday
TT07750,U00015,CR00038,2025-11-22,342.61,PayPal,TC00040,2025,11,November,4,22,5,Saturday
TT07751,U00018,CR00021,2025-12-10,0.0,PayPal,TC00040,2025,12,December,4,10,2,Wednesday
TT07752,U00028,CR00042,2025-06-30,0.0,Bank Transfer,TC00042,2025,6,June,2,30,0,Monday
TT07753,U00055,CR00007,2025-04-11,0.0,Credit Card,TC00040,2025,4,April,2,11,4,Friday
TT07754,U00071,CR00027,2025-11-16,0.0,Credit Card,TC00042,2025,11,November,4,16,6,Sunday
TT07755,U00083,CR00038,2025-01-06,342.61,Credit Card,TC00042,2025,1,January,1,6,0,Monday
TT07756,U00085,CR00050,2025-04-17,490.9,PayPal,TC00040,2025,4,April,2,17,3,Thursday
TT07757,U00109,CR00040,2025-08-08,327.99,PayPal,TC00042,2025,8,August,3,8,4,Friday
TT07758,U00112,CR00048,2025-11-06,0.0,PayPal,TC00040,2025,11,November,4,6,3,Thursday
TT07759,U00117,CR00033,2025-05-14,0.0,Credit Card,TC00040,2025,5,May,2,14,2,Wednesday
TT07760,U00126,CR00021,2025-03-22,0.0,Credit Card,TC00042,2025,3,March,1,22,5,Saturday
TT07761,U00128,CR00045,2025-06-02,0.0,Credit Card,TC00040,2025,6,June,2,2,0,Monday
TT07762,U00133,CR00019,2025-05-28,0.0,Bank Transfer,TC00042,2025,5,May,2,28,2,Wednesday
TT07763,U00134,CR00044,2025-08-10,119.04,PayPal,TC00040,2025,8,August,3,10,6,Sunday
TT07764,U00152,CR00048,2025-04-22,0.0,PayPal,TC00042,2025,4,April,2,22,1,Tuesday
TT07765,U00161,CR00045,2025-12-28,0.0,Bank Transfer,TC00042,2025,12,December,4,28,6,Sunday
TT07766,U00166,CR00030,2025-12-02,0.0,Bank Transfer,TC00042,2025,12,December,4,2,1,Tuesday
TT07767,U00169,CR00041,2025-12-16,53.86,Credit Card,TC00040,2025,12,December,4,16,1,Tuesday
TT07768,U00173,CR00015,2025-09-01,285.05,PayPal,TC00040,2025,9,September,3,1,0,Monday
TT07769,U00177,CR00029,2025-06-30,0.0,Credit Card,TC00042,2025,6,June,2,30,0,Monday
TT07770,U00178,CR00033,2025-07-21,0.0,Credit Card,TC00040,2025,7,July,3,21,0,Monday
TT07771,U00191,CR00038,2025-03-18,342.61,PayPal,TC00040,2025,3,March,1,18,1,Tuesday
TT07772,U00192,CR00053,2025-04-05,0.0,Bank Transfer,TC00040,2025,4,April,2,5,5,Saturday
TT07773,U00198,CR00058,2025-12-05,0.0,PayPal,TC00040,2025,12,December,4,5,4,Friday
TT07774,U00208,CR00060,2025-09-27,0.0,Credit Card,TC00042,2025,9,September,3,27,5,Saturday
TT07775,U00216,CR00001,2025-11-01,472.28,PayPal,TC00042,2025,11,November,4,1,5,Saturday
TT07776,U00220,CR00004,2025-04-23,0.0,Bank Transfer,TC00042,2025,4,April,2,23,2,Wednesday
TT07777,U00238,CR00056,2025-06-13,212.39,PayPal,TC00040,2025,6,June,2,13,4,Friday
TT07778,U00251,CR00041,2025-10-21,53.86,PayPal,TC00042,2025,10,October,4,21,1,Tuesday
TT07779,U00260,CR00040,2025-07-09,327.99,Credit Card,TC00042,2025,7,July,3,9,2,Wednesday
TT07780,U00265,CR00050,2025-03-21,490.9,Bank Transfer,TC00042,2025,3,March,1,21,4,Friday
TT07781,U00272,CR00059,2025-03-26,0.0,Bank Transfer,TC00040,2025,3,March,1,26,2,Wednesday
TT07782,U00282,CR00055,2025-03-02,57.32,Credit Card,TC00042,2025,3,March,1,2,6,Sunday
TT07783,U00292,CR00010,2025-04-14,0.0,PayPal,TC00040,2025,4,April,2,14,0,Monday
TT07784,U00293,CR00030,2025-12-10,0.0,Bank Transfer,TC00042,2025,12,December,4,10,2,Wednesday
TT07785,U00298,CR00012,2025-01-07,487.92,Credit Card,TC00040,2025,1,January,1,7,1,Tuesday
TT07786,U00301,CR00018,2025-04-22,0.0,Credit Card,TC00042,2025,4,April,2,22,1,Tuesday
TT07787,U00303,CR00048,2025-10-27,0.0,PayPal,TC00042,2025,10,October,4,27,0,Monday
TT07788,U00310,CR00003,2025-09-06,0.0,Credit Card,TC00040,2025,9,September,3,6,5,Saturday
TT07789,U00315,CR00036,2025-02-11,0.0,Credit Card,TC00042,2025,2,February,1,11,1,Tuesday
TT07790,U00321,CR00021,2025-04-08,0.0,PayPal,TC00040,2025,4,April,2,8,1,Tuesday
TT07791,U00322,CR00002,2025-04-27,0.0,Bank Transfer,TC00040,2025,4,April,2,27,6,Sunday
TT07792,U00323,CR00028,2025-10-09,0.78,PayPal,TC00042,2025,10,October,4,9,3,Thursday
TT07793,U00328,CR00021,2025-07-22,0.0,Bank Transfer,TC00040,2025,7,July,3,22,1,Tuesday
TT07794,U00329,CR00025,2025-03-08,299.57,Credit Card,TC00042,2025,3,March,1,8,5,Saturday
TT07795,U00330,CR00028,2025-01-21,0.78,PayPal,TC00042,2025,1,January,1,21,1,Tuesday
TT07796,U00334,CR00004,2025-07-06,0.0,PayPal,TC00042,2025,7,July,3,6,6,Sunday
TT07797,U00339,CR00027,2025-12-04,0.0,Bank Transfer,TC00042,2025,12,December,4,4,3,Thursday
TT07798,U00345,CR00039,2025-02-08,346.71,PayPal,TC00042,2025,2,February,1,8,5,Saturday
TT07799,U00351,CR00056,2025-02-07,212.39,PayPal,TC00042,2025,2,February,1,7,4,Friday
TT07800,U00352,CR00012,2025-07-01,487.92,Credit Card,TC00040,2025,7,July,3,1,1,Tuesday
TT07801,U00353,CR00043,2025-07-05,0.0,PayPal,TC00042,2025,7,July,3,5,5,Saturday
TT07802,U00356,CR00022,2025-02-04,0.0,Credit Card,TC00042,2025,2,February,1,4,1,Tuesday
TT07803,U00357,CR00047,2025-06-15,89.59,Credit Card,TC00040,2025,6,June,2,15,6,Sunday
TT07804,U00362,CR00021,2025-08-21,0.0,PayPal,TC00040,2025,8,August,3,21,3,Thursday
TT07805,U00365,CR00005,2025-03-13,0.0,Bank Transfer,TC00042,2025,3,March,1,13,3,Thursday
TT07806,U00379,CR00043,2025-05-05,0.0,PayPal,TC00040,2025,5,May,2,5,0,Monday
TT07807,U00383,CR00031,2025-08-26,0.0,Bank Transfer,TC00040,2025,8,August,3,26,1,Tuesday
TT07808,U00394,CR00002,2025-06-23,0.0,PayPal,TC00040,2025,6,June,2,23,0,Monday
TT07809,U00404,CR00021,2025-10-13,0.0,PayPal,TC00042,2025,10,October,4,13,0,Monday
TT07810,U00407,CR00042,2025-08-06,0.0,PayPal,TC00042,2025,8,August,3,6,2,Wednesday
TT07811,U00411,CR00014,2025-10-17,0.0,Credit Card,TC00040,2025,10,October,4,17,4,Friday
TT07812,U00415,CR00029,2025-11-09,0.0,PayPal,TC00042,2025,11,November,4,9,6,Sunday
TT07813,U00423,CR00044,2025-10-26,119.04,PayPal,TC00040,2025,10,October,4,26,6,Sunday
TT07814,U00424,CR00007,2025-07-26,0.0,PayPal,TC00040,2025,7,July,3,26,5,Saturday
TT07815,U00427,CR00047,2025-07-02,89.59,PayPal,TC00040,2025,7,July,3,2,2,Wednesday
TT07816,U00444,CR00014,2025-10-20,0.0,Bank Transfer,TC00040,2025,10,October,4,20,0,Monday
TT07817,U00449,CR00056,2025-05-03,212.39,Credit Card,TC00042,2025,5,May,2,3,5,Saturday
TT07818,U00450,CR00058,2025-04-13,0.0,Credit Card,TC00040,2025,4,April,2,13,6,Sunday
TT07819,U00464,CR00025,2025-08-15,299.57,PayPal,TC00042,2025,8,August,3,15,4,Friday
TT07820,U00494,CR00046,2025-09-01,248.1,PayPal,TC00040,2025,9,September,3,1,0,Monday
TT07821,U00543,CR00059,2025-08-15,0.0,Bank Transfer,TC00042,2025,8,August,3,15,4,Friday
TT07822,U00548,CR00039,2025-08-17,346.71,Bank Transfer,TC00042,2025,8,August,3,17,6,Sunday
TT07823,U00556,CR00006,2025-11-15,276.37,Credit Card,TC00040,2025,11,November,4,15,5,Saturday
TT07824,U00559,CR00032,2025-04-09,0.0,PayPal,TC00040,2025,4,April,2,9,2,Wednesday
TT07825,U00562,CR00013,2025-12-29,0.0,Credit Card,TC00040,2025,12,December,4,29,0,Monday
TT07826,U00569,CR00040,2025-12-19,327.99,Bank Transfer,TC00042,2025,12,December,4,19,4,Friday
TT07827,U00570,CR00022,2025-11-11,0.0,PayPal,TC00040,2025,11,November,4,11,1,Tuesday
TT07828,U00572,CR00028,2025-05-09,0.78,Credit Card,TC00042,2025,5,May,2,9,4,Friday
TT07829,U00574,CR00032,2025-06-03,0.0,Bank Transfer,TC00040,2025,6,June,2,3,1,Tuesday
TT07830,U00576,CR00011,2025-11-22,326.02,PayPal,TC00042,2025,11,November,4,22,5,Saturday
TT07831,U00604,CR00032,2025-10-02,0.0,PayPal,TC00040,2025,10,October,4,2,3,Thursday
TT07832,U00622,CR00037,2025-01-01,0.0,PayPal,TC00040,2025,1,January,1,1,2,Wednesday
TT07833,U00633,CR00055,2025-12-11,57.32,Credit Card,TC00040,2025,12,December,4,11,3,Thursday
TT07834,U00636,CR00023,2025-04-21,0.0,PayPal,TC00040,2025,4,April,2,21,0,Monday
TT07835,U00639,CR00011,2025-02-20,326.02,PayPal,TC00042,2025,2,February,1,20,3,Thursday
TT07836,U00666,CR00040,2025-07-10,327.99,Credit Card,TC00042,2025,7,July,3,10,3,Thursday
TT07837,U00687,CR00014,2025-10-15,0.0,Credit Card,TC00042,2025,10,October,4,15,2,Wednesday
TT07838,U00704,CR00010,2025-11-04,0.0,PayPal,TC00042,2025,11,November,4,4,1,Tuesday
TT07839,U00709,CR00035,2025-09-13,0.0,Bank Transfer,TC00040,2025,9,September,3,13,5,Saturday
TT07840,U00723,CR00013,2025-10-11,0.0,Credit Card,TC00040,2025,10,October,4,11,5,Saturday
TT07841,U00724,CR00031,2025-08-10,0.0,Bank Transfer,TC00040,2025,8,August,3,10,6,Sunday
TT07842,U00752,CR00019,2025-01-27,0.0,PayPal,TC00042,2025,1,January,1,27,0,Monday
TT07843,U00760,CR00047,2025-09-02,89.59,Bank Transfer,TC00042,2025,9,September,3,2,1,Tuesday
TT07844,U00767,CR00004,2025-01-26,0.0,Bank Transfer,TC00042,2025,1,January,1,26,6,Sunday
TT07845,U00786,CR00003,2025-03-10,0.0,PayPal,TC00042,2025,3,March,1,10,0,Monday
TT07846,U00819,CR00044,2025-09-06,119.04,Credit Card,TC00042,2025,9,September,3,6,5,Saturday
TT07847,U00829,CR00035,2025-06-03,0.0,Credit Card,TC00040,2025,6,June,2,3,1,Tuesday
TT07848,U00836,CR00060,2025-08-10,0.0,Credit Card,TC00040,2025,8,August,3,10,6,Sunday
TT07849,U00838,CR00022,2025-12-13,0.0,PayPal,TC00042,2025,12,December,4,13,5,Saturday
TT07850,U00850,CR00021,2025-12-03,0.0,Credit Card,TC00040,2025,12,December,4,3,2,Wednesday
TT07851,U00852,CR00014,2025-03-15,0.0,PayPal,TC00042,2025,3,March,1,15,5,Saturday
TT07852,U00858,CR00058,2025-01-09,0.0,PayPal,TC00042,2025,1,January,1,9,3,Thursday
TT07853,U00870,CR00042,2025-01-10,0.0,Credit Card,TC00040,2025,1,January,1,10,4,Friday
TT07854,U00874,CR00015,2025-04-29,285.05,Credit Card,TC00042,2025,4,April,2,29,1,Tuesday
TT07855,U00876,CR00006,2025-01-02,276.37,Credit Card,TC00042,2025,1,January,1,2,3,Thursday
TT07856,U00881,CR00024,2025-06-12,117.68,PayPal,TC00040,2025,6,June,2,12,3,Thursday
TT07857,U00893,CR00013,2025-07-22,0.0,Credit Card,TC00042,2025,7,July,3,22,1,Tuesday
TT07858,U00898,CR00029,2025-10-23,0.0,PayPal,TC00042,2025,10,October,4,23,3,Thursday
TT07859,U00903,CR00054,2025-06-19,0.0,Credit Card,TC00040,2025,6,June,2,19,3,Thursday
TT07860,U00907,CR00025,2025-07-21,299.57,Credit Card,TC00042,2025,7,July,3,21,0,Monday
TT07861,U00915,CR00055,2025-05-10,57.32,Bank Transfer,TC00040,2025,5,May,2,10,5,Saturday
TT07862,U00917,CR00011,2025-11-14,326.02,Credit Card,TC00042,2025,11,November,4,14,4,Friday
TT07863,U00919,CR00016,2025-01-21,0.0,PayPal,TC00040,2025,1,January,1,21,1,Tuesday
TT07864,U00928,CR00021,2025-06-17,0.0,Credit Card,TC00040,2025,6,June,2,17,1,Tuesday
TT07865,U00959,CR00025,2025-04-15,299.57,Credit Card,TC00040,2025,4,April,2,15,1,Tuesday
TT07866,U00961,CR00026,2025-08-24,0.0,Bank Transfer,TC00042,2025,8,August,3,24,6,Sunday
TT07867,U00967,CR00005,2025-09-25,0.0,PayPal,TC00042,2025,9,September,3,25,3,Thursday
TT07868,U00976,CR00012,2025-07-05,487.92,PayPal,TC00040,2025,7,July,3,5,5,Saturday
TT07869,U00981,CR00039,2025-09-19,346.71,PayPal,TC00042,2025,9,September,3,19,4,Friday
TT07870,U00997,CR00027,2025-06-18,0.0,Bank Transfer,TC00042,2025,6,June,2,18,2,Wednesday
TT07871,U01000,CR00026,2025-02-25,0.0,PayPal,TC00042,2025,2,February,1,25,1,Tuesday
TT07872,U01015,CR00028,2025-10-08,0.78,PayPal,TC00042,2025,10,October,4,8,2,Wednesday
TT07873,U01020,CR00021,2025-11-30,0.0,PayPal,TC00042,2025,11,November,4,30,6,Sunday
TT07874,U01022,CR00031,2025-04-26,0.0,Credit Card,TC00040,2025,4,April,2,26,5,Saturday
TT07875,U01031,CR00027,2025-01-19,0.0,Credit Card,TC00042,2025,1,January,1,19,6,Sunday
TT07876,U01032,CR00016,2025-09-16,0.0,PayPal,TC00040,2025,9,September,3,16,1,Tuesday
TT07877,U01033,CR00006,2025-05-26,276.37,Credit Card,TC00040,2025,5,May,2,26,0,Monday
TT07878,U01083,CR00023,2025-04-04,0.0,Credit Card,TC00042,2025,4,April,2,4,4,Friday
TT07879,U01084,CR00022,2025-03-12,0.0,PayPal,TC00040,2025,3,March,1,12,2,Wednesday
TT07880,U01092,CR00050,2025-03-26,490.9,Bank Transfer,TC00042,2025,3,March,1,26,2,Wednesday
TT07881,U01096,CR00053,2025-12-13,0.0,PayPal,TC00040,2025,12,December,4,13,5,Saturday
TT07882,U01123,CR00040,2025-02-05,327.99,Credit Card,TC00042,2025,2,February,1,5,2,Wednesday
TT07883,U01143,CR00059,2025-03-17,0.0,PayPal,TC00040,2025,3,March,1,17,0,Monday
TT07884,U01146,CR00037,2025-07-13,0.0,Credit Card,TC00042,2025,7,July,3,13,6,Sunday
TT07885,U01158,CR00028,2025-09-28,0.78,Bank Transfer,TC00042,2025,9,September,3,28,6,Sunday
TT07886,U01163,CR00009,2025-07-09,0.0,Credit Card,TC00042,2025,7,July,3,9,2,Wednesday
TT07887,U01167,CR00021,2025-06-24,0.0,Bank Transfer,TC00042,2025,6,June,2,24,1,Tuesday
TT07888,U01170,CR00056,2025-06-02,212.39,PayPal,TC00040,2025,6,June,2,2,0,Monday
TT07889,U01177,CR00044,2025-01-02,119.04,Bank Transfer,TC00042,2025,1,January,1,2,3,Thursday
TT07890,U01180,CR00050,2025-10-28,490.9,Credit Card,TC00040,2025,10,October,4,28,1,Tuesday
TT07891,U01197,CR00041,2025-10-09,53.86,Bank Transfer,TC00040,2025,10,October,4,9,3,Thursday
TT07892,U01203,CR00008,2025-10-20,0.0,Bank Transfer,TC00042,2025,10,October,4,20,0,Monday
TT07893,U01221,CR00014,2025-01-20,0.0,PayPal,TC00040,2025,1,January,1,20,0,Monday
TT07894,U01224,CR00012,2025-07-12,487.92,Bank Transfer,TC00040,2025,7,July,3,12,5,Saturday
TT07895,U01231,CR00028,2025-07-01,0.78,Bank Transfer,TC00042,2025,7,July,3,1,1,Tuesday
TT07896,U01233,CR00021,2025-06-22,0.0,Credit Card,TC00040,2025,6,June,2,22,6,Sunday
TT07897,U01235,CR00030,2025-12-01,0.0,Credit Card,TC00042,2025,12,December,4,1,0,Monday
TT07898,U01237,CR00023,2025-11-16,0.0,Credit Card,TC00042,2025,11,November,4,16,6,Sunday
TT07899,U01239,CR00001,2025-12-09,472.28,PayPal,TC00040,2025,12,December,4,9,1,Tuesday
TT07900,U01244,CR00057,2025-05-02,177.34,Bank Transfer,TC00042,2025,5,May,2,2,4,Friday
TT07901,U01249,CR00005,2025-10-06,0.0,Credit Card,TC00042,2025,10,October,4,6,0,Monday
TT07902,U01250,CR00004,2025-12-06,0.0,Credit Card,TC00042,2025,12,December,4,6,5,Saturday
TT07903,U01266,CR00056,2025-04-12,212.39,Credit Card,TC00042,2025,4,April,2,12,5,Saturday
TT07904,U01267,CR00009,2025-07-22,0.0,Bank Transfer,TC00040,2025,7,July,3,22,1,Tuesday
TT07905,U01268,CR00003,2025-08-08,0.0,Credit Card,TC00040,2025,8,August,3,8,4,Friday
TT07906,U01280,CR00015,2025-03-16,285.05,PayPal,TC00040,2025,3,March,1,16,6,Sunday
TT07907,U01281,CR00019,2025-06-07,0.0,Bank Transfer,TC00042,2025,6,June,2,7,5,Saturday
TT07908,U01284,CR00027,2025-05-29,0.0,Bank Transfer,TC00042,2025,5,May,2,29,3,Thursday
TT07909,U01286,CR00012,2025-02-07,487.92,Credit Card,TC00042,2025,2,February,1,7,4,Friday
TT07910,U01290,CR00010,2025-03-12,0.0,Credit Card,TC00042,2025,3,March,1,12,2,Wednesday
TT07911,U01315,CR00001,2025-02-01,472.28,PayPal,TC00042,2025,2,February,1,1,5,Saturday
TT07912,U01318,CR00042,2025-04-21,0.0,Credit Card,TC00042,2025,4,April,2,21,0,Monday
TT07913,U01321,CR00029,2025-10-23,0.0,Bank Transfer,TC00042,2025,10,October,4,23,3,Thursday
TT07914,U01331,CR00018,2025-02-23,0.0,Bank Transfer,TC00042,2025,2,February,1,23,6,Sunday
TT07915,U01332,CR00021,2025-05-10,0.0,Credit Card,TC00042,2025,5,May,2,10,5,Saturday
TT07916,U01334,CR00035,2025-08-08,0.0,Credit Card,TC00040,2025,8,August,3,8,4,Friday
TT07917,U01336,CR00024,2025-12-24,117.68,Bank Transfer,TC00042,2025,12,December,4,24,2,Wednesday
TT07918,U01337,CR00002,2025-07-21,0.0,Credit Card,TC00042,2025,7,July,3,21,0,Monday
TT07919,U01343,CR00030,2025-12-26,0.0,PayPal,TC00042,2025,12,December,4,26,4,Friday
TT07920,U01344,CR00046,2025-07-25,248.1,Bank Transfer,TC00040,2025,7,July,3,25,4,Friday
TT07921,U01346,CR00019,2025-03-19,0.0,PayPal,TC00042,2025,3,March,1,19,2,Wednesday
TT07922,U01347,CR00053,2025-09-26,0.0,PayPal,TC00042,2025,9,September,3,26,4,Friday
TT07923,U01350,CR00042,2025-04-17,0.0,PayPal,TC00040,2025,4,April,2,17,3,Thursday
TT07924,U01352,CR00038,2025-05-01,342.61,Credit Card,TC00042,2025,5,May,2,1,3,Thursday
TT07925,U01355,CR00006,2025-02-20,276.37,Credit Card,TC00042,2025,2,February,1,20,3,Thursday
TT07926,U01364,CR00038,2025-11-21,342.61,Credit Card,TC00042,2025,11,November,4,21,4,Friday
TT07927,U01365,CR00041,2025-08-23,53.86,PayPal,TC00040,2025,8,August,3,23,5,Saturday
TT07928,U01375,CR00017,2025-01-15,0.0,Bank Transfer,TC00042,2025,1,January,1,15,2,Wednesday
TT07929,U01394,CR00035,2025-10-24,0.0,Credit Card,TC00040,2025,10,October,4,24,4,Friday
TT07930,U01395,CR00038,2025-09-17,342.61,PayPal,TC00042,2025,9,September,3,17,2,Wednesday
TT07931,U01397,CR00037,2025-06-06,0.0,Bank Transfer,TC00040,2025,6,June,2,6,4,Friday
TT07932,U01399,CR00030,2025-10-26,0.0,PayPal,TC00042,2025,10,October,4,26,6,Sunday
TT07933,U01405,CR00041,2025-06-28,53.86,Bank Transfer,TC00040,2025,6,June,2,28,5,Saturday
TT07934,U01411,CR00025,2025-03-25,299.57,Credit Card,TC00040,2025,3,March,1,25,1,Tuesday
TT07935,U01414,CR00003,2025-02-22,0.0,PayPal,TC00040,2025,2,February,1,22,5,Saturday
TT07936,U01429,CR00025,2025-08-24,299.57,Credit Card,TC00040,2025,8,August,3,24,6,Sunday
TT07937,U01432,CR00056,2025-03-24,212.39,Credit Card,TC00040,2025,3,March,1,24,0,Monday
TT07938,U01445,CR00033,2025-09-29,0.0,Bank Transfer,TC00040,2025,9,September,3,29,0,Monday
TT07939,U01451,CR00029,2025-04-19,0.0,Credit Card,TC00042,2025,4,April,2,19,5,Saturday
TT07940,U01455,CR00019,2025-04-24,0.0,Bank Transfer,TC00040,2025,4,April,2,24,3,Thursday
TT07941,U01460,CR00056,2025-06-17,212.39,PayPal,TC00042,2025,6,June,2,17,1,Tuesday
TT07942,U01463,CR00056,2025-09-14,212.39,Bank Transfer,TC00042,2025,9,September,3,14,6,Sunday
TT07943,U01472,CR00014,2025-09-23,0.0,Bank Transfer,TC00042,2025,9,September,3,23,1,Tuesday
TT07944,U01473,CR00004,2025-01-05,0.0,Bank Transfer,TC00042,2025,1,January,1,5,6,Sunday
TT07945,U01475,CR00024,2025-12-22,117.68,Bank Transfer,TC00040,2025,12,December,4,22,0,Monday
TT07946,U01488,CR00022,2025-06-21,0.0,PayPal,TC00042,2025,6,June,2,21,5,Saturday
TT07947,U01497,CR00039,2025-08-11,346.71,Bank Transfer,TC00042,2025,8,August,3,11,0,Monday
TT07948,U01500,CR00058,2025-07-20,0.0,Credit Card,TC00040,2025,7,July,3,20,6,Sunday
TT07949,U01506,CR00047,2025-06-25,89.59,PayPal,TC00042,2025,6,June,2,25,2,Wednesday
TT07950,U01511,CR00036,2025-04-12,0.0,PayPal,TC00040,2025,4,April,2,12,5,Saturday
TT07951,U01517,CR00045,2025-09-03,0.0,Credit Card,TC00040,2025,9,September,3,3,2,Wednesday
TT07952,U01522,CR00031,2025-06-01,0.0,Credit Card,TC00040,2025,6,June,2,1,6,Sunday
TT07953,U01528,CR00049,2025-05-20,415.51,Bank Transfer,TC00042,2025,5,May,2,20,1,Tuesday
TT07954,U01530,CR00035,2025-10-03,0.0,Bank Transfer,TC00040,2025,10,October,4,3,4,Friday
TT07955,U01531,CR00006,2025-02-22,276.37,PayPal,TC00040,2025,2,February,1,22,5,Saturday
TT07956,U01543,CR00011,2025-07-19,326.02,Credit Card,TC00040,2025,7,July,3,19,5,Saturday
TT07957,U01553,CR00021,2025-07-29,0.0,Bank Transfer,TC00040,2025,7,July,3,29,1,Tuesday
TT07958,U01575,CR00025,2025-06-28,299.57,Credit Card,TC00040,2025,6,June,2,28,5,Saturday
TT07959,U01578,CR00024,2025-06-15,117.68,PayPal,TC00040,2025,6,June,2,15,6,Sunday
TT07960,U01585,CR00044,2025-02-17,119.04,PayPal,TC00040,2025,2,February,1,17,0,Monday
TT07961,U01586,CR00047,2025-04-15,89.59,Bank Transfer,TC00040,2025,4,April,2,15,1,Tuesday
TT07962,U01602,CR00007,2025-04-28,0.0,Bank Transfer,TC00042,2025,4,April,2,28,0,Monday
TT07963,U01618,CR00036,2025-02-13,0.0,Bank Transfer,TC00042,2025,2,February,1,13,3,Thursday
TT07964,U01627,CR00042,2025-11-20,0.0,Credit Card,TC00042,2025,11,November,4,20,3,Thursday
TT07965,U01628,CR00044,2025-08-25,119.04,Credit Card,TC00042,2025,8,August,3,25,0,Monday
TT07966,U01635,CR00013,2025-03-19,0.0,PayPal,TC00040,2025,3,March,1,19,2,Wednesday
TT07967,U01649,CR00049,2025-05-26,415.51,PayPal,TC00042,2025,5,May,2,26,0,Monday
TT07968,U01654,CR00032,2025-07-17,0.0,Bank Transfer,TC00040,2025,7,July,3,17,3,Thursday
TT07969,U01656,CR00014,2025-05-25,0.0,PayPal,TC00042,2025,5,May,2,25,6,Sunday
TT07970,U01662,CR00044,2025-06-07,119.04,Bank Transfer,TC00042,2025,6,June,2,7,5,Saturday
TT07971,U01666,CR00007,2025-12-13,0.0,PayPal,TC00042,2025,12,December,4,13,5,Saturday
TT07972,U01674,CR00015,2025-09-21,285.05,PayPal,TC00042,2025,9,September,3,21,6,Sunday
TT07973,U01692,CR00050,2025-07-05,490.9,PayPal,TC00040,2025,7,July,3,5,5,Saturday
TT07974,U01695,CR00031,2025-03-15,0.0,PayPal,TC00040,2025,3,March,1,15,5,Saturday
TT07975,U01702,CR00017,2025-03-21,0.0,Credit Card,TC00040,2025,3,March,1,21,4,Friday
TT07976,U01708,CR00016,2025-06-22,0.0,PayPal,TC00040,2025,6,June,2,22,6,Sunday
TT07977,U01720,CR00023,2025-05-03,0.0,Credit Card,TC00042,2025,5,May,2,3,5,Saturday
TT07978,U01721,CR00002,2025-02-25,0.0,PayPal,TC00042,2025,2,February,1,25,1,Tuesday
TT07979,U01724,CR00034,2025-08-21,394.26,Credit Card,TC00040,2025,8,August,3,21,3,Thursday
TT07980,U01726,CR00037,2025-08-27,0.0,Credit Card,TC00040,2025,8,August,3,27,2,Wednesday
TT07981,U01729,CR00040,2025-06-21,327.99,Bank Transfer,TC00040,2025,6,June,2,21,5,Saturday
TT07982,U01746,CR00025,2025-08-09,299.57,Bank Transfer,TC00040,2025,8,August,3,9,5,Saturday
TT07983,U01762,CR00021,2025-09-09,0.0,Bank Transfer,TC00040,2025,9,September,3,9,1,Tuesday
TT07984,U01773,CR00057,2025-02-22,177.34,PayPal,TC00042,2025,2,February,1,22,5,Saturday
TT07985,U01789,CR00008,2025-07-14,0.0,PayPal,TC00042,2025,7,July,3,14,0,Monday
TT07986,U01805,CR00030,2025-08-02,0.0,Credit Card,TC00042,2025,8,August,3,2,5,Saturday
TT07987,U01809,CR00036,2025-08-22,0.0,Bank Transfer,TC00042,2025,8,August,3,22,4,Friday
TT07988,U01810,CR00013,2025-03-25,0.0,PayPal,TC00040,2025,3,March,1,25,1,Tuesday
TT07989,U01812,CR00008,2025-04-15,0.0,Credit Card,TC00042,2025,4,April,2,15,1,Tuesday
TT07990,U01820,CR00057,2025-10-22,177.34,PayPal,TC00040,2025,10,October,4,22,2,Wednesday
TT07991,U01822,CR00010,2025-06-09,0.0,Bank Transfer,TC00040,2025,6,June,2,9,0,Monday
TT07992,U01825,CR00049,2025-08-29,415.51,PayPal,TC00042,2025,8,August,3,29,4,Friday
TT07993,U01840,CR00027,2025-09-05,0.0,Bank Transfer,TC00042,2025,9,September,3,5,4,Friday
TT07994,U01842,CR00045,2025-06-06,0.0,PayPal,TC00042,2025,6,June,2,6,4,Friday
TT07995,U01854,CR00028,2025-11-24,0.78,PayPal,TC00042,2025,11,November,4,24,0,Monday
TT07996,U01867,CR00032,2025-07-09,0.0,Bank Transfer,TC00040,2025,7,July,3,9,2,Wednesday
TT07997,U01871,CR00026,2025-11-03,0.0,Credit Card,TC00042,2025,11,November,4,3,0,Monday
TT07998,U01872,CR00009,2025-03-02,0.0,Credit Card,TC00040,2025,3,March,1,2,6,Sunday
TT07999,U01876,CR00002,2025-12-23,0.0,Credit Card,TC00042,2025,12,December,4,23,1,Tuesday
TT08000,U01877,CR00040,2025-08-23,327.99,PayPal,TC00040,2025,8,August,3,23,5,Saturday
TT08001,U01879,CR00030,2025-06-03,0.0,PayPal,TC00042,2025,6,June,2,3,1,Tuesday
TT08002,U01893,CR00041,2025-02-25,53.86,PayPal,TC00042,2025,2,February,1,25,1,Tuesday
TT08003,U01896,CR00005,2025-02-28,0.0,PayPal,TC00040,2025,2,February,1,28,4,Friday
TT08004,U01900,CR00012,2025-01-13,487.92,Bank Transfer,TC00040,2025,1,January,1,13,0,Monday
TT08005,U01906,CR00052,2025-04-27,0.0,PayPal,TC00042,2025,4,April,2,27,6,Sunday
TT08006,U01908,CR00053,2025-10-19,0.0,Bank Transfer,TC00040,2025,10,October,4,19,6,Sunday
TT08007,U01917,CR00021,2025-05-11,0.0,PayPal,TC00040,2025,5,May,2,11,6,Sunday
TT08008,U01918,CR00030,2025-06-28,0.0,PayPal,TC00042,2025,6,June,2,28,5,Saturday
TT08009,U01926,CR00043,2025-07-25,0.0,Credit Card,TC00042,2025,7,July,3,25,4,Friday
TT08010,U01929,CR00003,2025-08-16,0.0,PayPal,TC00042,2025,8,August,3,16,5,Saturday
TT08011,U01931,CR00019,2025-10-11,0.0,PayPal,TC00042,2025,10,October,4,11,5,Saturday
TT08012,U01934,CR00024,2025-05-02,117.68,Credit Card,TC00042,2025,5,May,2,2,4,Friday
TT08013,U01953,CR00006,2025-08-08,276.37,Bank Transfer,TC00040,2025,8,August,3,8,4,Friday
TT08014,U01958,CR00038,2025-05-17,342.61,PayPal,TC00040,2025,5,May,2,17,5,Saturday
TT08015,U01959,CR00058,2025-08-12,0.0,Credit Card,TC00042,2025,8,August,3,12,1,Tuesday
TT08016,U01961,CR00028,2025-11-18,0.78,PayPal,TC00042,2025,11,November,4,18,1,Tuesday
TT08017,U01962,CR00049,2025-09-01,415.51,PayPal,TC00040,2025,9,September,3,1,0,Monday
TT08018,U01987,CR00016,2025-09-11,0.0,Bank Transfer,TC00040,2025,9,September,3,11,3,Thursday
TT08019,U01993,CR00034,2025-09-17,394.26,Bank Transfer,TC00040,2025,9,September,3,17,2,Wednesday
TT08020,U01994,CR00052,2025-07-25,0.0,Bank Transfer,TC00042,2025,7,July,3,25,4,Friday
TT08021,U01998,CR00004,2025-01-14,0.0,PayPal,TC00042,2025,1,January,1,14,1,Tuesday
TT08022,U02015,CR00002,2025-03-05,0.0,Bank Transfer,TC00040,2025,3,March,1,5,2,Wednesday
TT08023,U02022,CR00051,2025-07-01,37.89,Credit Card,TC00042,2025,7,July,3,1,1,Tuesday
TT08024,U02035,CR00005,2025-08-24,0.0,Credit Card,TC00040,2025,8,August,3,24,6,Sunday
TT08025,U02039,CR00046,2025-03-29,248.1,Credit Card,TC00042,2025,3,March,1,29,5,Saturday
TT08026,U02058,CR00045,2025-09-05,0.0,Credit Card,TC00042,2025,9,September,3,5,4,Friday
TT08027,U02064,CR00046,2025-01-22,248.1,Bank Transfer,TC00040,2025,1,January,1,22,2,Wednesday
TT08028,U02068,CR00015,2025-06-28,285.05,Bank Transfer,TC00040,2025,6,June,2,28,5,Saturday
TT08029,U02071,CR00059,2025-06-21,0.0,PayPal,TC00040,2025,6,June,2,21,5,Saturday
TT08030,U02074,CR00020,2025-02-03,0.0,Bank Transfer,TC00040,2025,2,February,1,3,0,Monday
TT08031,U02077,CR00050,2025-07-30,490.9,PayPal,TC00040,2025,7,July,3,30,2,Wednesday
TT08032,U02096,CR00020,2025-07-10,0.0,PayPal,TC00042,2025,7,July,3,10,3,Thursday
TT08033,U02098,CR00036,2025-02-23,0.0,Bank Transfer,TC00042,2025,2,February,1,23,6,Sunday
TT08034,U02125,CR00042,2025-12-26,0.0,Bank Transfer,TC00042,2025,12,December,4,26,4,Friday
TT08035,U02144,CR00038,2025-10-21,342.61,Credit Card,TC00040,2025,10,October,4,21,1,Tuesday
TT08036,U02147,CR00006,2025-02-22,276.37,PayPal,TC00040,2025,2,February,1,22,5,Saturday
TT08037,U02149,CR00056,2025-09-25,212.39,Bank Transfer,TC00042,2025,9,September,3,25,3,Thursday
TT08038,U02151,CR00041,2025-01-25,53.86,PayPal,TC00040,2025,1,January,1,25,5,Saturday
TT08039,U02152,CR00052,2025-01-24,0.0,PayPal,TC00042,2025,1,January,1,24,4,Friday
TT08040,U02153,CR00043,2025-07-10,0.0,Bank Transfer,TC00040,2025,7,July,3,10,3,Thursday
TT08041,U02155,CR00004,2025-02-03,0.0,PayPal,TC00040,2025,2,February,1,3,0,Monday
TT08042,U02174,CR00059,2025-09-14,0.0,PayPal,TC00042,2025,9,September,3,14,6,Sunday
TT08043,U02212,CR00054,2025-10-26,0.0,Bank Transfer,TC00040,2025,10,October,4,26,6,Sunday
TT08044,U02215,CR00017,2025-03-19,0.0,PayPal,TC00042,2025,3,March,1,19,2,Wednesday
TT08045,U02217,CR00055,2025-07-15,57.32,PayPal,TC00042,2025,7,July,3,15,1,Tuesday
TT08046,U02224,CR00013,2025-12-29,0.0,Credit Card,TC00042,2025,12,December,4,29,0,Monday
TT08047,U02248,CR00034,2025-08-17,394.26,PayPal,TC00040,2025,8,August,3,17,6,Sunday
TT08048,U02250,CR00051,2025-10-02,37.89,Credit Card,TC00042,2025,10,October,4,2,3,Thursday
TT08049,U02254,CR00052,2025-05-02,0.0,Credit Card,TC00040,2025,5,May,2,2,4,Friday
TT08050,U02258,CR00009,2025-09-01,0.0,Bank Transfer,TC00042,2025,9,September,3,1,0,Monday
TT08051,U02284,CR00014,2025-08-06,0.0,PayPal,TC00042,2025,8,August,3,6,2,Wednesday
TT08052,U02288,CR00001,2025-12-02,472.28,Bank Transfer,TC00040,2025,12,December,4,2,1,Tuesday
TT08053,U02290,CR00008,2025-08-27,0.0,Bank Transfer,TC00042,2025,8,August,3,27,2,Wednesday
TT08054,U02300,CR00001,2025-04-13,472.28,PayPal,TC00042,2025,4,April,2,13,6,Sunday
TT08055,U02301,CR00009,2025-06-20,0.0,Bank Transfer,TC00042,2025,6,June,2,20,4,Friday
TT08056,U02306,CR00056,2025-05-18,212.39,PayPal,TC00042,2025,5,May,2,18,6,Sunday
TT08057,U02315,CR00047,2025-01-28,89.59,PayPal,TC00040,2025,1,January,1,28,1,Tuesday
TT08058,U02336,CR00040,2025-12-08,327.99,Credit Card,TC00040,2025,12,December,4,8,0,Monday
TT08059,U02337,CR00053,2025-03-16,0.0,PayPal,TC00042,2025,3,March,1,16,6,Sunday
TT08060,U02341,CR00052,2025-02-15,0.0,PayPal,TC00042,2025,2,February,1,15,5,Saturday
TT08061,U02344,CR00043,2025-09-20,0.0,Credit Card,TC00040,2025,9,September,3,20,5,Saturday
TT08062,U02349,CR00056,2025-06-29,212.39,Credit Card,TC00042,2025,6,June,2,29,6,Sunday
TT08063,U02370,CR00047,2025-07-15,89.59,PayPal,TC00042,2025,7,July,3,15,1,Tuesday
TT08064,U02371,CR00011,2025-10-14,326.02,Bank Transfer,TC00040,2025,10,October,4,14,1,Tuesday
TT08065,U02427,CR00030,2025-03-17,0.0,PayPal,TC00042,2025,3,March,1,17,0,Monday
TT08066,U02432,CR00025,2025-04-02,299.57,Bank Transfer,TC00042,2025,4,April,2,2,2,Wednesday
TT08067,U02445,CR00058,2025-12-04,0.0,Bank Transfer,TC00042,2025,12,December,4,4,3,Thursday
TT08068,U02459,CR00034,2025-12-04,394.26,Bank Transfer,TC00040,2025,12,December,4,4,3,Thursday
TT08069,U02470,CR00007,2025-06-13,0.0,Bank Transfer,TC00042,2025,6,June,2,13,4,Friday
TT08070,U02485,CR00019,2025-09-09,0.0,Credit Card,TC00040,2025,9,September,3,9,1,Tuesday
TT08071,U02490,CR00009,2025-02-14,0.0,Credit Card,TC00040,2025,2,February,1,14,4,Friday
TT08072,U02512,CR00042,2025-08-29,0.0,PayPal,TC00042,2025,8,August,3,29,4,Friday
TT08073,U02515,CR00028,2025-10-17,0.78,PayPal,TC00042,2025,10,October,4,17,4,Friday
TT08074,U02540,CR00013,2025-03-18,0.0,Credit Card,TC00042,2025,3,March,1,18,1,Tuesday
TT08075,U02541,CR00025,2025-07-26,299.57,Credit Card,TC00040,2025,7,July,3,26,5,Saturday
TT08076,U02542,CR00030,2025-08-04,0.0,Credit Card,TC00042,2025,8,August,3,4,0,Monday
TT08077,U02566,CR00041,2025-09-24,53.86,Credit Card,TC00040,2025,9,September,3,24,2,Wednesday
TT08078,U02583,CR00021,2025-11-22,0.0,Credit Card,TC00040,2025,11,November,4,22,5,Saturday
TT08079,U02593,CR00032,2025-08-29,0.0,Credit Card,TC00040,2025,8,August,3,29,4,Friday
TT08080,U02605,CR00006,2025-02-02,276.37,Bank Transfer,TC00040,2025,2,February,1,2,6,Sunday
TT08081,U02612,CR00036,2025-04-28,0.0,Credit Card,TC00042,2025,4,April,2,28,0,Monday
TT08082,U02614,CR00012,2025-08-30,487.92,PayPal,TC00042,2025,8,August,3,30,5,Saturday
TT08083,U02630,CR00018,2025-11-30,0.0,Bank Transfer,TC00040,2025,11,November,4,30,6,Sunday
TT08084,U02643,CR00058,2025-09-04,0.0,Credit Card,TC00042,2025,9,September,3,4,3,Thursday
TT08085,U02651,CR00059,2025-08-03,0.0,Credit Card,TC00040,2025,8,August,3,3,6,Sunday
TT08086,U02663,CR00041,2025-12-23,53.86,Bank Transfer,TC00042,2025,12,December,4,23,1,Tuesday
TT08087,U02672,CR00038,2025-03-02,342.61,Bank Transfer,TC00040,2025,3,March,1,2,6,Sunday
TT08088,U02683,CR00030,2025-12-30,0.0,Bank Transfer,TC00042,2025,12,December,4,30,1,Tuesday
TT08089,U02684,CR00030,2025-01-08,0.0,Credit Card,TC00042,2025,1,January,1,8,2,Wednesday
TT08090,U02698,CR00027,2025-05-02,0.0,Credit Card,TC00042,2025,5,May,2,2,4,Friday
TT08091,U02709,CR00016,2025-08-30,0.0,Credit Card,TC00040,2025,8,August,3,30,5,Saturday
TT08092,U02733,CR00010,2025-02-10,0.0,Credit Card,TC00042,2025,2,February,1,10,0,Monday
TT08093,U02743,CR00026,2025-09-24,0.0,Bank Transfer,TC00042,2025,9,September,3,24,2,Wednesday
TT08094,U02754,CR00031,2025-11-09,0.0,PayPal,TC00040,2025,11,November,4,9,6,Sunday
TT08095,U02767,CR00031,2025-04-01,0.0,Bank Transfer,TC00040,2025,4,April,2,1,1,Tuesday
TT08096,U02770,CR00020,2025-06-12,0.0,PayPal,TC00040,2025,6,June,2,12,3,Thursday
TT08097,U02775,CR00056,2025-03-01,212.39,PayPal,TC00042,2025,3,March,1,1,5,Saturday
TT08098,U02786,CR00017,2025-06-13,0.0,PayPal,TC00042,2025,6,June,2,13,4,Friday
TT08099,U02788,CR00050,2025-12-12,490.9,Credit Card,TC00040,2025,12,December,4,12,4,Friday
TT08100,U02791,CR00022,2025-07-03,0.0,PayPal,TC00040,2025,7,July,3,3,3,Thursday
TT08101,U02792,CR00059,2025-04-28,0.0,PayPal,TC00042,2025,4,April,2,28,0,Monday
TT08102,U02793,CR00043,2025-03-08,0.0,PayPal,TC00040,2025,3,March,1,8,5,Saturday
TT08103,U02821,CR00038,2025-02-23,342.61,Bank Transfer,TC00040,2025,2,February,1,23,6,Sunday
TT08104,U02825,CR00007,2025-10-09,0.0,PayPal,TC00042,2025,10,October,4,9,3,Thursday
TT08105,U02832,CR00008,2025-09-24,0.0,Credit Card,TC00042,2025,9,September,3,24,2,Wednesday
TT08106,U02843,CR00035,2025-04-25,0.0,Bank Transfer,TC00040,2025,4,April,2,25,4,Friday
TT08107,U02844,CR00012,2025-11-17,487.92,PayPal,TC00042,2025,11,November,4,17,0,Monday
TT08108,U02850,CR00023,2025-11-09,0.0,Credit Card,TC00040,2025,11,November,4,9,6,Sunday
TT08109,U02874,CR00011,2025-09-25,326.02,Credit Card,TC00040,2025,9,September,3,25,3,Thursday
TT08110,U02883,CR00040,2025-02-26,327.99,PayPal,TC00042,2025,2,February,1,26,2,Wednesday
TT08111,U02909,CR00012,2025-08-26,487.92,Bank Transfer,TC00040,2025,8,August,3,26,1,Tuesday
TT08112,U02915,CR00020,2025-01-26,0.0,PayPal,TC00040,2025,1,January,1,26,6,Sunday
TT08113,U02916,CR00036,2025-08-09,0.0,Credit Card,TC00040,2025,8,August,3,9,5,Saturday
TT08114,U02927,CR00024,2025-06-25,117.68,PayPal,TC00042,2025,6,June,2,25,2,Wednesday
TT08115,U02931,CR00022,2025-11-02,0.0,PayPal,TC00040,2025,11,November,4,2,6,Sunday
TT08116,U02937,CR00059,2025-05-06,0.0,Credit Card,TC00042,2025,5,May,2,6,1,Tuesday
TT08117,U02941,CR00055,2025-08-17,57.32,Credit Card,TC00042,2025,8,August,3,17,6,Sunday
TT08118,U02947,CR00055,2025-04-24,57.32,Bank Transfer,TC00042,2025,4,April,2,24,3,Thursday
TT08119,U02958,CR00012,2025-12-17,487.92,Bank Transfer,TC00040,2025,12,December,4,17,2,Wednesday
TT08120,U02969,CR00015,2025-01-03,285.05,PayPal,TC00042,2025,1,January,1,3,4,Friday
TT08121,U02971,CR00014,2025-01-11,0.0,PayPal,TC00042,2025,1,January,1,11,5,Saturday
TT08122,U02974,CR00036,2025-06-06,0.0,PayPal,TC00040,2025,6,June,2,6,4,Friday
TT08123,U02976,CR00014,2025-01-06,0.0,PayPal,TC00040,2025,1,January,1,6,0,Monday
TT08124,U02980,CR00015,2025-12-07,285.05,PayPal,TC00040,2025,12,December,4,7,6,Sunday
TT08125,U02981,CR00004,2025-05-03,0.0,Bank Transfer,TC00040,2025,5,May,2,3,5,Saturday
TT08126,U02984,CR00054,2025-05-22,0.0,PayPal,TC00042,2025,5,May,2,22,3,Thursday
TT08127,U02994,CR00008,2025-06-16,0.0,PayPal,TC00042,2025,6,June,2,16,0,Monday
TT08128,U00003,CR00051,2025-03-20,37.89,Bank Transfer,TC00040,2025,3,March,1,20,3,Thursday
TT08129,U00004,CR00056,2025-11-23,212.39,Credit Card,TC00040,2025,11,November,4,23,6,Sunday
TT08130,U00013,CR00026,2025-06-13,0.0,Credit Card,TC00042,2025,6,June,2,13,4,Friday
TT08131,U00015,CR00034,2025-11-20,394.26,Bank Transfer,TC00040,2025,11,November,4,20,3,Thursday
TT08132,U00018,CR00043,2025-10-29,0.0,PayPal,TC00040,2025,10,October,4,29,2,Wednesday
TT08133,U00028,CR00001,2025-06-11,472.28,Credit Card,TC00042,2025,6,June,2,11,2,Wednesday
TT08134,U00045,CR00056,2025-12-06,212.39,Credit Card,TC00040,2025,12,December,4,6,5,Saturday
TT08135,U00048,CR00003,2025-08-25,0.0,Bank Transfer,TC00040,2025,8,August,3,25,0,Monday
TT08136,U00055,CR00037,2025-02-18,0.0,Bank Transfer,TC00040,2025,2,February,1,18,1,Tuesday
TT08137,U00071,CR00002,2025-06-09,0.0,PayPal,TC00042,2025,6,June,2,9,0,Monday
TT08138,U00083,CR00033,2025-06-08,0.0,Bank Transfer,TC00040,2025,6,June,2,8,6,Sunday
TT08139,U00085,CR00041,2025-04-11,53.86,Credit Card,TC00040,2025,4,April,2,11,4,Friday
TT08140,U00109,CR00003,2025-11-19,0.0,Credit Card,TC00040,2025,11,November,4,19,2,Wednesday
TT08141,U00112,CR00021,2025-07-15,0.0,Credit Card,TC00040,2025,7,July,3,15,1,Tuesday
TT08142,U00117,CR00025,2025-05-16,299.57,PayPal,TC00042,2025,5,May,2,16,4,Friday
TT08143,U00128,CR00012,2025-06-09,487.92,PayPal,TC00040,2025,6,June,2,9,0,Monday
TT08144,U00133,CR00018,2025-08-20,0.0,Credit Card,TC00042,2025,8,August,3,20,2,Wednesday
TT08145,U00134,CR00041,2025-06-13,53.86,Bank Transfer,TC00040,2025,6,June,2,13,4,Friday
TT08146,U00144,CR00058,2025-10-06,0.0,Bank Transfer,TC00042,2025,10,October,4,6,0,Monday
TT08147,U00147,CR00006,2025-09-14,276.37,Credit Card,TC00040,2025,9,September,3,14,6,Sunday
TT08148,U00149,CR00027,2025-07-27,0.0,PayPal,TC00042,2025,7,July,3,27,6,Sunday
TT08149,U00152,CR00058,2025-04-24,0.0,Credit Card,TC00040,2025,4,April,2,24,3,Thursday
TT08150,U00166,CR00042,2025-11-01,0.0,Credit Card,TC00042,2025,11,November,4,1,5,Saturday
TT08151,U00169,CR00023,2025-07-20,0.0,Bank Transfer,TC00042,2025,7,July,3,20,6,Sunday
TT08152,U00173,CR00034,2025-07-08,394.26,Credit Card,TC00040,2025,7,July,3,8,1,Tuesday
TT08153,U00177,CR00046,2025-11-11,248.1,Bank Transfer,TC00042,2025,11,November,4,11,1,Tuesday
TT08154,U00178,CR00044,2025-05-01,119.04,PayPal,TC00040,2025,5,May,2,1,3,Thursday
TT08155,U00191,CR00035,2025-08-30,0.0,Credit Card,TC00040,2025,8,August,3,30,5,Saturday
TT08156,U00198,CR00004,2025-03-07,0.0,Bank Transfer,TC00042,2025,3,March,1,7,4,Friday
TT08157,U00208,CR00058,2025-10-14,0.0,PayPal,TC00042,2025,10,October,4,14,1,Tuesday
TT08158,U00216,CR00014,2025-03-19,0.0,PayPal,TC00040,2025,3,March,1,19,2,Wednesday
TT08159,U00220,CR00002,2025-02-02,0.0,Bank Transfer,TC00042,2025,2,February,1,2,6,Sunday
TT08160,U00238,CR00027,2025-04-26,0.0,Credit Card,TC00042,2025,4,April,2,26,5,Saturday
TT08161,U00251,CR00050,2025-05-15,490.9,PayPal,TC00042,2025,5,May,2,15,3,Thursday
TT08162,U00260,CR00007,2025-07-04,0.0,Credit Card,TC00040,2025,7,July,3,4,4,Friday
TT08163,U00265,CR00052,2025-06-11,0.0,PayPal,TC00040,2025,6,June,2,11,2,Wednesday
TT08164,U00272,CR00057,2025-09-28,177.34,Bank Transfer,TC00040,2025,9,September,3,28,6,Sunday
TT08165,U00292,CR00035,2025-10-29,0.0,PayPal,TC00040,2025,10,October,4,29,2,Wednesday
TT08166,U00293,CR00051,2025-01-23,37.89,PayPal,TC00040,2025,1,January,1,23,3,Thursday
TT08167,U00298,CR00036,2025-09-22,0.0,PayPal,TC00040,2025,9,September,3,22,0,Monday
TT08168,U00301,CR00050,2025-12-16,490.9,Bank Transfer,TC00042,2025,12,December,4,16,1,Tuesday
TT08169,U00303,CR00003,2025-09-07,0.0,Bank Transfer,TC00040,2025,9,September,3,7,6,Sunday
TT08170,U00315,CR00025,2025-10-03,299.57,PayPal,TC00040,2025,10,October,4,3,4,Friday
TT08171,U00321,CR00039,2025-12-23,346.71,PayPal,TC00040,2025,12,December,4,23,1,Tuesday
TT08172,U00322,CR00049,2025-12-08,415.51,Credit Card,TC00040,2025,12,December,4,8,0,Monday
TT08173,U00323,CR00032,2025-04-16,0.0,Bank Transfer,TC00040,2025,4,April,2,16,2,Wednesday
TT08174,U00328,CR00005,2025-03-21,0.0,PayPal,TC00040,2025,3,March,1,21,4,Friday
TT08175,U00329,CR00002,2025-08-02,0.0,PayPal,TC00042,2025,8,August,3,2,5,Saturday
TT08176,U00330,CR00030,2025-04-21,0.0,PayPal,TC00042,2025,4,April,2,21,0,Monday
TT08177,U00334,CR00029,2025-06-18,0.0,Credit Card,TC00042,2025,6,June,2,18,2,Wednesday
TT08178,U00338,CR00007,2025-12-22,0.0,Credit Card,TC00040,2025,12,December,4,22,0,Monday
TT08179,U00339,CR00007,2025-11-14,0.0,Credit Card,TC00042,2025,11,November,4,14,4,Friday
TT08180,U00340,CR00023,2025-04-28,0.0,Credit Card,TC00040,2025,4,April,2,28,0,Monday
TT08181,U00345,CR00016,2025-03-21,0.0,PayPal,TC00040,2025,3,March,1,21,4,Friday
TT08182,U00351,CR00044,2025-07-02,119.04,Credit Card,TC00042,2025,7,July,3,2,2,Wednesday
TT08183,U00352,CR00043,2025-12-13,0.0,Credit Card,TC00042,2025,12,December,4,13,5,Saturday
TT08184,U00353,CR00023,2025-08-22,0.0,Bank Transfer,TC00040,2025,8,August,3,22,4,Friday
TT08185,U00356,CR00010,2025-09-29,0.0,Credit Card,TC00040,2025,9,September,3,29,0,Monday
TT08186,U00357,CR00025,2025-02-10,299.57,Credit Card,TC00042,2025,2,February,1,10,0,Monday
TT08187,U00362,CR00055,2025-06-27,57.32,Bank Transfer,TC00042,2025,6,June,2,27,4,Friday
TT08188,U00365,CR00017,2025-10-28,0.0,Credit Card,TC00040,2025,10,October,4,28,1,Tuesday
TT08189,U00379,CR00060,2025-02-06,0.0,Bank Transfer,TC00042,2025,2,February,1,6,3,Thursday
TT08190,U00383,CR00025,2025-04-07,299.57,Credit Card,TC00040,2025,4,April,2,7,0,Monday
TT08191,U00394,CR00022,2025-03-07,0.0,Credit Card,TC00042,2025,3,March,1,7,4,Friday
TT08192,U00406,CR00058,2025-06-26,0.0,PayPal,TC00040,2025,6,June,2,26,3,Thursday
TT08193,U00407,CR00031,2025-10-10,0.0,Bank Transfer,TC00040,2025,10,October,4,10,4,Friday
TT08194,U00411,CR00020,2025-04-08,0.0,Bank Transfer,TC00042,2025,4,April,2,8,1,Tuesday
TT08195,U00415,CR00028,2025-07-10,0.78,Bank Transfer,TC00042,2025,7,July,3,10,3,Thursday
TT08196,U00423,CR00037,2025-09-08,0.0,PayPal,TC00040,2025,9,September,3,8,0,Monday
TT08197,U00424,CR00050,2025-09-22,490.9,Bank Transfer,TC00042,2025,9,September,3,22,0,Monday
TT08198,U00427,CR00050,2025-11-30,490.9,PayPal,TC00042,2025,11,November,4,30,6,Sunday
TT08199,U00438,CR00045,2025-06-20,0.0,Bank Transfer,TC00040,2025,6,June,2,20,4,Friday
TT08200,U00444,CR00038,2025-10-29,342.61,Bank Transfer,TC00040,2025,10,October,4,29,2,Wednesday
TT08201,U00449,CR00013,2025-09-20,0.0,Credit Card,TC00040,2025,9,September,3,20,5,Saturday
TT08202,U00450,CR00036,2025-08-15,0.0,PayPal,TC00042,2025,8,August,3,15,4,Friday
TT08203,U00464,CR00029,2025-08-03,0.0,Bank Transfer,TC00042,2025,8,August,3,3,6,Sunday
TT08204,U00543,CR00037,2025-09-23,0.0,Bank Transfer,TC00040,2025,9,September,3,23,1,Tuesday
TT08205,U00548,CR00035,2025-07-30,0.0,Credit Card,TC00040,2025,7,July,3,30,2,Wednesday
TT08206,U00569,CR00056,2025-10-29,212.39,Bank Transfer,TC00040,2025,10,October,4,29,2,Wednesday
TT08207,U00572,CR00054,2025-08-16,0.0,PayPal,TC00040,2025,8,August,3,16,5,Saturday
TT08208,U00574,CR00010,2025-03-02,0.0,Bank Transfer,TC00040,2025,3,March,1,2,6,Sunday
TT08209,U00576,CR00023,2025-07-17,0.0,PayPal,TC00042,2025,7,July,3,17,3,Thursday
TT08210,U00584,CR00049,2025-12-12,415.51,Bank Transfer,TC00040,2025,12,December,4,12,4,Friday
TT08211,U00592,CR00005,2025-08-20,0.0,Bank Transfer,TC00040,2025,8,August,3,20,2,Wednesday
TT08212,U00595,CR00008,2025-09-11,0.0,Bank Transfer,TC00040,2025,9,September,3,11,3,Thursday
TT08213,U00604,CR00041,2025-09-19,53.86,Credit Card,TC00040,2025,9,September,3,19,4,Friday
TT08214,U00619,CR00055,2025-08-16,57.32,PayPal,TC00040,2025,8,August,3,16,5,Saturday
TT08215,U00622,CR00017,2025-02-17,0.0,Credit Card,TC00042,2025,2,February,1,17,0,Monday
TT08216,U00633,CR00007,2025-01-11,0.0,Bank Transfer,TC00042,2025,1,January,1,11,5,Saturday
TT08217,U00666,CR00030,2025-10-22,0.0,Credit Card,TC00042,2025,10,October,4,22,2,Wednesday
TT08218,U00687,CR00058,2025-12-01,0.0,Credit Card,TC00040,2025,12,December,4,1,0,Monday
TT08219,U00701,CR00032,2025-01-14,0.0,PayPal,TC00040,2025,1,January,1,14,1,Tuesday
TT08220,U00704,CR00059,2025-05-09,0.0,Credit Card,TC00042,2025,5,May,2,9,4,Friday
TT08221,U00709,CR00002,2025-02-16,0.0,Bank Transfer,TC00042,2025,2,February,1,16,6,Sunday
TT08222,U00723,CR00003,2025-05-18,0.0,PayPal,TC00042,2025,5,May,2,18,6,Sunday
TT08223,U00724,CR00059,2025-01-29,0.0,Credit Card,TC00042,2025,1,January,1,29,2,Wednesday
TT08224,U00760,CR00031,2025-06-11,0.0,Credit Card,TC00040,2025,6,June,2,11,2,Wednesday
TT08225,U00765,CR00020,2025-02-22,0.0,Credit Card,TC00042,2025,2,February,1,22,5,Saturday
TT08226,U00767,CR00001,2025-06-14,472.28,PayPal,TC00040,2025,6,June,2,14,5,Saturday
TT08227,U00775,CR00043,2025-06-08,0.0,PayPal,TC00040,2025,6,June,2,8,6,Sunday
TT08228,U00786,CR00017,2025-02-12,0.0,PayPal,TC00040,2025,2,February,1,12,2,Wednesday
TT08229,U00787,CR00003,2025-02-20,0.0,Credit Card,TC00042,2025,2,February,1,20,3,Thursday
TT08230,U00819,CR00049,2025-08-30,415.51,PayPal,TC00042,2025,8,August,3,30,5,Saturday
TT08231,U00821,CR00039,2025-09-27,346.71,Credit Card,TC00042,2025,9,September,3,27,5,Saturday
TT08232,U00829,CR00002,2025-06-24,0.0,Credit Card,TC00042,2025,6,June,2,24,1,Tuesday
TT08233,U00836,CR00017,2025-11-24,0.0,Bank Transfer,TC00042,2025,11,November,4,24,0,Monday
TT08234,U00838,CR00044,2025-01-20,119.04,Bank Transfer,TC00042,2025,1,January,1,20,0,Monday
TT08235,U00850,CR00010,2025-01-04,0.0,Bank Transfer,TC00042,2025,1,January,1,4,5,Saturday
TT08236,U00852,CR00020,2025-10-06,0.0,Credit Card,TC00042,2025,10,October,4,6,0,Monday
TT08237,U00858,CR00030,2025-09-01,0.0,Bank Transfer,TC00042,2025,9,September,3,1,0,Monday
TT08238,U00870,CR00018,2025-12-06,0.0,PayPal,TC00042,2025,12,December,4,6,5,Saturday
TT08239,U00874,CR00036,2025-04-15,0.0,Credit Card,TC00040,2025,4,April,2,15,1,Tuesday
TT08240,U00876,CR00023,2025-02-04,0.0,PayPal,TC00042,2025,2,February,1,4,1,Tuesday
TT08241,U00881,CR00003,2025-06-26,0.0,Credit Card,TC00042,2025,6,June,2,26,3,Thursday
TT08242,U00893,CR00040,2025-05-22,327.99,Bank Transfer,TC00042,2025,5,May,2,22,3,Thursday
TT08243,U00898,CR00005,2025-08-26,0.0,PayPal,TC00042,2025,8,August,3,26,1,Tuesday
TT08244,U00903,CR00032,2025-03-09,0.0,Credit Card,TC00040,2025,3,March,1,9,6,Sunday
TT08245,U00907,CR00001,2025-09-02,472.28,Bank Transfer,TC00040,2025,9,September,3,2,1,Tuesday
TT08246,U00911,CR00031,2025-11-18,0.0,PayPal,TC00040,2025,11,November,4,18,1,Tuesday
TT08247,U00917,CR00013,2025-05-18,0.0,PayPal,TC00040,2025,5,May,2,18,6,Sunday
TT08248,U00928,CR00008,2025-09-09,0.0,PayPal,TC00042,2025,9,September,3,9,1,Tuesday
TT08249,U00959,CR00039,2025-09-29,346.71,PayPal,TC00042,2025,9,September,3,29,0,Monday
TT08250,U00961,CR00048,2025-06-27,0.0,Credit Card,TC00042,2025,6,June,2,27,4,Friday
TT08251,U00967,CR00042,2025-06-03,0.0,PayPal,TC00040,2025,6,June,2,3,1,Tuesday
TT08252,U00976,CR00003,2025-09-13,0.0,Credit Card,TC00040,2025,9,September,3,13,5,Saturday
TT08253,U00981,CR00020,2025-05-14,0.0,Credit Card,TC00040,2025,5,May,2,14,2,Wednesday
TT08254,U00997,CR00048,2025-04-06,0.0,Bank Transfer,TC00040,2025,4,April,2,6,6,Sunday
TT08255,U01000,CR00053,2025-03-13,0.0,Bank Transfer,TC00042,2025,3,March,1,13,3,Thursday
TT08256,U01015,CR00031,2025-12-17,0.0,Bank Transfer,TC00040,2025,12,December,4,17,2,Wednesday
TT08257,U01022,CR00026,2025-10-07,0.0,Bank Transfer,TC00042,2025,10,October,4,7,1,Tuesday
TT08258,U01031,CR00017,2025-11-09,0.0,Credit Card,TC00042,2025,11,November,4,9,6,Sunday
TT08259,U01032,CR00048,2025-08-20,0.0,Credit Card,TC00040,2025,8,August,3,20,2,Wednesday
TT08260,U01033,CR00051,2025-09-16,37.89,PayPal,TC00042,2025,9,September,3,16,1,Tuesday
TT08261,U01034,CR00043,2025-08-01,0.0,PayPal,TC00042,2025,8,August,3,1,4,Friday
TT08262,U01079,CR00029,2025-09-24,0.0,Credit Card,TC00042,2025,9,September,3,24,2,Wednesday
TT08263,U01083,CR00059,2025-02-25,0.0,PayPal,TC00042,2025,2,February,1,25,1,Tuesday
TT08264,U01084,CR00034,2025-10-05,394.26,Credit Card,TC00040,2025,10,October,4,5,6,Sunday
TT08265,U01092,CR00004,2025-12-08,0.0,Bank Transfer,TC00040,2025,12,December,4,8,0,Monday
TT08266,U01096,CR00002,2025-04-17,0.0,Bank Transfer,TC00040,2025,4,April,2,17,3,Thursday
TT08267,U01123,CR00055,2025-06-23,57.32,Bank Transfer,TC00040,2025,6,June,2,23,0,Monday
TT08268,U01146,CR00021,2025-08-16,0.0,PayPal,TC00040,2025,8,August,3,16,5,Saturday
TT08269,U01151,CR00015,2025-09-07,285.05,Bank Transfer,TC00042,2025,9,September,3,7,6,Sunday
TT08270,U01158,CR00021,2025-05-04,0.0,PayPal,TC00042,2025,5,May,2,4,6,Sunday
TT08271,U01163,CR00012,2025-10-15,487.92,Bank Transfer,TC00040,2025,10,October,4,15,2,Wednesday
TT08272,U01167,CR00006,2025-03-28,276.37,Bank Transfer,TC00042,2025,3,March,1,28,4,Friday
TT08273,U01170,CR00001,2025-08-24,472.28,Credit Card,TC00040,2025,8,August,3,24,6,Sunday
TT08274,U01177,CR00022,2025-02-10,0.0,Bank Transfer,TC00040,2025,2,February,1,10,0,Monday
TT08275,U01180,CR00058,2025-07-22,0.0,PayPal,TC00040,2025,7,July,3,22,1,Tuesday
TT08276,U01197,CR00007,2025-09-23,0.0,Bank Transfer,TC00040,2025,9,September,3,23,1,Tuesday
TT08277,U01203,CR00012,2025-01-02,487.92,PayPal,TC00040,2025,1,January,1,2,3,Thursday
TT08278,U01221,CR00017,2025-01-26,0.0,PayPal,TC00042,2025,1,January,1,26,6,Sunday
TT08279,U01231,CR00052,2025-12-11,0.0,Credit Card,TC00042,2025,12,December,4,11,3,Thursday
TT08280,U01235,CR00046,2025-05-22,248.1,Credit Card,TC00042,2025,5,May,2,22,3,Thursday
TT08281,U01237,CR00003,2025-01-23,0.0,PayPal,TC00040,2025,1,January,1,23,3,Thursday
TT08282,U01244,CR00019,2025-12-08,0.0,Bank Transfer,TC00040,2025,12,December,4,8,0,Monday
TT08283,U01249,CR00047,2025-06-25,89.59,Bank Transfer,TC00042,2025,6,June,2,25,2,Wednesday
TT08284,U01250,CR00017,2025-06-03,0.0,PayPal,TC00040,2025,6,June,2,3,1,Tuesday
TT08285,U01261,CR00059,2025-04-02,0.0,PayPal,TC00040,2025,4,April,2,2,2,Wednesday
TT08286,U01266,CR00045,2025-04-04,0.0,PayPal,TC00042,2025,4,April,2,4,4,Friday
TT08287,U01267,CR00043,2025-03-14,0.0,Credit Card,TC00042,2025,3,March,1,14,4,Friday
TT08288,U01268,CR00014,2025-09-28,0.0,Bank Transfer,TC00042,2025,9,September,3,28,6,Sunday
TT08289,U01284,CR00020,2025-06-06,0.0,Bank Transfer,TC00040,2025,6,June,2,6,4,Friday
TT08290,U01286,CR00019,2025-05-20,0.0,Bank Transfer,TC00042,2025,5,May,2,20,1,Tuesday
TT08291,U01287,CR00029,2025-08-24,0.0,Bank Transfer,TC00042,2025,8,August,3,24,6,Sunday
TT08292,U01290,CR00025,2025-08-26,299.57,Bank Transfer,TC00040,2025,8,August,3,26,1,Tuesday
TT08293,U01315,CR00039,2025-05-24,346.71,PayPal,TC00042,2025,5,May,2,24,5,Saturday
TT08294,U01318,CR00014,2025-01-05,0.0,Bank Transfer,TC00040,2025,1,January,1,5,6,Sunday
TT08295,U01322,CR00028,2025-02-03,0.78,PayPal,TC00042,2025,2,February,1,3,0,Monday
TT08296,U01331,CR00024,2025-09-18,117.68,PayPal,TC00042,2025,9,September,3,18,3,Thursday
TT08297,U01332,CR00051,2025-05-29,37.89,Bank Transfer,TC00040,2025,5,May,2,29,3,Thursday
TT08298,U01336,CR00053,2025-10-22,0.0,PayPal,TC00040,2025,10,October,4,22,2,Wednesday
TT08299,U01337,CR00034,2025-12-16,394.26,Bank Transfer,TC00040,2025,12,December,4,16,1,Tuesday
TT08300,U01343,CR00027,2025-02-13,0.0,Bank Transfer,TC00042,2025,2,February,1,13,3,Thursday
TT08301,U01344,CR00009,2025-07-21,0.0,PayPal,TC00040,2025,7,July,3,21,0,Monday
TT08302,U01346,CR00001,2025-02-09,472.28,Bank Transfer,TC00042,2025,2,February,1,9,6,Sunday
TT08303,U01347,CR00048,2025-06-03,0.0,Bank Transfer,TC00042,2025,6,June,2,3,1,Tuesday
TT08304,U01352,CR00011,2025-06-24,326.02,PayPal,TC00040,2025,6,June,2,24,1,Tuesday
TT08305,U01355,CR00021,2025-02-06,0.0,Credit Card,TC00040,2025,2,February,1,6,3,Thursday
TT08306,U01364,CR00023,2025-06-20,0.0,Bank Transfer,TC00040,2025,6,June,2,20,4,Friday
TT08307,U01365,CR00057,2025-08-21,177.34,Bank Transfer,TC00042,2025,8,August,3,21,3,Thursday
TT08308,U01375,CR00034,2025-03-26,394.26,PayPal,TC00040,2025,3,March,1,26,2,Wednesday
TT08309,U01394,CR00038,2025-08-09,342.61,Credit Card,TC00042,2025,8,August,3,9,5,Saturday
TT08310,U01395,CR00042,2025-08-16,0.0,Bank Transfer,TC00042,2025,8,August,3,16,5,Saturday
TT08311,U01397,CR00022,2025-10-01,0.0,Bank Transfer,TC00040,2025,10,October,4,1,2,Wednesday
TT08312,U01399,CR00012,2025-06-28,487.92,PayPal,TC00042,2025,6,June,2,28,5,Saturday
TT08313,U01405,CR00057,2025-09-17,177.34,Bank Transfer,TC00040,2025,9,September,3,17,2,Wednesday
TT08314,U01411,CR00050,2025-10-11,490.9,Bank Transfer,TC00040,2025,10,October,4,11,5,Saturday
TT08315,U01414,CR00020,2025-11-06,0.0,PayPal,TC00040,2025,11,November,4,6,3,Thursday
TT08316,U01429,CR00021,2025-01-05,0.0,PayPal,TC00040,2025,1,January,1,5,6,Sunday
TT08317,U01430,CR00035,2025-02-14,0.0,Credit Card,TC00040,2025,2,February,1,14,4,Friday
TT08318,U01432,CR00003,2025-02-27,0.0,PayPal,TC00040,2025,2,February,1,27,3,Thursday
TT08319,U01435,CR00002,2025-01-11,0.0,Credit Card,TC00042,2025,1,January,1,11,5,Saturday
TT08320,U01445,CR00011,2025-12-05,326.02,Credit Card,TC00042,2025,12,December,4,5,4,Friday
TT08321,U01455,CR00034,2025-06-19,394.26,PayPal,TC00040,2025,6,June,2,19,3,Thursday
TT08322,U01460,CR00032,2025-02-13,0.0,Bank Transfer,TC00040,2025,2,February,1,13,3,Thursday
TT08323,U01473,CR00022,2025-10-10,0.0,Bank Transfer,TC00042,2025,10,October,4,10,4,Friday
TT08324,U01475,CR00056,2025-05-23,212.39,Credit Card,TC00042,2025,5,May,2,23,4,Friday
TT08325,U01488,CR00023,2025-07-29,0.0,Bank Transfer,TC00040,2025,7,July,3,29,1,Tuesday
TT08326,U01496,CR00042,2025-07-29,0.0,Bank Transfer,TC00042,2025,7,July,3,29,1,Tuesday
TT08327,U01500,CR00019,2025-07-23,0.0,PayPal,TC00040,2025,7,July,3,23,2,Wednesday
TT08328,U01506,CR00010,2025-09-11,0.0,Credit Card,TC00040,2025,9,September,3,11,3,Thursday
TT08329,U01511,CR00060,2025-12-03,0.0,Credit Card,TC00042,2025,12,December,4,3,2,Wednesday
TT08330,U01512,CR00015,2025-07-21,285.05,PayPal,TC00042,2025,7,July,3,21,0,Monday
TT08331,U01517,CR00007,2025-03-27,0.0,PayPal,TC00042,2025,3,March,1,27,3,Thursday
TT08332,U01522,CR00013,2025-02-11,0.0,PayPal,TC00042,2025,2,February,1,11,1,Tuesday
TT08333,U01526,CR00036,2025-08-17,0.0,Bank Transfer,TC00042,2025,8,August,3,17,6,Sunday
TT08334,U01528,CR00015,2025-09-15,285.05,Credit Card,TC00040,2025,9,September,3,15,0,Monday
TT08335,U01530,CR00027,2025-07-02,0.0,PayPal,TC00042,2025,7,July,3,2,2,Wednesday
TT08336,U01531,CR00010,2025-11-17,0.0,Credit Card,TC00042,2025,11,November,4,17,0,Monday
TT08337,U01536,CR00045,2025-02-14,0.0,Credit Card,TC00040,2025,2,February,1,14,4,Friday
TT08338,U01543,CR00032,2025-07-21,0.0,Bank Transfer,TC00040,2025,7,July,3,21,0,Monday
TT08339,U01553,CR00025,2025-05-12,299.57,PayPal,TC00042,2025,5,May,2,12,0,Monday
TT08340,U01575,CR00031,2025-08-30,0.0,PayPal,TC00040,2025,8,August,3,30,5,Saturday
TT08341,U01578,CR00041,2025-10-28,53.86,Credit Card,TC00042,2025,10,October,4,28,1,Tuesday
TT08342,U01586,CR00015,2025-07-27,285.05,Bank Transfer,TC00042,2025,7,July,3,27,6,Sunday
TT08343,U01602,CR00027,2025-07-21,0.0,Credit Card,TC00042,2025,7,July,3,21,0,Monday
TT08344,U01618,CR00045,2025-09-25,0.0,Bank Transfer,TC00040,2025,9,September,3,25,3,Thursday
TT08345,U01627,CR00005,2025-12-18,0.0,Credit Card,TC00042,2025,12,December,4,18,3,Thursday
TT08346,U01628,CR00045,2025-08-19,0.0,Credit Card,TC00042,2025,8,August,3,19,1,Tuesday
TT08347,U01635,CR00014,2025-09-08,0.0,PayPal,TC00042,2025,9,September,3,8,0,Monday
TT08348,U01637,CR00044,2025-10-06,119.04,Bank Transfer,TC00040,2025,10,October,4,6,0,Monday
TT08349,U01647,CR00058,2025-12-15,0.0,Bank Transfer,TC00040,2025,12,December,4,15,0,Monday
TT08350,U01649,CR00011,2025-12-15,326.02,Bank Transfer,TC00040,2025,12,December,4,15,0,Monday
TT08351,U01654,CR00001,2025-09-07,472.28,PayPal,TC00042,2025,9,September,3,7,6,Sunday
TT08352,U01656,CR00052,2025-05-23,0.0,Bank Transfer,TC00040,2025,5,May,2,23,4,Friday
TT08353,U01662,CR00034,2025-06-28,394.26,PayPal,TC00040,2025,6,June,2,28,5,Saturday
TT08354,U01666,CR00060,2025-04-04,0.0,Bank Transfer,TC00042,2025,4,April,2,4,4,Friday
TT08355,U01671,CR00045,2025-04-06,0.0,Credit Card,TC00040,2025,4,April,2,6,6,Sunday
TT08356,U01674,CR00041,2025-03-01,53.86,Bank Transfer,TC00042,2025,3,March,1,1,5,Saturday
TT08357,U01692,CR00027,2025-10-22,0.0,PayPal,TC00042,2025,10,October,4,22,2,Wednesday
TT08358,U01695,CR00007,2025-07-03,0.0,PayPal,TC00042,2025,7,July,3,3,3,Thursday
TT08359,U01702,CR00021,2025-07-05,0.0,Bank Transfer,TC00040,2025,7,July,3,5,5,Saturday
TT08360,U01720,CR00022,2025-11-04,0.0,Bank Transfer,TC00040,2025,11,November,4,4,1,Tuesday
TT08361,U01724,CR00045,2025-10-19,0.0,Bank Transfer,TC00040,2025,10,October,4,19,6,Sunday
TT08362,U01726,CR00008,2025-05-08,0.0,Bank Transfer,TC00040,2025,5,May,2,8,3,Thursday
TT08363,U01729,CR00041,2025-09-14,53.86,PayPal,TC00042,2025,9,September,3,14,6,Sunday
TT08364,U01745,CR00056,2025-05-29,212.39,Credit Card,TC00040,2025,5,May,2,29,3,Thursday
TT08365,U01746,CR00057,2025-08-05,177.34,Bank Transfer,TC00040,2025,8,August,3,5,1,Tuesday
TT08366,U01762,CR00017,2025-09-01,0.0,PayPal,TC00042,2025,9,September,3,1,0,Monday
TT08367,U01773,CR00004,2025-02-09,0.0,Bank Transfer,TC00040,2025,2,February,1,9,6,Sunday
TT08368,U01786,CR00032,2025-06-04,0.0,Credit Card,TC00040,2025,6,June,2,4,2,Wednesday
TT08369,U01789,CR00023,2025-12-15,0.0,PayPal,TC00042,2025,12,December,4,15,0,Monday
TT08370,U01795,CR00011,2025-02-07,326.02,PayPal,TC00042,2025,2,February,1,7,4,Friday
TT08371,U01805,CR00005,2025-11-23,0.0,PayPal,TC00042,2025,11,November,4,23,6,Sunday
TT08372,U01810,CR00030,2025-01-12,0.0,PayPal,TC00042,2025,1,January,1,12,6,Sunday
TT08373,U01812,CR00004,2025-10-22,0.0,Bank Transfer,TC00040,2025,10,October,4,22,2,Wednesday
TT08374,U01820,CR00019,2025-03-21,0.0,Bank Transfer,TC00042,2025,3,March,1,21,4,Friday
TT08375,U01822,CR00014,2025-09-19,0.0,PayPal,TC00040,2025,9,September,3,19,4,Friday
TT08376,U01825,CR00008,2025-11-07,0.0,PayPal,TC00042,2025,11,November,4,7,4,Friday
TT08377,U01840,CR00002,2025-09-11,0.0,Credit Card,TC00040,2025,9,September,3,11,3,Thursday
TT08378,U01842,CR00046,2025-11-18,248.1,Credit Card,TC00042,2025,11,November,4,18,1,Tuesday
TT08379,U01854,CR00036,2025-04-20,0.0,Bank Transfer,TC00040,2025,4,April,2,20,6,Sunday
TT08380,U01867,CR00001,2025-09-20,472.28,Credit Card,TC00040,2025,9,September,3,20,5,Saturday
TT08381,U01871,CR00011,2025-11-23,326.02,Credit Card,TC00042,2025,11,November,4,23,6,Sunday
TT08382,U01872,CR00033,2025-04-16,0.0,PayPal,TC00040,2025,4,April,2,16,2,Wednesday
TT08383,U01876,CR00043,2025-02-26,0.0,Bank Transfer,TC00040,2025,2,February,1,26,2,Wednesday
TT08384,U01879,CR00046,2025-02-12,248.1,Bank Transfer,TC00040,2025,2,February,1,12,2,Wednesday
TT08385,U01893,CR00034,2025-06-14,394.26,Credit Card,TC00040,2025,6,June,2,14,5,Saturday
TT08386,U01896,CR00048,2025-09-03,0.0,PayPal,TC00042,2025,9,September,3,3,2,Wednesday
TT08387,U01903,CR00005,2025-12-24,0.0,Bank Transfer,TC00042,2025,12,December,4,24,2,Wednesday
TT08388,U01906,CR00017,2025-04-11,0.0,PayPal,TC00042,2025,4,April,2,11,4,Friday
TT08389,U01908,CR00005,2025-06-09,0.0,Credit Card,TC00042,2025,6,June,2,9,0,Monday
TT08390,U01917,CR00056,2025-11-09,212.39,Credit Card,TC00042,2025,11,November,4,9,6,Sunday
TT08391,U01918,CR00053,2025-09-25,0.0,Bank Transfer,TC00040,2025,9,September,3,25,3,Thursday
TT08392,U01926,CR00015,2025-06-19,285.05,PayPal,TC00040,2025,6,June,2,19,3,Thursday
TT08393,U01929,CR00043,2025-10-22,0.0,PayPal,TC00042,2025,10,October,4,22,2,Wednesday
TT08394,U01931,CR00028,2025-08-29,0.78,PayPal,TC00042,2025,8,August,3,29,4,Friday
TT08395,U01934,CR00014,2025-04-18,0.0,Credit Card,TC00040,2025,4,April,2,18,4,Friday
TT08396,U01943,CR00001,2025-09-11,472.28,PayPal,TC00042,2025,9,September,3,11,3,Thursday
TT08397,U01953,CR00014,2025-06-09,0.0,PayPal,TC00042,2025,6,June,2,9,0,Monday
TT08398,U01958,CR00039,2025-05-11,346.71,PayPal,TC00040,2025,5,May,2,11,6,Sunday
TT08399,U01959,CR00017,2025-03-18,0.0,PayPal,TC00042,2025,3,March,1,18,1,Tuesday
TT08400,U01962,CR00030,2025-07-15,0.0,Credit Card,TC00042,2025,7,July,3,15,1,Tuesday
TT08401,U01979,CR00040,2025-06-10,327.99,Bank Transfer,TC00040,2025,6,June,2,10,1,Tuesday
TT08402,U01987,CR00021,2025-02-13,0.0,Bank Transfer,TC00040,2025,2,February,1,13,3,Thursday
TT08403,U01989,CR00044,2025-06-29,119.04,PayPal,TC00042,2025,6,June,2,29,6,Sunday
TT08404,U01993,CR00013,2025-07-01,0.0,Credit Card,TC00040,2025,7,July,3,1,1,Tuesday
TT08405,U01994,CR00017,2025-06-16,0.0,Credit Card,TC00042,2025,6,June,2,16,0,Monday
TT08406,U01998,CR00056,2025-03-02,212.39,PayPal,TC00042,2025,3,March,1,2,6,Sunday
TT08407,U02010,CR00054,2025-12-17,0.0,Bank Transfer,TC00042,2025,12,December,4,17,2,Wednesday
TT08408,U02015,CR00007,2025-12-05,0.0,Credit Card,TC00040,2025,12,December,4,5,4,Friday
TT08409,U02035,CR00043,2025-12-17,0.0,PayPal,TC00040,2025,12,December,4,17,2,Wednesday
TT08410,U02038,CR00010,2025-10-04,0.0,Credit Card,TC00042,2025,10,October,4,4,5,Saturday
TT08411,U02055,CR00036,2025-01-25,0.0,Bank Transfer,TC00040,2025,1,January,1,25,5,Saturday
TT08412,U02058,CR00024,2025-06-18,117.68,PayPal,TC00042,2025,6,June,2,18,2,Wednesday
TT08413,U02064,CR00058,2025-06-04,0.0,PayPal,TC00040,2025,6,June,2,4,2,Wednesday
TT08414,U02068,CR00001,2025-11-09,472.28,PayPal,TC00042,2025,11,November,4,9,6,Sunday
TT08415,U02071,CR00050,2025-02-25,490.9,Credit Card,TC00042,2025,2,February,1,25,1,Tuesday
TT08416,U02074,CR00041,2025-07-15,53.86,Bank Transfer,TC00040,2025,7,July,3,15,1,Tuesday
TT08417,U02077,CR00053,2025-07-11,0.0,PayPal,TC00042,2025,7,July,3,11,4,Friday
TT08418,U02094,CR00042,2025-06-18,0.0,Credit Card,TC00040,2025,6,June,2,18,2,Wednesday
TT08419,U02096,CR00049,2025-08-19,415.51,PayPal,TC00040,2025,8,August,3,19,1,Tuesday
TT08420,U02098,CR00006,2025-12-29,276.37,PayPal,TC00042,2025,12,December,4,29,0,Monday
TT08421,U02125,CR00018,2025-08-24,0.0,Bank Transfer,TC00040,2025,8,August,3,24,6,Sunday
TT08422,U02144,CR00041,2025-05-09,53.86,PayPal,TC00040,2025,5,May,2,9,4,Friday
TT08423,U02147,CR00060,2025-07-29,0.0,Credit Card,TC00040,2025,7,July,3,29,1,Tuesday
TT08424,U02149,CR00021,2025-07-02,0.0,Bank Transfer,TC00040,2025,7,July,3,2,2,Wednesday
TT08425,U02152,CR00039,2025-08-05,346.71,PayPal,TC00040,2025,8,August,3,5,1,Tuesday
TT08426,U02153,CR00025,2025-12-01,299.57,Bank Transfer,TC00040,2025,12,December,4,1,0,Monday
TT08427,U02155,CR00055,2025-06-14,57.32,Credit Card,TC00042,2025,6,June,2,14,5,Saturday
TT08428,U02161,CR00028,2025-12-03,0.78,PayPal,TC00042,2025,12,December,4,3,2,Wednesday
TT08429,U02174,CR00047,2025-07-26,89.59,PayPal,TC00042,2025,7,July,3,26,5,Saturday
TT08430,U02199,CR00053,2025-11-20,0.0,Bank Transfer,TC00040,2025,11,November,4,20,3,Thursday
TT08431,U02212,CR00023,2025-02-09,0.0,Bank Transfer,TC00042,2025,2,February,1,9,6,Sunday
TT08432,U02217,CR00017,2025-03-13,0.0,PayPal,TC00040,2025,3,March,1,13,3,Thursday
TT08433,U02224,CR00046,2025-10-13,248.1,Bank Transfer,TC00040,2025,10,October,4,13,0,Monday
TT08434,U02231,CR00005,2025-05-26,0.0,Credit Card,TC00040,2025,5,May,2,26,0,Monday
TT08435,U02248,CR00023,2025-12-18,0.0,Bank Transfer,TC00042,2025,12,December,4,18,3,Thursday
TT08436,U02250,CR00039,2025-04-19,346.71,Bank Transfer,TC00042,2025,4,April,2,19,5,Saturday
TT08437,U02254,CR00018,2025-09-18,0.0,Credit Card,TC00042,2025,9,September,3,18,3,Thursday
TT08438,U02258,CR00012,2025-08-02,487.92,PayPal,TC00042,2025,8,August,3,2,5,Saturday
TT08439,U02284,CR00029,2025-09-28,0.0,Bank Transfer,TC00042,2025,9,September,3,28,6,Sunday
TT08440,U02288,CR00033,2025-06-10,0.0,Credit Card,TC00040,2025,6,June,2,10,1,Tuesday
TT08441,U02290,CR00021,2025-03-27,0.0,PayPal,TC00040,2025,3,March,1,27,3,Thursday
TT08442,U02300,CR00007,2025-01-07,0.0,Bank Transfer,TC00042,2025,1,January,1,7,1,Tuesday
TT08443,U02301,CR00022,2025-10-23,0.0,Bank Transfer,TC00040,2025,10,October,4,23,3,Thursday
TT08444,U02315,CR00052,2025-07-13,0.0,Bank Transfer,TC00042,2025,7,July,3,13,6,Sunday
TT08445,U02336,CR00044,2025-07-22,119.04,Credit Card,TC00042,2025,7,July,3,22,1,Tuesday
TT08446,U02337,CR00036,2025-08-13,0.0,Bank Transfer,TC00040,2025,8,August,3,13,2,Wednesday
TT08447,U02341,CR00035,2025-06-18,0.0,PayPal,TC00040,2025,6,June,2,18,2,Wednesday
TT08448,U02345,CR00032,2025-07-29,0.0,PayPal,TC00040,2025,7,July,3,29,1,Tuesday
TT08449,U02370,CR00016,2025-04-15,0.0,Credit Card,TC00040,2025,4,April,2,15,1,Tuesday
TT08450,U02371,CR00015,2025-07-29,285.05,Bank Transfer,TC00042,2025,7,July,3,29,1,Tuesday
TT08451,U02410,CR00051,2025-05-10,37.89,Bank Transfer,TC00040,2025,5,May,2,10,5,Saturday
TT08452,U02415,CR00006,2025-11-05,276.37,PayPal,TC00042,2025,11,November,4,5,2,Wednesday
TT08453,U02427,CR00023,2025-03-01,0.0,Bank Transfer,TC00042,2025,3,March,1,1,5,Saturday
TT08454,U02432,CR00060,2025-05-07,0.0,Bank Transfer,TC00042,2025,5,May,2,7,2,Wednesday
TT08455,U02445,CR00041,2025-10-26,53.86,Bank Transfer,TC00042,2025,10,October,4,26,6,Sunday
TT08456,U02485,CR00055,2025-11-17,57.32,Bank Transfer,TC00042,2025,11,November,4,17,0,Monday
TT08457,U02512,CR00037,2025-12-12,0.0,Credit Card,TC00042,2025,12,December,4,12,4,Friday
TT08458,U02537,CR00058,2025-05-03,0.0,PayPal,TC00042,2025,5,May,2,3,5,Saturday
TT08459,U02540,CR00044,2025-06-30,119.04,PayPal,TC00040,2025,6,June,2,30,0,Monday
TT08460,U02541,CR00024,2025-03-13,117.68,Bank Transfer,TC00040,2025,3,March,1,13,3,Thursday
TT08461,U02542,CR00027,2025-08-01,0.0,Bank Transfer,TC00042,2025,8,August,3,1,4,Friday
TT08462,U02564,CR00026,2025-12-15,0.0,Bank Transfer,TC00042,2025,12,December,4,15,0,Monday
TT08463,U02566,CR00025,2025-05-26,299.57,PayPal,TC00042,2025,5,May,2,26,0,Monday
TT08464,U02582,CR00021,2025-12-17,0.0,Credit Card,TC00042,2025,12,December,4,17,2,Wednesday
TT08465,U02583,CR00013,2025-12-23,0.0,Bank Transfer,TC00040,2025,12,December,4,23,1,Tuesday
TT08466,U02593,CR00035,2025-03-25,0.0,Credit Card,TC00040,2025,3,March,1,25,1,Tuesday
TT08467,U02602,CR00002,2025-03-05,0.0,Bank Transfer,TC00042,2025,3,March,1,5,2,Wednesday
TT08468,U02605,CR00016,2025-05-26,0.0,Bank Transfer,TC00040,2025,5,May,2,26,0,Monday
TT08469,U02612,CR00003,2025-09-03,0.0,PayPal,TC00042,2025,9,September,3,3,2,Wednesday
TT08470,U02614,CR00026,2025-08-08,0.0,Bank Transfer,TC00042,2025,8,August,3,8,4,Friday
TT08471,U02616,CR00002,2025-06-05,0.0,Credit Card,TC00042,2025,6,June,2,5,3,Thursday
TT08472,U02623,CR00043,2025-11-30,0.0,PayPal,TC00042,2025,11,November,4,30,6,Sunday
TT08473,U02630,CR00054,2025-01-30,0.0,PayPal,TC00040,2025,1,January,1,30,3,Thursday
TT08474,U02633,CR00002,2025-08-12,0.0,Credit Card,TC00040,2025,8,August,3,12,1,Tuesday
TT08475,U02645,CR00018,2025-06-18,0.0,Bank Transfer,TC00040,2025,6,June,2,18,2,Wednesday
TT08476,U02651,CR00015,2025-11-06,285.05,Bank Transfer,TC00042,2025,11,November,4,6,3,Thursday
TT08477,U02663,CR00005,2025-07-30,0.0,Credit Card,TC00042,2025,7,July,3,30,2,Wednesday
TT08478,U02672,CR00016,2025-09-25,0.0,PayPal,TC00040,2025,9,September,3,25,3,Thursday
TT08479,U02679,CR00060,2025-02-11,0.0,Credit Card,TC00042,2025,2,February,1,11,1,Tuesday
TT08480,U02684,CR00050,2025-04-30,490.9,Bank Transfer,TC00040,2025,4,April,2,30,2,Wednesday
TT08481,U02698,CR00055,2025-07-25,57.32,PayPal,TC00040,2025,7,July,3,25,4,Friday
TT08482,U02733,CR00003,2025-06-14,0.0,PayPal,TC00040,2025,6,June,2,14,5,Saturday
TT08483,U02743,CR00041,2025-07-03,53.86,Credit Card,TC00040,2025,7,July,3,3,3,Thursday
TT08484,U02754,CR00056,2025-03-30,212.39,PayPal,TC00040,2025,3,March,1,30,6,Sunday
TT08485,U02767,CR00005,2025-01-07,0.0,PayPal,TC00042,2025,1,January,1,7,1,Tuesday
TT08486,U02775,CR00041,2025-03-07,53.86,PayPal,TC00042,2025,3,March,1,7,4,Friday
TT08487,U02786,CR00038,2025-03-05,342.61,PayPal,TC00042,2025,3,March,1,5,2,Wednesday
TT08488,U02788,CR00033,2025-07-20,0.0,Credit Card,TC00040,2025,7,July,3,20,6,Sunday
TT08489,U02792,CR00057,2025-09-22,177.34,Credit Card,TC00040,2025,9,September,3,22,0,Monday
TT08490,U02793,CR00058,2025-09-28,0.0,PayPal,TC00042,2025,9,September,3,28,6,Sunday
TT08491,U02825,CR00002,2025-11-22,0.0,PayPal,TC00040,2025,11,November,4,22,5,Saturday
TT08492,U02832,CR00043,2025-05-09,0.0,Bank Transfer,TC00040,2025,5,May,2,9,4,Friday
TT08493,U02843,CR00058,2025-01-07,0.0,PayPal,TC00040,2025,1,January,1,7,1,Tuesday
TT08494,U02844,CR00018,2025-07-01,0.0,Credit Card,TC00042,2025,7,July,3,1,1,Tuesday
TT08495,U02850,CR00039,2025-01-27,346.71,PayPal,TC00040,2025,1,January,1,27,0,Monday
TT08496,U02857,CR00021,2025-07-07,0.0,PayPal,TC00040,2025,7,July,3,7,0,Monday
TT08497,U02899,CR00052,2025-05-11,0.0,Credit Card,TC00042,2025,5,May,2,11,6,Sunday
TT08498,U02909,CR00054,2025-04-27,0.0,Bank Transfer,TC00042,2025,4,April,2,27,6,Sunday
TT08499,U02915,CR00058,2025-11-26,0.0,PayPal,TC00042,2025,11,November,4,26,2,Wednesday
TT08500,U02916,CR00003,2025-03-15,0.0,Bank Transfer,TC00042,2025,3,March,1,15,5,Saturday
TT08501,U02927,CR00003,2025-04-06,0.0,Credit Card,TC00040,2025,4,April,2,6,6,Sunday
TT08502,U02931,CR00002,2025-02-24,0.0,Credit Card,TC00042,2025,2,February,1,24,0,Monday
TT08503,U02937,CR00047,2025-02-01,89.59,PayPal,TC00042,2025,2,February,1,1,5,Saturday
TT08504,U02941,CR00057,2025-01-03,177.34,PayPal,TC00042,2025,1,January,1,3,4,Friday
TT08505,U02945,CR00052,2025-12-28,0.0,Credit Card,TC00042,2025,12,December,4,28,6,Sunday
TT08506,U02947,CR00011,2025-05-13,326.02,PayPal,TC00040,2025,5,May,2,13,1,Tuesday
TT08507,U02971,CR00046,2025-04-03,248.1,Bank Transfer,TC00042,2025,4,April,2,3,3,Thursday
TT08508,U02974,CR00060,2025-12-18,0.0,Bank Transfer,TC00042,2025,12,December,4,18,3,Thursday
TT08509,U02976,CR00041,2025-04-27,53.86,PayPal,TC00040,2025,4,April,2,27,6,Sunday
TT08510,U02981,CR00002,2025-04-18,0.0,Bank Transfer,TC00040,2025,4,April,2,18,4,Friday
TT08511,U02984,CR00026,2025-06-23,0.0,Credit Card,TC00042,2025,6,June,2,23,0,Monday
TT08512,U02989,CR00022,2025-02-08,0.0,PayPal,TC00042,2025,2,February,1,8,5,Saturday
TT08513,U02992,CR00011,2025-01-16,326.02,PayPal,TC00042,2025,1,January,1,16,3,Thursday
TT08514,U02994,CR00048,2025-02-26,0.0,PayPal,TC00040,2025,2,February,1,26,2,Wednesday
TT08515,U00013,CR00023,2025-06-28,0.0,Bank Transfer,TC00042,2025,6,June,2,28,5,Saturday
TT08516,U00015,CR00052,2025-01-30,0.0,PayPal,TC00042,2025,1,January,1,30,3,Thursday
TT08517,U00018,CR00033,2025-08-15,0.0,Credit Card,TC00040,2025,8,August,3,15,4,Friday
TT08518,U00028,CR00045,2025-06-15,0.0,Bank Transfer,TC00040,2025,6,June,2,15,6,Sunday
TT08519,U00045,CR00040,2025-03-07,327.99,Bank Transfer,TC00040,2025,3,March,1,7,4,Friday
TT08520,U00048,CR00010,2025-11-01,0.0,Credit Card,TC00042,2025,11,November,4,1,5,Saturday
TT08521,U00055,CR00019,2025-01-09,0.0,Bank Transfer,TC00040,2025,1,January,1,9,3,Thursday
TT08522,U00071,CR00023,2025-03-23,0.0,PayPal,TC00042,2025,3,March,1,23,6,Sunday
TT08523,U00083,CR00029,2025-09-30,0.0,PayPal,TC00042,2025,9,September,3,30,1,Tuesday
TT08524,U00085,CR00040,2025-06-17,327.99,Bank Transfer,TC00040,2025,6,June,2,17,1,Tuesday
TT08525,U00109,CR00041,2025-04-15,53.86,Credit Card,TC00040,2025,4,April,2,15,1,Tuesday
TT08526,U00112,CR00045,2025-03-01,0.0,Credit Card,TC00042,2025,3,March,1,1,5,Saturday
TT08527,U00117,CR00024,2025-04-14,117.68,Bank Transfer,TC00040,2025,4,April,2,14,0,Monday
TT08528,U00126,CR00029,2025-06-14,0.0,Credit Card,TC00042,2025,6,June,2,14,5,Saturday
TT08529,U00128,CR00059,2025-09-09,0.0,PayPal,TC00042,2025,9,September,3,9,1,Tuesday
TT08530,U00133,CR00053,2025-02-28,0.0,Credit Card,TC00042,2025,2,February,1,28,4,Friday
TT08531,U00134,CR00010,2025-05-21,0.0,PayPal,TC00042,2025,5,May,2,21,2,Wednesday
TT08532,U00144,CR00033,2025-05-12,0.0,Bank Transfer,TC00040,2025,5,May,2,12,0,Monday
TT08533,U00152,CR00055,2025-12-14,57.32,Credit Card,TC00042,2025,12,December,4,14,6,Sunday
TT08534,U00166,CR00054,2025-06-01,0.0,Credit Card,TC00040,2025,6,June,2,1,6,Sunday
TT08535,U00169,CR00053,2025-03-21,0.0,Credit Card,TC00040,2025,3,March,1,21,4,Friday
TT08536,U00173,CR00036,2025-05-10,0.0,Bank Transfer,TC00040,2025,5,May,2,10,5,Saturday
TT08537,U00177,CR00041,2025-03-06,53.86,Credit Card,TC00042,2025,3,March,1,6,3,Thursday
TT08538,U00178,CR00024,2025-11-14,117.68,Credit Card,TC00042,2025,11,November,4,14,4,Friday
TT08539,U00191,CR00049,2025-04-06,415.51,Credit Card,TC00042,2025,4,April,2,6,6,Sunday
TT08540,U00192,CR00018,2025-07-17,0.0,Bank Transfer,TC00040,2025,7,July,3,17,3,Thursday
TT08541,U00198,CR00012,2025-10-01,487.92,Bank Transfer,TC00042,2025,10,October,4,1,2,Wednesday
TT08542,U00216,CR00043,2025-05-06,0.0,Credit Card,TC00042,2025,5,May,2,6,1,Tuesday
TT08543,U00220,CR00028,2025-12-27,0.78,Credit Card,TC00042,2025,12,December,4,27,5,Saturday
TT08544,U00238,CR00051,2025-04-04,37.89,PayPal,TC00040,2025,4,April,2,4,4,Friday
TT08545,U00251,CR00051,2025-08-27,37.89,PayPal,TC00042,2025,8,August,3,27,2,Wednesday
TT08546,U00265,CR00012,2025-01-08,487.92,Bank Transfer,TC00042,2025,1,January,1,8,2,Wednesday
TT08547,U00282,CR00011,2025-04-16,326.02,Credit Card,TC00042,2025,4,April,2,16,2,Wednesday
TT08548,U00292,CR00040,2025-06-30,327.99,Bank Transfer,TC00040,2025,6,June,2,30,0,Monday
TT08549,U00293,CR00060,2025-08-24,0.0,Bank Transfer,TC00042,2025,8,August,3,24,6,Sunday
TT08550,U00298,CR00006,2025-11-15,276.37,Credit Card,TC00042,2025,11,November,4,15,5,Saturday
TT08551,U00303,CR00036,2025-06-28,0.0,Credit Card,TC00042,2025,6,June,2,28,5,Saturday
TT08552,U00321,CR00040,2025-09-15,327.99,Bank Transfer,TC00040,2025,9,September,3,15,0,Monday
TT08553,U00322,CR00051,2025-10-07,37.89,PayPal,TC00040,2025,10,October,4,7,1,Tuesday
TT08554,U00323,CR00014,2025-12-12,0.0,Bank Transfer,TC00040,2025,12,December,4,12,4,Friday
TT08555,U00328,CR00050,2025-06-06,490.9,Credit Card,TC00040,2025,6,June,2,6,4,Friday
TT08556,U00329,CR00058,2025-08-09,0.0,Bank Transfer,TC00042,2025,8,August,3,9,5,Saturday
TT08557,U00330,CR00031,2025-09-06,0.0,Credit Card,TC00040,2025,9,September,3,6,5,Saturday
TT08558,U00339,CR00003,2025-04-10,0.0,Bank Transfer,TC00042,2025,4,April,2,10,3,Thursday
TT08559,U00340,CR00014,2025-08-28,0.0,PayPal,TC00040,2025,8,August,3,28,3,Thursday
TT08560,U00345,CR00005,2025-10-13,0.0,Credit Card,TC00040,2025,10,October,4,13,0,Monday
TT08561,U00351,CR00043,2025-03-29,0.0,PayPal,TC00040,2025,3,March,1,29,5,Saturday
TT08562,U00352,CR00004,2025-10-30,0.0,Bank Transfer,TC00040,2025,10,October,4,30,3,Thursday
TT08563,U00353,CR00017,2025-11-10,0.0,PayPal,TC00040,2025,11,November,4,10,0,Monday
TT08564,U00356,CR00058,2025-11-12,0.0,Bank Transfer,TC00042,2025,11,November,4,12,2,Wednesday
TT08565,U00357,CR00028,2025-04-01,0.78,PayPal,TC00042,2025,4,April,2,1,1,Tuesday
TT08566,U00362,CR00019,2025-04-16,0.0,Bank Transfer,TC00042,2025,4,April,2,16,2,Wednesday
TT08567,U00365,CR00015,2025-05-28,285.05,Credit Card,TC00042,2025,5,May,2,28,2,Wednesday
TT08568,U00379,CR00034,2025-07-02,394.26,Bank Transfer,TC00040,2025,7,July,3,2,2,Wednesday
TT08569,U00383,CR00016,2025-09-03,0.0,Credit Card,TC00040,2025,9,September,3,3,2,Wednesday
TT08570,U00394,CR00013,2025-10-11,0.0,Bank Transfer,TC00042,2025,10,October,4,11,5,Saturday
TT08571,U00399,CR00020,2025-04-17,0.0,Bank Transfer,TC00040,2025,4,April,2,17,3,Thursday
TT08572,U00404,CR00028,2025-03-15,0.78,PayPal,TC00042,2025,3,March,1,15,5,Saturday
TT08573,U00406,CR00012,2025-08-23,487.92,PayPal,TC00040,2025,8,August,3,23,5,Saturday
TT08574,U00407,CR00050,2025-03-09,490.9,PayPal,TC00042,2025,3,March,1,9,6,Sunday
TT08575,U00411,CR00019,2025-01-08,0.0,Credit Card,TC00042,2025,1,January,1,8,2,Wednesday
TT08576,U00415,CR00055,2025-04-12,57.32,PayPal,TC00040,2025,4,April,2,12,5,Saturday
TT08577,U00423,CR00039,2025-08-06,346.71,Credit Card,TC00042,2025,8,August,3,6,2,Wednesday
TT08578,U00424,CR00006,2025-06-19,276.37,PayPal,TC00040,2025,6,June,2,19,3,Thursday
TT08579,U00427,CR00022,2025-05-30,0.0,Bank Transfer,TC00042,2025,5,May,2,30,4,Friday
TT08580,U00438,CR00029,2025-11-25,0.0,PayPal,TC00042,2025,11,November,4,25,1,Tuesday
TT08581,U00444,CR00055,2025-12-03,57.32,Bank Transfer,TC00040,2025,12,December,4,3,2,Wednesday
TT08582,U00449,CR00027,2025-03-06,0.0,Credit Card,TC00042,2025,3,March,1,6,3,Thursday
TT08583,U00450,CR00012,2025-01-30,487.92,PayPal,TC00042,2025,1,January,1,30,3,Thursday
TT08584,U00464,CR00006,2025-06-27,276.37,Bank Transfer,TC00040,2025,6,June,2,27,4,Friday
TT08585,U00494,CR00003,2025-06-22,0.0,Credit Card,TC00042,2025,6,June,2,22,6,Sunday
TT08586,U00543,CR00038,2025-03-04,342.61,PayPal,TC00042,2025,3,March,1,4,1,Tuesday
TT08587,U00548,CR00027,2025-12-04,0.0,Credit Card,TC00042,2025,12,December,4,4,3,Thursday
TT08588,U00556,CR00025,2025-01-11,299.57,Credit Card,TC00042,2025,1,January,1,11,5,Saturday
TT08589,U00559,CR00048,2025-12-17,0.0,PayPal,TC00042,2025,12,December,4,17,2,Wednesday
TT08590,U00562,CR00046,2025-02-21,248.1,Credit Card,TC00040,2025,2,February,1,21,4,Friday
TT08591,U00569,CR00027,2025-12-16,0.0,Credit Card,TC00042,2025,12,December,4,16,1,Tuesday
TT08592,U00570,CR00048,2025-01-11,0.0,Bank Transfer,TC00042,2025,1,January,1,11,5,Saturday
TT08593,U00572,CR00023,2025-12-26,0.0,Credit Card,TC00040,2025,12,December,4,26,4,Friday
TT08594,U00573,CR00049,2025-01-30,415.51,PayPal,TC00040,2025,1,January,1,30,3,Thursday
TT08595,U00574,CR00039,2025-07-26,346.71,PayPal,TC00040,2025,7,July,3,26,5,Saturday
TT08596,U00576,CR00010,2025-02-10,0.0,PayPal,TC00040,2025,2,February,1,10,0,Monday
TT08597,U00584,CR00032,2025-03-08,0.0,Credit Card,TC00040,2025,3,March,1,8,5,Saturday
TT08598,U00592,CR00050,2025-04-09,490.9,PayPal,TC00042,2025,4,April,2,9,2,Wednesday
TT08599,U00595,CR00009,2025-12-15,0.0,Credit Card,TC00042,2025,12,December,4,15,0,Monday
TT08600,U00604,CR00048,2025-05-30,0.0,Credit Card,TC00042,2025,5,May,2,30,4,Friday
TT08601,U00622,CR00053,2025-10-07,0.0,Bank Transfer,TC00040,2025,10,October,4,7,1,Tuesday
TT08602,U00633,CR00014,2025-03-18,0.0,PayPal,TC00042,2025,3,March,1,18,1,Tuesday
TT08603,U00636,CR00012,2025-01-13,487.92,Credit Card,TC00040,2025,1,January,1,13,0,Monday
TT08604,U00639,CR00035,2025-06-16,0.0,PayPal,TC00040,2025,6,June,2,16,0,Monday
TT08605,U00666,CR00039,2025-07-17,346.71,Credit Card,TC00042,2025,7,July,3,17,3,Thursday
TT08606,U00687,CR00054,2025-11-10,0.0,Bank Transfer,TC00040,2025,11,November,4,10,0,Monday
TT08607,U00701,CR00030,2025-12-21,0.0,Bank Transfer,TC00042,2025,12,December,4,21,6,Sunday
TT08608,U00709,CR00038,2025-04-08,342.61,PayPal,TC00040,2025,4,April,2,8,1,Tuesday
TT08609,U00723,CR00018,2025-10-24,0.0,Bank Transfer,TC00040,2025,10,October,4,24,4,Friday
TT08610,U00724,CR00047,2025-06-07,89.59,Credit Card,TC00040,2025,6,June,2,7,5,Saturday
TT08611,U00760,CR00034,2025-12-03,394.26,Credit Card,TC00040,2025,12,December,4,3,2,Wednesday
TT08612,U00767,CR00026,2025-09-28,0.0,PayPal,TC00042,2025,9,September,3,28,6,Sunday
TT08613,U00772,CR00059,2025-07-07,0.0,PayPal,TC00042,2025,7,July,3,7,0,Monday
TT08614,U00775,CR00026,2025-04-10,0.0,Credit Card,TC00042,2025,4,April,2,10,3,Thursday
TT08615,U00786,CR00043,2025-10-30,0.0,PayPal,TC00042,2025,10,October,4,30,3,Thursday
TT08616,U00787,CR00058,2025-07-13,0.0,PayPal,TC00040,2025,7,July,3,13,6,Sunday
TT08617,U00819,CR00052,2025-06-27,0.0,PayPal,TC00042,2025,6,June,2,27,4,Friday
TT08618,U00821,CR00030,2025-12-27,0.0,PayPal,TC00042,2025,12,December,4,27,5,Saturday
TT08619,U00829,CR00043,2025-07-22,0.0,Bank Transfer,TC00042,2025,7,July,3,22,1,Tuesday
TT08620,U00836,CR00059,2025-09-28,0.0,Credit Card,TC00040,2025,9,September,3,28,6,Sunday
TT08621,U00838,CR00024,2025-09-14,117.68,Credit Card,TC00040,2025,9,September,3,14,6,Sunday
TT08622,U00850,CR00044,2025-07-18,119.04,Credit Card,TC00042,2025,7,July,3,18,4,Friday
TT08623,U00858,CR00026,2025-08-09,0.0,PayPal,TC00042,2025,8,August,3,9,5,Saturday
TT08624,U00870,CR00056,2025-07-29,212.39,Bank Transfer,TC00040,2025,7,July,3,29,1,Tuesday
TT08625,U00874,CR00050,2025-01-26,490.9,Bank Transfer,TC00040,2025,1,January,1,26,6,Sunday
TT08626,U00876,CR00059,2025-03-27,0.0,Bank Transfer,TC00042,2025,3,March,1,27,3,Thursday
TT08627,U00881,CR00044,2025-06-20,119.04,PayPal,TC00042,2025,6,June,2,20,4,Friday
TT08628,U00893,CR00043,2025-03-02,0.0,Credit Card,TC00040,2025,3,March,1,2,6,Sunday
TT08629,U00898,CR00050,2025-09-11,490.9,Bank Transfer,TC00042,2025,9,September,3,11,3,Thursday
TT08630,U00903,CR00015,2025-08-29,285.05,Bank Transfer,TC00042,2025,8,August,3,29,4,Friday
TT08631,U00907,CR00048,2025-02-21,0.0,Credit Card,TC00040,2025,2,February,1,21,4,Friday
TT08632,U00911,CR00034,2025-06-23,394.26,Credit Card,TC00040,2025,6,June,2,23,0,Monday
TT08633,U00915,CR00043,2025-04-26,0.0,Credit Card,TC00042,2025,4,April,2,26,5,Saturday
TT08634,U00917,CR00024,2025-09-15,117.68,Bank Transfer,TC00042,2025,9,September,3,15,0,Monday
TT08635,U00919,CR00034,2025-04-12,394.26,Credit Card,TC00040,2025,4,April,2,12,5,Saturday
TT08636,U00928,CR00019,2025-05-11,0.0,PayPal,TC00040,2025,5,May,2,11,6,Sunday
TT08637,U00959,CR00024,2025-06-25,117.68,Credit Card,TC00042,2025,6,June,2,25,2,Wednesday
TT08638,U00961,CR00053,2025-08-27,0.0,Bank Transfer,TC00040,2025,8,August,3,27,2,Wednesday
TT08639,U00967,CR00037,2025-07-12,0.0,PayPal,TC00040,2025,7,July,3,12,5,Saturday
TT08640,U00997,CR00010,2025-11-10,0.0,PayPal,TC00040,2025,11,November,4,10,0,Monday
TT08641,U01015,CR00016,2025-02-17,0.0,PayPal,TC00040,2025,2,February,1,17,0,Monday
TT08642,U01020,CR00059,2025-04-13,0.0,PayPal,TC00042,2025,4,April,2,13,6,Sunday
TT08643,U01031,CR00060,2025-05-03,0.0,PayPal,TC00040,2025,5,May,2,3,5,Saturday
TT08644,U01032,CR00025,2025-03-28,299.57,PayPal,TC00042,2025,3,March,1,28,4,Friday
TT08645,U01033,CR00022,2025-05-23,0.0,Credit Card,TC00042,2025,5,May,2,23,4,Friday
TT08646,U01034,CR00002,2025-06-25,0.0,Bank Transfer,TC00040,2025,6,June,2,25,2,Wednesday
TT08647,U01079,CR00045,2025-04-15,0.0,Bank Transfer,TC00042,2025,4,April,2,15,1,Tuesday
TT08648,U01083,CR00025,2025-12-21,299.57,PayPal,TC00042,2025,12,December,4,21,6,Sunday
TT08649,U01084,CR00050,2025-02-20,490.9,Credit Card,TC00042,2025,2,February,1,20,3,Thursday
TT08650,U01092,CR00009,2025-06-28,0.0,Bank Transfer,TC00040,2025,6,June,2,28,5,Saturday
TT08651,U01096,CR00042,2025-03-16,0.0,Bank Transfer,TC00040,2025,3,March,1,16,6,Sunday
TT08652,U01123,CR00023,2025-11-28,0.0,PayPal,TC00040,2025,11,November,4,28,4,Friday
TT08653,U01143,CR00049,2025-03-07,415.51,PayPal,TC00040,2025,3,March,1,7,4,Friday
TT08654,U01146,CR00005,2025-11-08,0.0,Credit Card,TC00042,2025,11,November,4,8,5,Saturday
TT08655,U01151,CR00014,2025-02-17,0.0,Bank Transfer,TC00040,2025,2,February,1,17,0,Monday
TT08656,U01158,CR00004,2025-01-13,0.0,PayPal,TC00040,2025,1,January,1,13,0,Monday
TT08657,U01163,CR00038,2025-12-16,342.61,Bank Transfer,TC00042,2025,12,December,4,16,1,Tuesday
TT08658,U01167,CR00056,2025-04-07,212.39,Credit Card,TC00040,2025,4,April,2,7,0,Monday
TT08659,U01177,CR00027,2025-01-10,0.0,Bank Transfer,TC00042,2025,1,January,1,10,4,Friday
TT08660,U01180,CR00044,2025-04-27,119.04,Credit Card,TC00040,2025,4,April,2,27,6,Sunday
TT08661,U01197,CR00033,2025-08-11,0.0,PayPal,TC00040,2025,8,August,3,11,0,Monday
TT08662,U01203,CR00004,2025-01-06,0.0,Credit Card,TC00042,2025,1,January,1,6,0,Monday
TT08663,U01221,CR00039,2025-03-17,346.71,PayPal,TC00042,2025,3,March,1,17,0,Monday
TT08664,U01224,CR00049,2025-01-15,415.51,PayPal,TC00042,2025,1,January,1,15,2,Wednesday
TT08665,U01231,CR00053,2025-11-25,0.0,Bank Transfer,TC00040,2025,11,November,4,25,1,Tuesday
TT08666,U01233,CR00005,2025-01-21,0.0,PayPal,TC00042,2025,1,January,1,21,1,Tuesday
TT08667,U01235,CR00028,2025-08-05,0.78,Credit Card,TC00042,2025,8,August,3,5,1,Tuesday
TT08668,U01239,CR00038,2025-03-26,342.61,PayPal,TC00042,2025,3,March,1,26,2,Wednesday
TT08669,U01244,CR00032,2025-10-08,0.0,Credit Card,TC00040,2025,10,October,4,8,2,Wednesday
TT08670,U01249,CR00050,2025-05-06,490.9,Credit Card,TC00040,2025,5,May,2,6,1,Tuesday
TT08671,U01250,CR00027,2025-04-03,0.0,Bank Transfer,TC00042,2025,4,April,2,3,3,Thursday
TT08672,U01261,CR00029,2025-02-01,0.0,PayPal,TC00042,2025,2,February,1,1,5,Saturday
TT08673,U01266,CR00051,2025-01-20,37.89,Credit Card,TC00040,2025,1,January,1,20,0,Monday
TT08674,U01268,CR00043,2025-04-18,0.0,Credit Card,TC00040,2025,4,April,2,18,4,Friday
TT08675,U01277,CR00004,2025-11-23,0.0,Bank Transfer,TC00040,2025,11,November,4,23,6,Sunday
TT08676,U01280,CR00009,2025-04-14,0.0,Credit Card,TC00040,2025,4,April,2,14,0,Monday
TT08677,U01281,CR00038,2025-12-08,342.61,PayPal,TC00042,2025,12,December,4,8,0,Monday
TT08678,U01286,CR00022,2025-04-17,0.0,Bank Transfer,TC00040,2025,4,April,2,17,3,Thursday
TT08679,U01287,CR00050,2025-10-25,490.9,Bank Transfer,TC00040,2025,10,October,4,25,5,Saturday
TT08680,U01290,CR00033,2025-01-13,0.0,Bank Transfer,TC00040,2025,1,January,1,13,0,Monday
TT08681,U01315,CR00014,2025-02-05,0.0,PayPal,TC00042,2025,2,February,1,5,2,Wednesday
TT08682,U01318,CR00044,2025-05-16,119.04,Bank Transfer,TC00040,2025,5,May,2,16,4,Friday
TT08683,U01321,CR00027,2025-11-13,0.0,PayPal,TC00042,2025,11,November,4,13,3,Thursday
TT08684,U01322,CR00038,2025-01-16,342.61,PayPal,TC00040,2025,1,January,1,16,3,Thursday
TT08685,U01332,CR00008,2025-05-20,0.0,Credit Card,TC00042,2025,5,May,2,20,1,Tuesday
TT08686,U01334,CR00034,2025-05-06,394.26,Bank Transfer,TC00040,2025,5,May,2,6,1,Tuesday
TT08687,U01336,CR00025,2025-10-29,299.57,Credit Card,TC00042,2025,10,October,4,29,2,Wednesday
TT08688,U01337,CR00045,2025-02-21,0.0,Credit Card,TC00040,2025,2,February,1,21,4,Friday
TT08689,U01344,CR00004,2025-02-17,0.0,Credit Card,TC00040,2025,2,February,1,17,0,Monday
TT08690,U01347,CR00028,2025-06-09,0.78,PayPal,TC00042,2025,6,June,2,9,0,Monday
TT08691,U01350,CR00035,2025-05-23,0.0,PayPal,TC00040,2025,5,May,2,23,4,Friday
TT08692,U01352,CR00054,2025-10-18,0.0,PayPal,TC00042,2025,10,October,4,18,5,Saturday
TT08693,U01355,CR00012,2025-04-14,487.92,PayPal,TC00042,2025,4,April,2,14,0,Monday
TT08694,U01365,CR00040,2025-08-27,327.99,PayPal,TC00042,2025,8,August,3,27,2,Wednesday
TT08695,U01375,CR00029,2025-12-02,0.0,PayPal,TC00042,2025,12,December,4,2,1,Tuesday
TT08696,U01394,CR00037,2025-01-11,0.0,PayPal,TC00042,2025,1,January,1,11,5,Saturday
TT08697,U01395,CR00031,2025-02-16,0.0,Credit Card,TC00040,2025,2,February,1,16,6,Sunday
TT08698,U01397,CR00015,2025-05-16,285.05,PayPal,TC00042,2025,5,May,2,16,4,Friday
TT08699,U01399,CR00043,2025-06-26,0.0,Credit Card,TC00042,2025,6,June,2,26,3,Thursday
TT08700,U01411,CR00001,2025-02-09,472.28,Bank Transfer,TC00042,2025,2,February,1,9,6,Sunday
TT08701,U01414,CR00051,2025-05-22,37.89,Bank Transfer,TC00040,2025,5,May,2,22,3,Thursday
TT08702,U01429,CR00042,2025-06-10,0.0,PayPal,TC00040,2025,6,June,2,10,1,Tuesday
TT08703,U01430,CR00033,2025-05-04,0.0,Credit Card,TC00040,2025,5,May,2,4,6,Sunday
TT08704,U01435,CR00016,2025-06-22,0.0,Bank Transfer,TC00040,2025,6,June,2,22,6,Sunday
TT08705,U01445,CR00025,2025-12-02,299.57,Credit Card,TC00040,2025,12,December,4,2,1,Tuesday
TT08706,U01450,CR00028,2025-04-16,0.78,Credit Card,TC00042,2025,4,April,2,16,2,Wednesday
TT08707,U01451,CR00052,2025-04-08,0.0,PayPal,TC00040,2025,4,April,2,8,1,Tuesday
TT08708,U01455,CR00036,2025-02-12,0.0,Bank Transfer,TC00040,2025,2,February,1,12,2,Wednesday
TT08709,U01463,CR00005,2025-03-24,0.0,Credit Card,TC00042,2025,3,March,1,24,0,Monday
TT08710,U01472,CR00017,2025-10-13,0.0,PayPal,TC00040,2025,10,October,4,13,0,Monday
TT08711,U01473,CR00044,2025-08-23,119.04,Bank Transfer,TC00042,2025,8,August,3,23,5,Saturday
TT08712,U01475,CR00052,2025-02-07,0.0,Credit Card,TC00040,2025,2,February,1,7,4,Friday
TT08713,U01496,CR00028,2025-06-23,0.78,PayPal,TC00042,2025,6,June,2,23,0,Monday
TT08714,U01497,CR00060,2025-03-06,0.0,PayPal,TC00040,2025,3,March,1,6,3,Thursday
TT08715,U01500,CR00046,2025-01-02,248.1,Credit Card,TC00040,2025,1,January,1,2,3,Thursday
TT08716,U01506,CR00043,2025-10-16,0.0,Credit Card,TC00040,2025,10,October,4,16,3,Thursday
TT08717,U01511,CR00037,2025-11-20,0.0,PayPal,TC00042,2025,11,November,4,20,3,Thursday
TT08718,U01512,CR00018,2025-01-02,0.0,Credit Card,TC00042,2025,1,January,1,2,3,Thursday
TT08719,U01517,CR00031,2025-02-17,0.0,PayPal,TC00040,2025,2,February,1,17,0,Monday
TT08720,U01522,CR00014,2025-10-29,0.0,Credit Card,TC00040,2025,10,October,4,29,2,Wednesday
TT08721,U01530,CR00014,2025-02-13,0.0,Credit Card,TC00040,2025,2,February,1,13,3,Thursday
TT08722,U01543,CR00053,2025-10-02,0.0,PayPal,TC00042,2025,10,October,4,2,3,Thursday
TT08723,U01575,CR00050,2025-12-01,490.9,Credit Card,TC00040,2025,12,December,4,1,0,Monday
TT08724,U01578,CR00006,2025-03-09,276.37,PayPal,TC00040,2025,3,March,1,9,6,Sunday
TT08725,U01585,CR00045,2025-01-30,0.0,PayPal,TC00042,2025,1,January,1,30,3,Thursday
TT08726,U01586,CR00027,2025-12-10,0.0,Credit Card,TC00042,2025,12,December,4,10,2,Wednesday
TT08727,U01602,CR00048,2025-03-13,0.0,PayPal,TC00042,2025,3,March,1,13,3,Thursday
TT08728,U01618,CR00020,2025-03-29,0.0,Credit Card,TC00040,2025,3,March,1,29,5,Saturday
TT08729,U01627,CR00007,2025-07-20,0.0,PayPal,TC00040,2025,7,July,3,20,6,Sunday
TT08730,U01628,CR00012,2025-11-18,487.92,Bank Transfer,TC00040,2025,11,November,4,18,1,Tuesday
TT08731,U01635,CR00053,2025-10-13,0.0,Credit Card,TC00040,2025,10,October,4,13,0,Monday
TT08732,U01637,CR00038,2025-02-09,342.61,Credit Card,TC00042,2025,2,February,1,9,6,Sunday
TT08733,U01647,CR00034,2025-09-30,394.26,PayPal,TC00040,2025,9,September,3,30,1,Tuesday
TT08734,U01649,CR00002,2025-08-21,0.0,Bank Transfer,TC00042,2025,8,August,3,21,3,Thursday
TT08735,U01654,CR00015,2025-01-16,285.05,PayPal,TC00040,2025,1,January,1,16,3,Thursday
TT08736,U01656,CR00033,2025-01-15,0.0,Bank Transfer,TC00040,2025,1,January,1,15,2,Wednesday
TT08737,U01662,CR00036,2025-05-03,0.0,PayPal,TC00042,2025,5,May,2,3,5,Saturday
TT08738,U01666,CR00058,2025-06-17,0.0,Bank Transfer,TC00040,2025,6,June,2,17,1,Tuesday
TT08739,U01671,CR00011,2025-04-30,326.02,Credit Card,TC00040,2025,4,April,2,30,2,Wednesday
TT08740,U01674,CR00032,2025-04-24,0.0,Credit Card,TC00040,2025,4,April,2,24,3,Thursday
TT08741,U01695,CR00033,2025-04-24,0.0,Bank Transfer,TC00040,2025,4,April,2,24,3,Thursday
TT08742,U01702,CR00044,2025-09-01,119.04,Credit Card,TC00040,2025,9,September,3,1,0,Monday
TT08743,U01720,CR00045,2025-01-14,0.0,Credit Card,TC00042,2025,1,January,1,14,1,Tuesday
TT08744,U01724,CR00010,2025-06-28,0.0,Credit Card,TC00040,2025,6,June,2,28,5,Saturday
TT08745,U01726,CR00032,2025-07-20,0.0,Bank Transfer,TC00040,2025,7,July,3,20,6,Sunday
TT08746,U01729,CR00056,2025-01-07,212.39,Bank Transfer,TC00042,2025,1,January,1,7,1,Tuesday
TT08747,U01745,CR00036,2025-02-14,0.0,Credit Card,TC00042,2025,2,February,1,14,4,Friday
TT08748,U01746,CR00036,2025-02-20,0.0,PayPal,TC00042,2025,2,February,1,20,3,Thursday
TT08749,U01762,CR00028,2025-06-08,0.78,PayPal,TC00042,2025,6,June,2,8,6,Sunday
TT08750,U01773,CR00046,2025-08-03,248.1,Credit Card,TC00042,2025,8,August,3,3,6,Sunday
TT08751,U01786,CR00051,2025-02-07,37.89,Bank Transfer,TC00042,2025,2,February,1,7,4,Friday
TT08752,U01789,CR00033,2025-08-20,0.0,Bank Transfer,TC00040,2025,8,August,3,20,2,Wednesday
TT08753,U01795,CR00039,2025-09-07,346.71,Credit Card,TC00040,2025,9,September,3,7,6,Sunday
TT08754,U01805,CR00003,2025-09-06,0.0,Credit Card,TC00042,2025,9,September,3,6,5,Saturday
TT08755,U01809,CR00045,2025-02-24,0.0,Credit Card,TC00040,2025,2,February,1,24,0,Monday
TT08756,U01810,CR00055,2025-03-14,57.32,Credit Card,TC00042,2025,3,March,1,14,4,Friday
TT08757,U01812,CR00019,2025-05-28,0.0,Bank Transfer,TC00042,2025,5,May,2,28,2,Wednesday
TT08758,U01822,CR00040,2025-06-29,327.99,Credit Card,TC00040,2025,6,June,2,29,6,Sunday
TT08759,U01825,CR00032,2025-03-11,0.0,PayPal,TC00040,2025,3,March,1,11,1,Tuesday
TT08760,U01840,CR00043,2025-11-09,0.0,PayPal,TC00042,2025,11,November,4,9,6,Sunday
TT08761,U01842,CR00027,2025-05-30,0.0,PayPal,TC00042,2025,5,May,2,30,4,Friday
TT08762,U01867,CR00009,2025-02-07,0.0,PayPal,TC00040,2025,2,February,1,7,4,Friday
TT08763,U01871,CR00013,2025-12-29,0.0,Bank Transfer,TC00042,2025,12,December,4,29,0,Monday
TT08764,U01872,CR00050,2025-04-21,490.9,PayPal,TC00040,2025,4,April,2,21,0,Monday
TT08765,U01876,CR00051,2025-07-28,37.89,Bank Transfer,TC00040,2025,7,July,3,28,0,Monday
TT08766,U01879,CR00043,2025-08-01,0.0,Credit Card,TC00042,2025,8,August,3,1,4,Friday
TT08767,U01893,CR00043,2025-06-20,0.0,Credit Card,TC00040,2025,6,June,2,20,4,Friday
TT08768,U01896,CR00015,2025-04-03,285.05,Bank Transfer,TC00042,2025,4,April,2,3,3,Thursday
TT08769,U01900,CR00048,2025-12-18,0.0,Credit Card,TC00040,2025,12,December,4,18,3,Thursday
TT08770,U01903,CR00013,2025-03-20,0.0,PayPal,TC00042,2025,3,March,1,20,3,Thursday
TT08771,U01906,CR00015,2025-02-18,285.05,Bank Transfer,TC00042,2025,2,February,1,18,1,Tuesday
TT08772,U01908,CR00054,2025-03-19,0.0,Bank Transfer,TC00042,2025,3,March,1,19,2,Wednesday
TT08773,U01917,CR00059,2025-10-24,0.0,PayPal,TC00040,2025,10,October,4,24,4,Friday
TT08774,U01918,CR00001,2025-08-27,472.28,Credit Card,TC00042,2025,8,August,3,27,2,Wednesday
TT08775,U01920,CR00011,2025-07-03,326.02,Credit Card,TC00040,2025,7,July,3,3,3,Thursday
TT08776,U01926,CR00054,2025-07-23,0.0,Credit Card,TC00042,2025,7,July,3,23,2,Wednesday
TT08777,U01929,CR00031,2025-06-10,0.0,Bank Transfer,TC00040,2025,6,June,2,10,1,Tuesday
TT08778,U01943,CR00041,2025-01-03,53.86,PayPal,TC00040,2025,1,January,1,3,4,Friday
TT08779,U01953,CR00023,2025-10-10,0.0,Credit Card,TC00042,2025,10,October,4,10,4,Friday
TT08780,U01958,CR00011,2025-04-03,326.02,Credit Card,TC00042,2025,4,April,2,3,3,Thursday
TT08781,U01979,CR00054,2025-11-20,0.0,PayPal,TC00040,2025,11,November,4,20,3,Thursday
TT08782,U01987,CR00057,2025-07-08,177.34,PayPal,TC00040,2025,7,July,3,8,1,Tuesday
TT08783,U01989,CR00057,2025-05-16,177.34,PayPal,TC00040,2025,5,May,2,16,4,Friday
TT08784,U01993,CR00030,2025-07-11,0.0,PayPal,TC00042,2025,7,July,3,11,4,Friday
TT08785,U01994,CR00028,2025-03-13,0.78,Credit Card,TC00042,2025,3,March,1,13,3,Thursday
TT08786,U02010,CR00052,2025-01-16,0.0,PayPal,TC00042,2025,1,January,1,16,3,Thursday
TT08787,U02022,CR00034,2025-09-08,394.26,PayPal,TC00040,2025,9,September,3,8,0,Monday
TT08788,U02035,CR00053,2025-01-16,0.0,PayPal,TC00040,2025,1,January,1,16,3,Thursday
TT08789,U02038,CR00019,2025-10-16,0.0,Credit Card,TC00042,2025,10,October,4,16,3,Thursday
TT08790,U02039,CR00048,2025-08-28,0.0,Bank Transfer,TC00042,2025,8,August,3,28,3,Thursday
TT08791,U02055,CR00027,2025-07-26,0.0,PayPal,TC00042,2025,7,July,3,26,5,Saturday
TT08792,U02058,CR00052,2025-04-20,0.0,Bank Transfer,TC00040,2025,4,April,2,20,6,Sunday
TT08793,U02064,CR00002,2025-12-18,0.0,PayPal,TC00042,2025,12,December,4,18,3,Thursday
TT08794,U02068,CR00005,2025-03-17,0.0,Bank Transfer,TC00042,2025,3,March,1,17,0,Monday
TT08795,U02071,CR00054,2025-04-19,0.0,PayPal,TC00042,2025,4,April,2,19,5,Saturday
TT08796,U02074,CR00024,2025-06-04,117.68,PayPal,TC00042,2025,6,June,2,4,2,Wednesday
TT08797,U02077,CR00003,2025-08-24,0.0,Credit Card,TC00040,2025,8,August,3,24,6,Sunday
TT08798,U02094,CR00029,2025-02-01,0.0,Credit Card,TC00042,2025,2,February,1,1,5,Saturday
TT08799,U02096,CR00048,2025-07-11,0.0,Credit Card,TC00040,2025,7,July,3,11,4,Friday
TT08800,U02098,CR00027,2025-04-18,0.0,PayPal,TC00042,2025,4,April,2,18,4,Friday
TT08801,U02125,CR00048,2025-12-18,0.0,Bank Transfer,TC00040,2025,12,December,4,18,3,Thursday
TT08802,U02144,CR00048,2025-03-11,0.0,Credit Card,TC00040,2025,3,March,1,11,1,Tuesday
TT08803,U02147,CR00033,2025-01-25,0.0,Credit Card,TC00040,2025,1,January,1,25,5,Saturday
TT08804,U02149,CR00028,2025-03-25,0.78,PayPal,TC00042,2025,3,March,1,25,1,Tuesday
TT08805,U02151,CR00025,2025-08-14,299.57,Credit Card,TC00040,2025,8,August,3,14,3,Thursday
TT08806,U02152,CR00050,2025-11-08,490.9,Bank Transfer,TC00042,2025,11,November,4,8,5,Saturday
TT08807,U02153,CR00027,2025-06-04,0.0,Bank Transfer,TC00042,2025,6,June,2,4,2,Wednesday
TT08808,U02155,CR00025,2025-07-22,299.57,PayPal,TC00042,2025,7,July,3,22,1,Tuesday
TT08809,U02174,CR00044,2025-07-02,119.04,Bank Transfer,TC00042,2025,7,July,3,2,2,Wednesday
TT08810,U02212,CR00022,2025-07-29,0.0,Credit Card,TC00040,2025,7,July,3,29,1,Tuesday
TT08811,U02215,CR00046,2025-03-12,248.1,PayPal,TC00042,2025,3,March,1,12,2,Wednesday
TT08812,U02217,CR00060,2025-09-25,0.0,Credit Card,TC00040,2025,9,September,3,25,3,Thursday
TT08813,U02224,CR00030,2025-07-05,0.0,Credit Card,TC00042,2025,7,July,3,5,5,Saturday
TT08814,U02231,CR00043,2025-03-26,0.0,PayPal,TC00040,2025,3,March,1,26,2,Wednesday
TT08815,U02248,CR00029,2025-04-28,0.0,Credit Card,TC00042,2025,4,April,2,28,0,Monday
TT08816,U02254,CR00044,2025-03-02,119.04,Bank Transfer,TC00040,2025,3,March,1,2,6,Sunday
TT08817,U02258,CR00010,2025-05-03,0.0,Credit Card,TC00042,2025,5,May,2,3,5,Saturday
TT08818,U02284,CR00008,2025-02-12,0.0,Bank Transfer,TC00042,2025,2,February,1,12,2,Wednesday
TT08819,U02288,CR00053,2025-07-11,0.0,PayPal,TC00040,2025,7,July,3,11,4,Friday
TT08820,U02290,CR00006,2025-03-28,276.37,Credit Card,TC00042,2025,3,March,1,28,4,Friday
TT08821,U02300,CR00016,2025-05-04,0.0,Bank Transfer,TC00040,2025,5,May,2,4,6,Sunday
TT08822,U02301,CR00026,2025-03-10,0.0,Bank Transfer,TC00042,2025,3,March,1,10,0,Monday
TT08823,U02306,CR00015,2025-06-09,285.05,Credit Card,TC00042,2025,6,June,2,9,0,Monday
TT08824,U02315,CR00024,2025-10-29,117.68,PayPal,TC00042,2025,10,October,4,29,2,Wednesday
TT08825,U02336,CR00007,2025-09-25,0.0,PayPal,TC00042,2025,9,September,3,25,3,Thursday
TT08826,U02337,CR00038,2025-01-07,342.61,Bank Transfer,TC00040,2025,1,January,1,7,1,Tuesday
TT08827,U02341,CR00042,2025-04-02,0.0,PayPal,TC00040,2025,4,April,2,2,2,Wednesday
TT08828,U02344,CR00046,2025-01-20,248.1,Bank Transfer,TC00040,2025,1,January,1,20,0,Monday
TT08829,U02345,CR00043,2025-01-26,0.0,Credit Card,TC00040,2025,1,January,1,26,6,Sunday
TT08830,U02349,CR00035,2025-11-21,0.0,Credit Card,TC00040,2025,11,November,4,21,4,Friday
TT08831,U02370,CR00036,2025-12-12,0.0,PayPal,TC00042,2025,12,December,4,12,4,Friday
TT08832,U02371,CR00049,2025-09-25,415.51,Credit Card,TC00042,2025,9,September,3,25,3,Thursday
TT08833,U02415,CR00044,2025-08-04,119.04,PayPal,TC00042,2025,8,August,3,4,0,Monday
TT08834,U02427,CR00007,2025-07-11,0.0,PayPal,TC00042,2025,7,July,3,11,4,Friday
TT08835,U02432,CR00047,2025-01-11,89.59,PayPal,TC00040,2025,1,January,1,11,5,Saturday
TT08836,U02445,CR00026,2025-05-27,0.0,PayPal,TC00042,2025,5,May,2,27,1,Tuesday
TT08837,U02459,CR00041,2025-11-18,53.86,PayPal,TC00040,2025,11,November,4,18,1,Tuesday
TT08838,U02470,CR00044,2025-01-26,119.04,PayPal,TC00042,2025,1,January,1,26,6,Sunday
TT08839,U02485,CR00003,2025-06-08,0.0,Credit Card,TC00040,2025,6,June,2,8,6,Sunday
TT08840,U02490,CR00021,2025-09-28,0.0,PayPal,TC00042,2025,9,September,3,28,6,Sunday
TT08841,U02512,CR00012,2025-01-29,487.92,PayPal,TC00042,2025,1,January,1,29,2,Wednesday
TT08842,U02515,CR00032,2025-06-11,0.0,Bank Transfer,TC00040,2025,6,June,2,11,2,Wednesday
TT08843,U02537,CR00038,2025-02-12,342.61,PayPal,TC00042,2025,2,February,1,12,2,Wednesday
TT08844,U02540,CR00007,2025-10-03,0.0,Credit Card,TC00040,2025,10,October,4,3,4,Friday
TT08845,U02541,CR00004,2025-07-27,0.0,PayPal,TC00040,2025,7,July,3,27,6,Sunday
TT08846,U02542,CR00036,2025-10-23,0.0,PayPal,TC00040,2025,10,October,4,23,3,Thursday
TT08847,U02564,CR00054,2025-10-04,0.0,Bank Transfer,TC00040,2025,10,October,4,4,5,Saturday
TT08848,U02566,CR00016,2025-12-28,0.0,PayPal,TC00040,2025,12,December,4,28,6,Sunday
TT08849,U02582,CR00001,2025-05-28,472.28,Bank Transfer,TC00042,2025,5,May,2,28,2,Wednesday
TT08850,U02583,CR00009,2025-09-10,0.0,PayPal,TC00042,2025,9,September,3,10,2,Wednesday
TT08851,U02605,CR00020,2025-08-05,0.0,Credit Card,TC00040,2025,8,August,3,5,1,Tuesday
TT08852,U02612,CR00024,2025-12-27,117.68,Credit Card,TC00042,2025,12,December,4,27,5,Saturday
TT08853,U02614,CR00047,2025-07-20,89.59,Bank Transfer,TC00042,2025,7,July,3,20,6,Sunday
TT08854,U02616,CR00041,2025-09-21,53.86,PayPal,TC00040,2025,9,September,3,21,6,Sunday
TT08855,U02630,CR00042,2025-03-13,0.0,PayPal,TC00040,2025,3,March,1,13,3,Thursday
TT08856,U02633,CR00044,2025-09-02,119.04,Credit Card,TC00042,2025,9,September,3,2,1,Tuesday
TT08857,U02643,CR00032,2025-07-24,0.0,Bank Transfer,TC00040,2025,7,July,3,24,3,Thursday
TT08858,U02645,CR00028,2025-09-26,0.78,PayPal,TC00042,2025,9,September,3,26,4,Friday
TT08859,U02651,CR00027,2025-10-21,0.0,Bank Transfer,TC00042,2025,10,October,4,21,1,Tuesday
TT08860,U02663,CR00050,2025-06-19,490.9,PayPal,TC00042,2025,6,June,2,19,3,Thursday
TT08861,U02672,CR00039,2025-07-30,346.71,PayPal,TC00042,2025,7,July,3,30,2,Wednesday
TT08862,U02679,CR00047,2025-02-22,89.59,PayPal,TC00040,2025,2,February,1,22,5,Saturday
TT08863,U02683,CR00036,2025-12-16,0.0,Credit Card,TC00040,2025,12,December,4,16,1,Tuesday
TT08864,U02684,CR00056,2025-04-25,212.39,Bank Transfer,TC00042,2025,4,April,2,25,4,Friday
TT08865,U02698,CR00049,2025-12-15,415.51,Bank Transfer,TC00040,2025,12,December,4,15,0,Monday
TT08866,U02709,CR00036,2025-01-08,0.0,Credit Card,TC00040,2025,1,January,1,8,2,Wednesday
TT08867,U02733,CR00014,2025-01-28,0.0,Credit Card,TC00042,2025,1,January,1,28,1,Tuesday
TT08868,U02743,CR00044,2025-02-16,119.04,Credit Card,TC00040,2025,2,February,1,16,6,Sunday
TT08869,U02767,CR00051,2025-08-12,37.89,PayPal,TC00042,2025,8,August,3,12,1,Tuesday
TT08870,U02770,CR00024,2025-06-20,117.68,Bank Transfer,TC00042,2025,6,June,2,20,4,Friday
TT08871,U02775,CR00015,2025-06-22,285.05,PayPal,TC00042,2025,6,June,2,22,6,Sunday
TT08872,U02788,CR00037,2025-12-09,0.0,Bank Transfer,TC00042,2025,12,December,4,9,1,Tuesday
TT08873,U02791,CR00054,2025-07-18,0.0,Credit Card,TC00042,2025,7,July,3,18,4,Friday
TT08874,U02793,CR00035,2025-03-07,0.0,PayPal,TC00040,2025,3,March,1,7,4,Friday
TT08875,U02825,CR00018,2025-11-05,0.0,Credit Card,TC00042,2025,11,November,4,5,2,Wednesday
TT08876,U02843,CR00040,2025-01-13,327.99,Credit Card,TC00040,2025,1,January,1,13,0,Monday
TT08877,U02850,CR00059,2025-04-25,0.0,Credit Card,TC00042,2025,4,April,2,25,4,Friday
TT08878,U02857,CR00031,2025-08-26,0.0,Credit Card,TC00040,2025,8,August,3,26,1,Tuesday
TT08879,U02874,CR00026,2025-10-09,0.0,Credit Card,TC00042,2025,10,October,4,9,3,Thursday
TT08880,U02883,CR00038,2025-11-14,342.61,PayPal,TC00042,2025,11,November,4,14,4,Friday
TT08881,U02899,CR00043,2025-01-27,0.0,PayPal,TC00042,2025,1,January,1,27,0,Monday
TT08882,U02909,CR00013,2025-06-21,0.0,Credit Card,TC00040,2025,6,June,2,21,5,Saturday
TT08883,U02915,CR00049,2025-10-23,415.51,PayPal,TC00042,2025,10,October,4,23,3,Thursday
TT08884,U02916,CR00025,2025-11-09,299.57,Bank Transfer,TC00042,2025,11,November,4,9,6,Sunday
TT08885,U02927,CR00042,2025-05-17,0.0,Credit Card,TC00040,2025,5,May,2,17,5,Saturday
TT08886,U02931,CR00023,2025-01-25,0.0,Bank Transfer,TC00040,2025,1,January,1,25,5,Saturday
TT08887,U02937,CR00044,2025-08-29,119.04,Credit Card,TC00040,2025,8,August,3,29,4,Friday
TT08888,U02947,CR00060,2025-12-24,0.0,PayPal,TC00042,2025,12,December,4,24,2,Wednesday
TT08889,U02958,CR00046,2025-04-23,248.1,Bank Transfer,TC00040,2025,4,April,2,23,2,Wednesday
TT08890,U02971,CR00033,2025-04-13,0.0,Credit Card,TC00040,2025,4,April,2,13,6,Sunday
TT08891,U02974,CR00011,2025-04-10,326.02,Credit Card,TC00042,2025,4,April,2,10,3,Thursday
TT08892,U02976,CR00009,2025-08-13,0.0,Credit Card,TC00042,2025,8,August,3,13,2,Wednesday
TT08893,U02980,CR00020,2025-03-04,0.0,Bank Transfer,TC00040,2025,3,March,1,4,1,Tuesday
TT08894,U02981,CR00012,2025-07-15,487.92,PayPal,TC00040,2025,7,July,3,15,1,Tuesday
TT08895,U02984,CR00020,2025-01-01,0.0,Bank Transfer,TC00042,2025,1,January,1,1,2,Wednesday
TT08896,U02989,CR00044,2025-06-10,119.04,Bank Transfer,TC00042,2025,6,June,2,10,1,Tuesday
TT08897,U02992,CR00025,2025-06-30,299.57,Bank Transfer,TC00042,2025,6,June,2,30,0,Monday
TT08898,U00003,CR00046,2025-11-04,248.1,Credit Card,TC00040,2025,11,November,4,4,1,Tuesday
TT08899,U00004,CR00051,2025-02-17,37.89,Bank Transfer,TC00042,2025,2,February,1,17,0,Monday
TT08900,U00015,CR00023,2025-02-20,0.0,Credit Card,TC00040,2025,2,February,1,20,3,Thursday
TT08901,U00018,CR00035,2025-09-26,0.0,Bank Transfer,TC00040,2025,9,September,3,26,4,Friday
TT08902,U00045,CR00011,2025-01-05,326.02,Bank Transfer,TC00042,2025,1,January,1,5,6,Sunday
TT08903,U00048,CR00032,2025-10-11,0.0,PayPal,TC00040,2025,10,October,4,11,5,Saturday
TT08904,U00055,CR00033,2025-04-13,0.0,PayPal,TC00040,2025,4,April,2,13,6,Sunday
TT08905,U00071,CR00018,2025-11-04,0.0,PayPal,TC00042,2025,11,November,4,4,1,Tuesday
TT08906,U00083,CR00053,2025-09-22,0.0,Credit Card,TC00040,2025,9,September,3,22,0,Monday
TT08907,U00109,CR00018,2025-08-17,0.0,Credit Card,TC00040,2025,8,August,3,17,6,Sunday
TT08908,U00112,CR00034,2025-12-25,394.26,PayPal,TC00040,2025,12,December,4,25,3,Thursday
TT08909,U00117,CR00041,2025-10-23,53.86,Credit Card,TC00040,2025,10,October,4,23,3,Thursday
TT08910,U00126,CR00038,2025-05-23,342.61,PayPal,TC00040,2025,5,May,2,23,4,Friday
TT08911,U00128,CR00040,2025-05-15,327.99,PayPal,TC00042,2025,5,May,2,15,3,Thursday
TT08912,U00133,CR00005,2025-12-30,0.0,PayPal,TC00040,2025,12,December,4,30,1,Tuesday
TT08913,U00144,CR00045,2025-10-29,0.0,PayPal,TC00040,2025,10,October,4,29,2,Wednesday
TT08914,U00152,CR00004,2025-09-02,0.0,Credit Card,TC00042,2025,9,September,3,2,1,Tuesday
TT08915,U00161,CR00048,2025-04-17,0.0,PayPal,TC00040,2025,4,April,2,17,3,Thursday
TT08916,U00166,CR00026,2025-03-28,0.0,Bank Transfer,TC00042,2025,3,March,1,28,4,Friday
TT08917,U00169,CR00007,2025-09-23,0.0,Bank Transfer,TC00042,2025,9,September,3,23,1,Tuesday
TT08918,U00173,CR00023,2025-12-12,0.0,Credit Card,TC00042,2025,12,December,4,12,4,Friday
TT08919,U00177,CR00027,2025-09-17,0.0,PayPal,TC00042,2025,9,September,3,17,2,Wednesday
TT08920,U00178,CR00004,2025-07-11,0.0,Credit Card,TC00042,2025,7,July,3,11,4,Friday
TT08921,U00191,CR00037,2025-11-22,0.0,PayPal,TC00042,2025,11,November,4,22,5,Saturday
TT08922,U00192,CR00026,2025-01-29,0.0,Credit Card,TC00042,2025,1,January,1,29,2,Wednesday
TT08923,U00198,CR00003,2025-04-15,0.0,Bank Transfer,TC00040,2025,4,April,2,15,1,Tuesday
TT08924,U00208,CR00028,2025-02-21,0.78,Bank Transfer,TC00042,2025,2,February,1,21,4,Friday
TT08925,U00216,CR00008,2025-09-10,0.0,Bank Transfer,TC00040,2025,9,September,3,10,2,Wednesday
TT08926,U00220,CR00037,2025-07-11,0.0,Bank Transfer,TC00042,2025,7,July,3,11,4,Friday
TT08927,U00238,CR00036,2025-12-14,0.0,Bank Transfer,TC00042,2025,12,December,4,14,6,Sunday
TT08928,U00260,CR00046,2025-03-14,248.1,PayPal,TC00040,2025,3,March,1,14,4,Friday
TT08929,U00272,CR00039,2025-02-26,346.71,Bank Transfer,TC00042,2025,2,February,1,26,2,Wednesday
TT08930,U00292,CR00057,2025-06-22,177.34,Credit Card,TC00040,2025,6,June,2,22,6,Sunday
TT08931,U00298,CR00016,2025-07-27,0.0,Bank Transfer,TC00040,2025,7,July,3,27,6,Sunday
TT08932,U00301,CR00022,2025-10-07,0.0,Bank Transfer,TC00042,2025,10,October,4,7,1,Tuesday
TT08933,U00303,CR00026,2025-05-16,0.0,Bank Transfer,TC00042,2025,5,May,2,16,4,Friday
TT08934,U00310,CR00045,2025-10-05,0.0,PayPal,TC00042,2025,10,October,4,5,6,Sunday
TT08935,U00315,CR00020,2025-10-26,0.0,Credit Card,TC00042,2025,10,October,4,26,6,Sunday
TT08936,U00321,CR00005,2025-02-23,0.0,Credit Card,TC00040,2025,2,February,1,23,6,Sunday
TT08937,U00322,CR00004,2025-10-09,0.0,Bank Transfer,TC00040,2025,10,October,4,9,3,Thursday
TT08938,U00323,CR00012,2025-07-13,487.92,Bank Transfer,TC00040,2025,7,July,3,13,6,Sunday
TT08939,U00328,CR00024,2025-03-13,117.68,Bank Transfer,TC00040,2025,3,March,1,13,3,Thursday
TT08940,U00329,CR00011,2025-12-05,326.02,Credit Card,TC00042,2025,12,December,4,5,4,Friday
TT08941,U00330,CR00011,2025-08-04,326.02,PayPal,TC00040,2025,8,August,3,4,0,Monday
TT08942,U00334,CR00035,2025-02-06,0.0,Bank Transfer,TC00040,2025,2,February,1,6,3,Thursday
TT08943,U00338,CR00041,2025-05-05,53.86,Bank Transfer,TC00040,2025,5,May,2,5,0,Monday
TT08944,U00339,CR00036,2025-12-15,0.0,Credit Card,TC00042,2025,12,December,4,15,0,Monday
TT08945,U00340,CR00036,2025-03-16,0.0,Bank Transfer,TC00042,2025,3,March,1,16,6,Sunday
TT08946,U00351,CR00007,2025-04-03,0.0,PayPal,TC00040,2025,4,April,2,3,3,Thursday
TT08947,U00352,CR00014,2025-11-08,0.0,Bank Transfer,TC00040,2025,11,November,4,8,5,Saturday
TT08948,U00353,CR00035,2025-06-03,0.0,Credit Card,TC00040,2025,6,June,2,3,1,Tuesday
TT08949,U00356,CR00045,2025-04-16,0.0,PayPal,TC00040,2025,4,April,2,16,2,Wednesday
TT08950,U00357,CR00005,2025-05-26,0.0,Credit Card,TC00040,2025,5,May,2,26,0,Monday
TT08951,U00362,CR00045,2025-03-10,0.0,PayPal,TC00042,2025,3,March,1,10,0,Monday
TT08952,U00379,CR00011,2025-04-23,326.02,Credit Card,TC00040,2025,4,April,2,23,2,Wednesday
TT08953,U00383,CR00005,2025-03-13,0.0,Credit Card,TC00042,2025,3,March,1,13,3,Thursday
TT08954,U00394,CR00029,2025-01-29,0.0,Credit Card,TC00042,2025,1,January,1,29,2,Wednesday
TT08955,U00399,CR00040,2025-11-26,327.99,PayPal,TC00040,2025,11,November,4,26,2,Wednesday
TT08956,U00404,CR00006,2025-08-22,276.37,Credit Card,TC00040,2025,8,August,3,22,4,Friday
TT08957,U00406,CR00010,2025-06-21,0.0,Credit Card,TC00040,2025,6,June,2,21,5,Saturday
TT08958,U00407,CR00041,2025-10-29,53.86,Credit Card,TC00042,2025,10,October,4,29,2,Wednesday
TT08959,U00415,CR00035,2025-10-29,0.0,Bank Transfer,TC00040,2025,10,October,4,29,2,Wednesday
TT08960,U00423,CR00042,2025-09-24,0.0,PayPal,TC00040,2025,9,September,3,24,2,Wednesday
TT08961,U00424,CR00059,2025-03-28,0.0,PayPal,TC00042,2025,3,March,1,28,4,Friday
TT08962,U00427,CR00039,2025-10-11,346.71,PayPal,TC00040,2025,10,October,4,11,5,Saturday
TT08963,U00438,CR00007,2025-09-30,0.0,Credit Card,TC00042,2025,9,September,3,30,1,Tuesday
TT08964,U00444,CR00028,2025-03-08,0.78,Credit Card,TC00042,2025,3,March,1,8,5,Saturday
TT08965,U00450,CR00034,2025-06-10,394.26,PayPal,TC00040,2025,6,June,2,10,1,Tuesday
TT08966,U00464,CR00048,2025-11-28,0.0,Credit Card,TC00040,2025,11,November,4,28,4,Friday
TT08967,U00543,CR00060,2025-05-30,0.0,Bank Transfer,TC00042,2025,5,May,2,30,4,Friday
TT08968,U00548,CR00044,2025-09-21,119.04,Bank Transfer,TC00040,2025,9,September,3,21,6,Sunday
TT08969,U00556,CR00009,2025-04-20,0.0,PayPal,TC00042,2025,4,April,2,20,6,Sunday
TT08970,U00559,CR00054,2025-03-18,0.0,Bank Transfer,TC00042,2025,3,March,1,18,1,Tuesday
TT08971,U00562,CR00025,2025-06-13,299.57,Credit Card,TC00040,2025,6,June,2,13,4,Friday
TT08972,U00569,CR00037,2025-10-30,0.0,PayPal,TC00042,2025,10,October,4,30,3,Thursday
TT08973,U00570,CR00017,2025-01-11,0.0,PayPal,TC00040,2025,1,January,1,11,5,Saturday
TT08974,U00572,CR00025,2025-04-13,299.57,Credit Card,TC00042,2025,4,April,2,13,6,Sunday
TT08975,U00573,CR00020,2025-03-10,0.0,PayPal,TC00040,2025,3,March,1,10,0,Monday
TT08976,U00584,CR00006,2025-11-08,276.37,PayPal,TC00040,2025,11,November,4,8,5,Saturday
TT08977,U00592,CR00021,2025-11-02,0.0,Credit Card,TC00040,2025,11,November,4,2,6,Sunday
TT08978,U00604,CR00024,2025-06-17,117.68,Bank Transfer,TC00042,2025,6,June,2,17,1,Tuesday
TT08979,U00619,CR00058,2025-02-02,0.0,PayPal,TC00042,2025,2,February,1,2,6,Sunday
TT08980,U00622,CR00021,2025-03-02,0.0,PayPal,TC00040,2025,3,March,1,2,6,Sunday
TT08981,U00636,CR00001,2025-05-24,472.28,Bank Transfer,TC00042,2025,5,May,2,24,5,Saturday
TT08982,U00666,CR00033,2025-01-04,0.0,Credit Card,TC00040,2025,1,January,1,4,5,Saturday
TT08983,U00687,CR00056,2025-11-24,212.39,Credit Card,TC00042,2025,11,November,4,24,0,Monday
TT08984,U00701,CR00021,2025-05-12,0.0,Bank Transfer,TC00040,2025,5,May,2,12,0,Monday
TT08985,U00704,CR00038,2025-08-25,342.61,Credit Card,TC00042,2025,8,August,3,25,0,Monday
TT08986,U00709,CR00012,2025-04-30,487.92,Bank Transfer,TC00042,2025,4,April,2,30,2,Wednesday
TT08987,U00723,CR00055,2025-06-24,57.32,Credit Card,TC00040,2025,6,June,2,24,1,Tuesday
TT08988,U00752,CR00043,2025-08-18,0.0,PayPal,TC00040,2025,8,August,3,18,0,Monday
TT08989,U00760,CR00025,2025-03-29,299.57,Credit Card,TC00040,2025,3,March,1,29,5,Saturday
TT08990,U00767,CR00016,2025-10-02,0.0,PayPal,TC00042,2025,10,October,4,2,3,Thursday
TT08991,U00775,CR00015,2025-04-12,285.05,PayPal,TC00042,2025,4,April,2,12,5,Saturday
TT08992,U00786,CR00039,2025-04-20,346.71,PayPal,TC00042,2025,4,April,2,20,6,Sunday
TT08993,U00787,CR00051,2025-03-23,37.89,PayPal,TC00042,2025,3,March,1,23,6,Sunday
TT08994,U00819,CR00035,2025-12-04,0.0,Bank Transfer,TC00040,2025,12,December,4,4,3,Thursday
TT08995,U00821,CR00042,2025-01-11,0.0,PayPal,TC00042,2025,1,January,1,11,5,Saturday
TT08996,U00829,CR00046,2025-02-06,248.1,Bank Transfer,TC00040,2025,2,February,1,6,3,Thursday
TT08997,U00836,CR00033,2025-04-27,0.0,Credit Card,TC00040,2025,4,April,2,27,6,Sunday
TT08998,U00850,CR00019,2025-06-26,0.0,Bank Transfer,TC00042,2025,6,June,2,26,3,Thursday
TT08999,U00852,CR00017,2025-01-14,0.0,Credit Card,TC00042,2025,1,January,1,14,1,Tuesday
TT09000,U00858,CR00038,2025-08-28,342.61,Credit Card,TC00040,2025,8,August,3,28,3,Thursday
TT09001,U00870,CR00036,2025-12-14,0.0,Credit Card,TC00042,2025,12,December,4,14,6,Sunday
TT09002,U00876,CR00055,2025-03-04,57.32,PayPal,TC00042,2025,3,March,1,4,1,Tuesday
TT09003,U00881,CR00056,2025-05-08,212.39,Bank Transfer,TC00040,2025,5,May,2,8,3,Thursday
TT09004,U00898,CR00027,2025-02-10,0.0,Credit Card,TC00042,2025,2,February,1,10,0,Monday
TT09005,U00903,CR00045,2025-12-02,0.0,PayPal,TC00042,2025,12,December,4,2,1,Tuesday
TT09006,U00907,CR00019,2025-01-23,0.0,Credit Card,TC00040,2025,1,January,1,23,3,Thursday
TT09007,U00911,CR00014,2025-10-05,0.0,Credit Card,TC00042,2025,10,October,4,5,6,Sunday
TT09008,U00915,CR00011,2025-09-07,326.02,PayPal,TC00040,2025,9,September,3,7,6,Sunday
TT09009,U00917,CR00050,2025-01-06,490.9,Credit Card,TC00040,2025,1,January,1,6,0,Monday
TT09010,U00919,CR00035,2025-11-03,0.0,Credit Card,TC00040,2025,11,November,4,3,0,Monday
TT09011,U00928,CR00045,2025-06-30,0.0,Credit Card,TC00040,2025,6,June,2,30,0,Monday
TT09012,U00959,CR00035,2025-01-10,0.0,PayPal,TC00040,2025,1,January,1,10,4,Friday
TT09013,U00967,CR00031,2025-07-09,0.0,PayPal,TC00040,2025,7,July,3,9,2,Wednesday
TT09014,U00981,CR00015,2025-01-10,285.05,PayPal,TC00042,2025,1,January,1,10,4,Friday
TT09015,U00989,CR00017,2025-01-22,0.0,Bank Transfer,TC00042,2025,1,January,1,22,2,Wednesday
TT09016,U00997,CR00033,2025-10-08,0.0,Credit Card,TC00040,2025,10,October,4,8,2,Wednesday
TT09017,U01000,CR00037,2025-10-08,0.0,Bank Transfer,TC00040,2025,10,October,4,8,2,Wednesday
TT09018,U01015,CR00047,2025-10-01,89.59,Bank Transfer,TC00042,2025,10,October,4,1,2,Wednesday
TT09019,U01020,CR00047,2025-02-07,89.59,Credit Card,TC00042,2025,2,February,1,7,4,Friday
TT09020,U01022,CR00038,2025-11-10,342.61,Bank Transfer,TC00040,2025,11,November,4,10,0,Monday
TT09021,U01031,CR00034,2025-04-15,394.26,Bank Transfer,TC00040,2025,4,April,2,15,1,Tuesday
TT09022,U01032,CR00010,2025-07-10,0.0,Credit Card,TC00040,2025,7,July,3,10,3,Thursday
TT09023,U01033,CR00024,2025-10-15,117.68,Credit Card,TC00040,2025,10,October,4,15,2,Wednesday
TT09024,U01066,CR00018,2025-03-02,0.0,PayPal,TC00040,2025,3,March,1,2,6,Sunday
TT09025,U01079,CR00053,2025-11-05,0.0,PayPal,TC00040,2025,11,November,4,5,2,Wednesday
TT09026,U01083,CR00052,2025-11-24,0.0,PayPal,TC00042,2025,11,November,4,24,0,Monday
TT09027,U01084,CR00001,2025-01-25,472.28,PayPal,TC00040,2025,1,January,1,25,5,Saturday
TT09028,U01092,CR00034,2025-08-21,394.26,Bank Transfer,TC00040,2025,8,August,3,21,3,Thursday
TT09029,U01096,CR00007,2025-10-27,0.0,Credit Card,TC00042,2025,10,October,4,27,0,Monday
TT09030,U01123,CR00008,2025-04-13,0.0,Bank Transfer,TC00042,2025,4,April,2,13,6,Sunday
TT09031,U01143,CR00027,2025-11-14,0.0,PayPal,TC00042,2025,11,November,4,14,4,Friday
TT09032,U01146,CR00032,2025-01-12,0.0,Credit Card,TC00040,2025,1,January,1,12,6,Sunday
TT09033,U01151,CR00035,2025-10-15,0.0,Bank Transfer,TC00040,2025,10,October,4,15,2,Wednesday
TT09034,U01158,CR00050,2025-03-29,490.9,PayPal,TC00040,2025,3,March,1,29,5,Saturday
TT09035,U01163,CR00008,2025-02-26,0.0,PayPal,TC00042,2025,2,February,1,26,2,Wednesday
TT09036,U01180,CR00055,2025-11-05,57.32,Bank Transfer,TC00042,2025,11,November,4,5,2,Wednesday
TT09037,U01197,CR00059,2025-11-28,0.0,PayPal,TC00040,2025,11,November,4,28,4,Friday
TT09038,U01203,CR00041,2025-08-23,53.86,Bank Transfer,TC00040,2025,8,August,3,23,5,Saturday
TT09039,U01221,CR00040,2025-10-02,327.99,Bank Transfer,TC00040,2025,10,October,4,2,3,Thursday
TT09040,U01231,CR00005,2025-08-05,0.0,PayPal,TC00042,2025,8,August,3,5,1,Tuesday
TT09041,U01233,CR00024,2025-02-16,117.68,Credit Card,TC00040,2025,2,February,1,16,6,Sunday
TT09042,U01235,CR00050,2025-10-29,490.9,Bank Transfer,TC00040,2025,10,October,4,29,2,Wednesday
TT09043,U01237,CR00059,2025-07-20,0.0,PayPal,TC00040,2025,7,July,3,20,6,Sunday
TT09044,U01244,CR00049,2025-04-07,415.51,Credit Card,TC00042,2025,4,April,2,7,0,Monday
TT09045,U01249,CR00056,2025-01-30,212.39,PayPal,TC00040,2025,1,January,1,30,3,Thursday
TT09046,U01250,CR00033,2025-08-12,0.0,Credit Card,TC00040,2025,8,August,3,12,1,Tuesday
TT09047,U01261,CR00046,2025-04-02,248.1,Credit Card,TC00042,2025,4,April,2,2,2,Wednesday
TT09048,U01266,CR00015,2025-07-11,285.05,Credit Card,TC00040,2025,7,July,3,11,4,Friday
TT09049,U01267,CR00024,2025-06-14,117.68,Bank Transfer,TC00042,2025,6,June,2,14,5,Saturday
TT09050,U01268,CR00057,2025-01-28,177.34,Bank Transfer,TC00042,2025,1,January,1,28,1,Tuesday
TT09051,U01280,CR00029,2025-09-04,0.0,PayPal,TC00042,2025,9,September,3,4,3,Thursday
TT09052,U01281,CR00002,2025-05-09,0.0,Credit Card,TC00042,2025,5,May,2,9,4,Friday
TT09053,U01284,CR00021,2025-10-20,0.0,Credit Card,TC00040,2025,10,October,4,20,0,Monday
TT09054,U01286,CR00042,2025-02-09,0.0,PayPal,TC00042,2025,2,February,1,9,6,Sunday
TT09055,U01290,CR00037,2025-06-12,0.0,PayPal,TC00040,2025,6,June,2,12,3,Thursday
TT09056,U01315,CR00005,2025-02-17,0.0,Bank Transfer,TC00042,2025,2,February,1,17,0,Monday
TT09057,U01318,CR00038,2025-02-26,342.61,Credit Card,TC00040,2025,2,February,1,26,2,Wednesday
TT09058,U01321,CR00011,2025-10-28,326.02,Credit Card,TC00040,2025,10,October,4,28,1,Tuesday
TT09059,U01322,CR00025,2025-01-26,299.57,PayPal,TC00042,2025,1,January,1,26,6,Sunday
TT09060,U01331,CR00041,2025-03-21,53.86,Credit Card,TC00040,2025,3,March,1,21,4,Friday
TT09061,U01332,CR00007,2025-09-07,0.0,Credit Card,TC00040,2025,9,September,3,7,6,Sunday
TT09062,U01334,CR00036,2025-07-24,0.0,PayPal,TC00042,2025,7,July,3,24,3,Thursday
TT09063,U01336,CR00049,2025-01-21,415.51,Bank Transfer,TC00040,2025,1,January,1,21,1,Tuesday
TT09064,U01337,CR00046,2025-02-08,248.1,Bank Transfer,TC00042,2025,2,February,1,8,5,Saturday
TT09065,U01343,CR00025,2025-10-07,299.57,PayPal,TC00042,2025,10,October,4,7,1,Tuesday
TT09066,U01344,CR00002,2025-01-06,0.0,PayPal,TC00040,2025,1,January,1,6,0,Monday
TT09067,U01346,CR00002,2025-08-15,0.0,Credit Card,TC00040,2025,8,August,3,15,4,Friday
TT09068,U01347,CR00022,2025-09-05,0.0,Bank Transfer,TC00042,2025,9,September,3,5,4,Friday
TT09069,U01350,CR00014,2025-02-07,0.0,Credit Card,TC00040,2025,2,February,1,7,4,Friday
TT09070,U01355,CR00056,2025-01-08,212.39,Credit Card,TC00042,2025,1,January,1,8,2,Wednesday
TT09071,U01364,CR00058,2025-09-14,0.0,Credit Card,TC00040,2025,9,September,3,14,6,Sunday
TT09072,U01365,CR00003,2025-09-04,0.0,Credit Card,TC00040,2025,9,September,3,4,3,Thursday
TT09073,U01375,CR00016,2025-10-04,0.0,PayPal,TC00040,2025,10,October,4,4,5,Saturday
TT09074,U01394,CR00013,2025-04-14,0.0,Credit Card,TC00042,2025,4,April,2,14,0,Monday
TT09075,U01395,CR00051,2025-12-05,37.89,Bank Transfer,TC00042,2025,12,December,4,5,4,Friday
TT09076,U01399,CR00054,2025-01-03,0.0,Credit Card,TC00040,2025,1,January,1,3,4,Friday
TT09077,U01411,CR00009,2025-02-26,0.0,PayPal,TC00040,2025,2,February,1,26,2,Wednesday
TT09078,U01414,CR00043,2025-08-16,0.0,Bank Transfer,TC00040,2025,8,August,3,16,5,Saturday
TT09079,U01429,CR00029,2025-03-07,0.0,Bank Transfer,TC00042,2025,3,March,1,7,4,Friday
TT09080,U01430,CR00001,2025-10-03,472.28,Credit Card,TC00042,2025,10,October,4,3,4,Friday
TT09081,U01432,CR00033,2025-12-19,0.0,Bank Transfer,TC00040,2025,12,December,4,19,4,Friday
TT09082,U01435,CR00025,2025-10-11,299.57,PayPal,TC00042,2025,10,October,4,11,5,Saturday
TT09083,U01445,CR00049,2025-08-08,415.51,Bank Transfer,TC00042,2025,8,August,3,8,4,Friday
TT09084,U01450,CR00048,2025-06-17,0.0,Bank Transfer,TC00040,2025,6,June,2,17,1,Tuesday
TT09085,U01455,CR00048,2025-05-27,0.0,Credit Card,TC00042,2025,5,May,2,27,1,Tuesday
TT09086,U01460,CR00035,2025-02-28,0.0,Bank Transfer,TC00040,2025,2,February,1,28,4,Friday
TT09087,U01463,CR00054,2025-04-08,0.0,PayPal,TC00040,2025,4,April,2,8,1,Tuesday
TT09088,U01472,CR00003,2025-01-06,0.0,Credit Card,TC00040,2025,1,January,1,6,0,Monday
TT09089,U01473,CR00048,2025-03-24,0.0,Credit Card,TC00042,2025,3,March,1,24,0,Monday
TT09090,U01475,CR00010,2025-01-23,0.0,Bank Transfer,TC00040,2025,1,January,1,23,3,Thursday
TT09091,U01496,CR00014,2025-11-01,0.0,Credit Card,TC00040,2025,11,November,4,1,5,Saturday
TT09092,U01497,CR00058,2025-03-24,0.0,PayPal,TC00040,2025,3,March,1,24,0,Monday
TT09093,U01500,CR00012,2025-07-01,487.92,Bank Transfer,TC00040,2025,7,July,3,1,1,Tuesday
TT09094,U01506,CR00045,2025-12-16,0.0,PayPal,TC00040,2025,12,December,4,16,1,Tuesday
TT09095,U01511,CR00038,2025-08-16,342.61,Bank Transfer,TC00040,2025,8,August,3,16,5,Saturday
TT09096,U01512,CR00031,2025-10-28,0.0,Bank Transfer,TC00040,2025,10,October,4,28,1,Tuesday
TT09097,U01517,CR00013,2025-05-29,0.0,Bank Transfer,TC00042,2025,5,May,2,29,3,Thursday
TT09098,U01522,CR00046,2025-11-23,248.1,Bank Transfer,TC00040,2025,11,November,4,23,6,Sunday
TT09099,U01528,CR00030,2025-09-12,0.0,Bank Transfer,TC00042,2025,9,September,3,12,4,Friday
TT09100,U01531,CR00048,2025-03-23,0.0,Credit Card,TC00040,2025,3,March,1,23,6,Sunday
TT09101,U01536,CR00056,2025-12-11,212.39,Credit Card,TC00042,2025,12,December,4,11,3,Thursday
TT09102,U01543,CR00030,2025-06-22,0.0,Credit Card,TC00042,2025,6,June,2,22,6,Sunday
TT09103,U01553,CR00014,2025-06-16,0.0,Bank Transfer,TC00042,2025,6,June,2,16,0,Monday
TT09104,U01575,CR00055,2025-05-04,57.32,PayPal,TC00042,2025,5,May,2,4,6,Sunday
TT09105,U01578,CR00032,2025-09-06,0.0,Credit Card,TC00040,2025,9,September,3,6,5,Saturday
TT09106,U01586,CR00035,2025-08-04,0.0,Credit Card,TC00040,2025,8,August,3,4,0,Monday
TT09107,U01618,CR00017,2025-09-19,0.0,PayPal,TC00040,2025,9,September,3,19,4,Friday
TT09108,U01627,CR00030,2025-09-27,0.0,PayPal,TC00042,2025,9,September,3,27,5,Saturday
TT09109,U01628,CR00037,2025-10-15,0.0,Credit Card,TC00040,2025,10,October,4,15,2,Wednesday
TT09110,U01635,CR00024,2025-07-25,117.68,Bank Transfer,TC00042,2025,7,July,3,25,4,Friday
TT09111,U01637,CR00055,2025-08-25,57.32,Bank Transfer,TC00040,2025,8,August,3,25,0,Monday
TT09112,U01647,CR00021,2025-08-11,0.0,Bank Transfer,TC00042,2025,8,August,3,11,0,Monday
TT09113,U01654,CR00056,2025-02-16,212.39,PayPal,TC00042,2025,2,February,1,16,6,Sunday
TT09114,U01662,CR00057,2025-03-15,177.34,PayPal,TC00042,2025,3,March,1,15,5,Saturday
TT09115,U01666,CR00056,2025-10-04,212.39,Credit Card,TC00040,2025,10,October,4,4,5,Saturday
TT09116,U01671,CR00022,2025-01-10,0.0,Bank Transfer,TC00040,2025,1,January,1,10,4,Friday
TT09117,U01674,CR00023,2025-05-25,0.0,Bank Transfer,TC00040,2025,5,May,2,25,6,Sunday
TT09118,U01692,CR00014,2025-06-30,0.0,Credit Card,TC00040,2025,6,June,2,30,0,Monday
TT09119,U01695,CR00055,2025-06-30,57.32,Credit Card,TC00042,2025,6,June,2,30,0,Monday
TT09120,U01702,CR00054,2025-01-19,0.0,PayPal,TC00040,2025,1,January,1,19,6,Sunday
TT09121,U01708,CR00005,2025-04-21,0.0,Bank Transfer,TC00040,2025,4,April,2,21,0,Monday
TT09122,U01720,CR00035,2025-12-06,0.0,Credit Card,TC00040,2025,12,December,4,6,5,Saturday
TT09123,U01721,CR00020,2025-04-28,0.0,Bank Transfer,TC00042,2025,4,April,2,28,0,Monday
TT09124,U01724,CR00009,2025-06-08,0.0,Credit Card,TC00040,2025,6,June,2,8,6,Sunday
TT09125,U01726,CR00047,2025-09-23,89.59,Credit Card,TC00042,2025,9,September,3,23,1,Tuesday
TT09126,U01729,CR00038,2025-03-06,342.61,PayPal,TC00040,2025,3,March,1,6,3,Thursday
TT09127,U01745,CR00018,2025-11-13,0.0,PayPal,TC00040,2025,11,November,4,13,3,Thursday
TT09128,U01746,CR00054,2025-09-12,0.0,PayPal,TC00042,2025,9,September,3,12,4,Friday
TT09129,U01762,CR00012,2025-12-16,487.92,Bank Transfer,TC00040,2025,12,December,4,16,1,Tuesday
TT09130,U01773,CR00011,2025-01-30,326.02,Credit Card,TC00042,2025,1,January,1,30,3,Thursday
TT09131,U01786,CR00012,2025-09-14,487.92,PayPal,TC00042,2025,9,September,3,14,6,Sunday
TT09132,U01789,CR00039,2025-10-02,346.71,Credit Card,TC00042,2025,10,October,4,2,3,Thursday
TT09133,U01795,CR00045,2025-07-21,0.0,Bank Transfer,TC00042,2025,7,July,3,21,0,Monday
TT09134,U01805,CR00008,2025-07-29,0.0,Credit Card,TC00040,2025,7,July,3,29,1,Tuesday
TT09135,U01809,CR00006,2025-07-24,276.37,Bank Transfer,TC00042,2025,7,July,3,24,3,Thursday
TT09136,U01810,CR00014,2025-01-26,0.0,Bank Transfer,TC00040,2025,1,January,1,26,6,Sunday
TT09137,U01812,CR00030,2025-01-23,0.0,PayPal,TC00042,2025,1,January,1,23,3,Thursday
TT09138,U01820,CR00015,2025-01-28,285.05,Bank Transfer,TC00042,2025,1,January,1,28,1,Tuesday
TT09139,U01822,CR00048,2025-01-07,0.0,Credit Card,TC00042,2025,1,January,1,7,1,Tuesday
TT09140,U01825,CR00058,2025-08-28,0.0,Credit Card,TC00040,2025,8,August,3,28,3,Thursday
TT09141,U01840,CR00003,2025-10-03,0.0,Credit Card,TC00042,2025,10,October,4,3,4,Friday
TT09142,U01842,CR00023,2025-03-20,0.0,Bank Transfer,TC00042,2025,3,March,1,20,3,Thursday
TT09143,U01867,CR00048,2025-03-04,0.0,PayPal,TC00040,2025,3,March,1,4,1,Tuesday
TT09144,U01871,CR00055,2025-11-30,57.32,Credit Card,TC00040,2025,11,November,4,30,6,Sunday
TT09145,U01872,CR00034,2025-11-16,394.26,Credit Card,TC00040,2025,11,November,4,16,6,Sunday
TT09146,U01876,CR00038,2025-07-29,342.61,PayPal,TC00040,2025,7,July,3,29,1,Tuesday
TT09147,U01877,CR00041,2025-06-27,53.86,Bank Transfer,TC00040,2025,6,June,2,27,4,Friday
TT09148,U01879,CR00024,2025-11-13,117.68,Bank Transfer,TC00042,2025,11,November,4,13,3,Thursday
TT09149,U01893,CR00016,2025-04-19,0.0,Credit Card,TC00040,2025,4,April,2,19,5,Saturday
TT09150,U01903,CR00042,2025-01-20,0.0,Bank Transfer,TC00042,2025,1,January,1,20,0,Monday
TT09151,U01906,CR00029,2025-05-19,0.0,PayPal,TC00042,2025,5,May,2,19,0,Monday
TT09152,U01908,CR00048,2025-05-02,0.0,Bank Transfer,TC00042,2025,5,May,2,2,4,Friday
TT09153,U01917,CR00017,2025-11-16,0.0,PayPal,TC00040,2025,11,November,4,16,6,Sunday
TT09154,U01918,CR00047,2025-09-06,89.59,Bank Transfer,TC00042,2025,9,September,3,6,5,Saturday
TT09155,U01920,CR00009,2025-07-25,0.0,Bank Transfer,TC00042,2025,7,July,3,25,4,Friday
TT09156,U01926,CR00038,2025-09-18,342.61,Bank Transfer,TC00040,2025,9,September,3,18,3,Thursday
TT09157,U01929,CR00015,2025-12-23,285.05,PayPal,TC00042,2025,12,December,4,23,1,Tuesday
TT09158,U01931,CR00031,2025-03-23,0.0,PayPal,TC00040,2025,3,March,1,23,6,Sunday
TT09159,U01934,CR00017,2025-12-11,0.0,PayPal,TC00042,2025,12,December,4,11,3,Thursday
TT09160,U01943,CR00056,2025-01-09,212.39,Bank Transfer,TC00040,2025,1,January,1,9,3,Thursday
TT09161,U01953,CR00037,2025-07-22,0.0,Credit Card,TC00042,2025,7,July,3,22,1,Tuesday
TT09162,U01959,CR00018,2025-11-27,0.0,Bank Transfer,TC00042,2025,11,November,4,27,3,Thursday
TT09163,U01961,CR00041,2025-09-02,53.86,Credit Card,TC00042,2025,9,September,3,2,1,Tuesday
TT09164,U01987,CR00054,2025-04-21,0.0,Credit Card,TC00042,2025,4,April,2,21,0,Monday
TT09165,U01989,CR00001,2025-02-02,472.28,Credit Card,TC00040,2025,2,February,1,2,6,Sunday
TT09166,U01993,CR00052,2025-11-04,0.0,Bank Transfer,TC00042,2025,11,November,4,4,1,Tuesday
TT09167,U01998,CR00042,2025-03-02,0.0,PayPal,TC00040,2025,3,March,1,2,6,Sunday
TT09168,U02010,CR00058,2025-04-25,0.0,Bank Transfer,TC00042,2025,4,April,2,25,4,Friday
TT09169,U02022,CR00027,2025-04-10,0.0,Credit Card,TC00042,2025,4,April,2,10,3,Thursday
TT09170,U02035,CR00027,2025-07-12,0.0,Credit Card,TC00042,2025,7,July,3,12,5,Saturday
TT09171,U02038,CR00037,2025-03-29,0.0,PayPal,TC00042,2025,3,March,1,29,5,Saturday
TT09172,U02039,CR00044,2025-09-06,119.04,Bank Transfer,TC00040,2025,9,September,3,6,5,Saturday
TT09173,U02055,CR00035,2025-09-06,0.0,PayPal,TC00040,2025,9,September,3,6,5,Saturday
TT09174,U02058,CR00004,2025-10-14,0.0,PayPal,TC00042,2025,10,October,4,14,1,Tuesday
TT09175,U02064,CR00012,2025-07-05,487.92,Bank Transfer,TC00040,2025,7,July,3,5,5,Saturday
TT09176,U02068,CR00014,2025-07-02,0.0,PayPal,TC00040,2025,7,July,3,2,2,Wednesday
TT09177,U02071,CR00042,2025-12-01,0.0,Credit Card,TC00042,2025,12,December,4,1,0,Monday
TT09178,U02074,CR00018,2025-04-25,0.0,PayPal,TC00040,2025,4,April,2,25,4,Friday
TT09179,U02094,CR00054,2025-07-30,0.0,Bank Transfer,TC00040,2025,7,July,3,30,2,Wednesday
TT09180,U02096,CR00055,2025-03-26,57.32,Credit Card,TC00042,2025,3,March,1,26,2,Wednesday
TT09181,U02098,CR00023,2025-02-05,0.0,Bank Transfer,TC00042,2025,2,February,1,5,2,Wednesday
TT09182,U02125,CR00024,2025-12-05,117.68,PayPal,TC00042,2025,12,December,4,5,4,Friday
TT09183,U02144,CR00008,2025-11-02,0.0,PayPal,TC00040,2025,11,November,4,2,6,Sunday
TT09184,U02147,CR00042,2025-07-24,0.0,Bank Transfer,TC00040,2025,7,July,3,24,3,Thursday
TT09185,U02149,CR00012,2025-09-15,487.92,Bank Transfer,TC00042,2025,9,September,3,15,0,Monday
TT09186,U02151,CR00009,2025-06-18,0.0,PayPal,TC00040,2025,6,June,2,18,2,Wednesday
TT09187,U02152,CR00001,2025-07-16,472.28,PayPal,TC00042,2025,7,July,3,16,2,Wednesday
TT09188,U02153,CR00044,2025-10-08,119.04,PayPal,TC00040,2025,10,October,4,8,2,Wednesday
TT09189,U02155,CR00031,2025-08-29,0.0,Credit Card,TC00040,2025,8,August,3,29,4,Friday
TT09190,U02161,CR00006,2025-11-11,276.37,Credit Card,TC00042,2025,11,November,4,11,1,Tuesday
TT09191,U02199,CR00052,2025-08-04,0.0,Credit Card,TC00040,2025,8,August,3,4,0,Monday
TT09192,U02212,CR00013,2025-08-04,0.0,PayPal,TC00040,2025,8,August,3,4,0,Monday
TT09193,U02215,CR00013,2025-11-12,0.0,PayPal,TC00042,2025,11,November,4,12,2,Wednesday
TT09194,U02217,CR00015,2025-08-06,285.05,PayPal,TC00040,2025,8,August,3,6,2,Wednesday
TT09195,U02224,CR00057,2025-05-19,177.34,PayPal,TC00042,2025,5,May,2,19,0,Monday
TT09196,U02231,CR00056,2025-07-28,212.39,Bank Transfer,TC00042,2025,7,July,3,28,0,Monday
TT09197,U02248,CR00040,2025-08-10,327.99,Credit Card,TC00042,2025,8,August,3,10,6,Sunday
TT09198,U02250,CR00052,2025-08-22,0.0,Bank Transfer,TC00042,2025,8,August,3,22,4,Friday
TT09199,U02254,CR00004,2025-09-21,0.0,Bank Transfer,TC00042,2025,9,September,3,21,6,Sunday
TT09200,U02258,CR00044,2025-12-07,119.04,PayPal,TC00040,2025,12,December,4,7,6,Sunday
TT09201,U02284,CR00058,2025-06-04,0.0,PayPal,TC00042,2025,6,June,2,4,2,Wednesday
TT09202,U02288,CR00055,2025-04-27,57.32,PayPal,TC00042,2025,4,April,2,27,6,Sunday
TT09203,U02290,CR00019,2025-03-10,0.0,PayPal,TC00042,2025,3,March,1,10,0,Monday
TT09204,U02300,CR00009,2025-03-11,0.0,PayPal,TC00040,2025,3,March,1,11,1,Tuesday
TT09205,U02301,CR00059,2025-02-22,0.0,PayPal,TC00042,2025,2,February,1,22,5,Saturday
TT09206,U02306,CR00055,2025-11-28,57.32,Credit Card,TC00040,2025,11,November,4,28,4,Friday
TT09207,U02315,CR00016,2025-09-28,0.0,PayPal,TC00040,2025,9,September,3,28,6,Sunday
TT09208,U02336,CR00045,2025-03-06,0.0,Bank Transfer,TC00040,2025,3,March,1,6,3,Thursday
TT09209,U02337,CR00013,2025-01-04,0.0,Credit Card,TC00042,2025,1,January,1,4,5,Saturday
TT09210,U02341,CR00046,2025-08-01,248.1,Bank Transfer,TC00042,2025,8,August,3,1,4,Friday
TT09211,U02344,CR00037,2025-01-21,0.0,Bank Transfer,TC00040,2025,1,January,1,21,1,Tuesday
TT09212,U02349,CR00058,2025-01-23,0.0,Bank Transfer,TC00042,2025,1,January,1,23,3,Thursday
TT09213,U02370,CR00051,2025-12-20,37.89,Credit Card,TC00040,2025,12,December,4,20,5,Saturday
TT09214,U02410,CR00026,2025-02-25,0.0,PayPal,TC00042,2025,2,February,1,25,1,Tuesday
TT09215,U02427,CR00033,2025-06-29,0.0,Bank Transfer,TC00040,2025,6,June,2,29,6,Sunday
TT09216,U02432,CR00021,2025-04-29,0.0,PayPal,TC00042,2025,4,April,2,29,1,Tuesday
TT09217,U02445,CR00012,2025-11-03,487.92,Credit Card,TC00042,2025,11,November,4,3,0,Monday
TT09218,U02459,CR00023,2025-10-06,0.0,Credit Card,TC00042,2025,10,October,4,6,0,Monday
TT09219,U02470,CR00010,2025-11-05,0.0,Credit Card,TC00040,2025,11,November,4,5,2,Wednesday
TT09220,U02485,CR00008,2025-12-10,0.0,Credit Card,TC00040,2025,12,December,4,10,2,Wednesday
TT09221,U02490,CR00010,2025-04-22,0.0,Bank Transfer,TC00042,2025,4,April,2,22,1,Tuesday
TT09222,U02512,CR00040,2025-06-04,327.99,Bank Transfer,TC00042,2025,6,June,2,4,2,Wednesday
TT09223,U02515,CR00006,2025-04-17,276.37,Credit Card,TC00040,2025,4,April,2,17,3,Thursday
TT09224,U02537,CR00010,2025-06-09,0.0,Bank Transfer,TC00042,2025,6,June,2,9,0,Monday
TT09225,U02540,CR00028,2025-06-27,0.78,Bank Transfer,TC00042,2025,6,June,2,27,4,Friday
TT09226,U02564,CR00034,2025-11-27,394.26,PayPal,TC00040,2025,11,November,4,27,3,Thursday
TT09227,U02566,CR00054,2025-04-30,0.0,Credit Card,TC00042,2025,4,April,2,30,2,Wednesday
TT09228,U02582,CR00032,2025-06-05,0.0,Bank Transfer,TC00040,2025,6,June,2,5,3,Thursday
TT09229,U02583,CR00025,2025-04-18,299.57,PayPal,TC00042,2025,4,April,2,18,4,Friday
TT09230,U02602,CR00020,2025-10-27,0.0,Bank Transfer,TC00042,2025,10,October,4,27,0,Monday
TT09231,U02612,CR00033,2025-02-18,0.0,Credit Card,TC00040,2025,2,February,1,18,1,Tuesday
TT09232,U02614,CR00033,2025-03-03,0.0,Credit Card,TC00040,2025,3,March,1,3,0,Monday
TT09233,U02616,CR00020,2025-11-21,0.0,Credit Card,TC00040,2025,11,November,4,21,4,Friday
TT09234,U02623,CR00044,2025-11-22,119.04,Credit Card,TC00042,2025,11,November,4,22,5,Saturday
TT09235,U02630,CR00034,2025-11-09,394.26,PayPal,TC00040,2025,11,November,4,9,6,Sunday
TT09236,U02633,CR00014,2025-05-29,0.0,Credit Card,TC00042,2025,5,May,2,29,3,Thursday
TT09237,U02643,CR00049,2025-01-08,415.51,Credit Card,TC00042,2025,1,January,1,8,2,Wednesday
TT09238,U02645,CR00019,2025-07-20,0.0,PayPal,TC00042,2025,7,July,3,20,6,Sunday
TT09239,U02651,CR00033,2025-11-10,0.0,Bank Transfer,TC00040,2025,11,November,4,10,0,Monday
TT09240,U02663,CR00029,2025-05-23,0.0,Credit Card,TC00042,2025,5,May,2,23,4,Friday
TT09241,U02679,CR00013,2025-12-25,0.0,Bank Transfer,TC00040,2025,12,December,4,25,3,Thursday
TT09242,U02683,CR00046,2025-07-28,248.1,Bank Transfer,TC00040,2025,7,July,3,28,0,Monday
TT09243,U02684,CR00025,2025-12-01,299.57,PayPal,TC00040,2025,12,December,4,1,0,Monday
TT09244,U02698,CR00012,2025-03-10,487.92,Bank Transfer,TC00040,2025,3,March,1,10,0,Monday
TT09245,U02733,CR00035,2025-10-27,0.0,Bank Transfer,TC00040,2025,10,October,4,27,0,Monday
TT09246,U02743,CR00058,2025-03-06,0.0,Bank Transfer,TC00042,2025,3,March,1,6,3,Thursday
TT09247,U02754,CR00029,2025-10-19,0.0,PayPal,TC00042,2025,10,October,4,19,6,Sunday
TT09248,U02767,CR00058,2025-09-08,0.0,Bank Transfer,TC00040,2025,9,September,3,8,0,Monday
TT09249,U02770,CR00032,2025-10-30,0.0,Bank Transfer,TC00040,2025,10,October,4,30,3,Thursday
TT09250,U02775,CR00054,2025-02-25,0.0,Credit Card,TC00042,2025,2,February,1,25,1,Tuesday
TT09251,U02786,CR00006,2025-01-24,276.37,Credit Card,TC00040,2025,1,January,1,24,4,Friday
TT09252,U02788,CR00028,2025-12-03,0.78,Credit Card,TC00042,2025,12,December,4,3,2,Wednesday
TT09253,U02791,CR00060,2025-06-21,0.0,Credit Card,TC00042,2025,6,June,2,21,5,Saturday
TT09254,U02792,CR00047,2025-11-08,89.59,Bank Transfer,TC00042,2025,11,November,4,8,5,Saturday
TT09255,U02793,CR00053,2025-10-14,0.0,PayPal,TC00040,2025,10,October,4,14,1,Tuesday
TT09256,U02821,CR00043,2025-12-14,0.0,Credit Card,TC00040,2025,12,December,4,14,6,Sunday
TT09257,U02825,CR00014,2025-11-12,0.0,PayPal,TC00042,2025,11,November,4,12,2,Wednesday
TT09258,U02832,CR00007,2025-10-22,0.0,Credit Card,TC00040,2025,10,October,4,22,2,Wednesday
TT09259,U02843,CR00047,2025-06-26,89.59,Bank Transfer,TC00042,2025,6,June,2,26,3,Thursday
TT09260,U02844,CR00010,2025-08-13,0.0,PayPal,TC00042,2025,8,August,3,13,2,Wednesday
TT09261,U02850,CR00047,2025-07-07,89.59,Credit Card,TC00042,2025,7,July,3,7,0,Monday
TT09262,U02857,CR00042,2025-10-27,0.0,PayPal,TC00042,2025,10,October,4,27,0,Monday
TT09263,U02874,CR00014,2025-09-16,0.0,PayPal,TC00042,2025,9,September,3,16,1,Tuesday
TT09264,U02883,CR00020,2025-12-01,0.0,PayPal,TC00042,2025,12,December,4,1,0,Monday
TT09265,U02899,CR00023,2025-06-14,0.0,PayPal,TC00040,2025,6,June,2,14,5,Saturday
TT09266,U02909,CR00043,2025-02-19,0.0,PayPal,TC00042,2025,2,February,1,19,2,Wednesday
TT09267,U02915,CR00029,2025-07-17,0.0,Bank Transfer,TC00042,2025,7,July,3,17,3,Thursday
TT09268,U02916,CR00015,2025-04-07,285.05,Bank Transfer,TC00042,2025,4,April,2,7,0,Monday
TT09269,U02927,CR00054,2025-09-22,0.0,Credit Card,TC00042,2025,9,September,3,22,0,Monday
TT09270,U02931,CR00021,2025-08-21,0.0,PayPal,TC00040,2025,8,August,3,21,3,Thursday
TT09271,U02937,CR00060,2025-11-25,0.0,Bank Transfer,TC00040,2025,11,November,4,25,1,Tuesday
TT09272,U02945,CR00041,2025-01-09,53.86,Bank Transfer,TC00042,2025,1,January,1,9,3,Thursday
TT09273,U02958,CR00032,2025-07-02,0.0,Bank Transfer,TC00040,2025,7,July,3,2,2,Wednesday
TT09274,U02969,CR00043,2025-08-18,0.0,Credit Card,TC00040,2025,8,August,3,18,0,Monday
TT09275,U02971,CR00023,2025-04-22,0.0,PayPal,TC00042,2025,4,April,2,22,1,Tuesday
TT09276,U02974,CR00023,2025-12-24,0.0,PayPal,TC00042,2025,12,December,4,24,2,Wednesday
TT09277,U02976,CR00011,2025-05-08,326.02,Bank Transfer,TC00040,2025,5,May,2,8,3,Thursday
TT09278,U02980,CR00008,2025-10-08,0.0,Bank Transfer,TC00040,2025,10,October,4,8,2,Wednesday
TT09279,U02981,CR00009,2025-09-20,0.0,Bank Transfer,TC00040,2025,9,September,3,20,5,Saturday
TT09280,U02984,CR00012,2025-03-12,487.92,PayPal,TC00040,2025,3,March,1,12,2,Wednesday
TT09281,U02989,CR00035,2025-08-27,0.0,Bank Transfer,TC00040,2025,8,August,3,27,2,Wednesday
TT09282,U02994,CR00013,2025-01-26,0.0,PayPal,TC00040,2025,1,January,1,26,6,Sunday
TT09283,U00004,CR00016,2025-05-12,0.0,Bank Transfer,TC00040,2025,5,May,2,12,0,Monday
TT09284,U00015,CR00004,2025-01-26,0.0,Bank Transfer,TC00042,2025,1,January,1,26,6,Sunday
TT09285,U00018,CR00056,2025-07-27,212.39,Bank Transfer,TC00040,2025,7,July,3,27,6,Sunday
TT09286,U00045,CR00038,2025-04-14,342.61,Credit Card,TC00040,2025,4,April,2,14,0,Monday
TT09287,U00048,CR00055,2025-08-18,57.32,Credit Card,TC00040,2025,8,August,3,18,0,Monday
TT09288,U00055,CR00039,2025-08-03,346.71,Credit Card,TC00042,2025,8,August,3,3,6,Sunday
TT09289,U00071,CR00019,2025-05-19,0.0,PayPal,TC00042,2025,5,May,2,19,0,Monday
TT09290,U00083,CR00049,2025-11-26,415.51,Bank Transfer,TC00040,2025,11,November,4,26,2,Wednesday
TT09291,U00085,CR00033,2025-02-02,0.0,PayPal,TC00040,2025,2,February,1,2,6,Sunday
TT09292,U00109,CR00060,2025-03-04,0.0,Bank Transfer,TC00042,2025,3,March,1,4,1,Tuesday
TT09293,U00117,CR00003,2025-08-01,0.0,Bank Transfer,TC00040,2025,8,August,3,1,4,Friday
TT09294,U00126,CR00056,2025-04-18,212.39,PayPal,TC00040,2025,4,April,2,18,4,Friday
TT09295,U00134,CR00024,2025-12-30,117.68,PayPal,TC00040,2025,12,December,4,30,1,Tuesday
TT09296,U00144,CR00030,2025-08-04,0.0,Bank Transfer,TC00042,2025,8,August,3,4,0,Monday
TT09297,U00147,CR00040,2025-07-16,327.99,PayPal,TC00040,2025,7,July,3,16,2,Wednesday
TT09298,U00149,CR00019,2025-01-20,0.0,Bank Transfer,TC00040,2025,1,January,1,20,0,Monday
TT09299,U00161,CR00013,2025-08-17,0.0,PayPal,TC00042,2025,8,August,3,17,6,Sunday
TT09300,U00166,CR00035,2025-12-05,0.0,Bank Transfer,TC00040,2025,12,December,4,5,4,Friday
TT09301,U00169,CR00005,2025-04-17,0.0,Bank Transfer,TC00040,2025,4,April,2,17,3,Thursday
TT09302,U00173,CR00054,2025-01-21,0.0,Credit Card,TC00042,2025,1,January,1,21,1,Tuesday
TT09303,U00178,CR00003,2025-11-12,0.0,PayPal,TC00042,2025,11,November,4,12,2,Wednesday
TT09304,U00191,CR00040,2025-06-17,327.99,Bank Transfer,TC00040,2025,6,June,2,17,1,Tuesday
TT09305,U00192,CR00025,2025-04-09,299.57,Credit Card,TC00042,2025,4,April,2,9,2,Wednesday
TT09306,U00208,CR00014,2025-12-07,0.0,Credit Card,TC00040,2025,12,December,4,7,6,Sunday
TT09307,U00216,CR00022,2025-01-23,0.0,Credit Card,TC00042,2025,1,January,1,23,3,Thursday
TT09308,U00220,CR00025,2025-04-05,299.57,PayPal,TC00040,2025,4,April,2,5,5,Saturday
TT09309,U00238,CR00043,2025-06-27,0.0,PayPal,TC00042,2025,6,June,2,27,4,Friday
TT09310,U00251,CR00005,2025-08-09,0.0,Bank Transfer,TC00042,2025,8,August,3,9,5,Saturday
TT09311,U00260,CR00015,2025-02-23,285.05,Bank Transfer,TC00040,2025,2,February,1,23,6,Sunday
TT09312,U00265,CR00011,2025-04-02,326.02,Bank Transfer,TC00040,2025,4,April,2,2,2,Wednesday
TT09313,U00272,CR00053,2025-03-28,0.0,Bank Transfer,TC00042,2025,3,March,1,28,4,Friday
TT09314,U00282,CR00015,2025-12-23,285.05,Bank Transfer,TC00042,2025,12,December,4,23,1,Tuesday
TT09315,U00292,CR00031,2025-09-16,0.0,PayPal,TC00040,2025,9,September,3,16,1,Tuesday
TT09316,U00293,CR00011,2025-01-08,326.02,Credit Card,TC00040,2025,1,January,1,8,2,Wednesday
TT09317,U00298,CR00013,2025-03-20,0.0,Bank Transfer,TC00042,2025,3,March,1,20,3,Thursday
TT09318,U00301,CR00042,2025-08-30,0.0,Bank Transfer,TC00040,2025,8,August,3,30,5,Saturday
TT09319,U00303,CR00033,2025-09-22,0.0,Bank Transfer,TC00040,2025,9,September,3,22,0,Monday
TT09320,U00310,CR00039,2025-11-08,346.71,Bank Transfer,TC00040,2025,11,November,4,8,5,Saturday
TT09321,U00315,CR00022,2025-12-19,0.0,Credit Card,TC00042,2025,12,December,4,19,4,Friday
TT09322,U00321,CR00033,2025-12-12,0.0,PayPal,TC00040,2025,12,December,4,12,4,Friday
TT09323,U00322,CR00044,2025-09-16,119.04,Bank Transfer,TC00042,2025,9,September,3,16,1,Tuesday
TT09324,U00323,CR00024,2025-02-28,117.68,PayPal,TC00042,2025,2,February,1,28,4,Friday
TT09325,U00328,CR00044,2025-03-02,119.04,PayPal,TC00042,2025,3,March,1,2,6,Sunday
TT09326,U00329,CR00044,2025-06-04,119.04,PayPal,TC00040,2025,6,June,2,4,2,Wednesday
TT09327,U00330,CR00006,2025-11-19,276.37,Bank Transfer,TC00040,2025,11,November,4,19,2,Wednesday
TT09328,U00334,CR00003,2025-06-22,0.0,PayPal,TC00040,2025,6,June,2,22,6,Sunday
TT09329,U00338,CR00022,2025-08-06,0.0,Credit Card,TC00040,2025,8,August,3,6,2,Wednesday
TT09330,U00339,CR00043,2025-01-03,0.0,Bank Transfer,TC00040,2025,1,January,1,3,4,Friday
TT09331,U00340,CR00051,2025-10-08,37.89,Credit Card,TC00040,2025,10,October,4,8,2,Wednesday
TT09332,U00345,CR00014,2025-02-09,0.0,Credit Card,TC00040,2025,2,February,1,9,6,Sunday
TT09333,U00351,CR00022,2025-12-10,0.0,Credit Card,TC00042,2025,12,December,4,10,2,Wednesday
TT09334,U00352,CR00029,2025-09-05,0.0,Credit Card,TC00042,2025,9,September,3,5,4,Friday
TT09335,U00357,CR00040,2025-03-17,327.99,Bank Transfer,TC00040,2025,3,March,1,17,0,Monday
TT09336,U00362,CR00002,2025-11-13,0.0,PayPal,TC00040,2025,11,November,4,13,3,Thursday
TT09337,U00365,CR00043,2025-03-09,0.0,PayPal,TC00040,2025,3,March,1,9,6,Sunday
TT09338,U00379,CR00040,2025-12-11,327.99,Credit Card,TC00042,2025,12,December,4,11,3,Thursday
TT09339,U00383,CR00047,2025-03-25,89.59,Credit Card,TC00040,2025,3,March,1,25,1,Tuesday
TT09340,U00394,CR00045,2025-02-17,0.0,PayPal,TC00042,2025,2,February,1,17,0,Monday
TT09341,U00399,CR00046,2025-07-17,248.1,Credit Card,TC00042,2025,7,July,3,17,3,Thursday
TT09342,U00404,CR00046,2025-12-06,248.1,Credit Card,TC00040,2025,12,December,4,6,5,Saturday
TT09343,U00406,CR00021,2025-07-06,0.0,Credit Card,TC00040,2025,7,July,3,6,6,Sunday
TT09344,U00407,CR00059,2025-08-07,0.0,Credit Card,TC00042,2025,8,August,3,7,3,Thursday
TT09345,U00411,CR00023,2025-11-25,0.0,Credit Card,TC00040,2025,11,November,4,25,1,Tuesday
TT09346,U00427,CR00053,2025-12-13,0.0,Bank Transfer,TC00042,2025,12,December,4,13,5,Saturday
TT09347,U00438,CR00058,2025-09-10,0.0,PayPal,TC00042,2025,9,September,3,10,2,Wednesday
TT09348,U00449,CR00041,2025-05-24,53.86,PayPal,TC00042,2025,5,May,2,24,5,Saturday
TT09349,U00450,CR00018,2025-10-27,0.0,Credit Card,TC00040,2025,10,October,4,27,0,Monday
TT09350,U00464,CR00016,2025-03-17,0.0,Bank Transfer,TC00042,2025,3,March,1,17,0,Monday
TT09351,U00494,CR00049,2025-08-21,415.51,PayPal,TC00042,2025,8,August,3,21,3,Thursday
TT09352,U00548,CR00059,2025-07-25,0.0,Credit Card,TC00042,2025,7,July,3,25,4,Friday
TT09353,U00556,CR00050,2025-03-18,490.9,PayPal,TC00040,2025,3,March,1,18,1,Tuesday
TT09354,U00562,CR00051,2025-02-18,37.89,Credit Card,TC00040,2025,2,February,1,18,1,Tuesday
TT09355,U00570,CR00035,2025-06-07,0.0,Bank Transfer,TC00040,2025,6,June,2,7,5,Saturday
TT09356,U00572,CR00047,2025-05-27,89.59,Bank Transfer,TC00040,2025,5,May,2,27,1,Tuesday
TT09357,U00574,CR00059,2025-03-19,0.0,Bank Transfer,TC00042,2025,3,March,1,19,2,Wednesday
TT09358,U00576,CR00056,2025-03-04,212.39,Credit Card,TC00042,2025,3,March,1,4,1,Tuesday
TT09359,U00584,CR00045,2025-10-12,0.0,Credit Card,TC00040,2025,10,October,4,12,6,Sunday
TT09360,U00592,CR00026,2025-02-08,0.0,Credit Card,TC00042,2025,2,February,1,8,5,Saturday
TT09361,U00595,CR00039,2025-11-21,346.71,Credit Card,TC00042,2025,11,November,4,21,4,Friday
TT09362,U00604,CR00003,2025-10-05,0.0,PayPal,TC00040,2025,10,October,4,5,6,Sunday
TT09363,U00619,CR00008,2025-12-15,0.0,Credit Card,TC00040,2025,12,December,4,15,0,Monday
TT09364,U00622,CR00048,2025-02-12,0.0,PayPal,TC00042,2025,2,February,1,12,2,Wednesday
TT09365,U00633,CR00053,2025-01-27,0.0,PayPal,TC00042,2025,1,January,1,27,0,Monday
TT09366,U00636,CR00022,2025-05-21,0.0,PayPal,TC00042,2025,5,May,2,21,2,Wednesday
TT09367,U00639,CR00010,2025-01-25,0.0,Credit Card,TC00040,2025,1,January,1,25,5,Saturday
TT09368,U00666,CR00019,2025-10-09,0.0,Credit Card,TC00040,2025,10,October,4,9,3,Thursday
TT09369,U00687,CR00052,2025-01-03,0.0,PayPal,TC00042,2025,1,January,1,3,4,Friday
TT09370,U00701,CR00052,2025-09-20,0.0,PayPal,TC00042,2025,9,September,3,20,5,Saturday
TT09371,U00704,CR00060,2025-02-17,0.0,PayPal,TC00040,2025,2,February,1,17,0,Monday
TT09372,U00709,CR00053,2025-04-04,0.0,Credit Card,TC00040,2025,4,April,2,4,4,Friday
TT09373,U00723,CR00037,2025-03-10,0.0,PayPal,TC00040,2025,3,March,1,10,0,Monday
TT09374,U00724,CR00011,2025-06-09,326.02,Credit Card,TC00042,2025,6,June,2,9,0,Monday
TT09375,U00752,CR00039,2025-06-09,346.71,Bank Transfer,TC00042,2025,6,June,2,9,0,Monday
TT09376,U00760,CR00042,2025-12-23,0.0,PayPal,TC00042,2025,12,December,4,23,1,Tuesday
TT09377,U00765,CR00040,2025-10-23,327.99,Credit Card,TC00040,2025,10,October,4,23,3,Thursday
TT09378,U00767,CR00037,2025-01-09,0.0,Bank Transfer,TC00042,2025,1,January,1,9,3,Thursday
TT09379,U00772,CR00038,2025-07-26,342.61,Credit Card,TC00042,2025,7,July,3,26,5,Saturday
TT09380,U00775,CR00059,2025-08-19,0.0,Credit Card,TC00042,2025,8,August,3,19,1,Tuesday
TT09381,U00787,CR00030,2025-03-16,0.0,Bank Transfer,TC00042,2025,3,March,1,16,6,Sunday
TT09382,U00819,CR00021,2025-04-11,0.0,Credit Card,TC00042,2025,4,April,2,11,4,Friday
TT09383,U00821,CR00001,2025-12-07,472.28,Credit Card,TC00042,2025,12,December,4,7,6,Sunday
TT09384,U00829,CR00042,2025-02-08,0.0,PayPal,TC00040,2025,2,February,1,8,5,Saturday
TT09385,U00836,CR00002,2025-05-25,0.0,PayPal,TC00042,2025,5,May,2,25,6,Sunday
TT09386,U00850,CR00047,2025-04-01,89.59,Bank Transfer,TC00042,2025,4,April,2,1,1,Tuesday
TT09387,U00858,CR00045,2025-02-12,0.0,Bank Transfer,TC00040,2025,2,February,1,12,2,Wednesday
TT09388,U00870,CR00051,2025-08-04,37.89,Bank Transfer,TC00040,2025,8,August,3,4,0,Monday
TT09389,U00876,CR00057,2025-01-03,177.34,PayPal,TC00042,2025,1,January,1,3,4,Friday
TT09390,U00881,CR00040,2025-04-29,327.99,Credit Card,TC00042,2025,4,April,2,29,1,Tuesday
TT09391,U00898,CR00028,2025-07-29,0.78,Credit Card,TC00042,2025,7,July,3,29,1,Tuesday
TT09392,U00903,CR00019,2025-05-23,0.0,Bank Transfer,TC00040,2025,5,May,2,23,4,Friday
TT09393,U00907,CR00037,2025-08-29,0.0,PayPal,TC00040,2025,8,August,3,29,4,Friday
TT09394,U00911,CR00011,2025-01-26,326.02,Credit Card,TC00042,2025,1,January,1,26,6,Sunday
TT09395,U00915,CR00049,2025-01-11,415.51,Credit Card,TC00042,2025,1,January,1,11,5,Saturday
TT09396,U00917,CR00032,2025-03-16,0.0,Bank Transfer,TC00040,2025,3,March,1,16,6,Sunday
TT09397,U00919,CR00015,2025-10-03,285.05,Credit Card,TC00040,2025,10,October,4,3,4,Friday
TT09398,U00961,CR00019,2025-06-27,0.0,PayPal,TC00040,2025,6,June,2,27,4,Friday
TT09399,U00976,CR00009,2025-05-29,0.0,Credit Card,TC00042,2025,5,May,2,29,3,Thursday
TT09400,U00981,CR00007,2025-04-11,0.0,Bank Transfer,TC00042,2025,4,April,2,11,4,Friday
TT09401,U00997,CR00007,2025-08-24,0.0,PayPal,TC00040,2025,8,August,3,24,6,Sunday
TT09402,U01000,CR00001,2025-07-03,472.28,Bank Transfer,TC00040,2025,7,July,3,3,3,Thursday
TT09403,U01015,CR00055,2025-12-25,57.32,Credit Card,TC00040,2025,12,December,4,25,3,Thursday
TT09404,U01020,CR00018,2025-08-16,0.0,Credit Card,TC00040,2025,8,August,3,16,5,Saturday
TT09405,U01022,CR00058,2025-02-08,0.0,PayPal,TC00040,2025,2,February,1,8,5,Saturday
TT09406,U01031,CR00006,2025-05-21,276.37,PayPal,TC00042,2025,5,May,2,21,2,Wednesday
TT09407,U01033,CR00058,2025-01-04,0.0,Bank Transfer,TC00042,2025,1,January,1,4,5,Saturday
TT09408,U01034,CR00048,2025-11-19,0.0,Credit Card,TC00040,2025,11,November,4,19,2,Wednesday
TT09409,U01066,CR00042,2025-05-11,0.0,Credit Card,TC00040,2025,5,May,2,11,6,Sunday
TT09410,U01079,CR00017,2025-04-22,0.0,PayPal,TC00042,2025,4,April,2,22,1,Tuesday
TT09411,U01083,CR00013,2025-04-05,0.0,PayPal,TC00040,2025,4,April,2,5,5,Saturday
TT09412,U01092,CR00048,2025-11-23,0.0,Bank Transfer,TC00042,2025,11,November,4,23,6,Sunday
TT09413,U01096,CR00045,2025-01-07,0.0,Credit Card,TC00042,2025,1,January,1,7,1,Tuesday
TT09414,U01151,CR00013,2025-11-01,0.0,Bank Transfer,TC00042,2025,11,November,4,1,5,Saturday
TT09415,U01158,CR00010,2025-07-09,0.0,Credit Card,TC00040,2025,7,July,3,9,2,Wednesday
TT09416,U01163,CR00007,2025-06-23,0.0,PayPal,TC00042,2025,6,June,2,23,0,Monday
TT09417,U01167,CR00052,2025-07-08,0.0,Credit Card,TC00042,2025,7,July,3,8,1,Tuesday
TT09418,U01170,CR00011,2025-05-07,326.02,PayPal,TC00040,2025,5,May,2,7,2,Wednesday
TT09419,U01197,CR00055,2025-01-01,57.32,Bank Transfer,TC00042,2025,1,January,1,1,2,Wednesday
TT09420,U01203,CR00019,2025-12-27,0.0,PayPal,TC00040,2025,12,December,4,27,5,Saturday
TT09421,U01231,CR00056,2025-09-28,212.39,Bank Transfer,TC00042,2025,9,September,3,28,6,Sunday
TT09422,U01233,CR00046,2025-11-21,248.1,PayPal,TC00042,2025,11,November,4,21,4,Friday
TT09423,U01235,CR00057,2025-04-02,177.34,PayPal,TC00040,2025,4,April,2,2,2,Wednesday
TT09424,U01237,CR00057,2025-06-28,177.34,Credit Card,TC00042,2025,6,June,2,28,5,Saturday
TT09425,U01244,CR00036,2025-10-14,0.0,Credit Card,TC00040,2025,10,October,4,14,1,Tuesday
TT09426,U01250,CR00047,2025-03-03,89.59,PayPal,TC00040,2025,3,March,1,3,0,Monday
TT09427,U01261,CR00012,2025-11-01,487.92,PayPal,TC00042,2025,11,November,4,1,5,Saturday
TT09428,U01267,CR00018,2025-08-10,0.0,PayPal,TC00040,2025,8,August,3,10,6,Sunday
TT09429,U01268,CR00056,2025-08-07,212.39,Credit Card,TC00040,2025,8,August,3,7,3,Thursday
TT09430,U01277,CR00052,2025-01-10,0.0,Bank Transfer,TC00042,2025,1,January,1,10,4,Friday
TT09431,U01280,CR00038,2025-01-17,342.61,PayPal,TC00042,2025,1,January,1,17,4,Friday
TT09432,U01281,CR00024,2025-10-15,117.68,Credit Card,TC00042,2025,10,October,4,15,2,Wednesday
TT09433,U01284,CR00045,2025-05-22,0.0,Bank Transfer,TC00042,2025,5,May,2,22,3,Thursday
TT09434,U01286,CR00023,2025-10-15,0.0,Credit Card,TC00040,2025,10,October,4,15,2,Wednesday
TT09435,U01287,CR00015,2025-11-20,285.05,PayPal,TC00042,2025,11,November,4,20,3,Thursday
TT09436,U01290,CR00005,2025-08-06,0.0,Credit Card,TC00042,2025,8,August,3,6,2,Wednesday
TT09437,U01318,CR00018,2025-11-07,0.0,Credit Card,TC00042,2025,11,November,4,7,4,Friday
TT09438,U01321,CR00003,2025-11-09,0.0,Bank Transfer,TC00040,2025,11,November,4,9,6,Sunday
TT09439,U01322,CR00032,2025-12-05,0.0,Bank Transfer,TC00040,2025,12,December,4,5,4,Friday
TT09440,U01331,CR00023,2025-12-11,0.0,PayPal,TC00040,2025,12,December,4,11,3,Thursday
TT09441,U01334,CR00030,2025-11-19,0.0,Credit Card,TC00042,2025,11,November,4,19,2,Wednesday
TT09442,U01336,CR00027,2025-05-18,0.0,PayPal,TC00042,2025,5,May,2,18,6,Sunday
TT09443,U01337,CR00053,2025-06-11,0.0,PayPal,TC00040,2025,6,June,2,11,2,Wednesday
TT09444,U01343,CR00004,2025-09-21,0.0,PayPal,TC00042,2025,9,September,3,21,6,Sunday
TT09445,U01344,CR00037,2025-11-26,0.0,Bank Transfer,TC00040,2025,11,November,4,26,2,Wednesday
TT09446,U01346,CR00049,2025-10-14,415.51,Credit Card,TC00042,2025,10,October,4,14,1,Tuesday
TT09447,U01347,CR00044,2025-05-29,119.04,Bank Transfer,TC00040,2025,5,May,2,29,3,Thursday
TT09448,U01350,CR00056,2025-02-14,212.39,Bank Transfer,TC00040,2025,2,February,1,14,4,Friday
TT09449,U01352,CR00057,2025-04-27,177.34,Bank Transfer,TC00040,2025,4,April,2,27,6,Sunday
TT09450,U01355,CR00017,2025-06-22,0.0,Credit Card,TC00042,2025,6,June,2,22,6,Sunday
TT09451,U01364,CR00031,2025-01-10,0.0,Bank Transfer,TC00040,2025,1,January,1,10,4,Friday
TT09452,U01365,CR00006,2025-10-25,276.37,Credit Card,TC00042,2025,10,October,4,25,5,Saturday
TT09453,U01394,CR00021,2025-07-27,0.0,Credit Card,TC00040,2025,7,July,3,27,6,Sunday
TT09454,U01397,CR00043,2025-02-26,0.0,Credit Card,TC00040,2025,2,February,1,26,2,Wednesday
TT09455,U01399,CR00011,2025-02-01,326.02,Credit Card,TC00042,2025,2,February,1,1,5,Saturday
TT09456,U01405,CR00014,2025-03-09,0.0,Credit Card,TC00040,2025,3,March,1,9,6,Sunday
TT09457,U01411,CR00008,2025-10-20,0.0,Credit Card,TC00040,2025,10,October,4,20,0,Monday
TT09458,U01414,CR00034,2025-10-04,394.26,Credit Card,TC00040,2025,10,October,4,4,5,Saturday
TT09459,U01429,CR00010,2025-03-21,0.0,Bank Transfer,TC00042,2025,3,March,1,21,4,Friday
TT09460,U01430,CR00010,2025-12-03,0.0,Credit Card,TC00040,2025,12,December,4,3,2,Wednesday
TT09461,U01432,CR00050,2025-02-09,490.9,PayPal,TC00040,2025,2,February,1,9,6,Sunday
TT09462,U01435,CR00013,2025-03-30,0.0,PayPal,TC00040,2025,3,March,1,30,6,Sunday
TT09463,U01450,CR00014,2025-02-16,0.0,Credit Card,TC00042,2025,2,February,1,16,6,Sunday
TT09464,U01451,CR00014,2025-06-18,0.0,Bank Transfer,TC00042,2025,6,June,2,18,2,Wednesday
TT09465,U01455,CR00045,2025-12-14,0.0,Bank Transfer,TC00042,2025,12,December,4,14,6,Sunday
TT09466,U01460,CR00025,2025-07-23,299.57,Credit Card,TC00042,2025,7,July,3,23,2,Wednesday
TT09467,U01463,CR00026,2025-03-18,0.0,Bank Transfer,TC00042,2025,3,March,1,18,1,Tuesday
TT09468,U01472,CR00051,2025-03-29,37.89,Credit Card,TC00040,2025,3,March,1,29,5,Saturday
TT09469,U01473,CR00008,2025-01-18,0.0,PayPal,TC00040,2025,1,January,1,18,5,Saturday
TT09470,U01475,CR00053,2025-03-01,0.0,Credit Card,TC00042,2025,3,March,1,1,5,Saturday
TT09471,U01497,CR00052,2025-09-29,0.0,PayPal,TC00042,2025,9,September,3,29,0,Monday
TT09472,U01500,CR00032,2025-11-30,0.0,Bank Transfer,TC00040,2025,11,November,4,30,6,Sunday
TT09473,U01506,CR00024,2025-04-04,117.68,Bank Transfer,TC00040,2025,4,April,2,4,4,Friday
TT09474,U01512,CR00019,2025-05-09,0.0,PayPal,TC00040,2025,5,May,2,9,4,Friday
TT09475,U01517,CR00024,2025-04-30,117.68,Bank Transfer,TC00042,2025,4,April,2,30,2,Wednesday
TT09476,U01522,CR00026,2025-07-18,0.0,Bank Transfer,TC00042,2025,7,July,3,18,4,Friday
TT09477,U01526,CR00030,2025-08-20,0.0,Bank Transfer,TC00042,2025,8,August,3,20,2,Wednesday
TT09478,U01530,CR00026,2025-11-03,0.0,Bank Transfer,TC00042,2025,11,November,4,3,0,Monday
TT09479,U01531,CR00019,2025-11-03,0.0,Credit Card,TC00042,2025,11,November,4,3,0,Monday
TT09480,U01536,CR00012,2025-12-06,487.92,PayPal,TC00040,2025,12,December,4,6,5,Saturday
TT09481,U01543,CR00047,2025-11-11,89.59,Bank Transfer,TC00042,2025,11,November,4,11,1,Tuesday
TT09482,U01553,CR00048,2025-02-16,0.0,PayPal,TC00040,2025,2,February,1,16,6,Sunday
TT09483,U01575,CR00033,2025-08-04,0.0,Bank Transfer,TC00040,2025,8,August,3,4,0,Monday
TT09484,U01578,CR00033,2025-04-28,0.0,PayPal,TC00040,2025,4,April,2,28,0,Monday
TT09485,U01585,CR00002,2025-03-01,0.0,PayPal,TC00040,2025,3,March,1,1,5,Saturday
TT09486,U01602,CR00004,2025-12-01,0.0,PayPal,TC00042,2025,12,December,4,1,0,Monday
TT09487,U01618,CR00052,2025-03-11,0.0,PayPal,TC00042,2025,3,March,1,11,1,Tuesday
TT09488,U01627,CR00054,2025-12-09,0.0,Credit Card,TC00040,2025,12,December,4,9,1,Tuesday
TT09489,U01628,CR00058,2025-03-10,0.0,PayPal,TC00042,2025,3,March,1,10,0,Monday
TT09490,U01635,CR00041,2025-12-24,53.86,PayPal,TC00040,2025,12,December,4,24,2,Wednesday
TT09491,U01647,CR00032,2025-12-05,0.0,Bank Transfer,TC00040,2025,12,December,4,5,4,Friday
TT09492,U01654,CR00002,2025-09-06,0.0,PayPal,TC00040,2025,9,September,3,6,5,Saturday
TT09493,U01656,CR00057,2025-08-08,177.34,PayPal,TC00040,2025,8,August,3,8,4,Friday
TT09494,U01662,CR00018,2025-04-21,0.0,PayPal,TC00042,2025,4,April,2,21,0,Monday
TT09495,U01666,CR00032,2025-05-29,0.0,Credit Card,TC00040,2025,5,May,2,29,3,Thursday
TT09496,U01671,CR00041,2025-09-24,53.86,PayPal,TC00040,2025,9,September,3,24,2,Wednesday
TT09497,U01674,CR00017,2025-09-17,0.0,Bank Transfer,TC00042,2025,9,September,3,17,2,Wednesday
TT09498,U01695,CR00001,2025-10-23,472.28,Credit Card,TC00040,2025,10,October,4,23,3,Thursday
TT09499,U01708,CR00044,2025-01-10,119.04,Bank Transfer,TC00040,2025,1,January,1,10,4,Friday
TT09500,U01720,CR00013,2025-08-20,0.0,PayPal,TC00040,2025,8,August,3,20,2,Wednesday
TT09501,U01721,CR00051,2025-08-10,37.89,Bank Transfer,TC00040,2025,8,August,3,10,6,Sunday
TT09502,U01724,CR00018,2025-03-08,0.0,Credit Card,TC00040,2025,3,March,1,8,5,Saturday
TT09503,U01726,CR00025,2025-04-11,299.57,PayPal,TC00040,2025,4,April,2,11,4,Friday
TT09504,U01729,CR00002,2025-12-02,0.0,Credit Card,TC00042,2025,12,December,4,2,1,Tuesday
TT09505,U01745,CR00049,2025-06-02,415.51,Bank Transfer,TC00040,2025,6,June,2,2,0,Monday
TT09506,U01746,CR00056,2025-11-05,212.39,Credit Card,TC00042,2025,11,November,4,5,2,Wednesday
TT09507,U01762,CR00056,2025-07-18,212.39,PayPal,TC00040,2025,7,July,3,18,4,Friday
TT09508,U01773,CR00049,2025-03-11,415.51,Credit Card,TC00040,2025,3,March,1,11,1,Tuesday
TT09509,U01786,CR00042,2025-08-05,0.0,PayPal,TC00042,2025,8,August,3,5,1,Tuesday
TT09510,U01789,CR00041,2025-05-10,53.86,PayPal,TC00042,2025,5,May,2,10,5,Saturday
TT09511,U01795,CR00027,2025-01-11,0.0,PayPal,TC00042,2025,1,January,1,11,5,Saturday
TT09512,U01805,CR00033,2025-11-06,0.0,PayPal,TC00040,2025,11,November,4,6,3,Thursday
TT09513,U01812,CR00028,2025-03-25,0.78,Bank Transfer,TC00042,2025,3,March,1,25,1,Tuesday
TT09514,U01820,CR00013,2025-11-17,0.0,Credit Card,TC00042,2025,11,November,4,17,0,Monday
TT09515,U01822,CR00018,2025-01-05,0.0,Bank Transfer,TC00040,2025,1,January,1,5,6,Sunday
TT09516,U01825,CR00030,2025-05-13,0.0,PayPal,TC00042,2025,5,May,2,13,1,Tuesday
TT09517,U01842,CR00009,2025-07-07,0.0,Bank Transfer,TC00042,2025,7,July,3,7,0,Monday
TT09518,U01854,CR00055,2025-06-04,57.32,PayPal,TC00040,2025,6,June,2,4,2,Wednesday
TT09519,U01872,CR00020,2025-05-19,0.0,Bank Transfer,TC00042,2025,5,May,2,19,0,Monday
TT09520,U01876,CR00044,2025-01-24,119.04,PayPal,TC00040,2025,1,January,1,24,4,Friday
TT09521,U01877,CR00027,2025-07-06,0.0,PayPal,TC00042,2025,7,July,3,6,6,Sunday
TT09522,U01879,CR00028,2025-03-01,0.78,Credit Card,TC00042,2025,3,March,1,1,5,Saturday
TT09523,U01896,CR00060,2025-11-02,0.0,Bank Transfer,TC00040,2025,11,November,4,2,6,Sunday
TT09524,U01900,CR00030,2025-06-17,0.0,Credit Card,TC00042,2025,6,June,2,17,1,Tuesday
TT09525,U01906,CR00023,2025-04-04,0.0,Bank Transfer,TC00042,2025,4,April,2,4,4,Friday
TT09526,U01917,CR00027,2025-05-25,0.0,Credit Card,TC00042,2025,5,May,2,25,6,Sunday
TT09527,U01918,CR00017,2025-09-11,0.0,Credit Card,TC00040,2025,9,September,3,11,3,Thursday
TT09528,U01920,CR00048,2025-01-09,0.0,PayPal,TC00040,2025,1,January,1,9,3,Thursday
TT09529,U01926,CR00026,2025-04-14,0.0,Bank Transfer,TC00042,2025,4,April,2,14,0,Monday
TT09530,U01929,CR00035,2025-03-21,0.0,Credit Card,TC00040,2025,3,March,1,21,4,Friday
TT09531,U01934,CR00008,2025-08-27,0.0,PayPal,TC00042,2025,8,August,3,27,2,Wednesday
TT09532,U01943,CR00042,2025-02-23,0.0,Bank Transfer,TC00042,2025,2,February,1,23,6,Sunday
TT09533,U01953,CR00002,2025-03-09,0.0,PayPal,TC00042,2025,3,March,1,9,6,Sunday
TT09534,U01959,CR00032,2025-10-29,0.0,Credit Card,TC00040,2025,10,October,4,29,2,Wednesday
TT09535,U01961,CR00021,2025-11-15,0.0,PayPal,TC00040,2025,11,November,4,15,5,Saturday
TT09536,U01979,CR00025,2025-05-24,299.57,Bank Transfer,TC00040,2025,5,May,2,24,5,Saturday
TT09537,U01989,CR00053,2025-01-29,0.0,Bank Transfer,TC00042,2025,1,January,1,29,2,Wednesday
TT09538,U01993,CR00009,2025-03-16,0.0,Credit Card,TC00040,2025,3,March,1,16,6,Sunday
TT09539,U01998,CR00034,2025-11-02,394.26,PayPal,TC00040,2025,11,November,4,2,6,Sunday
TT09540,U02010,CR00035,2025-05-04,0.0,Credit Card,TC00040,2025,5,May,2,4,6,Sunday
TT09541,U02015,CR00014,2025-05-27,0.0,Credit Card,TC00040,2025,5,May,2,27,1,Tuesday
TT09542,U02035,CR00026,2025-09-05,0.0,Bank Transfer,TC00042,2025,9,September,3,5,4,Friday
TT09543,U02038,CR00003,2025-11-18,0.0,PayPal,TC00042,2025,11,November,4,18,1,Tuesday
TT09544,U02039,CR00035,2025-03-15,0.0,Bank Transfer,TC00040,2025,3,March,1,15,5,Saturday
TT09545,U02055,CR00012,2025-07-15,487.92,Bank Transfer,TC00040,2025,7,July,3,15,1,Tuesday
TT09546,U02064,CR00040,2025-07-02,327.99,Credit Card,TC00040,2025,7,July,3,2,2,Wednesday
TT09547,U02068,CR00060,2025-04-25,0.0,Bank Transfer,TC00040,2025,4,April,2,25,4,Friday
TT09548,U02071,CR00017,2025-01-28,0.0,Credit Card,TC00040,2025,1,January,1,28,1,Tuesday
TT09549,U02074,CR00047,2025-10-19,89.59,Credit Card,TC00040,2025,10,October,4,19,6,Sunday
TT09550,U02077,CR00023,2025-10-04,0.0,Credit Card,TC00042,2025,10,October,4,4,5,Saturday
TT09551,U02096,CR00010,2025-12-07,0.0,Bank Transfer,TC00042,2025,12,December,4,7,6,Sunday
TT09552,U02098,CR00056,2025-05-14,212.39,Bank Transfer,TC00040,2025,5,May,2,14,2,Wednesday
TT09553,U02125,CR00038,2025-11-27,342.61,Bank Transfer,TC00040,2025,11,November,4,27,3,Thursday
TT09554,U02144,CR00049,2025-07-08,415.51,Credit Card,TC00040,2025,7,July,3,8,1,Tuesday
TT09555,U02147,CR00034,2025-11-11,394.26,PayPal,TC00040,2025,11,November,4,11,1,Tuesday
TT09556,U02149,CR00031,2025-10-02,0.0,Bank Transfer,TC00040,2025,10,October,4,2,3,Thursday
TT09557,U02152,CR00038,2025-11-09,342.61,PayPal,TC00042,2025,11,November,4,9,6,Sunday
TT09558,U02153,CR00001,2025-03-04,472.28,Credit Card,TC00040,2025,3,March,1,4,1,Tuesday
TT09559,U02161,CR00007,2025-04-03,0.0,Credit Card,TC00042,2025,4,April,2,3,3,Thursday
TT09560,U02174,CR00050,2025-06-10,490.9,PayPal,TC00042,2025,6,June,2,10,1,Tuesday
TT09561,U02212,CR00058,2025-05-01,0.0,Credit Card,TC00042,2025,5,May,2,1,3,Thursday
TT09562,U02217,CR00051,2025-06-08,37.89,PayPal,TC00042,2025,6,June,2,8,6,Sunday
TT09563,U02231,CR00017,2025-04-25,0.0,Credit Card,TC00042,2025,4,April,2,25,4,Friday
TT09564,U02248,CR00055,2025-11-14,57.32,Bank Transfer,TC00040,2025,11,November,4,14,4,Friday
TT09565,U02254,CR00059,2025-09-23,0.0,PayPal,TC00040,2025,9,September,3,23,1,Tuesday
TT09566,U02258,CR00051,2025-08-23,37.89,Credit Card,TC00042,2025,8,August,3,23,5,Saturday
TT09567,U02288,CR00008,2025-08-11,0.0,Credit Card,TC00042,2025,8,August,3,11,0,Monday
TT09568,U02290,CR00016,2025-12-11,0.0,Credit Card,TC00042,2025,12,December,4,11,3,Thursday
TT09569,U02300,CR00051,2025-09-23,37.89,Bank Transfer,TC00040,2025,9,September,3,23,1,Tuesday
TT09570,U02301,CR00058,2025-07-30,0.0,PayPal,TC00040,2025,7,July,3,30,2,Wednesday
TT09571,U02306,CR00026,2025-04-08,0.0,Bank Transfer,TC00042,2025,4,April,2,8,1,Tuesday
TT09572,U02315,CR00041,2025-06-09,53.86,PayPal,TC00040,2025,6,June,2,9,0,Monday
TT09573,U02336,CR00031,2025-08-01,0.0,Credit Card,TC00040,2025,8,August,3,1,4,Friday
TT09574,U02341,CR00006,2025-05-04,276.37,Credit Card,TC00040,2025,5,May,2,4,6,Sunday
TT09575,U02344,CR00050,2025-11-14,490.9,Bank Transfer,TC00042,2025,11,November,4,14,4,Friday
TT09576,U02345,CR00039,2025-02-28,346.71,PayPal,TC00040,2025,2,February,1,28,4,Friday
TT09577,U02349,CR00052,2025-01-28,0.0,Credit Card,TC00040,2025,1,January,1,28,1,Tuesday
TT09578,U02370,CR00011,2025-07-18,326.02,Bank Transfer,TC00042,2025,7,July,3,18,4,Friday
TT09579,U02371,CR00057,2025-01-02,177.34,Credit Card,TC00042,2025,1,January,1,2,3,Thursday
TT09580,U02410,CR00020,2025-12-24,0.0,PayPal,TC00040,2025,12,December,4,24,2,Wednesday
TT09581,U02415,CR00059,2025-08-06,0.0,Bank Transfer,TC00042,2025,8,August,3,6,2,Wednesday
TT09582,U02427,CR00015,2025-04-20,285.05,Credit Card,TC00040,2025,4,April,2,20,6,Sunday
TT09583,U02432,CR00001,2025-04-12,472.28,PayPal,TC00040,2025,4,April,2,12,5,Saturday
TT09584,U02445,CR00042,2025-12-18,0.0,Credit Card,TC00040,2025,12,December,4,18,3,Thursday
TT09585,U02459,CR00057,2025-07-03,177.34,PayPal,TC00042,2025,7,July,3,3,3,Thursday
TT09586,U02470,CR00033,2025-05-15,0.0,PayPal,TC00040,2025,5,May,2,15,3,Thursday
TT09587,U02485,CR00041,2025-05-09,53.86,Credit Card,TC00042,2025,5,May,2,9,4,Friday
TT09588,U02490,CR00048,2025-03-20,0.0,PayPal,TC00040,2025,3,March,1,20,3,Thursday
TT09589,U02512,CR00002,2025-10-12,0.0,Credit Card,TC00040,2025,10,October,4,12,6,Sunday
TT09590,U02515,CR00040,2025-05-26,327.99,PayPal,TC00042,2025,5,May,2,26,0,Monday
TT09591,U02540,CR00060,2025-01-11,0.0,Credit Card,TC00042,2025,1,January,1,11,5,Saturday
TT09592,U02541,CR00055,2025-02-01,57.32,PayPal,TC00040,2025,2,February,1,1,5,Saturday
TT09593,U02542,CR00057,2025-12-04,177.34,Credit Card,TC00042,2025,12,December,4,4,3,Thursday
TT09594,U02566,CR00003,2025-07-05,0.0,Credit Card,TC00040,2025,7,July,3,5,5,Saturday
TT09595,U02582,CR00055,2025-09-10,57.32,Bank Transfer,TC00040,2025,9,September,3,10,2,Wednesday
TT09596,U02583,CR00031,2025-09-05,0.0,Bank Transfer,TC00040,2025,9,September,3,5,4,Friday
TT09597,U02593,CR00022,2025-09-16,0.0,Credit Card,TC00040,2025,9,September,3,16,1,Tuesday
TT09598,U02602,CR00023,2025-03-16,0.0,Credit Card,TC00040,2025,3,March,1,16,6,Sunday
TT09599,U02605,CR00056,2025-07-23,212.39,Bank Transfer,TC00040,2025,7,July,3,23,2,Wednesday
TT09600,U02612,CR00053,2025-09-27,0.0,Bank Transfer,TC00042,2025,9,September,3,27,5,Saturday
TT09601,U02616,CR00017,2025-01-10,0.0,PayPal,TC00042,2025,1,January,1,10,4,Friday
TT09602,U02630,CR00009,2025-04-24,0.0,PayPal,TC00040,2025,4,April,2,24,3,Thursday
TT09603,U02633,CR00059,2025-06-21,0.0,Credit Card,TC00040,2025,6,June,2,21,5,Saturday
TT09604,U02643,CR00045,2025-10-08,0.0,Bank Transfer,TC00042,2025,10,October,4,8,2,Wednesday
TT09605,U02645,CR00009,2025-08-06,0.0,Credit Card,TC00040,2025,8,August,3,6,2,Wednesday
TT09606,U02651,CR00040,2025-12-21,327.99,Credit Card,TC00042,2025,12,December,4,21,6,Sunday
TT09607,U02663,CR00045,2025-10-09,0.0,PayPal,TC00042,2025,10,October,4,9,3,Thursday
TT09608,U02672,CR00002,2025-04-28,0.0,PayPal,TC00040,2025,4,April,2,28,0,Monday
TT09609,U02679,CR00024,2025-10-18,117.68,Bank Transfer,TC00040,2025,10,October,4,18,5,Saturday
TT09610,U02683,CR00019,2025-10-20,0.0,PayPal,TC00042,2025,10,October,4,20,0,Monday
TT09611,U02684,CR00015,2025-11-15,285.05,PayPal,TC00042,2025,11,November,4,15,5,Saturday
TT09612,U02698,CR00032,2025-05-01,0.0,PayPal,TC00040,2025,5,May,2,1,3,Thursday
TT09613,U02733,CR00001,2025-05-07,472.28,Credit Card,TC00040,2025,5,May,2,7,2,Wednesday
TT09614,U02743,CR00021,2025-09-20,0.0,Credit Card,TC00040,2025,9,September,3,20,5,Saturday
TT09615,U02754,CR00045,2025-03-30,0.0,Bank Transfer,TC00040,2025,3,March,1,30,6,Sunday
TT09616,U02770,CR00034,2025-08-07,394.26,Bank Transfer,TC00040,2025,8,August,3,7,3,Thursday
TT09617,U02775,CR00038,2025-03-01,342.61,Bank Transfer,TC00040,2025,3,March,1,1,5,Saturday
TT09618,U02788,CR00017,2025-12-13,0.0,PayPal,TC00042,2025,12,December,4,13,5,Saturday
TT09619,U02793,CR00016,2025-07-22,0.0,Bank Transfer,TC00042,2025,7,July,3,22,1,Tuesday
TT09620,U02832,CR00010,2025-02-18,0.0,Credit Card,TC00042,2025,2,February,1,18,1,Tuesday
TT09621,U02843,CR00022,2025-09-14,0.0,PayPal,TC00040,2025,9,September,3,14,6,Sunday
TT09622,U02850,CR00051,2025-03-02,37.89,PayPal,TC00040,2025,3,March,1,2,6,Sunday
TT09623,U02857,CR00029,2025-01-06,0.0,PayPal,TC00042,2025,1,January,1,6,0,Monday
TT09624,U02883,CR00036,2025-04-20,0.0,Bank Transfer,TC00042,2025,4,April,2,20,6,Sunday
TT09625,U02899,CR00042,2025-04-23,0.0,PayPal,TC00042,2025,4,April,2,23,2,Wednesday
TT09626,U02909,CR00016,2025-05-11,0.0,Credit Card,TC00042,2025,5,May,2,11,6,Sunday
TT09627,U02915,CR00019,2025-05-26,0.0,PayPal,TC00040,2025,5,May,2,26,0,Monday
TT09628,U02916,CR00042,2025-12-04,0.0,Bank Transfer,TC00040,2025,12,December,4,4,3,Thursday
TT09629,U02927,CR00021,2025-01-23,0.0,Bank Transfer,TC00042,2025,1,January,1,23,3,Thursday
TT09630,U02931,CR00029,2025-06-11,0.0,PayPal,TC00042,2025,6,June,2,11,2,Wednesday
TT09631,U02937,CR00041,2025-01-17,53.86,Credit Card,TC00040,2025,1,January,1,17,4,Friday
TT09632,U02941,CR00058,2025-11-18,0.0,Bank Transfer,TC00042,2025,11,November,4,18,1,Tuesday
TT09633,U02945,CR00011,2025-11-04,326.02,Bank Transfer,TC00040,2025,11,November,4,4,1,Tuesday
TT09634,U02947,CR00029,2025-10-25,0.0,Bank Transfer,TC00042,2025,10,October,4,25,5,Saturday
TT09635,U02971,CR00059,2025-11-04,0.0,PayPal,TC00042,2025,11,November,4,4,1,Tuesday
TT09636,U02974,CR00025,2025-09-23,299.57,Bank Transfer,TC00040,2025,9,September,3,23,1,Tuesday
TT09637,U02976,CR00008,2025-07-27,0.0,Bank Transfer,TC00042,2025,7,July,3,27,6,Sunday
TT09638,U02980,CR00021,2025-01-06,0.0,Credit Card,TC00040,2025,1,January,1,6,0,Monday
TT09639,U02981,CR00032,2025-09-19,0.0,Credit Card,TC00040,2025,9,September,3,19,4,Friday
TT09640,U02984,CR00049,2025-11-18,415.51,PayPal,TC00042,2025,11,November,4,18,1,Tuesday
TT09641,U02989,CR00051,2025-02-04,37.89,PayPal,TC00042,2025,2,February,1,4,1,Tuesday
TT09642,U02992,CR00016,2025-06-19,0.0,Bank Transfer,TC00042,2025,6,June,2,19,3,Thursday
TT09643,U02994,CR00024,2025-07-16,117.68,Bank Transfer,TC00040,2025,7,July,3,16,2,Wednesday
TT09644,U00003,CR00040,2025-05-07,327.99,Bank Transfer,TC00042,2025,5,May,2,7,2,Wednesday
TT09645,U00004,CR00058,2025-01-07,0.0,Bank Transfer,TC00042,2025,1,January,1,7,1,Tuesday
TT09646,U00013,CR00055,2025-04-07,57.32,PayPal,TC00040,2025,4,April,2,7,0,Monday
TT09647,U00015,CR00058,2025-02-09,0.0,Credit Card,TC00042,2025,2,February,1,9,6,Sunday
TT09648,U00018,CR00024,2025-01-25,117.68,Credit Card,TC00042,2025,1,January,1,25,5,Saturday
TT09649,U00028,CR00029,2025-01-11,0.0,Credit Card,TC00042,2025,1,January,1,11,5,Saturday
TT09650,U00045,CR00020,2025-09-29,0.0,Bank Transfer,TC00040,2025,9,September,3,29,0,Monday
TT09651,U00048,CR00007,2025-01-17,0.0,Credit Card,TC00042,2025,1,January,1,17,4,Friday
TT09652,U00055,CR00006,2025-12-16,276.37,PayPal,TC00042,2025,12,December,4,16,1,Tuesday
TT09653,U00071,CR00005,2025-03-28,0.0,Bank Transfer,TC00042,2025,3,March,1,28,4,Friday
TT09654,U00083,CR00046,2025-11-07,248.1,Bank Transfer,TC00040,2025,11,November,4,7,4,Friday
TT09655,U00085,CR00006,2025-12-25,276.37,Credit Card,TC00042,2025,12,December,4,25,3,Thursday
TT09656,U00109,CR00012,2025-10-21,487.92,Bank Transfer,TC00042,2025,10,October,4,21,1,Tuesday
TT09657,U00112,CR00058,2025-09-27,0.0,Bank Transfer,TC00042,2025,9,September,3,27,5,Saturday
TT09658,U00126,CR00054,2025-09-11,0.0,Bank Transfer,TC00042,2025,9,September,3,11,3,Thursday
TT09659,U00128,CR00025,2025-05-02,299.57,PayPal,TC00040,2025,5,May,2,2,4,Friday
TT09660,U00133,CR00047,2025-12-01,89.59,Credit Card,TC00040,2025,12,December,4,1,0,Monday
TT09661,U00134,CR00036,2025-11-13,0.0,Credit Card,TC00042,2025,11,November,4,13,3,Thursday
TT09662,U00147,CR00020,2025-12-29,0.0,Credit Card,TC00040,2025,12,December,4,29,0,Monday
TT09663,U00149,CR00026,2025-09-12,0.0,Credit Card,TC00042,2025,9,September,3,12,4,Friday
TT09664,U00152,CR00036,2025-09-06,0.0,Bank Transfer,TC00042,2025,9,September,3,6,5,Saturday
TT09665,U00161,CR00033,2025-02-13,0.0,PayPal,TC00040,2025,2,February,1,13,3,Thursday
TT09666,U00166,CR00046,2025-06-22,248.1,Credit Card,TC00042,2025,6,June,2,22,6,Sunday
TT09667,U00169,CR00058,2025-06-04,0.0,Credit Card,TC00040,2025,6,June,2,4,2,Wednesday
TT09668,U00173,CR00049,2025-07-13,415.51,PayPal,TC00042,2025,7,July,3,13,6,Sunday
TT09669,U00177,CR00025,2025-09-29,299.57,Bank Transfer,TC00042,2025,9,September,3,29,0,Monday
TT09670,U00178,CR00010,2025-11-11,0.0,Credit Card,TC00040,2025,11,November,4,11,1,Tuesday
TT09671,U00192,CR00016,2025-11-29,0.0,PayPal,TC00042,2025,11,November,4,29,5,Saturday
TT09672,U00208,CR00022,2025-02-06,0.0,PayPal,TC00040,2025,2,February,1,6,3,Thursday
TT09673,U00216,CR00012,2025-02-01,487.92,Credit Card,TC00042,2025,2,February,1,1,5,Saturday
TT09674,U00220,CR00048,2025-10-03,0.0,Credit Card,TC00042,2025,10,October,4,3,4,Friday
TT09675,U00238,CR00020,2025-11-06,0.0,Credit Card,TC00042,2025,11,November,4,6,3,Thursday
TT09676,U00251,CR00004,2025-11-12,0.0,Bank Transfer,TC00040,2025,11,November,4,12,2,Wednesday
TT09677,U00260,CR00021,2025-09-09,0.0,Bank Transfer,TC00040,2025,9,September,3,9,1,Tuesday
TT09678,U00265,CR00044,2025-07-12,119.04,Bank Transfer,TC00040,2025,7,July,3,12,5,Saturday
TT09679,U00272,CR00027,2025-06-28,0.0,Credit Card,TC00042,2025,6,June,2,28,5,Saturday
TT09680,U00282,CR00024,2025-05-24,117.68,PayPal,TC00042,2025,5,May,2,24,5,Saturday
TT09681,U00293,CR00026,2025-05-17,0.0,Bank Transfer,TC00042,2025,5,May,2,17,5,Saturday
TT09682,U00298,CR00037,2025-10-14,0.0,Bank Transfer,TC00040,2025,10,October,4,14,1,Tuesday
TT09683,U00301,CR00052,2025-03-06,0.0,Credit Card,TC00040,2025,3,March,1,6,3,Thursday
TT09684,U00303,CR00049,2025-01-15,415.51,PayPal,TC00040,2025,1,January,1,15,2,Wednesday
TT09685,U00310,CR00014,2025-10-30,0.0,PayPal,TC00042,2025,10,October,4,30,3,Thursday
TT09686,U00321,CR00034,2025-01-30,394.26,PayPal,TC00040,2025,1,January,1,30,3,Thursday
TT09687,U00322,CR00052,2025-01-03,0.0,PayPal,TC00040,2025,1,January,1,3,4,Friday
TT09688,U00323,CR00018,2025-08-19,0.0,Bank Transfer,TC00042,2025,8,August,3,19,1,Tuesday
TT09689,U00328,CR00043,2025-10-30,0.0,Bank Transfer,TC00040,2025,10,October,4,30,3,Thursday
TT09690,U00329,CR00018,2025-02-15,0.0,PayPal,TC00040,2025,2,February,1,15,5,Saturday
TT09691,U00330,CR00023,2025-07-25,0.0,Bank Transfer,TC00042,2025,7,July,3,25,4,Friday
TT09692,U00334,CR00047,2025-11-28,89.59,PayPal,TC00042,2025,11,November,4,28,4,Friday
TT09693,U00338,CR00038,2025-06-13,342.61,Bank Transfer,TC00040,2025,6,June,2,13,4,Friday
TT09694,U00339,CR00053,2025-01-02,0.0,Bank Transfer,TC00040,2025,1,January,1,2,3,Thursday
TT09695,U00340,CR00025,2025-02-04,299.57,Bank Transfer,TC00042,2025,2,February,1,4,1,Tuesday
TT09696,U00345,CR00031,2025-01-17,0.0,PayPal,TC00040,2025,1,January,1,17,4,Friday
TT09697,U00352,CR00007,2025-07-07,0.0,Bank Transfer,TC00040,2025,7,July,3,7,0,Monday
TT09698,U00353,CR00020,2025-06-22,0.0,PayPal,TC00042,2025,6,June,2,22,6,Sunday
TT09699,U00356,CR00003,2025-12-22,0.0,Credit Card,TC00040,2025,12,December,4,22,0,Monday
TT09700,U00357,CR00049,2025-01-04,415.51,Credit Card,TC00042,2025,1,January,1,4,5,Saturday
TT09701,U00362,CR00044,2025-03-13,119.04,PayPal,TC00042,2025,3,March,1,13,3,Thursday
TT09702,U00365,CR00051,2025-08-23,37.89,Bank Transfer,TC00042,2025,8,August,3,23,5,Saturday
TT09703,U00379,CR00050,2025-07-14,490.9,Bank Transfer,TC00040,2025,7,July,3,14,0,Monday
TT09704,U00399,CR00055,2025-08-03,57.32,PayPal,TC00042,2025,8,August,3,3,6,Sunday
TT09705,U00404,CR00057,2025-09-01,177.34,Credit Card,TC00042,2025,9,September,3,1,0,Monday
TT09706,U00406,CR00046,2025-07-22,248.1,Bank Transfer,TC00042,2025,7,July,3,22,1,Tuesday
TT09707,U00411,CR00006,2025-08-07,276.37,Bank Transfer,TC00042,2025,8,August,3,7,3,Thursday
TT09708,U00423,CR00027,2025-10-01,0.0,Credit Card,TC00042,2025,10,October,4,1,2,Wednesday
TT09709,U00427,CR00044,2025-01-13,119.04,Bank Transfer,TC00042,2025,1,January,1,13,0,Monday
TT09710,U00444,CR00059,2025-07-05,0.0,PayPal,TC00042,2025,7,July,3,5,5,Saturday
TT09711,U00449,CR00039,2025-09-16,346.71,Bank Transfer,TC00040,2025,9,September,3,16,1,Tuesday
TT09712,U00543,CR00021,2025-12-07,0.0,Bank Transfer,TC00040,2025,12,December,4,7,6,Sunday
TT09713,U00548,CR00034,2025-07-26,394.26,Credit Card,TC00040,2025,7,July,3,26,5,Saturday
TT09714,U00556,CR00008,2025-12-03,0.0,Credit Card,TC00042,2025,12,December,4,3,2,Wednesday
TT09715,U00559,CR00060,2025-03-07,0.0,Bank Transfer,TC00042,2025,3,March,1,7,4,Friday
TT09716,U00562,CR00032,2025-04-11,0.0,Credit Card,TC00040,2025,4,April,2,11,4,Friday
TT09717,U00569,CR00010,2025-11-24,0.0,PayPal,TC00040,2025,11,November,4,24,0,Monday
TT09718,U00570,CR00013,2025-04-08,0.0,Credit Card,TC00040,2025,4,April,2,8,1,Tuesday
TT09719,U00572,CR00032,2025-08-09,0.0,PayPal,TC00040,2025,8,August,3,9,5,Saturday
TT09720,U00573,CR00029,2025-01-01,0.0,Bank Transfer,TC00042,2025,1,January,1,1,2,Wednesday
TT09721,U00574,CR00030,2025-12-01,0.0,PayPal,TC00042,2025,12,December,4,1,0,Monday
TT09722,U00576,CR00033,2025-02-24,0.0,PayPal,TC00040,2025,2,February,1,24,0,Monday
TT09723,U00584,CR00024,2025-09-08,117.68,Credit Card,TC00042,2025,9,September,3,8,0,Monday
TT09724,U00595,CR00007,2025-08-03,0.0,Credit Card,TC00040,2025,8,August,3,3,6,Sunday
TT09725,U00604,CR00019,2025-03-16,0.0,PayPal,TC00040,2025,3,March,1,16,6,Sunday
TT09726,U00619,CR00037,2025-02-04,0.0,PayPal,TC00040,2025,2,February,1,4,1,Tuesday
TT09727,U00622,CR00057,2025-04-27,177.34,PayPal,TC00042,2025,4,April,2,27,6,Sunday
TT09728,U00633,CR00006,2025-01-26,276.37,Credit Card,TC00040,2025,1,January,1,26,6,Sunday
TT09729,U00636,CR00060,2025-03-25,0.0,PayPal,TC00040,2025,3,March,1,25,1,Tuesday
TT09730,U00639,CR00041,2025-10-01,53.86,Bank Transfer,TC00042,2025,10,October,4,1,2,Wednesday
TT09731,U00687,CR00049,2025-11-30,415.51,PayPal,TC00042,2025,11,November,4,30,6,Sunday
TT09732,U00701,CR00040,2025-01-14,327.99,Credit Card,TC00042,2025,1,January,1,14,1,Tuesday
TT09733,U00704,CR00040,2025-04-19,327.99,Credit Card,TC00042,2025,4,April,2,19,5,Saturday
TT09734,U00723,CR00047,2025-02-21,89.59,Bank Transfer,TC00040,2025,2,February,1,21,4,Friday
TT09735,U00724,CR00003,2025-11-15,0.0,PayPal,TC00040,2025,11,November,4,15,5,Saturday
TT09736,U00752,CR00022,2025-07-24,0.0,Credit Card,TC00042,2025,7,July,3,24,3,Thursday
TT09737,U00760,CR00040,2025-12-29,327.99,PayPal,TC00040,2025,12,December,4,29,0,Monday
TT09738,U00765,CR00045,2025-10-22,0.0,PayPal,TC00040,2025,10,October,4,22,2,Wednesday
TT09739,U00772,CR00033,2025-01-19,0.0,Credit Card,TC00040,2025,1,January,1,19,6,Sunday
TT09740,U00786,CR00016,2025-03-03,0.0,Credit Card,TC00040,2025,3,March,1,3,0,Monday
TT09741,U00819,CR00041,2025-08-02,53.86,Bank Transfer,TC00040,2025,8,August,3,2,5,Saturday
TT09742,U00821,CR00047,2025-03-23,89.59,Credit Card,TC00042,2025,3,March,1,23,6,Sunday
TT09743,U00829,CR00039,2025-09-22,346.71,Bank Transfer,TC00042,2025,9,September,3,22,0,Monday
TT09744,U00836,CR00004,2025-11-04,0.0,PayPal,TC00040,2025,11,November,4,4,1,Tuesday
TT09745,U00838,CR00027,2025-11-19,0.0,PayPal,TC00042,2025,11,November,4,19,2,Wednesday
TT09746,U00850,CR00036,2025-11-29,0.0,Bank Transfer,TC00040,2025,11,November,4,29,5,Saturday
TT09747,U00852,CR00032,2025-04-05,0.0,Credit Card,TC00040,2025,4,April,2,5,5,Saturday
TT09748,U00858,CR00009,2025-10-30,0.0,Credit Card,TC00040,2025,10,October,4,30,3,Thursday
TT09749,U00874,CR00009,2025-12-04,0.0,Bank Transfer,TC00042,2025,12,December,4,4,3,Thursday
TT09750,U00876,CR00042,2025-08-06,0.0,PayPal,TC00040,2025,8,August,3,6,2,Wednesday
TT09751,U00881,CR00023,2025-07-01,0.0,PayPal,TC00040,2025,7,July,3,1,1,Tuesday
TT09752,U00915,CR00050,2025-06-22,490.9,PayPal,TC00042,2025,6,June,2,22,6,Sunday
TT09753,U00919,CR00007,2025-04-11,0.0,Credit Card,TC00042,2025,4,April,2,11,4,Friday
TT09754,U00961,CR00001,2025-10-11,472.28,Credit Card,TC00042,2025,10,October,4,11,5,Saturday
TT09755,U00967,CR00019,2025-11-03,0.0,Bank Transfer,TC00042,2025,11,November,4,3,0,Monday
TT09756,U00976,CR00007,2025-10-28,0.0,Credit Card,TC00042,2025,10,October,4,28,1,Tuesday
TT09757,U00981,CR00053,2025-08-19,0.0,Credit Card,TC00040,2025,8,August,3,19,1,Tuesday
TT09758,U00989,CR00038,2025-01-06,342.61,Bank Transfer,TC00042,2025,1,January,1,6,0,Monday
TT09759,U00997,CR00036,2025-01-16,0.0,Credit Card,TC00040,2025,1,January,1,16,3,Thursday
TT09760,U01000,CR00057,2025-11-21,177.34,Bank Transfer,TC00040,2025,11,November,4,21,4,Friday
TT09761,U01015,CR00021,2025-07-20,0.0,Bank Transfer,TC00042,2025,7,July,3,20,6,Sunday
TT09762,U01020,CR00053,2025-07-27,0.0,Bank Transfer,TC00042,2025,7,July,3,27,6,Sunday
TT09763,U01022,CR00009,2025-10-27,0.0,Credit Card,TC00040,2025,10,October,4,27,0,Monday
TT09764,U01031,CR00008,2025-05-08,0.0,Credit Card,TC00040,2025,5,May,2,8,3,Thursday
TT09765,U01034,CR00003,2025-07-06,0.0,PayPal,TC00040,2025,7,July,3,6,6,Sunday
TT09766,U01066,CR00045,2025-12-30,0.0,PayPal,TC00040,2025,12,December,4,30,1,Tuesday
TT09767,U01079,CR00051,2025-11-30,37.89,PayPal,TC00040,2025,11,November,4,30,6,Sunday
TT09768,U01083,CR00024,2025-05-12,117.68,Credit Card,TC00042,2025,5,May,2,12,0,Monday
TT09769,U01084,CR00056,2025-03-22,212.39,Credit Card,TC00042,2025,3,March,1,22,5,Saturday
TT09770,U01092,CR00002,2025-03-28,0.0,Credit Card,TC00040,2025,3,March,1,28,4,Friday
TT09771,U01096,CR00041,2025-02-06,53.86,PayPal,TC00040,2025,2,February,1,6,3,Thursday
TT09772,U01123,CR00046,2025-05-22,248.1,Credit Card,TC00042,2025,5,May,2,22,3,Thursday
TT09773,U01143,CR00002,2025-12-30,0.0,Bank Transfer,TC00040,2025,12,December,4,30,1,Tuesday
TT09774,U01146,CR00057,2025-11-21,177.34,Bank Transfer,TC00040,2025,11,November,4,21,4,Friday
TT09775,U01151,CR00060,2025-03-29,0.0,PayPal,TC00040,2025,3,March,1,29,5,Saturday
TT09776,U01163,CR00036,2025-03-23,0.0,PayPal,TC00042,2025,3,March,1,23,6,Sunday
TT09777,U01170,CR00038,2025-01-09,342.61,Bank Transfer,TC00040,2025,1,January,1,9,3,Thursday
TT09778,U01177,CR00031,2025-10-07,0.0,Credit Card,TC00040,2025,10,October,4,7,1,Tuesday
TT09779,U01180,CR00007,2025-02-11,0.0,Credit Card,TC00040,2025,2,February,1,11,1,Tuesday
TT09780,U01197,CR00044,2025-01-20,119.04,Bank Transfer,TC00040,2025,1,January,1,20,0,Monday
TT09781,U01203,CR00013,2025-02-24,0.0,PayPal,TC00042,2025,2,February,1,24,0,Monday
TT09782,U01221,CR00020,2025-08-28,0.0,Credit Card,TC00042,2025,8,August,3,28,3,Thursday
TT09783,U01224,CR00051,2025-05-24,37.89,PayPal,TC00042,2025,5,May,2,24,5,Saturday
TT09784,U01231,CR00049,2025-06-30,415.51,PayPal,TC00040,2025,6,June,2,30,0,Monday
TT09785,U01235,CR00032,2025-08-07,0.0,Credit Card,TC00040,2025,8,August,3,7,3,Thursday
TT09786,U01237,CR00029,2025-06-28,0.0,PayPal,TC00042,2025,6,June,2,28,5,Saturday
TT09787,U01239,CR00039,2025-08-02,346.71,Bank Transfer,TC00040,2025,8,August,3,2,5,Saturday
TT09788,U01244,CR00053,2025-07-11,0.0,PayPal,TC00042,2025,7,July,3,11,4,Friday
TT09789,U01249,CR00011,2025-09-24,326.02,PayPal,TC00040,2025,9,September,3,24,2,Wednesday
TT09790,U01250,CR00048,2025-08-12,0.0,Bank Transfer,TC00040,2025,8,August,3,12,1,Tuesday
TT09791,U01261,CR00007,2025-04-15,0.0,Credit Card,TC00040,2025,4,April,2,15,1,Tuesday
TT09792,U01267,CR00040,2025-07-20,327.99,Credit Card,TC00040,2025,7,July,3,20,6,Sunday
TT09793,U01277,CR00032,2025-11-16,0.0,Bank Transfer,TC00040,2025,11,November,4,16,6,Sunday
TT09794,U01281,CR00045,2025-11-15,0.0,Bank Transfer,TC00040,2025,11,November,4,15,5,Saturday
TT09795,U01284,CR00054,2025-02-07,0.0,PayPal,TC00042,2025,2,February,1,7,4,Friday
TT09796,U01286,CR00018,2025-10-30,0.0,Bank Transfer,TC00040,2025,10,October,4,30,3,Thursday
TT09797,U01287,CR00006,2025-03-02,276.37,Credit Card,TC00042,2025,3,March,1,2,6,Sunday
TT09798,U01290,CR00024,2025-05-04,117.68,Bank Transfer,TC00042,2025,5,May,2,4,6,Sunday
TT09799,U01315,CR00053,2025-03-07,0.0,Credit Card,TC00042,2025,3,March,1,7,4,Friday
TT09800,U01318,CR00033,2025-08-18,0.0,Credit Card,TC00040,2025,8,August,3,18,0,Monday
TT09801,U01331,CR00053,2025-06-01,0.0,Credit Card,TC00040,2025,6,June,2,1,6,Sunday
TT09802,U01336,CR00036,2025-02-26,0.0,PayPal,TC00042,2025,2,February,1,26,2,Wednesday
TT09803,U01337,CR00047,2025-10-11,89.59,Credit Card,TC00042,2025,10,October,4,11,5,Saturday
TT09804,U01343,CR00038,2025-09-18,342.61,Bank Transfer,TC00042,2025,9,September,3,18,3,Thursday
TT09805,U01344,CR00020,2025-12-26,0.0,Bank Transfer,TC00042,2025,12,December,4,26,4,Friday
TT09806,U01346,CR00051,2025-03-24,37.89,Credit Card,TC00042,2025,3,March,1,24,0,Monday
TT09807,U01347,CR00058,2025-08-03,0.0,PayPal,TC00040,2025,8,August,3,3,6,Sunday
TT09808,U01350,CR00031,2025-01-10,0.0,Credit Card,TC00040,2025,1,January,1,10,4,Friday
TT09809,U01352,CR00016,2025-05-08,0.0,Bank Transfer,TC00042,2025,5,May,2,8,3,Thursday
TT09810,U01364,CR00026,2025-10-09,0.0,Bank Transfer,TC00042,2025,10,October,4,9,3,Thursday
TT09811,U01365,CR00021,2025-04-05,0.0,Bank Transfer,TC00042,2025,4,April,2,5,5,Saturday
TT09812,U01375,CR00056,2025-02-01,212.39,Credit Card,TC00040,2025,2,February,1,1,5,Saturday
TT09813,U01394,CR00060,2025-11-17,0.0,Credit Card,TC00040,2025,11,November,4,17,0,Monday
TT09814,U01395,CR00029,2025-02-06,0.0,Credit Card,TC00042,2025,2,February,1,6,3,Thursday
TT09815,U01397,CR00055,2025-10-19,57.32,PayPal,TC00040,2025,10,October,4,19,6,Sunday
TT09816,U01399,CR00051,2025-09-08,37.89,Bank Transfer,TC00042,2025,9,September,3,8,0,Monday
TT09817,U01405,CR00039,2025-10-21,346.71,PayPal,TC00042,2025,10,October,4,21,1,Tuesday
TT09818,U01411,CR00004,2025-07-14,0.0,PayPal,TC00040,2025,7,July,3,14,0,Monday
TT09819,U01414,CR00027,2025-08-30,0.0,Credit Card,TC00042,2025,8,August,3,30,5,Saturday
TT09820,U01429,CR00007,2025-10-21,0.0,PayPal,TC00040,2025,10,October,4,21,1,Tuesday
TT09821,U01445,CR00054,2025-10-23,0.0,PayPal,TC00040,2025,10,October,4,23,3,Thursday
TT09822,U01455,CR00055,2025-12-24,57.32,PayPal,TC00042,2025,12,December,4,24,2,Wednesday
TT09823,U01460,CR00015,2025-02-16,285.05,Credit Card,TC00042,2025,2,February,1,16,6,Sunday
TT09824,U01473,CR00015,2025-09-18,285.05,PayPal,TC00040,2025,9,September,3,18,3,Thursday
TT09825,U01475,CR00038,2025-04-26,342.61,Bank Transfer,TC00040,2025,4,April,2,26,5,Saturday
TT09826,U01488,CR00051,2025-03-16,37.89,Credit Card,TC00042,2025,3,March,1,16,6,Sunday
TT09827,U01496,CR00010,2025-04-03,0.0,PayPal,TC00040,2025,4,April,2,3,3,Thursday
TT09828,U01497,CR00045,2025-12-05,0.0,Credit Card,TC00040,2025,12,December,4,5,4,Friday
TT09829,U01500,CR00014,2025-05-08,0.0,Credit Card,TC00042,2025,5,May,2,8,3,Thursday
TT09830,U01506,CR00018,2025-04-13,0.0,Bank Transfer,TC00042,2025,4,April,2,13,6,Sunday
TT09831,U01512,CR00010,2025-07-08,0.0,PayPal,TC00042,2025,7,July,3,8,1,Tuesday
TT09832,U01517,CR00026,2025-01-04,0.0,Bank Transfer,TC00042,2025,1,January,1,4,5,Saturday
TT09833,U01522,CR00052,2025-01-10,0.0,Bank Transfer,TC00042,2025,1,January,1,10,4,Friday
TT09834,U01528,CR00025,2025-11-11,299.57,PayPal,TC00042,2025,11,November,4,11,1,Tuesday
TT09835,U01530,CR00019,2025-06-14,0.0,Bank Transfer,TC00040,2025,6,June,2,14,5,Saturday
TT09836,U01531,CR00020,2025-09-20,0.0,PayPal,TC00042,2025,9,September,3,20,5,Saturday
TT09837,U01536,CR00049,2025-08-10,415.51,PayPal,TC00042,2025,8,August,3,10,6,Sunday
TT09838,U01543,CR00003,2025-04-17,0.0,Credit Card,TC00040,2025,4,April,2,17,3,Thursday
TT09839,U01553,CR00013,2025-12-24,0.0,Credit Card,TC00040,2025,12,December,4,24,2,Wednesday
TT09840,U01578,CR00026,2025-02-24,0.0,Credit Card,TC00042,2025,2,February,1,24,0,Monday
TT09841,U01585,CR00059,2025-05-06,0.0,Credit Card,TC00042,2025,5,May,2,6,1,Tuesday
TT09842,U01586,CR00052,2025-08-13,0.0,Bank Transfer,TC00040,2025,8,August,3,13,2,Wednesday
TT09843,U01618,CR00046,2025-09-22,248.1,Bank Transfer,TC00040,2025,9,September,3,22,0,Monday
TT09844,U01627,CR00008,2025-07-22,0.0,Bank Transfer,TC00040,2025,7,July,3,22,1,Tuesday
TT09845,U01628,CR00013,2025-05-09,0.0,PayPal,TC00040,2025,5,May,2,9,4,Friday
TT09846,U01635,CR00016,2025-11-24,0.0,Credit Card,TC00042,2025,11,November,4,24,0,Monday
TT09847,U01637,CR00026,2025-03-26,0.0,Credit Card,TC00042,2025,3,March,1,26,2,Wednesday
TT09848,U01647,CR00012,2025-04-27,487.92,Credit Card,TC00042,2025,4,April,2,27,6,Sunday
TT09849,U01649,CR00040,2025-07-24,327.99,PayPal,TC00040,2025,7,July,3,24,3,Thursday
TT09850,U01654,CR00013,2025-03-03,0.0,Bank Transfer,TC00042,2025,3,March,1,3,0,Monday
TT09851,U01662,CR00009,2025-01-26,0.0,Bank Transfer,TC00042,2025,1,January,1,26,6,Sunday
TT09852,U01666,CR00008,2025-03-25,0.0,Credit Card,TC00042,2025,3,March,1,25,1,Tuesday
TT09853,U01671,CR00055,2025-02-16,57.32,PayPal,TC00040,2025,2,February,1,16,6,Sunday
TT09854,U01674,CR00034,2025-06-24,394.26,Bank Transfer,TC00040,2025,6,June,2,24,1,Tuesday
TT09855,U01692,CR00046,2025-03-15,248.1,Credit Card,TC00040,2025,3,March,1,15,5,Saturday
TT09856,U01695,CR00046,2025-06-22,248.1,Bank Transfer,TC00040,2025,6,June,2,22,6,Sunday
TT09857,U01702,CR00060,2025-10-03,0.0,Bank Transfer,TC00040,2025,10,October,4,3,4,Friday
TT09858,U01708,CR00006,2025-09-11,276.37,PayPal,TC00040,2025,9,September,3,11,3,Thursday
TT09859,U01720,CR00024,2025-02-22,117.68,Bank Transfer,TC00040,2025,2,February,1,22,5,Saturday
TT09860,U01724,CR00007,2025-09-17,0.0,PayPal,TC00040,2025,9,September,3,17,2,Wednesday
TT09861,U01726,CR00015,2025-06-02,285.05,Credit Card,TC00040,2025,6,June,2,2,0,Monday
TT09862,U01729,CR00053,2025-06-13,0.0,Credit Card,TC00040,2025,6,June,2,13,4,Friday
TT09863,U01745,CR00046,2025-04-24,248.1,Credit Card,TC00040,2025,4,April,2,24,3,Thursday
TT09864,U01746,CR00005,2025-03-19,0.0,PayPal,TC00040,2025,3,March,1,19,2,Wednesday
TT09865,U01762,CR00038,2025-10-23,342.61,PayPal,TC00042,2025,10,October,4,23,3,Thursday
TT09866,U01773,CR00043,2025-09-28,0.0,PayPal,TC00040,2025,9,September,3,28,6,Sunday
TT09867,U01786,CR00031,2025-07-28,0.0,Bank Transfer,TC00040,2025,7,July,3,28,0,Monday
TT09868,U01789,CR00032,2025-04-05,0.0,Credit Card,TC00040,2025,4,April,2,5,5,Saturday
TT09869,U01795,CR00036,2025-11-07,0.0,Bank Transfer,TC00040,2025,11,November,4,7,4,Friday
TT09870,U01805,CR00015,2025-02-21,285.05,Bank Transfer,TC00042,2025,2,February,1,21,4,Friday
TT09871,U01809,CR00026,2025-08-17,0.0,Bank Transfer,TC00042,2025,8,August,3,17,6,Sunday
TT09872,U01810,CR00024,2025-11-02,117.68,PayPal,TC00040,2025,11,November,4,2,6,Sunday
TT09873,U01820,CR00029,2025-05-04,0.0,Bank Transfer,TC00042,2025,5,May,2,4,6,Sunday
TT09874,U01822,CR00053,2025-10-05,0.0,PayPal,TC00040,2025,10,October,4,5,6,Sunday
TT09875,U01825,CR00048,2025-05-08,0.0,PayPal,TC00040,2025,5,May,2,8,3,Thursday
TT09876,U01840,CR00019,2025-11-26,0.0,Bank Transfer,TC00042,2025,11,November,4,26,2,Wednesday
TT09877,U01842,CR00028,2025-07-04,0.78,Credit Card,TC00042,2025,7,July,3,4,4,Friday
TT09878,U01854,CR00019,2025-09-03,0.0,Credit Card,TC00042,2025,9,September,3,3,2,Wednesday
TT09879,U01867,CR00042,2025-04-05,0.0,PayPal,TC00040,2025,4,April,2,5,5,Saturday
TT09880,U01871,CR00021,2025-09-30,0.0,PayPal,TC00040,2025,9,September,3,30,1,Tuesday
TT09881,U01872,CR00055,2025-07-27,57.32,Bank Transfer,TC00040,2025,7,July,3,27,6,Sunday
TT09882,U01877,CR00003,2025-12-16,0.0,Credit Card,TC00040,2025,12,December,4,16,1,Tuesday
TT09883,U01893,CR00011,2025-09-26,326.02,PayPal,TC00042,2025,9,September,3,26,4,Friday
TT09884,U01896,CR00011,2025-12-28,326.02,Credit Card,TC00040,2025,12,December,4,28,6,Sunday
TT09885,U01908,CR00007,2025-06-30,0.0,PayPal,TC00040,2025,6,June,2,30,0,Monday
TT09886,U01917,CR00050,2025-01-09,490.9,PayPal,TC00040,2025,1,January,1,9,3,Thursday
TT09887,U01918,CR00023,2025-02-08,0.0,PayPal,TC00040,2025,2,February,1,8,5,Saturday
TT09888,U01920,CR00018,2025-06-21,0.0,Credit Card,TC00040,2025,6,June,2,21,5,Saturday
TT09889,U01929,CR00042,2025-01-03,0.0,Bank Transfer,TC00040,2025,1,January,1,3,4,Friday
TT09890,U01934,CR00048,2025-08-16,0.0,PayPal,TC00040,2025,8,August,3,16,5,Saturday
TT09891,U01953,CR00001,2025-06-12,472.28,PayPal,TC00042,2025,6,June,2,12,3,Thursday
TT09892,U01958,CR00017,2025-02-17,0.0,PayPal,TC00040,2025,2,February,1,17,0,Monday
TT09893,U01959,CR00022,2025-01-19,0.0,Bank Transfer,TC00040,2025,1,January,1,19,6,Sunday
TT09894,U01961,CR00055,2025-02-15,57.32,Credit Card,TC00040,2025,2,February,1,15,5,Saturday
TT09895,U01962,CR00040,2025-11-19,327.99,Bank Transfer,TC00040,2025,11,November,4,19,2,Wednesday
TT09896,U01979,CR00019,2025-02-11,0.0,Credit Card,TC00042,2025,2,February,1,11,1,Tuesday
TT09897,U01987,CR00048,2025-06-22,0.0,Bank Transfer,TC00040,2025,6,June,2,22,6,Sunday
TT09898,U01989,CR00023,2025-09-27,0.0,Bank Transfer,TC00042,2025,9,September,3,27,5,Saturday
TT09899,U01993,CR00038,2025-01-01,342.61,Credit Card,TC00040,2025,1,January,1,1,2,Wednesday
TT09900,U01994,CR00031,2025-08-27,0.0,Credit Card,TC00040,2025,8,August,3,27,2,Wednesday
TT09901,U01998,CR00018,2025-07-24,0.0,PayPal,TC00042,2025,7,July,3,24,3,Thursday
TT09902,U02010,CR00001,2025-07-30,472.28,Bank Transfer,TC00040,2025,7,July,3,30,2,Wednesday
TT09903,U02015,CR00001,2025-09-17,472.28,Credit Card,TC00040,2025,9,September,3,17,2,Wednesday
TT09904,U02022,CR00004,2025-03-05,0.0,PayPal,TC00042,2025,3,March,1,5,2,Wednesday
TT09905,U02035,CR00036,2025-12-25,0.0,Bank Transfer,TC00040,2025,12,December,4,25,3,Thursday
TT09906,U02038,CR00038,2025-11-14,342.61,Credit Card,TC00040,2025,11,November,4,14,4,Friday
TT09907,U02039,CR00037,2025-04-05,0.0,Bank Transfer,TC00042,2025,4,April,2,5,5,Saturday
TT09908,U02055,CR00034,2025-12-16,394.26,PayPal,TC00040,2025,12,December,4,16,1,Tuesday
TT09909,U02058,CR00032,2025-12-29,0.0,PayPal,TC00040,2025,12,December,4,29,0,Monday
TT09910,U02068,CR00010,2025-06-26,0.0,Bank Transfer,TC00042,2025,6,June,2,26,3,Thursday
TT09911,U02074,CR00060,2025-12-18,0.0,PayPal,TC00040,2025,12,December,4,18,3,Thursday
TT09912,U02077,CR00052,2025-01-02,0.0,Bank Transfer,TC00042,2025,1,January,1,2,3,Thursday
TT09913,U02094,CR00043,2025-08-14,0.0,PayPal,TC00040,2025,8,August,3,14,3,Thursday
TT09914,U02125,CR00013,2025-01-03,0.0,Credit Card,TC00042,2025,1,January,1,3,4,Friday
TT09915,U02147,CR00016,2025-11-04,0.0,PayPal,TC00040,2025,11,November,4,4,1,Tuesday
TT09916,U02149,CR00006,2025-05-30,276.37,PayPal,TC00040,2025,5,May,2,30,4,Friday
TT09917,U02152,CR00031,2025-07-29,0.0,Credit Card,TC00040,2025,7,July,3,29,1,Tuesday
TT09918,U02155,CR00021,2025-05-18,0.0,Bank Transfer,TC00040,2025,5,May,2,18,6,Sunday
TT09919,U02161,CR00016,2025-12-05,0.0,PayPal,TC00042,2025,12,December,4,5,4,Friday
TT09920,U02174,CR00049,2025-07-27,415.51,Bank Transfer,TC00042,2025,7,July,3,27,6,Sunday
TT09921,U02199,CR00019,2025-05-29,0.0,Bank Transfer,TC00040,2025,5,May,2,29,3,Thursday
TT09922,U02212,CR00039,2025-03-01,346.71,Bank Transfer,TC00042,2025,3,March,1,1,5,Saturday
TT09923,U02217,CR00031,2025-05-27,0.0,Bank Transfer,TC00040,2025,5,May,2,27,1,Tuesday
TT09924,U02231,CR00035,2025-04-04,0.0,PayPal,TC00040,2025,4,April,2,4,4,Friday
TT09925,U02248,CR00022,2025-01-20,0.0,Bank Transfer,TC00040,2025,1,January,1,20,0,Monday
TT09926,U02258,CR00003,2025-04-09,0.0,Bank Transfer,TC00042,2025,4,April,2,9,2,Wednesday
TT09927,U02288,CR00021,2025-07-21,0.0,Credit Card,TC00042,2025,7,July,3,21,0,Monday
TT09928,U02290,CR00020,2025-03-28,0.0,PayPal,TC00042,2025,3,March,1,28,4,Friday
TT09929,U02300,CR00031,2025-05-15,0.0,PayPal,TC00040,2025,5,May,2,15,3,Thursday
TT09930,U02301,CR00035,2025-02-12,0.0,Credit Card,TC00040,2025,2,February,1,12,2,Wednesday
TT09931,U02306,CR00013,2025-06-20,0.0,Bank Transfer,TC00042,2025,6,June,2,20,4,Friday
TT09932,U02315,CR00022,2025-02-20,0.0,Credit Card,TC00040,2025,2,February,1,20,3,Thursday
TT09933,U02336,CR00041,2025-05-08,53.86,PayPal,TC00042,2025,5,May,2,8,3,Thursday
TT09934,U02337,CR00019,2025-04-12,0.0,PayPal,TC00042,2025,4,April,2,12,5,Saturday
TT09935,U02341,CR00047,2025-11-23,89.59,Bank Transfer,TC00040,2025,11,November,4,23,6,Sunday
TT09936,U02344,CR00039,2025-07-16,346.71,PayPal,TC00040,2025,7,July,3,16,2,Wednesday
TT09937,U02345,CR00002,2025-03-29,0.0,Credit Card,TC00042,2025,3,March,1,29,5,Saturday
TT09938,U02349,CR00060,2025-10-18,0.0,Credit Card,TC00042,2025,10,October,4,18,5,Saturday
TT09939,U02370,CR00015,2025-12-27,285.05,Credit Card,TC00040,2025,12,December,4,27,5,Saturday
TT09940,U02371,CR00046,2025-12-04,248.1,Credit Card,TC00040,2025,12,December,4,4,3,Thursday
TT09941,U02410,CR00042,2025-02-25,0.0,Bank Transfer,TC00042,2025,2,February,1,25,1,Tuesday
TT09942,U02415,CR00027,2025-11-17,0.0,Bank Transfer,TC00042,2025,11,November,4,17,0,Monday
TT09943,U02427,CR00055,2025-07-15,57.32,Bank Transfer,TC00040,2025,7,July,3,15,1,Tuesday
TT09944,U02432,CR00030,2025-09-19,0.0,PayPal,TC00042,2025,9,September,3,19,4,Friday
TT09945,U02445,CR00018,2025-12-20,0.0,PayPal,TC00042,2025,12,December,4,20,5,Saturday
TT09946,U02459,CR00008,2025-08-22,0.0,PayPal,TC00040,2025,8,August,3,22,4,Friday
TT09947,U02470,CR00053,2025-05-07,0.0,PayPal,TC00042,2025,5,May,2,7,2,Wednesday
TT09948,U02485,CR00021,2025-05-08,0.0,PayPal,TC00040,2025,5,May,2,8,3,Thursday
TT09949,U02490,CR00035,2025-11-25,0.0,Credit Card,TC00040,2025,11,November,4,25,1,Tuesday
TT09950,U02512,CR00019,2025-07-14,0.0,Bank Transfer,TC00040,2025,7,July,3,14,0,Monday
TT09951,U02537,CR00026,2025-06-24,0.0,PayPal,TC00042,2025,6,June,2,24,1,Tuesday
TT09952,U02540,CR00021,2025-04-08,0.0,PayPal,TC00042,2025,4,April,2,8,1,Tuesday
TT09953,U02541,CR00034,2025-08-29,394.26,PayPal,TC00040,2025,8,August,3,29,4,Friday
TT09954,U02542,CR00028,2025-02-10,0.78,Bank Transfer,TC00042,2025,2,February,1,10,0,Monday
TT09955,U02564,CR00042,2025-08-18,0.0,Credit Card,TC00042,2025,8,August,3,18,0,Monday
TT09956,U02566,CR00006,2025-07-22,276.37,Bank Transfer,TC00040,2025,7,July,3,22,1,Tuesday
TT09957,U02582,CR00044,2025-11-19,119.04,Credit Card,TC00042,2025,11,November,4,19,2,Wednesday
TT09958,U02583,CR00024,2025-11-19,117.68,Bank Transfer,TC00040,2025,11,November,4,19,2,Wednesday
TT09959,U02593,CR00018,2025-01-02,0.0,PayPal,TC00042,2025,1,January,1,2,3,Thursday
TT09960,U02614,CR00003,2025-11-12,0.0,Credit Card,TC00040,2025,11,November,4,12,2,Wednesday
TT09961,U02616,CR00044,2025-01-18,119.04,Bank Transfer,TC00040,2025,1,January,1,18,5,Saturday
TT09962,U02643,CR00025,2025-11-08,299.57,PayPal,TC00040,2025,11,November,4,8,5,Saturday
TT09963,U02651,CR00013,2025-03-11,0.0,Credit Card,TC00040,2025,3,March,1,11,1,Tuesday
TT09964,U02663,CR00001,2025-09-10,472.28,PayPal,TC00042,2025,9,September,3,10,2,Wednesday
TT09965,U02672,CR00032,2025-08-17,0.0,PayPal,TC00040,2025,8,August,3,17,6,Sunday
TT09966,U02683,CR00034,2025-05-17,394.26,Credit Card,TC00040,2025,5,May,2,17,5,Saturday
TT09967,U02684,CR00034,2025-03-29,394.26,Bank Transfer,TC00040,2025,3,March,1,29,5,Saturday
TT09968,U02709,CR00058,2025-04-29,0.0,Bank Transfer,TC00042,2025,4,April,2,29,1,Tuesday
TT09969,U02743,CR00002,2025-02-04,0.0,Bank Transfer,TC00042,2025,2,February,1,4,1,Tuesday
TT09970,U02754,CR00051,2025-08-28,37.89,Credit Card,TC00040,2025,8,August,3,28,3,Thursday
TT09971,U02767,CR00022,2025-11-29,0.0,PayPal,TC00040,2025,11,November,4,29,5,Saturday
TT09972,U02770,CR00052,2025-07-02,0.0,PayPal,TC00042,2025,7,July,3,2,2,Wednesday
TT09973,U02775,CR00055,2025-03-30,57.32,Bank Transfer,TC00040,2025,3,March,1,30,6,Sunday
TT09974,U02788,CR00023,2025-10-22,0.0,Credit Card,TC00040,2025,10,October,4,22,2,Wednesday
TT09975,U02791,CR00011,2025-07-17,326.02,Credit Card,TC00040,2025,7,July,3,17,3,Thursday
TT09976,U02792,CR00036,2025-10-02,0.0,PayPal,TC00042,2025,10,October,4,2,3,Thursday
TT09977,U02821,CR00057,2025-06-18,177.34,PayPal,TC00040,2025,6,June,2,18,2,Wednesday
TT09978,U02825,CR00005,2025-06-09,0.0,PayPal,TC00042,2025,6,June,2,9,0,Monday
TT09979,U02832,CR00013,2025-10-26,0.0,Credit Card,TC00040,2025,10,October,4,26,6,Sunday
TT09980,U02843,CR00030,2025-01-28,0.0,PayPal,TC00042,2025,1,January,1,28,1,Tuesday
TT09981,U02844,CR00054,2025-06-30,0.0,Bank Transfer,TC00042,2025,6,June,2,30,0,Monday
TT09982,U02857,CR00019,2025-07-09,0.0,Bank Transfer,TC00040,2025,7,July,3,9,2,Wednesday
TT09983,U02883,CR00048,2025-12-19,0.0,Credit Card,TC00042,2025,12,December,4,19,4,Friday
TT09984,U02899,CR00003,2025-09-09,0.0,PayPal,TC00040,2025,9,September,3,9,1,Tuesday
TT09985,U02909,CR00058,2025-11-01,0.0,Bank Transfer,TC00042,2025,11,November,4,1,5,Saturday
TT09986,U02915,CR00026,2025-06-14,0.0,Credit Card,TC00042,2025,6,June,2,14,5,Saturday
TT09987,U02916,CR00006,2025-02-07,276.37,Bank Transfer,TC00042,2025,2,February,1,7,4,Friday
TT09988,U02927,CR00012,2025-04-26,487.92,Credit Card,TC00042,2025,4,April,2,26,5,Saturday
TT09989,U02931,CR00043,2025-10-14,0.0,Bank Transfer,TC00042,2025,10,October,4,14,1,Tuesday
TT09990,U02937,CR00020,2025-08-13,0.0,PayPal,TC00040,2025,8,August,3,13,2,Wednesday
TT09991,U02941,CR00038,2025-01-10,342.61,Bank Transfer,TC00042,2025,1,January,1,10,4,Friday
TT09992,U02945,CR00054,2025-04-08,0.0,Credit Card,TC00042,2025,4,April,2,8,1,Tuesday
TT09993,U02958,CR00035,2025-11-04,0.0,Credit Card,TC00040,2025,11,November,4,4,1,Tuesday
TT09994,U02969,CR00005,2025-07-30,0.0,PayPal,TC00040,2025,7,July,3,30,2,Wednesday
TT09995,U02971,CR00051,2025-07-19,37.89,Credit Card,TC00040,2025,7,July,3,19,5,Saturday
TT09996,U02974,CR00045,2025-12-01,0.0,Credit Card,TC00040,2025,12,December,4,1,0,Monday
TT09997,U02976,CR00017,2025-04-03,0.0,PayPal,TC00040,2025,4,April,2,3,3,Thursday
TT09998,U02980,CR00060,2025-06-01,0.0,PayPal,TC00040,2025,6,June,2,1,6,Sunday
TT09999,U02981,CR00055,2025-04-26,57.32,Bank Transfer,TC00040,2025,4,April,2,26,5,Saturday
TT10000,U02984,CR00043,2025-10-18,0.0,Credit Card,TC00042,2025,10,October,4,18,5,Saturday
