CourseID,Year,Month,MonthName,YearMonth,MonthlyEnrollment,MonthlyRevenue,MonthlyTransactionCount,AverageTransactionAmount,CourseName,CourseCategory,CourseType,CourseLevel,CoursePrice,CourseDuration,CourseRating,TeacherCount,AvgTeacherExperience,AvgTeacherRating,ExpertiseMatchRate,Quarter,IsQuarterStart,IsQuarterEnd,TimeIndex,PriceBand,DurationBucket,RatingTier,CourseTypeEncoded,CourseLevelEncoded,ExperienceBucket,TeacherRatingScore,TeacherQualityScore,ExpertiseMatchScore,RevenueEfficiency,MonthlyRevenuePerEnrollment,PreviousMonthEnrollment,PreviousMonthRevenue,PreviousMonthTransactionCount,PreviousMonthAverageTransactionAmount,Previous3MonthEnrollmentSum,Previous3MonthRevenueSum,Previous3MonthEnrollment,Previous3MonthRevenue,Previous6MonthEnrollment,Previous6MonthRevenue,EnrollmentGrowthRate,RevenueGrowthRate,HasPreviousMonthData,MonthSin,MonthCos,YearProgress,Category_Artificial Intelligence,Category_Business,Category_Cybersecurity,Category_Data Science,Category_Design,Category_Digital Marketing,Category_Finance,Category_Machine Learning,Category_Marketing,Category_Programming,Category_Project Management,Category_Web Development,PriceBand_Free,PriceBand_High,PriceBand_Low,PriceBand_Medium,Duration_Long,Duration_Medium,Duration_Short,Rating_Excellent,Rating_Good,Rating_Low,Rating_Medium,Experience_High,EnrollmentTarget,RevenueTarget
CR00001,2025,1,January,2025-01,18,8501.039999999999,18,472.28,Python Basics,Programming,Paid,Beginner,472.28,11.0,4.74,25,16.682926829268293,4.191646341463414,0.1341463414634146,1,1,0,24301,High,Medium,Excellent,1,0,High,4.191646341463414,69.92892920880428,0.1341463414634146,18.0,472.28,0.0,0.0,0.0,0.0,0.0,0.0,0.0,0.0,0.0,0.0,0.0,0.0,0,0.49999999999999994,0.8660254037844387,0.0,0,0,0,0,0,0,0,0,0,1,0,0,0,1,0,0,0,1,0,1,0,0,0,1,18,8501.039999999999
CR00001,2025,2,February,2025-02,11,5195.08,11,472.28,Python Basics,Programming,Paid,Beginner,472.28,11.0,4.74,25,16.682926829268293,4.191646341463414,0.1341463414634146,1,0,0,24302,High,Medium,Excellent,1,0,High,4.191646341463414,69.92892920880428,0.1341463414634146,11.0,472.28,18.0,8501.039999999999,18.0,472.28,18.0,8501.039999999999,18.0,8501.039999999999,18.0,8501.039999999999,-0.38888888888888884,-0.38888888888888884,1,0.8660254037844386,0.5000000000000001,0.09090909090909091,0,0,0,0,0,0,0,0,0,1,0,0,0,1,0,0,0,1,0,1,0,0,0,1,11,5195.08
CR00001,2025,3,March,2025-03,8,3778.24,8,472.28,Python Basics,Programming,Paid,Beginner,472.28,11.0,4.74,25,16.682926829268293,4.191646341463414,0.1341463414634146,1,0,1,24303,High,Medium,Excellent,1,0,High,4.191646341463414,69.92892920880428,0.1341463414634146,8.0,472.28,11.0,5195.08,11.0,472.28,29.0,13696.119999999999,29.0,13696.119999999999,29.0,13696.119999999999,-0.2727272727272727,-0.2727272727272727,1,1.0,6.123233995736766e-17,0.18181818181818182,0,0,0,0,0,0,0,0,0,1,0,0,0,1,0,0,0,1,0,1,0,0,0,1,8,3778.24
CR00001,2025,4,April,2025-04,14,6611.92,14,472.28,Python Basics,Programming,Paid,Beginner,472.28,11.0,4.74,25,16.682926829268293,4.191646341463414,0.1341463414634146,2,1,0,24304,High,Medium,Excellent,1,0,High,4.191646341463414,69.92892920880428,0.1341463414634146,14.000000000000002,472.28000000000003,8.0,3778.24,8.0,472.28,37.0,17474.36,37.0,17474.36,37.0,17474.36,0.75,0.7500000000000002,1,0.8660254037844387,-0.4999999999999998,0.2727272727272727,0,0,0,0,0,0,0,0,0,1,0,0,0,1,0,0,0,1,0,1,0,0,0,1,14,6611.92
CR00001,2025,5,May,2025-05,17,8028.759999999999,17,472.28,Python Basics,Programming,Paid,Beginner,472.28,11.0,4.74,25,16.682926829268293,4.191646341463414,0.1341463414634146,2,0,0,24305,High,Medium,Excellent,1,0,High,4.191646341463414,69.92892920880428,0.1341463414634146,17.0,472.28,14.0,6611.92,14.0,472.28,33.0,15585.24,33.0,15585.24,51.0,24086.28,0.2142857142857142,0.2142857142857142,1,0.49999999999999994,-0.8660254037844387,0.36363636363636365,0,0,0,0,0,0,0,0,0,1,0,0,0,1,0,0,0,1,0,1,0,0,0,1,17,8028.759999999999
CR00001,2025,6,June,2025-06,11,5195.08,11,472.28,Python Basics,Programming,Paid,Beginner,472.28,11.0,4.74,25,16.682926829268293,4.191646341463414,0.1341463414634146,2,0,1,24306,High,Medium,Excellent,1,0,High,4.191646341463414,69.92892920880428,0.1341463414634146,11.0,472.28,17.0,8028.759999999999,17.0,472.28,39.0,18418.92,39.0,18418.92,68.0,32115.039999999997,-0.3529411764705882,-0.3529411764705882,1,1.2246467991473532e-16,-1.0,0.45454545454545453,0,0,0,0,0,0,0,0,0,1,0,0,0,1,0,0,0,1,0,1,0,0,0,1,11,5195.08
CR00001,2025,7,July,2025-07,12,5667.36,12,472.28,Python Basics,Programming,Paid,Beginner,472.28,11.0,4.74,25,16.682926829268293,4.191646341463414,0.1341463414634146,3,1,0,24307,High,Medium,Excellent,1,0,High,4.191646341463414,69.92892920880428,0.1341463414634146,12.0,472.28,11.0,5195.08,11.0,472.28,42.0,19835.76,42.0,19835.76,79.0,37310.119999999995,0.09090909090909083,0.09090909090909083,1,-0.4999999999999997,-0.8660254037844388,0.5454545454545454,0,0,0,0,0,0,0,0,0,1,0,0,0,1,0,0,0,1,0,1,0,0,0,1,12,5667.36
CR00001,2025,8,August,2025-08,12,5667.36,12,472.28,Python Basics,Programming,Paid,Beginner,472.28,11.0,4.74,25,16.682926829268293,4.191646341463414,0.1341463414634146,3,0,0,24308,High,Medium,Excellent,1,0,High,4.191646341463414,69.92892920880428,0.1341463414634146,12.0,472.28,12.0,5667.36,12.0,472.28,40.0,18891.199999999997,40.0,18891.199999999997,73.0,34476.439999999995,0.0,0.0,1,-0.8660254037844385,-0.5000000000000004,0.6363636363636364,0,0,0,0,0,0,0,0,0,1,0,0,0,1,0,0,0,1,0,1,0,0,0,1,12,5667.36
CR00001,2025,9,September,2025-09,23,10862.44,23,472.2799999999999,Python Basics,Programming,Paid,Beginner,472.28,11.0,4.74,25,16.682926829268293,4.191646341463414,0.1341463414634146,3,0,1,24309,High,Medium,Excellent,1,0,High,4.191646341463414,69.92892920880428,0.1341463414634146,23.000000000000004,472.28000000000003,12.0,5667.36,12.0,472.28,35.0,16529.8,35.0,16529.8,74.0,34948.72,0.9166666666666667,0.916666666666667,1,-1.0,-1.8369701987210297e-16,0.7272727272727273,0,0,0,0,0,0,0,0,0,1,0,0,0,1,0,0,0,1,0,1,0,0,0,1,23,10862.44
CR00001,2025,10,October,2025-10,13,6139.639999999999,13,472.28,Python Basics,Programming,Paid,Beginner,472.28,11.0,4.74,25,16.682926829268293,4.191646341463414,0.1341463414634146,4,1,0,24310,High,Medium,Excellent,1,0,High,4.191646341463414,69.92892920880428,0.1341463414634146,13.0,472.28,23.0,10862.44,23.0,472.2799999999999,47.0,22197.16,47.0,22197.16,89.0,42032.92,-0.4347826086956522,-0.4347826086956522,1,-0.8660254037844386,0.5000000000000001,0.8181818181818182,0,0,0,0,0,0,0,0,0,1,0,0,0,1,0,0,0,1,0,1,0,0,0,1,13,6139.639999999999
CR00001,2025,11,November,2025-11,13,6139.639999999999,13,472.28,Python Basics,Programming,Paid,Beginner,472.28,11.0,4.74,25,16.682926829268293,4.191646341463414,0.1341463414634146,4,0,0,24311,High,Medium,Excellent,1,0,High,4.191646341463414,69.92892920880428,0.1341463414634146,13.0,472.28,13.0,6139.639999999999,13.0,472.28,48.0,22669.440000000002,48.0,22669.440000000002,88.0,41560.64,0.0,0.0,1,-0.5000000000000004,0.8660254037844384,0.9090909090909091,0,0,0,0,0,0,0,0,0,1,0,0,0,1,0,0,0,1,0,1,0,0,0,1,13,6139.639999999999
CR00001,2025,12,December,2025-12,12,5667.36,12,472.28,Python Basics,Programming,Paid,Beginner,472.28,11.0,4.74,25,16.682926829268293,4.191646341463414,0.1341463414634146,4,0,1,24312,High,Medium,Excellent,1,0,High,4.191646341463414,69.92892920880428,0.1341463414634146,12.0,472.28,13.0,6139.639999999999,13.0,472.28,49.0,23141.72,49.0,23141.72,84.0,39671.520000000004,-0.07692307692307687,-0.07692307692307687,1,-2.4492935982947064e-16,1.0,1.0,0,0,0,0,0,0,0,0,0,1,0,0,0,1,0,0,0,1,0,1,0,0,0,1,12,5667.36
CR00002,2025,1,January,2025-01,11,0.0,11,0.0,Java Programming,Programming,Free,Intermediate,0.0,37.7,2.43,20,17.013422818791945,4.211409395973154,0.1610738255033557,1,1,0,24301,Free,Long,Medium,0,1,High,4.211409395973154,71.65048871672445,0.1610738255033557,0.0,0.0,0.0,0.0,0.0,0.0,0.0,0.0,0.0,0.0,0.0,0.0,0.0,0.0,0,0.49999999999999994,0.8660254037844387,0.0,0,0,0,0,0,0,0,0,0,1,0,0,1,0,0,0,1,0,0,0,0,0,1,1,11,0.0
CR00002,2025,2,February,2025-02,10,0.0,10,0.0,Java Programming,Programming,Free,Intermediate,0.0,37.7,2.43,20,17.013422818791945,4.211409395973154,0.1610738255033557,1,0,0,24302,Free,Long,Medium,0,1,High,4.211409395973154,71.65048871672445,0.1610738255033557,0.0,0.0,11.0,0.0,11.0,0.0,11.0,0.0,11.0,0.0,11.0,0.0,-0.09090909090909094,0.0,1,0.8660254037844386,0.5000000000000001,0.09090909090909091,0,0,0,0,0,0,0,0,0,1,0,0,1,0,0,0,1,0,0,0,0,0,1,1,10,0.0
CR00002,2025,3,March,2025-03,15,0.0,15,0.0,Java Programming,Programming,Free,Intermediate,0.0,37.7,2.43,20,17.013422818791945,4.211409395973154,0.1610738255033557,1,0,1,24303,Free,Long,Medium,0,1,High,4.211409395973154,71.65048871672445,0.1610738255033557,0.0,0.0,10.0,0.0,10.0,0.0,21.0,0.0,21.0,0.0,21.0,0.0,0.5,0.0,1,1.0,6.123233995736766e-17,0.18181818181818182,0,0,0,0,0,0,0,0,0,1,0,0,1,0,0,0,1,0,0,0,0,0,1,1,15,0.0
CR00002,2025,4,April,2025-04,20,0.0,20,0.0,Java Programming,Programming,Free,Intermediate,0.0,37.7,2.43,20,17.013422818791945,4.211409395973154,0.1610738255033557,2,1,0,24304,Free,Long,Medium,0,1,High,4.211409395973154,71.65048871672445,0.1610738255033557,0.0,0.0,15.0,0.0,15.0,0.0,36.0,0.0,36.0,0.0,36.0,0.0,0.33333333333333326,0.0,1,0.8660254037844387,-0.4999999999999998,0.2727272727272727,0,0,0,0,0,0,0,0,0,1,0,0,1,0,0,0,1,0,0,0,0,0,1,1,20,0.0
CR00002,2025,5,May,2025-05,17,0.0,17,0.0,Java Programming,Programming,Free,Intermediate,0.0,37.7,2.43,20,17.013422818791945,4.211409395973154,0.1610738255033557,2,0,0,24305,Free,Long,Medium,0,1,High,4.211409395973154,71.65048871672445,0.1610738255033557,0.0,0.0,20.0,0.0,20.0,0.0,45.0,0.0,45.0,0.0,56.0,0.0,-0.15000000000000002,0.0,1,0.49999999999999994,-0.8660254037844387,0.36363636363636365,0,0,0,0,0,0,0,0,0,1,0,0,1,0,0,0,1,0,0,0,0,0,1,1,17,0.0
CR00002,2025,6,June,2025-06,12,0.0,12,0.0,Java Programming,Programming,Free,Intermediate,0.0,37.7,2.43,20,17.013422818791945,4.211409395973154,0.1610738255033557,2,0,1,24306,Free,Long,Medium,0,1,High,4.211409395973154,71.65048871672445,0.1610738255033557,0.0,0.0,17.0,0.0,17.0,0.0,52.0,0.0,52.0,0.0,73.0,0.0,-0.2941176470588235,0.0,1,1.2246467991473532e-16,-1.0,0.45454545454545453,0,0,0,0,0,0,0,0,0,1,0,0,1,0,0,0,1,0,0,0,0,0,1,1,12,0.0
CR00002,2025,7,July,2025-07,9,0.0,9,0.0,Java Programming,Programming,Free,Intermediate,0.0,37.7,2.43,20,17.013422818791945,4.211409395973154,0.1610738255033557,3,1,0,24307,Free,Long,Medium,0,1,High,4.211409395973154,71.65048871672445,0.1610738255033557,0.0,0.0,12.0,0.0,12.0,0.0,49.0,0.0,49.0,0.0,85.0,0.0,-0.25,0.0,1,-0.4999999999999997,-0.8660254037844388,0.5454545454545454,0,0,0,0,0,0,0,0,0,1,0,0,1,0,0,0,1,0,0,0,0,0,1,1,9,0.0
CR00002,2025,8,August,2025-08,17,0.0,17,0.0,Java Programming,Programming,Free,Intermediate,0.0,37.7,2.43,20,17.013422818791945,4.211409395973154,0.1610738255033557,3,0,0,24308,Free,Long,Medium,0,1,High,4.211409395973154,71.65048871672445,0.1610738255033557,0.0,0.0,9.0,0.0,9.0,0.0,38.0,0.0,38.0,0.0,83.0,0.0,0.8888888888888888,0.0,1,-0.8660254037844385,-0.5000000000000004,0.6363636363636364,0,0,0,0,0,0,0,0,0,1,0,0,1,0,0,0,1,0,0,0,0,0,1,1,17,0.0
CR00002,2025,9,September,2025-09,5,0.0,5,0.0,Java Programming,Programming,Free,Intermediate,0.0,37.7,2.43,20,17.013422818791945,4.211409395973154,0.1610738255033557,3,0,1,24309,Free,Long,Medium,0,1,High,4.211409395973154,71.65048871672445,0.1610738255033557,0.0,0.0,17.0,0.0,17.0,0.0,38.0,0.0,38.0,0.0,90.0,0.0,-0.7058823529411764,0.0,1,-1.0,-1.8369701987210297e-16,0.7272727272727273,0,0,0,0,0,0,0,0,0,1,0,0,1,0,0,0,1,0,0,0,0,0,1,1,5,0.0
CR00002,2025,10,October,2025-10,9,0.0,9,0.0,Java Programming,Programming,Free,Intermediate,0.0,37.7,2.43,20,17.013422818791945,4.211409395973154,0.1610738255033557,4,1,0,24310,Free,Long,Medium,0,1,High,4.211409395973154,71.65048871672445,0.1610738255033557,0.0,0.0,5.0,0.0,5.0,0.0,31.0,0.0,31.0,0.0,80.0,0.0,0.8,0.0,1,-0.8660254037844386,0.5000000000000001,0.8181818181818182,0,0,0,0,0,0,0,0,0,1,0,0,1,0,0,0,1,0,0,0,0,0,1,1,9,0.0
CR00002,2025,11,November,2025-11,11,0.0,11,0.0,Java Programming,Programming,Free,Intermediate,0.0,37.7,2.43,20,17.013422818791945,4.211409395973154,0.1610738255033557,4,0,0,24311,Free,Long,Medium,0,1,High,4.211409395973154,71.65048871672445,0.1610738255033557,0.0,0.0,9.0,0.0,9.0,0.0,31.0,0.0,31.0,0.0,69.0,0.0,0.22222222222222232,0.0,1,-0.5000000000000004,0.8660254037844384,0.9090909090909091,0,0,0,0,0,0,0,0,0,1,0,0,1,0,0,0,1,0,0,0,0,0,1,1,11,0.0
CR00002,2025,12,December,2025-12,13,0.0,13,0.0,Java Programming,Programming,Free,Intermediate,0.0,37.7,2.43,20,17.013422818791945,4.211409395973154,0.1610738255033557,4,0,1,24312,Free,Long,Medium,0,1,High,4.211409395973154,71.65048871672445,0.1610738255033557,0.0,0.0,11.0,0.0,11.0,0.0,25.0,0.0,25.0,0.0,63.0,0.0,0.18181818181818188,0.0,1,-2.4492935982947064e-16,1.0,1.0,0,0,0,0,0,0,0,0,0,1,0,0,1,0,0,0,1,0,0,0,0,0,1,1,13,0.0
CR00003,2025,1,January,2025-01,12,0.0,12,0.0,C++ for Beginners,Programming,Free,Beginner,0.0,19.53,3.85,27,16.589595375722542,4.079017341040462,0.1387283236994219,1,1,0,24301,Free,Medium,Good,0,0,High,4.079017341040462,67.66924721841691,0.1387283236994219,0.0,0.0,0.0,0.0,0.0,0.0,0.0,0.0,0.0,0.0,0.0,0.0,0.0,0.0,0,0.49999999999999994,0.8660254037844387,0.0,0,0,0,0,0,0,0,0,0,1,0,0,1,0,0,0,0,1,0,0,1,0,0,1,12,0.0
CR00003,2025,2,February,2025-02,10,0.0,10,0.0,C++ for Beginners,Programming,Free,Beginner,0.0,19.53,3.85,27,16.589595375722542,4.079017341040462,0.1387283236994219,1,0,0,24302,Free,Medium,Good,0,0,High,4.079017341040462,67.66924721841691,0.1387283236994219,0.0,0.0,12.0,0.0,12.0,0.0,12.0,0.0,12.0,0.0,12.0,0.0,-0.16666666666666663,0.0,1,0.8660254037844386,0.5000000000000001,0.09090909090909091,0,0,0,0,0,0,0,0,0,1,0,0,1,0,0,0,0,1,0,0,1,0,0,1,10,0.0
CR00003,2025,3,March,2025-03,10,0.0,10,0.0,C++ for Beginners,Programming,Free,Beginner,0.0,19.53,3.85,27,16.589595375722542,4.079017341040462,0.1387283236994219,1,0,1,24303,Free,Medium,Good,0,0,High,4.079017341040462,67.66924721841691,0.1387283236994219,0.0,0.0,10.0,0.0,10.0,0.0,22.0,0.0,22.0,0.0,22.0,0.0,0.0,0.0,1,1.0,6.123233995736766e-17,0.18181818181818182,0,0,0,0,0,0,0,0,0,1,0,0,1,0,0,0,0,1,0,0,1,0,0,1,10,0.0
CR00003,2025,4,April,2025-04,14,0.0,14,0.0,C++ for Beginners,Programming,Free,Beginner,0.0,19.53,3.85,27,16.589595375722542,4.079017341040462,0.1387283236994219,2,1,0,24304,Free,Medium,Good,0,0,High,4.079017341040462,67.66924721841691,0.1387283236994219,0.0,0.0,10.0,0.0,10.0,0.0,32.0,0.0,32.0,0.0,32.0,0.0,0.3999999999999999,0.0,1,0.8660254037844387,-0.4999999999999998,0.2727272727272727,0,0,0,0,0,0,0,0,0,1,0,0,1,0,0,0,0,1,0,0,1,0,0,1,14,0.0
CR00003,2025,5,May,2025-05,13,0.0,13,0.0,C++ for Beginners,Programming,Free,Beginner,0.0,19.53,3.85,27,16.589595375722542,4.079017341040462,0.1387283236994219,2,0,0,24305,Free,Medium,Good,0,0,High,4.079017341040462,67.66924721841691,0.1387283236994219,0.0,0.0,14.0,0.0,14.0,0.0,34.0,0.0,34.0,0.0,46.0,0.0,-0.0714285714285714,0.0,1,0.49999999999999994,-0.8660254037844387,0.36363636363636365,0,0,0,0,0,0,0,0,0,1,0,0,1,0,0,0,0,1,0,0,1,0,0,1,13,0.0
CR00003,2025,6,June,2025-06,16,0.0,16,0.0,C++ for Beginners,Programming,Free,Beginner,0.0,19.53,3.85,27,16.589595375722542,4.079017341040462,0.1387283236994219,2,0,1,24306,Free,Medium,Good,0,0,High,4.079017341040462,67.66924721841691,0.1387283236994219,0.0,0.0,13.0,0.0,13.0,0.0,37.0,0.0,37.0,0.0,59.0,0.0,0.23076923076923084,0.0,1,1.2246467991473532e-16,-1.0,0.45454545454545453,0,0,0,0,0,0,0,0,0,1,0,0,1,0,0,0,0,1,0,0,1,0,0,1,16,0.0
CR00003,2025,7,July,2025-07,17,0.0,17,0.0,C++ for Beginners,Programming,Free,Beginner,0.0,19.53,3.85,27,16.589595375722542,4.079017341040462,0.1387283236994219,3,1,0,24307,Free,Medium,Good,0,0,High,4.079017341040462,67.66924721841691,0.1387283236994219,0.0,0.0,16.0,0.0,16.0,0.0,43.0,0.0,43.0,0.0,75.0,0.0,0.0625,0.0,1,-0.4999999999999997,-0.8660254037844388,0.5454545454545454,0,0,0,0,0,0,0,0,0,1,0,0,1,0,0,0,0,1,0,0,1,0,0,1,17,0.0
CR00003,2025,8,August,2025-08,16,0.0,16,0.0,C++ for Beginners,Programming,Free,Beginner,0.0,19.53,3.85,27,16.589595375722542,4.079017341040462,0.1387283236994219,3,0,0,24308,Free,Medium,Good,0,0,High,4.079017341040462,67.66924721841691,0.1387283236994219,0.0,0.0,17.0,0.0,17.0,0.0,46.0,0.0,46.0,0.0,80.0,0.0,-0.05882352941176472,0.0,1,-0.8660254037844385,-0.5000000000000004,0.6363636363636364,0,0,0,0,0,0,0,0,0,1,0,0,1,0,0,0,0,1,0,0,1,0,0,1,16,0.0
CR00003,2025,9,September,2025-09,14,0.0,14,0.0,C++ for Beginners,Programming,Free,Beginner,0.0,19.53,3.85,27,16.589595375722542,4.079017341040462,0.1387283236994219,3,0,1,24309,Free,Medium,Good,0,0,High,4.079017341040462,67.66924721841691,0.1387283236994219,0.0,0.0,16.0,0.0,16.0,0.0,49.0,0.0,49.0,0.0,86.0,0.0,-0.125,0.0,1,-1.0,-1.8369701987210297e-16,0.7272727272727273,0,0,0,0,0,0,0,0,0,1,0,0,1,0,0,0,0,1,0,0,1,0,0,1,14,0.0
CR00003,2025,10,October,2025-10,15,0.0,15,0.0,C++ for Beginners,Programming,Free,Beginner,0.0,19.53,3.85,27,16.589595375722542,4.079017341040462,0.1387283236994219,4,1,0,24310,Free,Medium,Good,0,0,High,4.079017341040462,67.66924721841691,0.1387283236994219,0.0,0.0,14.0,0.0,14.0,0.0,47.0,0.0,47.0,0.0,90.0,0.0,0.0714285714285714,0.0,1,-0.8660254037844386,0.5000000000000001,0.8181818181818182,0,0,0,0,0,0,0,0,0,1,0,0,1,0,0,0,0,1,0,0,1,0,0,1,15,0.0
CR00003,2025,11,November,2025-11,23,0.0,23,0.0,C++ for Beginners,Programming,Free,Beginner,0.0,19.53,3.85,27,16.589595375722542,4.079017341040462,0.1387283236994219,4,0,0,24311,Free,Medium,Good,0,0,High,4.079017341040462,67.66924721841691,0.1387283236994219,0.0,0.0,15.0,0.0,15.0,0.0,45.0,0.0,45.0,0.0,91.0,0.0,0.5333333333333334,0.0,1,-0.5000000000000004,0.8660254037844384,0.9090909090909091,0,0,0,0,0,0,0,0,0,1,0,0,1,0,0,0,0,1,0,0,1,0,0,1,23,0.0
CR00003,2025,12,December,2025-12,13,0.0,13,0.0,C++ for Beginners,Programming,Free,Beginner,0.0,19.53,3.85,27,16.589595375722542,4.079017341040462,0.1387283236994219,4,0,1,24312,Free,Medium,Good,0,0,High,4.079017341040462,67.66924721841691,0.1387283236994219,0.0,0.0,23.0,0.0,23.0,0.0,52.0,0.0,52.0,0.0,101.0,0.0,-0.4347826086956522,0.0,1,-2.4492935982947064e-16,1.0,1.0,0,0,0,0,0,0,0,0,0,1,0,0,1,0,0,0,0,1,0,0,1,0,0,1,13,0.0
CR00004,2025,1,January,2025-01,20,0.0,20,0.0,Advanced Python,Programming,Free,Beginner,0.0,45.13,2.88,27,15.896103896103895,4.097987012987013,0.1623376623376623,1,1,0,24301,Free,Long,Medium,0,0,High,4.097987012987013,65.14202732332602,0.1623376623376623,0.0,0.0,0.0,0.0,0.0,0.0,0.0,0.0,0.0,0.0,0.0,0.0,0.0,0.0,0,0.49999999999999994,0.8660254037844387,0.0,0,0,0,0,0,0,0,0,0,1,0,0,1,0,0,0,1,0,0,0,0,0,1,1,20,0.0
CR00004,2025,2,February,2025-02,12,0.0,12,0.0,Advanced Python,Programming,Free,Beginner,0.0,45.13,2.88,27,15.896103896103895,4.097987012987013,0.1623376623376623,1,0,0,24302,Free,Long,Medium,0,0,High,4.097987012987013,65.14202732332602,0.1623376623376623,0.0,0.0,20.0,0.0,20.0,0.0,20.0,0.0,20.0,0.0,20.0,0.0,-0.4,0.0,1,0.8660254037844386,0.5000000000000001,0.09090909090909091,0,0,0,0,0,0,0,0,0,1,0,0,1,0,0,0,1,0,0,0,0,0,1,1,12,0.0
CR00004,2025,3,March,2025-03,10,0.0,10,0.0,Advanced Python,Programming,Free,Beginner,0.0,45.13,2.88,27,15.896103896103895,4.097987012987013,0.1623376623376623,1,0,1,24303,Free,Long,Medium,0,0,High,4.097987012987013,65.14202732332602,0.1623376623376623,0.0,0.0,12.0,0.0,12.0,0.0,32.0,0.0,32.0,0.0,32.0,0.0,-0.16666666666666663,0.0,1,1.0,6.123233995736766e-17,0.18181818181818182,0,0,0,0,0,0,0,0,0,1,0,0,1,0,0,0,1,0,0,0,0,0,1,1,10,0.0
CR00004,2025,4,April,2025-04,7,0.0,7,0.0,Advanced Python,Programming,Free,Beginner,0.0,45.13,2.88,27,15.896103896103895,4.097987012987013,0.1623376623376623,2,1,0,24304,Free,Long,Medium,0,0,High,4.097987012987013,65.14202732332602,0.1623376623376623,0.0,0.0,10.0,0.0,10.0,0.0,42.0,0.0,42.0,0.0,42.0,0.0,-0.30000000000000004,0.0,1,0.8660254037844387,-0.4999999999999998,0.2727272727272727,0,0,0,0,0,0,0,0,0,1,0,0,1,0,0,0,1,0,0,0,0,0,1,1,7,0.0
CR00004,2025,5,May,2025-05,11,0.0,11,0.0,Advanced Python,Programming,Free,Beginner,0.0,45.13,2.88,27,15.896103896103895,4.097987012987013,0.1623376623376623,2,0,0,24305,Free,Long,Medium,0,0,High,4.097987012987013,65.14202732332602,0.1623376623376623,0.0,0.0,7.0,0.0,7.0,0.0,29.0,0.0,29.0,0.0,49.0,0.0,0.5714285714285714,0.0,1,0.49999999999999994,-0.8660254037844387,0.36363636363636365,0,0,0,0,0,0,0,0,0,1,0,0,1,0,0,0,1,0,0,0,0,0,1,1,11,0.0
CR00004,2025,6,June,2025-06,11,0.0,11,0.0,Advanced Python,Programming,Free,Beginner,0.0,45.13,2.88,27,15.896103896103895,4.097987012987013,0.1623376623376623,2,0,1,24306,Free,Long,Medium,0,0,High,4.097987012987013,65.14202732332602,0.1623376623376623,0.0,0.0,11.0,0.0,11.0,0.0,28.0,0.0,28.0,0.0,60.0,0.0,0.0,0.0,1,1.2246467991473532e-16,-1.0,0.45454545454545453,0,0,0,0,0,0,0,0,0,1,0,0,1,0,0,0,1,0,0,0,0,0,1,1,11,0.0
CR00004,2025,7,July,2025-07,21,0.0,21,0.0,Advanced Python,Programming,Free,Beginner,0.0,45.13,2.88,27,15.896103896103895,4.097987012987013,0.1623376623376623,3,1,0,24307,Free,Long,Medium,0,0,High,4.097987012987013,65.14202732332602,0.1623376623376623,0.0,0.0,11.0,0.0,11.0,0.0,29.0,0.0,29.0,0.0,71.0,0.0,0.9090909090909092,0.0,1,-0.4999999999999997,-0.8660254037844388,0.5454545454545454,0,0,0,0,0,0,0,0,0,1,0,0,1,0,0,0,1,0,0,0,0,0,1,1,21,0.0
CR00004,2025,8,August,2025-08,9,0.0,9,0.0,Advanced Python,Programming,Free,Beginner,0.0,45.13,2.88,27,15.896103896103895,4.097987012987013,0.1623376623376623,3,0,0,24308,Free,Long,Medium,0,0,High,4.097987012987013,65.14202732332602,0.1623376623376623,0.0,0.0,21.0,0.0,21.0,0.0,43.0,0.0,43.0,0.0,72.0,0.0,-0.5714285714285714,0.0,1,-0.8660254037844385,-0.5000000000000004,0.6363636363636364,0,0,0,0,0,0,0,0,0,1,0,0,1,0,0,0,1,0,0,0,0,0,1,1,9,0.0
CR00004,2025,9,September,2025-09,15,0.0,15,0.0,Advanced Python,Programming,Free,Beginner,0.0,45.13,2.88,27,15.896103896103895,4.097987012987013,0.1623376623376623,3,0,1,24309,Free,Long,Medium,0,0,High,4.097987012987013,65.14202732332602,0.1623376623376623,0.0,0.0,9.0,0.0,9.0,0.0,41.0,0.0,41.0,0.0,69.0,0.0,0.6666666666666667,0.0,1,-1.0,-1.8369701987210297e-16,0.7272727272727273,0,0,0,0,0,0,0,0,0,1,0,0,1,0,0,0,1,0,0,0,0,0,1,1,15,0.0
CR00004,2025,10,October,2025-10,13,0.0,13,0.0,Advanced Python,Programming,Free,Beginner,0.0,45.13,2.88,27,15.896103896103895,4.097987012987013,0.1623376623376623,4,1,0,24310,Free,Long,Medium,0,0,High,4.097987012987013,65.14202732332602,0.1623376623376623,0.0,0.0,15.0,0.0,15.0,0.0,45.0,0.0,45.0,0.0,74.0,0.0,-0.1333333333333333,0.0,1,-0.8660254037844386,0.5000000000000001,0.8181818181818182,0,0,0,0,0,0,0,0,0,1,0,0,1,0,0,0,1,0,0,0,0,0,1,1,13,0.0
CR00004,2025,11,November,2025-11,15,0.0,15,0.0,Advanced Python,Programming,Free,Beginner,0.0,45.13,2.88,27,15.896103896103895,4.097987012987013,0.1623376623376623,4,0,0,24311,Free,Long,Medium,0,0,High,4.097987012987013,65.14202732332602,0.1623376623376623,0.0,0.0,13.0,0.0,13.0,0.0,37.0,0.0,37.0,0.0,80.0,0.0,0.15384615384615374,0.0,1,-0.5000000000000004,0.8660254037844384,0.9090909090909091,0,0,0,0,0,0,0,0,0,1,0,0,1,0,0,0,1,0,0,0,0,0,1,1,15,0.0
CR00004,2025,12,December,2025-12,10,0.0,10,0.0,Advanced Python,Programming,Free,Beginner,0.0,45.13,2.88,27,15.896103896103895,4.097987012987013,0.1623376623376623,4,0,1,24312,Free,Long,Medium,0,0,High,4.097987012987013,65.14202732332602,0.1623376623376623,0.0,0.0,15.0,0.0,15.0,0.0,43.0,0.0,43.0,0.0,84.0,0.0,-0.33333333333333337,0.0,1,-2.4492935982947064e-16,1.0,1.0,0,0,0,0,0,0,0,0,0,1,0,0,1,0,0,0,1,0,0,0,0,0,1,1,10,0.0
CR00005,2025,1,January,2025-01,11,0.0,11,0.0,Full Stack Development,Programming,Free,Beginner,0.0,28.68,1.28,29,15.795180722891564,4.05855421686747,0.1506024096385542,1,1,0,24301,Free,Medium,Low,0,0,High,4.05855421686747,64.10559732907532,0.1506024096385542,0.0,0.0,0.0,0.0,0.0,0.0,0.0,0.0,0.0,0.0,0.0,0.0,0.0,0.0,0,0.49999999999999994,0.8660254037844387,0.0,0,0,0,0,0,0,0,0,0,1,0,0,1,0,0,0,0,1,0,0,0,1,0,1,11,0.0
CR00005,2025,2,February,2025-02,15,0.0,15,0.0,Full Stack Development,Programming,Free,Beginner,0.0,28.68,1.28,29,15.795180722891564,4.05855421686747,0.1506024096385542,1,0,0,24302,Free,Medium,Low,0,0,High,4.05855421686747,64.10559732907532,0.1506024096385542,0.0,0.0,11.0,0.0,11.0,0.0,11.0,0.0,11.0,0.0,11.0,0.0,0.36363636363636354,0.0,1,0.8660254037844386,0.5000000000000001,0.09090909090909091,0,0,0,0,0,0,0,0,0,1,0,0,1,0,0,0,0,1,0,0,0,1,0,1,15,0.0
CR00005,2025,3,March,2025-03,20,0.0,20,0.0,Full Stack Development,Programming,Free,Beginner,0.0,28.68,1.28,29,15.795180722891564,4.05855421686747,0.1506024096385542,1,0,1,24303,Free,Medium,Low,0,0,High,4.05855421686747,64.10559732907532,0.1506024096385542,0.0,0.0,15.0,0.0,15.0,0.0,26.0,0.0,26.0,0.0,26.0,0.0,0.33333333333333326,0.0,1,1.0,6.123233995736766e-17,0.18181818181818182,0,0,0,0,0,0,0,0,0,1,0,0,1,0,0,0,0,1,0,0,0,1,0,1,20,0.0
CR00005,2025,4,April,2025-04,10,0.0,10,0.0,Full Stack Development,Programming,Free,Beginner,0.0,28.68,1.28,29,15.795180722891564,4.05855421686747,0.1506024096385542,2,1,0,24304,Free,Medium,Low,0,0,High,4.05855421686747,64.10559732907532,0.1506024096385542,0.0,0.0,20.0,0.0,20.0,0.0,46.0,0.0,46.0,0.0,46.0,0.0,-0.5,0.0,1,0.8660254037844387,-0.4999999999999998,0.2727272727272727,0,0,0,0,0,0,0,0,0,1,0,0,1,0,0,0,0,1,0,0,0,1,0,1,10,0.0
CR00005,2025,5,May,2025-05,18,0.0,18,0.0,Full Stack Development,Programming,Free,Beginner,0.0,28.68,1.28,29,15.795180722891564,4.05855421686747,0.1506024096385542,2,0,0,24305,Free,Medium,Low,0,0,High,4.05855421686747,64.10559732907532,0.1506024096385542,0.0,0.0,10.0,0.0,10.0,0.0,45.0,0.0,45.0,0.0,56.0,0.0,0.8,0.0,1,0.49999999999999994,-0.8660254037844387,0.36363636363636365,0,0,0,0,0,0,0,0,0,1,0,0,1,0,0,0,0,1,0,0,0,1,0,1,18,0.0
CR00005,2025,6,June,2025-06,16,0.0,16,0.0,Full Stack Development,Programming,Free,Beginner,0.0,28.68,1.28,29,15.795180722891564,4.05855421686747,0.1506024096385542,2,0,1,24306,Free,Medium,Low,0,0,High,4.05855421686747,64.10559732907532,0.1506024096385542,0.0,0.0,18.0,0.0,18.0,0.0,48.0,0.0,48.0,0.0,74.0,0.0,-0.11111111111111116,0.0,1,1.2246467991473532e-16,-1.0,0.45454545454545453,0,0,0,0,0,0,0,0,0,1,0,0,1,0,0,0,0,1,0,0,0,1,0,1,16,0.0
CR00005,2025,7,July,2025-07,14,0.0,14,0.0,Full Stack Development,Programming,Free,Beginner,0.0,28.68,1.28,29,15.795180722891564,4.05855421686747,0.1506024096385542,3,1,0,24307,Free,Medium,Low,0,0,High,4.05855421686747,64.10559732907532,0.1506024096385542,0.0,0.0,16.0,0.0,16.0,0.0,44.0,0.0,44.0,0.0,90.0,0.0,-0.125,0.0,1,-0.4999999999999997,-0.8660254037844388,0.5454545454545454,0,0,0,0,0,0,0,0,0,1,0,0,1,0,0,0,0,1,0,0,0,1,0,1,14,0.0
CR00005,2025,8,August,2025-08,11,0.0,11,0.0,Full Stack Development,Programming,Free,Beginner,0.0,28.68,1.28,29,15.795180722891564,4.05855421686747,0.1506024096385542,3,0,0,24308,Free,Medium,Low,0,0,High,4.05855421686747,64.10559732907532,0.1506024096385542,0.0,0.0,14.0,0.0,14.0,0.0,48.0,0.0,48.0,0.0,93.0,0.0,-0.2142857142857143,0.0,1,-0.8660254037844385,-0.5000000000000004,0.6363636363636364,0,0,0,0,0,0,0,0,0,1,0,0,1,0,0,0,0,1,0,0,0,1,0,1,11,0.0
CR00005,2025,9,September,2025-09,14,0.0,14,0.0,Full Stack Development,Programming,Free,Beginner,0.0,28.68,1.28,29,15.795180722891564,4.05855421686747,0.1506024096385542,3,0,1,24309,Free,Medium,Low,0,0,High,4.05855421686747,64.10559732907532,0.1506024096385542,0.0,0.0,11.0,0.0,11.0,0.0,41.0,0.0,41.0,0.0,89.0,0.0,0.2727272727272727,0.0,1,-1.0,-1.8369701987210297e-16,0.7272727272727273,0,0,0,0,0,0,0,0,0,1,0,0,1,0,0,0,0,1,0,0,0,1,0,1,14,0.0
CR00005,2025,10,October,2025-10,13,0.0,13,0.0,Full Stack Development,Programming,Free,Beginner,0.0,28.68,1.28,29,15.795180722891564,4.05855421686747,0.1506024096385542,4,1,0,24310,Free,Medium,Low,0,0,High,4.05855421686747,64.10559732907532,0.1506024096385542,0.0,0.0,14.0,0.0,14.0,0.0,39.0,0.0,39.0,0.0,83.0,0.0,-0.0714285714285714,0.0,1,-0.8660254037844386,0.5000000000000001,0.8181818181818182,0,0,0,0,0,0,0,0,0,1,0,0,1,0,0,0,0,1,0,0,0,1,0,1,13,0.0
CR00005,2025,11,November,2025-11,11,0.0,11,0.0,Full Stack Development,Programming,Free,Beginner,0.0,28.68,1.28,29,15.795180722891564,4.05855421686747,0.1506024096385542,4,0,0,24311,Free,Medium,Low,0,0,High,4.05855421686747,64.10559732907532,0.1506024096385542,0.0,0.0,13.0,0.0,13.0,0.0,38.0,0.0,38.0,0.0,86.0,0.0,-0.15384615384615385,0.0,1,-0.5000000000000004,0.8660254037844384,0.9090909090909091,0,0,0,0,0,0,0,0,0,1,0,0,1,0,0,0,0,1,0,0,0,1,0,1,11,0.0
CR00005,2025,12,December,2025-12,13,0.0,13,0.0,Full Stack Development,Programming,Free,Beginner,0.0,28.68,1.28,29,15.795180722891564,4.05855421686747,0.1506024096385542,4,0,1,24312,Free,Medium,Low,0,0,High,4.05855421686747,64.10559732907532,0.1506024096385542,0.0,0.0,11.0,0.0,11.0,0.0,38.0,0.0,38.0,0.0,79.0,0.0,0.18181818181818188,0.0,1,-2.4492935982947064e-16,1.0,1.0,0,0,0,0,0,0,0,0,0,1,0,0,1,0,0,0,0,1,0,0,0,1,0,1,13,0.0
CR00006,2025,1,January,2025-01,11,3040.07,11,276.37,Graphic Design Basics,Design,Paid,Advanced,276.37,48.84,2.72,15,16.75,4.133461538461538,0.3012820512820512,1,1,0,24301,Medium,Long,Medium,1,2,High,4.133461538461538,69.23548076923076,0.3012820512820512,11.0,276.37,0.0,0.0,0.0,0.0,0.0,0.0,0.0,0.0,0.0,0.0,0.0,0.0,0,0.49999999999999994,0.8660254037844387,0.0,0,0,0,0,1,0,0,0,0,0,0,0,0,0,0,1,1,0,0,0,0,0,1,1,11,3040.07
CR00006,2025,2,February,2025-02,14,3869.18,14,276.37,Graphic Design Basics,Design,Paid,Advanced,276.37,48.84,2.72,15,16.75,4.133461538461538,0.3012820512820512,1,0,0,24302,Medium,Long,Medium,1,2,High,4.133461538461538,69.23548076923076,0.3012820512820512,14.0,276.37,11.0,3040.07,11.0,276.37,11.0,3040.07,11.0,3040.07,11.0,3040.07,0.2727272727272727,0.2727272727272727,1,0.8660254037844386,0.5000000000000001,0.09090909090909091,0,0,0,0,1,0,0,0,0,0,0,0,0,0,0,1,1,0,0,0,0,0,1,1,14,3869.18
CR00006,2025,3,March,2025-03,16,4421.92,16,276.37,Graphic Design Basics,Design,Paid,Advanced,276.37,48.84,2.72,15,16.75,4.133461538461538,0.3012820512820512,1,0,1,24303,Medium,Long,Medium,1,2,High,4.133461538461538,69.23548076923076,0.3012820512820512,16.0,276.37,14.0,3869.18,14.0,276.37,25.0,6909.25,25.0,6909.25,25.0,6909.25,0.1428571428571428,0.14285714285714302,1,1.0,6.123233995736766e-17,0.18181818181818182,0,0,0,0,1,0,0,0,0,0,0,0,0,0,0,1,1,0,0,0,0,0,1,1,16,4421.92
CR00006,2025,4,April,2025-04,13,3592.81,13,276.37,Graphic Design Basics,Design,Paid,Advanced,276.37,48.84,2.72,15,16.75,4.133461538461538,0.3012820512820512,2,1,0,24304,Medium,Long,Medium,1,2,High,4.133461538461538,69.23548076923076,0.3012820512820512,13.0,276.37,16.0,4421.92,16.0,276.37,41.0,11331.17,41.0,11331.17,41.0,11331.17,-0.1875,-0.1875,1,0.8660254037844387,-0.4999999999999998,0.2727272727272727,0,0,0,0,1,0,0,0,0,0,0,0,0,0,0,1,1,0,0,0,0,0,1,1,13,3592.81
CR00006,2025,5,May,2025-05,17,4698.29,17,276.37,Graphic Design Basics,Design,Paid,Advanced,276.37,48.84,2.72,15,16.75,4.133461538461538,0.3012820512820512,2,0,0,24305,Medium,Long,Medium,1,2,High,4.133461538461538,69.23548076923076,0.3012820512820512,17.0,276.37,13.0,3592.81,13.0,276.37,43.0,11883.91,43.0,11883.91,54.0,14923.98,0.3076923076923077,0.3076923076923077,1,0.49999999999999994,-0.8660254037844387,0.36363636363636365,0,0,0,0,1,0,0,0,0,0,0,0,0,0,0,1,1,0,0,0,0,0,1,1,17,4698.29
CR00006,2025,6,June,2025-06,13,3592.81,13,276.37,Graphic Design Basics,Design,Paid,Advanced,276.37,48.84,2.72,15,16.75,4.133461538461538,0.3012820512820512,2,0,1,24306,Medium,Long,Medium,1,2,High,4.133461538461538,69.23548076923076,0.3012820512820512,13.0,276.37,17.0,4698.29,17.0,276.37,46.0,12713.02,46.0,12713.02,71.0,19622.27,-0.23529411764705888,-0.23529411764705888,1,1.2246467991473532e-16,-1.0,0.45454545454545453,0,0,0,0,1,0,0,0,0,0,0,0,0,0,0,1,1,0,0,0,0,0,1,1,13,3592.81
CR00006,2025,7,July,2025-07,8,2210.96,8,276.37,Graphic Design Basics,Design,Paid,Advanced,276.37,48.84,2.72,15,16.75,4.133461538461538,0.3012820512820512,3,1,0,24307,Medium,Long,Medium,1,2,High,4.133461538461538,69.23548076923076,0.3012820512820512,8.0,276.37,13.0,3592.81,13.0,276.37,43.0,11883.91,43.0,11883.91,84.0,23215.08,-0.3846153846153846,-0.3846153846153846,1,-0.4999999999999997,-0.8660254037844388,0.5454545454545454,0,0,0,0,1,0,0,0,0,0,0,0,0,0,0,1,1,0,0,0,0,0,1,1,8,2210.96
CR00006,2025,8,August,2025-08,15,4145.55,15,276.37,Graphic Design Basics,Design,Paid,Advanced,276.37,48.84,2.72,15,16.75,4.133461538461538,0.3012820512820512,3,0,0,24308,Medium,Long,Medium,1,2,High,4.133461538461538,69.23548076923076,0.3012820512820512,15.0,276.37,8.0,2210.96,8.0,276.37,38.0,10502.060000000001,38.0,10502.060000000001,81.0,22385.97,0.875,0.875,1,-0.8660254037844385,-0.5000000000000004,0.6363636363636364,0,0,0,0,1,0,0,0,0,0,0,0,0,0,0,1,1,0,0,0,0,0,1,1,15,4145.55
CR00006,2025,9,September,2025-09,10,2763.7,10,276.37,Graphic Design Basics,Design,Paid,Advanced,276.37,48.84,2.72,15,16.75,4.133461538461538,0.3012820512820512,3,0,1,24309,Medium,Long,Medium,1,2,High,4.133461538461538,69.23548076923076,0.3012820512820512,10.0,276.37,15.0,4145.55,15.0,276.37,36.0,9949.32,36.0,9949.32,82.0,22662.34,-0.33333333333333337,-0.33333333333333337,1,-1.0,-1.8369701987210297e-16,0.7272727272727273,0,0,0,0,1,0,0,0,0,0,0,0,0,0,0,1,1,0,0,0,0,0,1,1,10,2763.7
CR00006,2025,10,October,2025-10,13,3592.81,13,276.37,Graphic Design Basics,Design,Paid,Advanced,276.37,48.84,2.72,15,16.75,4.133461538461538,0.3012820512820512,4,1,0,24310,Medium,Long,Medium,1,2,High,4.133461538461538,69.23548076923076,0.3012820512820512,13.0,276.37,10.0,2763.7,10.0,276.37,33.0,9120.21,33.0,9120.21,76.0,21004.12,0.30000000000000004,0.30000000000000004,1,-0.8660254037844386,0.5000000000000001,0.8181818181818182,0,0,0,0,1,0,0,0,0,0,0,0,0,0,0,1,1,0,0,0,0,0,1,1,13,3592.81
CR00006,2025,11,November,2025-11,14,3869.18,14,276.37,Graphic Design Basics,Design,Paid,Advanced,276.37,48.84,2.72,15,16.75,4.133461538461538,0.3012820512820512,4,0,0,24311,Medium,Long,Medium,1,2,High,4.133461538461538,69.23548076923076,0.3012820512820512,14.0,276.37,13.0,3592.81,13.0,276.37,38.0,10502.06,38.0,10502.06,76.0,21004.12,0.07692307692307687,0.07692307692307687,1,-0.5000000000000004,0.8660254037844384,0.9090909090909091,0,0,0,0,1,0,0,0,0,0,0,0,0,0,0,1,1,0,0,0,0,0,1,1,14,3869.18
CR00006,2025,12,December,2025-12,12,3316.44,12,276.37,Graphic Design Basics,Design,Paid,Advanced,276.37,48.84,2.72,15,16.75,4.133461538461538,0.3012820512820512,4,0,1,24312,Medium,Long,Medium,1,2,High,4.133461538461538,69.23548076923076,0.3012820512820512,12.0,276.37,14.0,3869.18,14.0,276.37,37.0,10225.689999999999,37.0,10225.689999999999,73.0,20175.01,-0.1428571428571429,-0.1428571428571428,1,-2.4492935982947064e-16,1.0,1.0,0,0,0,0,1,0,0,0,0,0,0,0,0,0,0,1,1,0,0,0,0,0,1,1,12,3316.44
CR00007,2025,1,January,2025-01,10,0.0,10,0.0,UI/UX Design,Design,Free,Advanced,0.0,48.68,2.61,16,16.02247191011236,3.932584269662921,0.3426966292134831,1,1,0,24301,Free,Long,Medium,0,2,High,3.932584269662921,63.00972099482388,0.3426966292134831,0.0,0.0,0.0,0.0,0.0,0.0,0.0,0.0,0.0,0.0,0.0,0.0,0.0,0.0,0,0.49999999999999994,0.8660254037844387,0.0,0,0,0,0,1,0,0,0,0,0,0,0,1,0,0,0,1,0,0,0,0,0,1,1,10,0.0
CR00007,2025,2,February,2025-02,6,0.0,6,0.0,UI/UX Design,Design,Free,Advanced,0.0,48.68,2.61,16,16.02247191011236,3.932584269662921,0.3426966292134831,1,0,0,24302,Free,Long,Medium,0,2,High,3.932584269662921,63.00972099482388,0.3426966292134831,0.0,0.0,10.0,0.0,10.0,0.0,10.0,0.0,10.0,0.0,10.0,0.0,-0.4,0.0,1,0.8660254037844386,0.5000000000000001,0.09090909090909091,0,0,0,0,1,0,0,0,0,0,0,0,1,0,0,0,1,0,0,0,0,0,1,1,6,0.0
CR00007,2025,3,March,2025-03,11,0.0,11,0.0,UI/UX Design,Design,Free,Advanced,0.0,48.68,2.61,16,16.02247191011236,3.932584269662921,0.3426966292134831,1,0,1,24303,Free,Long,Medium,0,2,High,3.932584269662921,63.00972099482388,0.3426966292134831,0.0,0.0,6.0,0.0,6.0,0.0,16.0,0.0,16.0,0.0,16.0,0.0,0.8333333333333333,0.0,1,1.0,6.123233995736766e-17,0.18181818181818182,0,0,0,0,1,0,0,0,0,0,0,0,1,0,0,0,1,0,0,0,0,0,1,1,11,0.0
CR00007,2025,4,April,2025-04,20,0.0,20,0.0,UI/UX Design,Design,Free,Advanced,0.0,48.68,2.61,16,16.02247191011236,3.932584269662921,0.3426966292134831,2,1,0,24304,Free,Long,Medium,0,2,High,3.932584269662921,63.00972099482388,0.3426966292134831,0.0,0.0,11.0,0.0,11.0,0.0,27.0,0.0,27.0,0.0,27.0,0.0,0.8181818181818181,0.0,1,0.8660254037844387,-0.4999999999999998,0.2727272727272727,0,0,0,0,1,0,0,0,0,0,0,0,1,0,0,0,1,0,0,0,0,0,1,1,20,0.0
CR00007,2025,5,May,2025-05,11,0.0,11,0.0,UI/UX Design,Design,Free,Advanced,0.0,48.68,2.61,16,16.02247191011236,3.932584269662921,0.3426966292134831,2,0,0,24305,Free,Long,Medium,0,2,High,3.932584269662921,63.00972099482388,0.3426966292134831,0.0,0.0,20.0,0.0,20.0,0.0,37.0,0.0,37.0,0.0,47.0,0.0,-0.44999999999999996,0.0,1,0.49999999999999994,-0.8660254037844387,0.36363636363636365,0,0,0,0,1,0,0,0,0,0,0,0,1,0,0,0,1,0,0,0,0,0,1,1,11,0.0
CR00007,2025,6,June,2025-06,20,0.0,20,0.0,UI/UX Design,Design,Free,Advanced,0.0,48.68,2.61,16,16.02247191011236,3.932584269662921,0.3426966292134831,2,0,1,24306,Free,Long,Medium,0,2,High,3.932584269662921,63.00972099482388,0.3426966292134831,0.0,0.0,11.0,0.0,11.0,0.0,42.0,0.0,42.0,0.0,58.0,0.0,0.8181818181818181,0.0,1,1.2246467991473532e-16,-1.0,0.45454545454545453,0,0,0,0,1,0,0,0,0,0,0,0,1,0,0,0,1,0,0,0,0,0,1,1,20,0.0
CR00007,2025,7,July,2025-07,18,0.0,18,0.0,UI/UX Design,Design,Free,Advanced,0.0,48.68,2.61,16,16.02247191011236,3.932584269662921,0.3426966292134831,3,1,0,24307,Free,Long,Medium,0,2,High,3.932584269662921,63.00972099482388,0.3426966292134831,0.0,0.0,20.0,0.0,20.0,0.0,51.0,0.0,51.0,0.0,78.0,0.0,-0.09999999999999998,0.0,1,-0.4999999999999997,-0.8660254037844388,0.5454545454545454,0,0,0,0,1,0,0,0,0,0,0,0,1,0,0,0,1,0,0,0,0,0,1,1,18,0.0
CR00007,2025,8,August,2025-08,13,0.0,13,0.0,UI/UX Design,Design,Free,Advanced,0.0,48.68,2.61,16,16.02247191011236,3.932584269662921,0.3426966292134831,3,0,0,24308,Free,Long,Medium,0,2,High,3.932584269662921,63.00972099482388,0.3426966292134831,0.0,0.0,18.0,0.0,18.0,0.0,49.0,0.0,49.0,0.0,86.0,0.0,-0.2777777777777778,0.0,1,-0.8660254037844385,-0.5000000000000004,0.6363636363636364,0,0,0,0,1,0,0,0,0,0,0,0,1,0,0,0,1,0,0,0,0,0,1,1,13,0.0
CR00007,2025,9,September,2025-09,20,0.0,20,0.0,UI/UX Design,Design,Free,Advanced,0.0,48.68,2.61,16,16.02247191011236,3.932584269662921,0.3426966292134831,3,0,1,24309,Free,Long,Medium,0,2,High,3.932584269662921,63.00972099482388,0.3426966292134831,0.0,0.0,13.0,0.0,13.0,0.0,51.0,0.0,51.0,0.0,93.0,0.0,0.5384615384615385,0.0,1,-1.0,-1.8369701987210297e-16,0.7272727272727273,0,0,0,0,1,0,0,0,0,0,0,0,1,0,0,0,1,0,0,0,0,0,1,1,20,0.0
CR00007,2025,10,October,2025-10,18,0.0,18,0.0,UI/UX Design,Design,Free,Advanced,0.0,48.68,2.61,16,16.02247191011236,3.932584269662921,0.3426966292134831,4,1,0,24310,Free,Long,Medium,0,2,High,3.932584269662921,63.00972099482388,0.3426966292134831,0.0,0.0,20.0,0.0,20.0,0.0,51.0,0.0,51.0,0.0,102.0,0.0,-0.09999999999999998,0.0,1,-0.8660254037844386,0.5000000000000001,0.8181818181818182,0,0,0,0,1,0,0,0,0,0,0,0,1,0,0,0,1,0,0,0,0,0,1,1,18,0.0
CR00007,2025,11,November,2025-11,12,0.0,12,0.0,UI/UX Design,Design,Free,Advanced,0.0,48.68,2.61,16,16.02247191011236,3.932584269662921,0.3426966292134831,4,0,0,24311,Free,Long,Medium,0,2,High,3.932584269662921,63.00972099482388,0.3426966292134831,0.0,0.0,18.0,0.0,18.0,0.0,51.0,0.0,51.0,0.0,100.0,0.0,-0.33333333333333337,0.0,1,-0.5000000000000004,0.8660254037844384,0.9090909090909091,0,0,0,0,1,0,0,0,0,0,0,0,1,0,0,0,1,0,0,0,0,0,1,1,12,0.0
CR00007,2025,12,December,2025-12,19,0.0,19,0.0,UI/UX Design,Design,Free,Advanced,0.0,48.68,2.61,16,16.02247191011236,3.932584269662921,0.3426966292134831,4,0,1,24312,Free,Long,Medium,0,2,High,3.932584269662921,63.00972099482388,0.3426966292134831,0.0,0.0,12.0,0.0,12.0,0.0,50.0,0.0,50.0,0.0,101.0,0.0,0.5833333333333333,0.0,1,-2.4492935982947064e-16,1.0,1.0,0,0,0,0,1,0,0,0,0,0,0,0,1,0,0,0,1,0,0,0,0,0,1,1,19,0.0
CR00008,2025,1,January,2025-01,6,0.0,6,0.0,Photoshop Mastery,Design,Free,Advanced,0.0,2.87,1.52,15,16.329113924050635,3.999113924050633,0.3291139240506329,1,1,0,24301,Free,Short,Low,0,2,High,3.999113924050633,65.30198686107997,0.3291139240506329,0.0,0.0,0.0,0.0,0.0,0.0,0.0,0.0,0.0,0.0,0.0,0.0,0.0,0.0,0,0.49999999999999994,0.8660254037844387,0.0,0,0,0,0,1,0,0,0,0,0,0,0,1,0,0,0,0,0,1,0,0,1,0,1,6,0.0
CR00008,2025,2,February,2025-02,14,0.0,14,0.0,Photoshop Mastery,Design,Free,Advanced,0.0,2.87,1.52,15,16.329113924050635,3.999113924050633,0.3291139240506329,1,0,0,24302,Free,Short,Low,0,2,High,3.999113924050633,65.30198686107997,0.3291139240506329,0.0,0.0,6.0,0.0,6.0,0.0,6.0,0.0,6.0,0.0,6.0,0.0,1.3333333333333335,0.0,1,0.8660254037844386,0.5000000000000001,0.09090909090909091,0,0,0,0,1,0,0,0,0,0,0,0,1,0,0,0,0,0,1,0,0,1,0,1,14,0.0
CR00008,2025,3,March,2025-03,12,0.0,12,0.0,Photoshop Mastery,Design,Free,Advanced,0.0,2.87,1.52,15,16.329113924050635,3.999113924050633,0.3291139240506329,1,0,1,24303,Free,Short,Low,0,2,High,3.999113924050633,65.30198686107997,0.3291139240506329,0.0,0.0,14.0,0.0,14.0,0.0,20.0,0.0,20.0,0.0,20.0,0.0,-0.1428571428571429,0.0,1,1.0,6.123233995736766e-17,0.18181818181818182,0,0,0,0,1,0,0,0,0,0,0,0,1,0,0,0,0,0,1,0,0,1,0,1,12,0.0
CR00008,2025,4,April,2025-04,13,0.0,13,0.0,Photoshop Mastery,Design,Free,Advanced,0.0,2.87,1.52,15,16.329113924050635,3.999113924050633,0.3291139240506329,2,1,0,24304,Free,Short,Low,0,2,High,3.999113924050633,65.30198686107997,0.3291139240506329,0.0,0.0,12.0,0.0,12.0,0.0,32.0,0.0,32.0,0.0,32.0,0.0,0.08333333333333326,0.0,1,0.8660254037844387,-0.4999999999999998,0.2727272727272727,0,0,0,0,1,0,0,0,0,0,0,0,1,0,0,0,0,0,1,0,0,1,0,1,13,0.0
CR00008,2025,5,May,2025-05,15,0.0,15,0.0,Photoshop Mastery,Design,Free,Advanced,0.0,2.87,1.52,15,16.329113924050635,3.999113924050633,0.3291139240506329,2,0,0,24305,Free,Short,Low,0,2,High,3.999113924050633,65.30198686107997,0.3291139240506329,0.0,0.0,13.0,0.0,13.0,0.0,39.0,0.0,39.0,0.0,45.0,0.0,0.15384615384615374,0.0,1,0.49999999999999994,-0.8660254037844387,0.36363636363636365,0,0,0,0,1,0,0,0,0,0,0,0,1,0,0,0,0,0,1,0,0,1,0,1,15,0.0
CR00008,2025,6,June,2025-06,13,0.0,13,0.0,Photoshop Mastery,Design,Free,Advanced,0.0,2.87,1.52,15,16.329113924050635,3.999113924050633,0.3291139240506329,2,0,1,24306,Free,Short,Low,0,2,High,3.999113924050633,65.30198686107997,0.3291139240506329,0.0,0.0,15.0,0.0,15.0,0.0,40.0,0.0,40.0,0.0,60.0,0.0,-0.1333333333333333,0.0,1,1.2246467991473532e-16,-1.0,0.45454545454545453,0,0,0,0,1,0,0,0,0,0,0,0,1,0,0,0,0,0,1,0,0,1,0,1,13,0.0
CR00008,2025,7,July,2025-07,17,0.0,17,0.0,Photoshop Mastery,Design,Free,Advanced,0.0,2.87,1.52,15,16.329113924050635,3.999113924050633,0.3291139240506329,3,1,0,24307,Free,Short,Low,0,2,High,3.999113924050633,65.30198686107997,0.3291139240506329,0.0,0.0,13.0,0.0,13.0,0.0,41.0,0.0,41.0,0.0,73.0,0.0,0.3076923076923077,0.0,1,-0.4999999999999997,-0.8660254037844388,0.5454545454545454,0,0,0,0,1,0,0,0,0,0,0,0,1,0,0,0,0,0,1,0,0,1,0,1,17,0.0
CR00008,2025,8,August,2025-08,12,0.0,12,0.0,Photoshop Mastery,Design,Free,Advanced,0.0,2.87,1.52,15,16.329113924050635,3.999113924050633,0.3291139240506329,3,0,0,24308,Free,Short,Low,0,2,High,3.999113924050633,65.30198686107997,0.3291139240506329,0.0,0.0,17.0,0.0,17.0,0.0,45.0,0.0,45.0,0.0,84.0,0.0,-0.2941176470588235,0.0,1,-0.8660254037844385,-0.5000000000000004,0.6363636363636364,0,0,0,0,1,0,0,0,0,0,0,0,1,0,0,0,0,0,1,0,0,1,0,1,12,0.0
CR00008,2025,9,September,2025-09,12,0.0,12,0.0,Photoshop Mastery,Design,Free,Advanced,0.0,2.87,1.52,15,16.329113924050635,3.999113924050633,0.3291139240506329,3,0,1,24309,Free,Short,Low,0,2,High,3.999113924050633,65.30198686107997,0.3291139240506329,0.0,0.0,12.0,0.0,12.0,0.0,42.0,0.0,42.0,0.0,82.0,0.0,0.0,0.0,1,-1.0,-1.8369701987210297e-16,0.7272727272727273,0,0,0,0,1,0,0,0,0,0,0,0,1,0,0,0,0,0,1,0,0,1,0,1,12,0.0
CR00008,2025,10,October,2025-10,13,0.0,13,0.0,Photoshop Mastery,Design,Free,Advanced,0.0,2.87,1.52,15,16.329113924050635,3.999113924050633,0.3291139240506329,4,1,0,24310,Free,Short,Low,0,2,High,3.999113924050633,65.30198686107997,0.3291139240506329,0.0,0.0,12.0,0.0,12.0,0.0,41.0,0.0,41.0,0.0,82.0,0.0,0.08333333333333326,0.0,1,-0.8660254037844386,0.5000000000000001,0.8181818181818182,0,0,0,0,1,0,0,0,0,0,0,0,1,0,0,0,0,0,1,0,0,1,0,1,13,0.0
CR00008,2025,11,November,2025-11,17,0.0,17,0.0,Photoshop Mastery,Design,Free,Advanced,0.0,2.87,1.52,15,16.329113924050635,3.999113924050633,0.3291139240506329,4,0,0,24311,Free,Short,Low,0,2,High,3.999113924050633,65.30198686107997,0.3291139240506329,0.0,0.0,13.0,0.0,13.0,0.0,37.0,0.0,37.0,0.0,82.0,0.0,0.3076923076923077,0.0,1,-0.5000000000000004,0.8660254037844384,0.9090909090909091,0,0,0,0,1,0,0,0,0,0,0,0,1,0,0,0,0,0,1,0,0,1,0,1,17,0.0
CR00008,2025,12,December,2025-12,14,0.0,14,0.0,Photoshop Mastery,Design,Free,Advanced,0.0,2.87,1.52,15,16.329113924050635,3.999113924050633,0.3291139240506329,4,0,1,24312,Free,Short,Low,0,2,High,3.999113924050633,65.30198686107997,0.3291139240506329,0.0,0.0,17.0,0.0,17.0,0.0,42.0,0.0,42.0,0.0,84.0,0.0,-0.17647058823529416,0.0,1,-2.4492935982947064e-16,1.0,1.0,0,0,0,0,1,0,0,0,0,0,0,0,1,0,0,0,0,0,1,0,0,1,0,1,14,0.0
CR00009,2025,1,January,2025-01,10,0.0,10,0.0,Web Design Fundamentals,Design,Free,Beginner,0.0,48.19,4.51,19,15.387096774193548,3.9562580645161294,0.3548387096774194,1,1,0,24301,Free,Long,Excellent,0,0,High,3.9562580645161294,60.87532570239335,0.3548387096774194,0.0,0.0,0.0,0.0,0.0,0.0,0.0,0.0,0.0,0.0,0.0,0.0,0.0,0.0,0,0.49999999999999994,0.8660254037844387,0.0,0,0,0,0,1,0,0,0,0,0,0,0,1,0,0,0,1,0,0,1,0,0,0,1,10,0.0
CR00009,2025,2,February,2025-02,18,0.0,18,0.0,Web Design Fundamentals,Design,Free,Beginner,0.0,48.19,4.51,19,15.387096774193548,3.9562580645161294,0.3548387096774194,1,0,0,24302,Free,Long,Excellent,0,0,High,3.9562580645161294,60.87532570239335,0.3548387096774194,0.0,0.0,10.0,0.0,10.0,0.0,10.0,0.0,10.0,0.0,10.0,0.0,0.8,0.0,1,0.8660254037844386,0.5000000000000001,0.09090909090909091,0,0,0,0,1,0,0,0,0,0,0,0,1,0,0,0,1,0,0,1,0,0,0,1,18,0.0
CR00009,2025,3,March,2025-03,12,0.0,12,0.0,Web Design Fundamentals,Design,Free,Beginner,0.0,48.19,4.51,19,15.387096774193548,3.9562580645161294,0.3548387096774194,1,0,1,24303,Free,Long,Excellent,0,0,High,3.9562580645161294,60.87532570239335,0.3548387096774194,0.0,0.0,18.0,0.0,18.0,0.0,28.0,0.0,28.0,0.0,28.0,0.0,-0.33333333333333337,0.0,1,1.0,6.123233995736766e-17,0.18181818181818182,0,0,0,0,1,0,0,0,0,0,0,0,1,0,0,0,1,0,0,1,0,0,0,1,12,0.0
CR00009,2025,4,April,2025-04,10,0.0,10,0.0,Web Design Fundamentals,Design,Free,Beginner,0.0,48.19,4.51,19,15.387096774193548,3.9562580645161294,0.3548387096774194,2,1,0,24304,Free,Long,Excellent,0,0,High,3.9562580645161294,60.87532570239335,0.3548387096774194,0.0,0.0,12.0,0.0,12.0,0.0,40.0,0.0,40.0,0.0,40.0,0.0,-0.16666666666666663,0.0,1,0.8660254037844387,-0.4999999999999998,0.2727272727272727,0,0,0,0,1,0,0,0,0,0,0,0,1,0,0,0,1,0,0,1,0,0,0,1,10,0.0
CR00009,2025,5,May,2025-05,11,0.0,11,0.0,Web Design Fundamentals,Design,Free,Beginner,0.0,48.19,4.51,19,15.387096774193548,3.9562580645161294,0.3548387096774194,2,0,0,24305,Free,Long,Excellent,0,0,High,3.9562580645161294,60.87532570239335,0.3548387096774194,0.0,0.0,10.0,0.0,10.0,0.0,40.0,0.0,40.0,0.0,50.0,0.0,0.10000000000000009,0.0,1,0.49999999999999994,-0.8660254037844387,0.36363636363636365,0,0,0,0,1,0,0,0,0,0,0,0,1,0,0,0,1,0,0,1,0,0,0,1,11,0.0
CR00009,2025,6,June,2025-06,17,0.0,17,0.0,Web Design Fundamentals,Design,Free,Beginner,0.0,48.19,4.51,19,15.387096774193548,3.9562580645161294,0.3548387096774194,2,0,1,24306,Free,Long,Excellent,0,0,High,3.9562580645161294,60.87532570239335,0.3548387096774194,0.0,0.0,11.0,0.0,11.0,0.0,33.0,0.0,33.0,0.0,61.0,0.0,0.5454545454545454,0.0,1,1.2246467991473532e-16,-1.0,0.45454545454545453,0,0,0,0,1,0,0,0,0,0,0,0,1,0,0,0,1,0,0,1,0,0,0,1,17,0.0
CR00009,2025,7,July,2025-07,17,0.0,17,0.0,Web Design Fundamentals,Design,Free,Beginner,0.0,48.19,4.51,19,15.387096774193548,3.9562580645161294,0.3548387096774194,3,1,0,24307,Free,Long,Excellent,0,0,High,3.9562580645161294,60.87532570239335,0.3548387096774194,0.0,0.0,17.0,0.0,17.0,0.0,38.0,0.0,38.0,0.0,78.0,0.0,0.0,0.0,1,-0.4999999999999997,-0.8660254037844388,0.5454545454545454,0,0,0,0,1,0,0,0,0,0,0,0,1,0,0,0,1,0,0,1,0,0,0,1,17,0.0
CR00009,2025,8,August,2025-08,15,0.0,15,0.0,Web Design Fundamentals,Design,Free,Beginner,0.0,48.19,4.51,19,15.387096774193548,3.9562580645161294,0.3548387096774194,3,0,0,24308,Free,Long,Excellent,0,0,High,3.9562580645161294,60.87532570239335,0.3548387096774194,0.0,0.0,17.0,0.0,17.0,0.0,45.0,0.0,45.0,0.0,85.0,0.0,-0.11764705882352944,0.0,1,-0.8660254037844385,-0.5000000000000004,0.6363636363636364,0,0,0,0,1,0,0,0,0,0,0,0,1,0,0,0,1,0,0,1,0,0,0,1,15,0.0
CR00009,2025,9,September,2025-09,11,0.0,11,0.0,Web Design Fundamentals,Design,Free,Beginner,0.0,48.19,4.51,19,15.387096774193548,3.9562580645161294,0.3548387096774194,3,0,1,24309,Free,Long,Excellent,0,0,High,3.9562580645161294,60.87532570239335,0.3548387096774194,0.0,0.0,15.0,0.0,15.0,0.0,49.0,0.0,49.0,0.0,82.0,0.0,-0.2666666666666667,0.0,1,-1.0,-1.8369701987210297e-16,0.7272727272727273,0,0,0,0,1,0,0,0,0,0,0,0,1,0,0,0,1,0,0,1,0,0,0,1,11,0.0
CR00009,2025,10,October,2025-10,12,0.0,12,0.0,Web Design Fundamentals,Design,Free,Beginner,0.0,48.19,4.51,19,15.387096774193548,3.9562580645161294,0.3548387096774194,4,1,0,24310,Free,Long,Excellent,0,0,High,3.9562580645161294,60.87532570239335,0.3548387096774194,0.0,0.0,11.0,0.0,11.0,0.0,43.0,0.0,43.0,0.0,81.0,0.0,0.09090909090909083,0.0,1,-0.8660254037844386,0.5000000000000001,0.8181818181818182,0,0,0,0,1,0,0,0,0,0,0,0,1,0,0,0,1,0,0,1,0,0,0,1,12,0.0
CR00009,2025,11,November,2025-11,6,0.0,6,0.0,Web Design Fundamentals,Design,Free,Beginner,0.0,48.19,4.51,19,15.387096774193548,3.9562580645161294,0.3548387096774194,4,0,0,24311,Free,Long,Excellent,0,0,High,3.9562580645161294,60.87532570239335,0.3548387096774194,0.0,0.0,12.0,0.0,12.0,0.0,38.0,0.0,38.0,0.0,83.0,0.0,-0.5,0.0,1,-0.5000000000000004,0.8660254037844384,0.9090909090909091,0,0,0,0,1,0,0,0,0,0,0,0,1,0,0,0,1,0,0,1,0,0,0,1,6,0.0
CR00009,2025,12,December,2025-12,16,0.0,16,0.0,Web Design Fundamentals,Design,Free,Beginner,0.0,48.19,4.51,19,15.387096774193548,3.9562580645161294,0.3548387096774194,4,0,1,24312,Free,Long,Excellent,0,0,High,3.9562580645161294,60.87532570239335,0.3548387096774194,0.0,0.0,6.0,0.0,6.0,0.0,29.0,0.0,29.0,0.0,78.0,0.0,1.6666666666666665,0.0,1,-2.4492935982947064e-16,1.0,1.0,0,0,0,0,1,0,0,0,0,0,0,0,1,0,0,0,1,0,0,1,0,0,0,1,16,0.0
CR00010,2025,1,January,2025-01,12,0.0,12,0.0,3D Modeling,Design,Free,Advanced,0.0,15.29,4.45,18,16.05,3.997055555555556,0.3222222222222222,1,1,0,24301,Free,Medium,Excellent,0,2,High,3.997055555555556,64.15274166666667,0.3222222222222222,0.0,0.0,0.0,0.0,0.0,0.0,0.0,0.0,0.0,0.0,0.0,0.0,0.0,0.0,0,0.49999999999999994,0.8660254037844387,0.0,0,0,0,0,1,0,0,0,0,0,0,0,1,0,0,0,0,1,0,1,0,0,0,1,12,0.0
CR00010,2025,2,February,2025-02,9,0.0,9,0.0,3D Modeling,Design,Free,Advanced,0.0,15.29,4.45,18,16.05,3.997055555555556,0.3222222222222222,1,0,0,24302,Free,Medium,Excellent,0,2,High,3.997055555555556,64.15274166666667,0.3222222222222222,0.0,0.0,12.0,0.0,12.0,0.0,12.0,0.0,12.0,0.0,12.0,0.0,-0.25,0.0,1,0.8660254037844386,0.5000000000000001,0.09090909090909091,0,0,0,0,1,0,0,0,0,0,0,0,1,0,0,0,0,1,0,1,0,0,0,1,9,0.0
CR00010,2025,3,March,2025-03,13,0.0,13,0.0,3D Modeling,Design,Free,Advanced,0.0,15.29,4.45,18,16.05,3.997055555555556,0.3222222222222222,1,0,1,24303,Free,Medium,Excellent,0,2,High,3.997055555555556,64.15274166666667,0.3222222222222222,0.0,0.0,9.0,0.0,9.0,0.0,21.0,0.0,21.0,0.0,21.0,0.0,0.4444444444444444,0.0,1,1.0,6.123233995736766e-17,0.18181818181818182,0,0,0,0,1,0,0,0,0,0,0,0,1,0,0,0,0,1,0,1,0,0,0,1,13,0.0
CR00010,2025,4,April,2025-04,20,0.0,20,0.0,3D Modeling,Design,Free,Advanced,0.0,15.29,4.45,18,16.05,3.997055555555556,0.3222222222222222,2,1,0,24304,Free,Medium,Excellent,0,2,High,3.997055555555556,64.15274166666667,0.3222222222222222,0.0,0.0,13.0,0.0,13.0,0.0,34.0,0.0,34.0,0.0,34.0,0.0,0.5384615384615385,0.0,1,0.8660254037844387,-0.4999999999999998,0.2727272727272727,0,0,0,0,1,0,0,0,0,0,0,0,1,0,0,0,0,1,0,1,0,0,0,1,20,0.0
CR00010,2025,5,May,2025-05,14,0.0,14,0.0,3D Modeling,Design,Free,Advanced,0.0,15.29,4.45,18,16.05,3.997055555555556,0.3222222222222222,2,0,0,24305,Free,Medium,Excellent,0,2,High,3.997055555555556,64.15274166666667,0.3222222222222222,0.0,0.0,20.0,0.0,20.0,0.0,42.0,0.0,42.0,0.0,54.0,0.0,-0.30000000000000004,0.0,1,0.49999999999999994,-0.8660254037844387,0.36363636363636365,0,0,0,0,1,0,0,0,0,0,0,0,1,0,0,0,0,1,0,1,0,0,0,1,14,0.0
CR00010,2025,6,June,2025-06,19,0.0,19,0.0,3D Modeling,Design,Free,Advanced,0.0,15.29,4.45,18,16.05,3.997055555555556,0.3222222222222222,2,0,1,24306,Free,Medium,Excellent,0,2,High,3.997055555555556,64.15274166666667,0.3222222222222222,0.0,0.0,14.0,0.0,14.0,0.0,47.0,0.0,47.0,0.0,68.0,0.0,0.3571428571428572,0.0,1,1.2246467991473532e-16,-1.0,0.45454545454545453,0,0,0,0,1,0,0,0,0,0,0,0,1,0,0,0,0,1,0,1,0,0,0,1,19,0.0
CR00010,2025,7,July,2025-07,17,0.0,17,0.0,3D Modeling,Design,Free,Advanced,0.0,15.29,4.45,18,16.05,3.997055555555556,0.3222222222222222,3,1,0,24307,Free,Medium,Excellent,0,2,High,3.997055555555556,64.15274166666667,0.3222222222222222,0.0,0.0,19.0,0.0,19.0,0.0,53.0,0.0,53.0,0.0,87.0,0.0,-0.10526315789473684,0.0,1,-0.4999999999999997,-0.8660254037844388,0.5454545454545454,0,0,0,0,1,0,0,0,0,0,0,0,1,0,0,0,0,1,0,1,0,0,0,1,17,0.0
CR00010,2025,8,August,2025-08,9,0.0,9,0.0,3D Modeling,Design,Free,Advanced,0.0,15.29,4.45,18,16.05,3.997055555555556,0.3222222222222222,3,0,0,24308,Free,Medium,Excellent,0,2,High,3.997055555555556,64.15274166666667,0.3222222222222222,0.0,0.0,17.0,0.0,17.0,0.0,50.0,0.0,50.0,0.0,92.0,0.0,-0.47058823529411764,0.0,1,-0.8660254037844385,-0.5000000000000004,0.6363636363636364,0,0,0,0,1,0,0,0,0,0,0,0,1,0,0,0,0,1,0,1,0,0,0,1,9,0.0
CR00010,2025,9,September,2025-09,17,0.0,17,0.0,3D Modeling,Design,Free,Advanced,0.0,15.29,4.45,18,16.05,3.997055555555556,0.3222222222222222,3,0,1,24309,Free,Medium,Excellent,0,2,High,3.997055555555556,64.15274166666667,0.3222222222222222,0.0,0.0,9.0,0.0,9.0,0.0,45.0,0.0,45.0,0.0,92.0,0.0,0.8888888888888888,0.0,1,-1.0,-1.8369701987210297e-16,0.7272727272727273,0,0,0,0,1,0,0,0,0,0,0,0,1,0,0,0,0,1,0,1,0,0,0,1,17,0.0
CR00010,2025,10,October,2025-10,10,0.0,10,0.0,3D Modeling,Design,Free,Advanced,0.0,15.29,4.45,18,16.05,3.997055555555556,0.3222222222222222,4,1,0,24310,Free,Medium,Excellent,0,2,High,3.997055555555556,64.15274166666667,0.3222222222222222,0.0,0.0,17.0,0.0,17.0,0.0,43.0,0.0,43.0,0.0,96.0,0.0,-0.4117647058823529,0.0,1,-0.8660254037844386,0.5000000000000001,0.8181818181818182,0,0,0,0,1,0,0,0,0,0,0,0,1,0,0,0,0,1,0,1,0,0,0,1,10,0.0
CR00010,2025,11,November,2025-11,23,0.0,23,0.0,3D Modeling,Design,Free,Advanced,0.0,15.29,4.45,18,16.05,3.997055555555556,0.3222222222222222,4,0,0,24311,Free,Medium,Excellent,0,2,High,3.997055555555556,64.15274166666667,0.3222222222222222,0.0,0.0,10.0,0.0,10.0,0.0,36.0,0.0,36.0,0.0,86.0,0.0,1.2999999999999998,0.0,1,-0.5000000000000004,0.8660254037844384,0.9090909090909091,0,0,0,0,1,0,0,0,0,0,0,0,1,0,0,0,0,1,0,1,0,0,0,1,23,0.0
CR00010,2025,12,December,2025-12,17,0.0,17,0.0,3D Modeling,Design,Free,Advanced,0.0,15.29,4.45,18,16.05,3.997055555555556,0.3222222222222222,4,0,1,24312,Free,Medium,Excellent,0,2,High,3.997055555555556,64.15274166666667,0.3222222222222222,0.0,0.0,23.0,0.0,23.0,0.0,50.0,0.0,50.0,0.0,95.0,0.0,-0.26086956521739135,0.0,1,-2.4492935982947064e-16,1.0,1.0,0,0,0,0,1,0,0,0,0,0,0,0,1,0,0,0,0,1,0,1,0,0,0,1,17,0.0
CR00011,2025,1,January,2025-01,14,4564.28,14,326.02,Entrepreneurship 101,Business,Paid,Intermediate,326.02,11.31,2.69,16,16.52980132450331,3.9479470198675495,0.2516556291390728,1,1,0,24301,High,Medium,Medium,1,1,High,3.9479470198675495,65.25877987807552,0.2516556291390728,14.0,326.02,0.0,0.0,0.0,0.0,0.0,0.0,0.0,0.0,0.0,0.0,0.0,0.0,0,0.49999999999999994,0.8660254037844387,0.0,0,1,0,0,0,0,0,0,0,0,0,0,0,1,0,0,0,1,0,0,0,0,1,1,14,4564.28
CR00011,2025,2,February,2025-02,14,4564.28,14,326.02,Entrepreneurship 101,Business,Paid,Intermediate,326.02,11.31,2.69,16,16.52980132450331,3.9479470198675495,0.2516556291390728,1,0,0,24302,High,Medium,Medium,1,1,High,3.9479470198675495,65.25877987807552,0.2516556291390728,14.0,326.02,14.0,4564.28,14.0,326.02,14.0,4564.28,14.0,4564.28,14.0,4564.28,0.0,0.0,1,0.8660254037844386,0.5000000000000001,0.09090909090909091,0,1,0,0,0,0,0,0,0,0,0,0,0,1,0,0,0,1,0,0,0,0,1,1,14,4564.28
CR00011,2025,3,March,2025-03,9,2934.18,9,326.02,Entrepreneurship 101,Business,Paid,Intermediate,326.02,11.31,2.69,16,16.52980132450331,3.9479470198675495,0.2516556291390728,1,0,1,24303,High,Medium,Medium,1,1,High,3.9479470198675495,65.25877987807552,0.2516556291390728,9.0,326.02,14.0,4564.28,14.0,326.02,28.0,9128.56,28.0,9128.56,28.0,9128.56,-0.3571428571428571,-0.3571428571428571,1,1.0,6.123233995736766e-17,0.18181818181818182,0,1,0,0,0,0,0,0,0,0,0,0,0,1,0,0,0,1,0,0,0,0,1,1,9,2934.18
CR00011,2025,4,April,2025-04,16,5216.32,16,326.02,Entrepreneurship 101,Business,Paid,Intermediate,326.02,11.31,2.69,16,16.52980132450331,3.9479470198675495,0.2516556291390728,2,1,0,24304,High,Medium,Medium,1,1,High,3.9479470198675495,65.25877987807552,0.2516556291390728,16.0,326.02,9.0,2934.18,9.0,326.02,37.0,12062.74,37.0,12062.74,37.0,12062.74,0.7777777777777777,0.7777777777777777,1,0.8660254037844387,-0.4999999999999998,0.2727272727272727,0,1,0,0,0,0,0,0,0,0,0,0,0,1,0,0,0,1,0,0,0,0,1,1,16,5216.32
CR00011,2025,5,May,2025-05,11,3586.22,11,326.02,Entrepreneurship 101,Business,Paid,Intermediate,326.02,11.31,2.69,16,16.52980132450331,3.9479470198675495,0.2516556291390728,2,0,0,24305,High,Medium,Medium,1,1,High,3.9479470198675495,65.25877987807552,0.2516556291390728,11.0,326.02,16.0,5216.32,16.0,326.02,39.0,12714.779999999999,39.0,12714.779999999999,53.0,17279.059999999998,-0.3125,-0.3125,1,0.49999999999999994,-0.8660254037844387,0.36363636363636365,0,1,0,0,0,0,0,0,0,0,0,0,0,1,0,0,0,1,0,0,0,0,1,1,11,3586.22
CR00011,2025,6,June,2025-06,11,3586.22,11,326.02,Entrepreneurship 101,Business,Paid,Intermediate,326.02,11.31,2.69,16,16.52980132450331,3.9479470198675495,0.2516556291390728,2,0,1,24306,High,Medium,Medium,1,1,High,3.9479470198675495,65.25877987807552,0.2516556291390728,11.0,326.02,11.0,3586.22,11.0,326.02,36.0,11736.72,36.0,11736.72,64.0,20865.28,0.0,0.0,1,1.2246467991473532e-16,-1.0,0.45454545454545453,0,1,0,0,0,0,0,0,0,0,0,0,0,1,0,0,0,1,0,0,0,0,1,1,11,3586.22
CR00011,2025,7,July,2025-07,18,5868.36,18,326.02,Entrepreneurship 101,Business,Paid,Intermediate,326.02,11.31,2.69,16,16.52980132450331,3.9479470198675495,0.2516556291390728,3,1,0,24307,High,Medium,Medium,1,1,High,3.9479470198675495,65.25877987807552,0.2516556291390728,18.0,326.02,11.0,3586.22,11.0,326.02,38.0,12388.759999999998,38.0,12388.759999999998,75.0,24451.5,0.6363636363636365,0.6363636363636365,1,-0.4999999999999997,-0.8660254037844388,0.5454545454545454,0,1,0,0,0,0,0,0,0,0,0,0,0,1,0,0,0,1,0,0,0,0,1,1,18,5868.36
CR00011,2025,8,August,2025-08,6,1956.12,6,326.02,Entrepreneurship 101,Business,Paid,Intermediate,326.02,11.31,2.69,16,16.52980132450331,3.9479470198675495,0.2516556291390728,3,0,0,24308,High,Medium,Medium,1,1,High,3.9479470198675495,65.25877987807552,0.2516556291390728,6.0,326.02,18.0,5868.36,18.0,326.02,40.0,13040.8,40.0,13040.8,79.0,25755.58,-0.6666666666666667,-0.6666666666666667,1,-0.8660254037844385,-0.5000000000000004,0.6363636363636364,0,1,0,0,0,0,0,0,0,0,0,0,0,1,0,0,0,1,0,0,0,0,1,1,6,1956.12
CR00011,2025,9,September,2025-09,12,3912.24,12,326.02,Entrepreneurship 101,Business,Paid,Intermediate,326.02,11.31,2.69,16,16.52980132450331,3.9479470198675495,0.2516556291390728,3,0,1,24309,High,Medium,Medium,1,1,High,3.9479470198675495,65.25877987807552,0.2516556291390728,12.0,326.02,6.0,1956.12,6.0,326.02,35.0,11410.7,35.0,11410.7,71.0,23147.420000000002,1.0,1.0,1,-1.0,-1.8369701987210297e-16,0.7272727272727273,0,1,0,0,0,0,0,0,0,0,0,0,0,1,0,0,0,1,0,0,0,0,1,1,12,3912.24
CR00011,2025,10,October,2025-10,16,5216.32,16,326.02,Entrepreneurship 101,Business,Paid,Intermediate,326.02,11.31,2.69,16,16.52980132450331,3.9479470198675495,0.2516556291390728,4,1,0,24310,High,Medium,Medium,1,1,High,3.9479470198675495,65.25877987807552,0.2516556291390728,16.0,326.02,12.0,3912.24,12.0,326.02,36.0,11736.72,36.0,11736.72,74.0,24125.48,0.33333333333333326,0.33333333333333326,1,-0.8660254037844386,0.5000000000000001,0.8181818181818182,0,1,0,0,0,0,0,0,0,0,0,0,0,1,0,0,0,1,0,0,0,0,1,1,16,5216.32
CR00011,2025,11,November,2025-11,12,3912.24,12,326.02,Entrepreneurship 101,Business,Paid,Intermediate,326.02,11.31,2.69,16,16.52980132450331,3.9479470198675495,0.2516556291390728,4,0,0,24311,High,Medium,Medium,1,1,High,3.9479470198675495,65.25877987807552,0.2516556291390728,12.0,326.02,16.0,5216.32,16.0,326.02,34.0,11084.68,34.0,11084.68,74.0,24125.479999999996,-0.25,-0.25,1,-0.5000000000000004,0.8660254037844384,0.9090909090909091,0,1,0,0,0,0,0,0,0,0,0,0,0,1,0,0,0,1,0,0,0,0,1,1,12,3912.24
CR00011,2025,12,December,2025-12,12,3912.24,12,326.02,Entrepreneurship 101,Business,Paid,Intermediate,326.02,11.31,2.69,16,16.52980132450331,3.9479470198675495,0.2516556291390728,4,0,1,24312,High,Medium,Medium,1,1,High,3.9479470198675495,65.25877987807552,0.2516556291390728,12.0,326.02,12.0,3912.24,12.0,326.02,40.0,13040.8,40.0,13040.8,75.0,24451.5,0.0,0.0,1,-2.4492935982947064e-16,1.0,1.0,0,1,0,0,0,0,0,0,0,0,0,0,0,1,0,0,0,1,0,0,0,0,1,1,12,3912.24
CR00012,2025,1,January,2025-01,20,9758.4,20,487.92,Business Strategy,Business,Paid,Advanced,487.92,36.01,3.64,18,16.052023121387283,3.9091907514450863,0.2658959537572254,1,1,0,24301,High,Long,Good,1,2,High,3.9091907514450863,62.750420328109854,0.2658959537572254,20.0,487.91999999999996,0.0,0.0,0.0,0.0,0.0,0.0,0.0,0.0,0.0,0.0,0.0,0.0,0,0.49999999999999994,0.8660254037844387,0.0,0,1,0,0,0,0,0,0,0,0,0,0,0,1,0,0,1,0,0,0,1,0,0,1,20,9758.4
CR00012,2025,2,February,2025-02,10,4879.2,10,487.92,Business Strategy,Business,Paid,Advanced,487.92,36.01,3.64,18,16.052023121387283,3.9091907514450863,0.2658959537572254,1,0,0,24302,High,Long,Good,1,2,High,3.9091907514450863,62.750420328109854,0.2658959537572254,10.0,487.91999999999996,20.0,9758.4,20.0,487.92,20.0,9758.4,20.0,9758.4,20.0,9758.4,-0.5,-0.5,1,0.8660254037844386,0.5000000000000001,0.09090909090909091,0,1,0,0,0,0,0,0,0,0,0,0,0,1,0,0,1,0,0,0,1,0,0,1,10,4879.2
CR00012,2025,3,March,2025-03,21,10246.32,21,487.92,Business Strategy,Business,Paid,Advanced,487.92,36.01,3.64,18,16.052023121387283,3.9091907514450863,0.2658959537572254,1,0,1,24303,High,Long,Good,1,2,High,3.9091907514450863,62.750420328109854,0.2658959537572254,21.0,487.91999999999996,10.0,4879.2,10.0,487.92,30.0,14637.599999999999,30.0,14637.599999999999,30.0,14637.599999999999,1.1,1.1,1,1.0,6.123233995736766e-17,0.18181818181818182,0,1,0,0,0,0,0,0,0,0,0,0,0,1,0,0,1,0,0,0,1,0,0,1,21,10246.32
CR00012,2025,4,April,2025-04,15,7318.8,15,487.92,Business Strategy,Business,Paid,Advanced,487.92,36.01,3.64,18,16.052023121387283,3.9091907514450863,0.2658959537572254,2,1,0,24304,High,Long,Good,1,2,High,3.9091907514450863,62.750420328109854,0.2658959537572254,15.0,487.92,21.0,10246.32,21.0,487.92,51.0,24883.92,51.0,24883.92,51.0,24883.92,-0.2857142857142857,-0.2857142857142857,1,0.8660254037844387,-0.4999999999999998,0.2727272727272727,0,1,0,0,0,0,0,0,0,0,0,0,0,1,0,0,1,0,0,0,1,0,0,1,15,7318.8
CR00012,2025,5,May,2025-05,6,2927.52,6,487.92,Business Strategy,Business,Paid,Advanced,487.92,36.01,3.64,18,16.052023121387283,3.9091907514450863,0.2658959537572254,2,0,0,24305,High,Long,Good,1,2,High,3.9091907514450863,62.750420328109854,0.2658959537572254,6.0,487.92,15.0,7318.8,15.0,487.92,46.0,22444.32,46.0,22444.32,66.0,32202.719999999998,-0.6,-0.6000000000000001,1,0.49999999999999994,-0.8660254037844387,0.36363636363636365,0,1,0,0,0,0,0,0,0,0,0,0,0,1,0,0,1,0,0,0,1,0,0,1,6,2927.52
CR00012,2025,6,June,2025-06,14,6830.88,14,487.92,Business Strategy,Business,Paid,Advanced,487.92,36.01,3.64,18,16.052023121387283,3.9091907514450863,0.2658959537572254,2,0,1,24306,High,Long,Good,1,2,High,3.9091907514450863,62.750420328109854,0.2658959537572254,14.0,487.92,6.0,2927.52,6.0,487.92,42.0,20492.64,42.0,20492.64,72.0,35130.24,1.3333333333333335,1.3333333333333335,1,1.2246467991473532e-16,-1.0,0.45454545454545453,0,1,0,0,0,0,0,0,0,0,0,0,0,1,0,0,1,0,0,0,1,0,0,1,14,6830.88
CR00012,2025,7,July,2025-07,18,8782.56,18,487.92,Business Strategy,Business,Paid,Advanced,487.92,36.01,3.64,18,16.052023121387283,3.9091907514450863,0.2658959537572254,3,1,0,24307,High,Long,Good,1,2,High,3.9091907514450863,62.750420328109854,0.2658959537572254,18.0,487.91999999999996,14.0,6830.88,14.0,487.92,35.0,17077.199999999997,35.0,17077.199999999997,86.0,41961.119999999995,0.2857142857142858,0.2857142857142856,1,-0.4999999999999997,-0.8660254037844388,0.5454545454545454,0,1,0,0,0,0,0,0,0,0,0,0,0,1,0,0,1,0,0,0,1,0,0,1,18,8782.56
CR00012,2025,8,August,2025-08,11,5367.12,11,487.92,Business Strategy,Business,Paid,Advanced,487.92,36.01,3.64,18,16.052023121387283,3.9091907514450863,0.2658959537572254,3,0,0,24308,High,Long,Good,1,2,High,3.9091907514450863,62.750420328109854,0.2658959537572254,11.0,487.92,18.0,8782.56,18.0,487.92,38.0,18540.96,38.0,18540.96,84.0,40985.28,-0.38888888888888884,-0.38888888888888884,1,-0.8660254037844385,-0.5000000000000004,0.6363636363636364,0,1,0,0,0,0,0,0,0,0,0,0,0,1,0,0,1,0,0,0,1,0,0,1,11,5367.12
CR00012,2025,9,September,2025-09,15,7318.8,15,487.92,Business Strategy,Business,Paid,Advanced,487.92,36.01,3.64,18,16.052023121387283,3.9091907514450863,0.2658959537572254,3,0,1,24309,High,Long,Good,1,2,High,3.9091907514450863,62.750420328109854,0.2658959537572254,15.0,487.92,11.0,5367.12,11.0,487.92,43.0,20980.559999999998,43.0,20980.559999999998,85.0,41473.2,0.36363636363636354,0.36363636363636376,1,-1.0,-1.8369701987210297e-16,0.7272727272727273,0,1,0,0,0,0,0,0,0,0,0,0,0,1,0,0,1,0,0,0,1,0,0,1,15,7318.8
CR00012,2025,10,October,2025-10,20,9758.4,20,487.92,Business Strategy,Business,Paid,Advanced,487.92,36.01,3.64,18,16.052023121387283,3.9091907514450863,0.2658959537572254,4,1,0,24310,High,Long,Good,1,2,High,3.9091907514450863,62.750420328109854,0.2658959537572254,20.0,487.91999999999996,15.0,7318.8,15.0,487.92,44.0,21468.479999999996,44.0,21468.479999999996,79.0,38545.68,0.33333333333333326,0.33333333333333326,1,-0.8660254037844386,0.5000000000000001,0.8181818181818182,0,1,0,0,0,0,0,0,0,0,0,0,0,1,0,0,1,0,0,0,1,0,0,1,20,9758.4
CR00012,2025,11,November,2025-11,11,5367.12,11,487.92,Business Strategy,Business,Paid,Advanced,487.92,36.01,3.64,18,16.052023121387283,3.9091907514450863,0.2658959537572254,4,0,0,24311,High,Long,Good,1,2,High,3.9091907514450863,62.750420328109854,0.2658959537572254,11.0,487.92,20.0,9758.4,20.0,487.92,46.0,22444.32,46.0,22444.32,84.0,40985.28,-0.44999999999999996,-0.44999999999999996,1,-0.5000000000000004,0.8660254037844384,0.9090909090909091,0,1,0,0,0,0,0,0,0,0,0,0,0,1,0,0,1,0,0,0,1,0,0,1,11,5367.12
CR00012,2025,12,December,2025-12,12,5855.04,12,487.92,Business Strategy,Business,Paid,Advanced,487.92,36.01,3.64,18,16.052023121387283,3.9091907514450863,0.2658959537572254,4,0,1,24312,High,Long,Good,1,2,High,3.9091907514450863,62.750420328109854,0.2658959537572254,12.0,487.92,11.0,5367.12,11.0,487.92,46.0,22444.32,46.0,22444.32,89.0,43424.88,0.09090909090909083,0.09090909090909083,1,-2.4492935982947064e-16,1.0,1.0,0,1,0,0,0,0,0,0,0,0,0,0,0,1,0,0,1,0,0,0,1,0,0,1,12,5855.04
CR00013,2025,1,January,2025-01,20,0.0,20,0.0,Finance for Startups,Business,Free,Advanced,0.0,15.84,2.0,20,15.93529411764706,3.8742941176470582,0.2764705882352941,1,1,0,24301,Free,Medium,Medium,0,2,High,3.8742941176470582,61.738016262975776,0.2764705882352941,0.0,0.0,0.0,0.0,0.0,0.0,0.0,0.0,0.0,0.0,0.0,0.0,0.0,0.0,0,0.49999999999999994,0.8660254037844387,0.0,0,1,0,0,0,0,0,0,0,0,0,0,1,0,0,0,0,1,0,0,0,0,1,1,20,0.0
CR00013,2025,2,February,2025-02,12,0.0,12,0.0,Finance for Startups,Business,Free,Advanced,0.0,15.84,2.0,20,15.93529411764706,3.8742941176470582,0.2764705882352941,1,0,0,24302,Free,Medium,Medium,0,2,High,3.8742941176470582,61.738016262975776,0.2764705882352941,0.0,0.0,20.0,0.0,20.0,0.0,20.0,0.0,20.0,0.0,20.0,0.0,-0.4,0.0,1,0.8660254037844386,0.5000000000000001,0.09090909090909091,0,1,0,0,0,0,0,0,0,0,0,0,1,0,0,0,0,1,0,0,0,0,1,1,12,0.0
CR00013,2025,3,March,2025-03,23,0.0,23,0.0,Finance for Startups,Business,Free,Advanced,0.0,15.84,2.0,20,15.93529411764706,3.8742941176470582,0.2764705882352941,1,0,1,24303,Free,Medium,Medium,0,2,High,3.8742941176470582,61.738016262975776,0.2764705882352941,0.0,0.0,12.0,0.0,12.0,0.0,32.0,0.0,32.0,0.0,32.0,0.0,0.9166666666666667,0.0,1,1.0,6.123233995736766e-17,0.18181818181818182,0,1,0,0,0,0,0,0,0,0,0,0,1,0,0,0,0,1,0,0,0,0,1,1,23,0.0
CR00013,2025,4,April,2025-04,18,0.0,18,0.0,Finance for Startups,Business,Free,Advanced,0.0,15.84,2.0,20,15.93529411764706,3.8742941176470582,0.2764705882352941,2,1,0,24304,Free,Medium,Medium,0,2,High,3.8742941176470582,61.738016262975776,0.2764705882352941,0.0,0.0,23.0,0.0,23.0,0.0,55.0,0.0,55.0,0.0,55.0,0.0,-0.21739130434782605,0.0,1,0.8660254037844387,-0.4999999999999998,0.2727272727272727,0,1,0,0,0,0,0,0,0,0,0,0,1,0,0,0,0,1,0,0,0,0,1,1,18,0.0
CR00013,2025,5,May,2025-05,10,0.0,10,0.0,Finance for Startups,Business,Free,Advanced,0.0,15.84,2.0,20,15.93529411764706,3.8742941176470582,0.2764705882352941,2,0,0,24305,Free,Medium,Medium,0,2,High,3.8742941176470582,61.738016262975776,0.2764705882352941,0.0,0.0,18.0,0.0,18.0,0.0,53.0,0.0,53.0,0.0,73.0,0.0,-0.4444444444444444,0.0,1,0.49999999999999994,-0.8660254037844387,0.36363636363636365,0,1,0,0,0,0,0,0,0,0,0,0,1,0,0,0,0,1,0,0,0,0,1,1,10,0.0
CR00013,2025,6,June,2025-06,13,0.0,13,0.0,Finance for Startups,Business,Free,Advanced,0.0,15.84,2.0,20,15.93529411764706,3.8742941176470582,0.2764705882352941,2,0,1,24306,Free,Medium,Medium,0,2,High,3.8742941176470582,61.738016262975776,0.2764705882352941,0.0,0.0,10.0,0.0,10.0,0.0,51.0,0.0,51.0,0.0,83.0,0.0,0.30000000000000004,0.0,1,1.2246467991473532e-16,-1.0,0.45454545454545453,0,1,0,0,0,0,0,0,0,0,0,0,1,0,0,0,0,1,0,0,0,0,1,1,13,0.0
CR00013,2025,7,July,2025-07,14,0.0,14,0.0,Finance for Startups,Business,Free,Advanced,0.0,15.84,2.0,20,15.93529411764706,3.8742941176470582,0.2764705882352941,3,1,0,24307,Free,Medium,Medium,0,2,High,3.8742941176470582,61.738016262975776,0.2764705882352941,0.0,0.0,13.0,0.0,13.0,0.0,41.0,0.0,41.0,0.0,96.0,0.0,0.07692307692307687,0.0,1,-0.4999999999999997,-0.8660254037844388,0.5454545454545454,0,1,0,0,0,0,0,0,0,0,0,0,1,0,0,0,0,1,0,0,0,0,1,1,14,0.0
CR00013,2025,8,August,2025-08,12,0.0,12,0.0,Finance for Startups,Business,Free,Advanced,0.0,15.84,2.0,20,15.93529411764706,3.8742941176470582,0.2764705882352941,3,0,0,24308,Free,Medium,Medium,0,2,High,3.8742941176470582,61.738016262975776,0.2764705882352941,0.0,0.0,14.0,0.0,14.0,0.0,37.0,0.0,37.0,0.0,90.0,0.0,-0.1428571428571429,0.0,1,-0.8660254037844385,-0.5000000000000004,0.6363636363636364,0,1,0,0,0,0,0,0,0,0,0,0,1,0,0,0,0,1,0,0,0,0,1,1,12,0.0
CR00013,2025,9,September,2025-09,9,0.0,9,0.0,Finance for Startups,Business,Free,Advanced,0.0,15.84,2.0,20,15.93529411764706,3.8742941176470582,0.2764705882352941,3,0,1,24309,Free,Medium,Medium,0,2,High,3.8742941176470582,61.738016262975776,0.2764705882352941,0.0,0.0,12.0,0.0,12.0,0.0,39.0,0.0,39.0,0.0,90.0,0.0,-0.25,0.0,1,-1.0,-1.8369701987210297e-16,0.7272727272727273,0,1,0,0,0,0,0,0,0,0,0,0,1,0,0,0,0,1,0,0,0,0,1,1,9,0.0
CR00013,2025,10,October,2025-10,10,0.0,10,0.0,Finance for Startups,Business,Free,Advanced,0.0,15.84,2.0,20,15.93529411764706,3.8742941176470582,0.2764705882352941,4,1,0,24310,Free,Medium,Medium,0,2,High,3.8742941176470582,61.738016262975776,0.2764705882352941,0.0,0.0,9.0,0.0,9.0,0.0,35.0,0.0,35.0,0.0,76.0,0.0,0.11111111111111116,0.0,1,-0.8660254037844386,0.5000000000000001,0.8181818181818182,0,1,0,0,0,0,0,0,0,0,0,0,1,0,0,0,0,1,0,0,0,0,1,1,10,0.0
CR00013,2025,11,November,2025-11,14,0.0,14,0.0,Finance for Startups,Business,Free,Advanced,0.0,15.84,2.0,20,15.93529411764706,3.8742941176470582,0.2764705882352941,4,0,0,24311,Free,Medium,Medium,0,2,High,3.8742941176470582,61.738016262975776,0.2764705882352941,0.0,0.0,10.0,0.0,10.0,0.0,31.0,0.0,31.0,0.0,68.0,0.0,0.3999999999999999,0.0,1,-0.5000000000000004,0.8660254037844384,0.9090909090909091,0,1,0,0,0,0,0,0,0,0,0,0,1,0,0,0,0,1,0,0,0,0,1,1,14,0.0
CR00013,2025,12,December,2025-12,15,0.0,15,0.0,Finance for Startups,Business,Free,Advanced,0.0,15.84,2.0,20,15.93529411764706,3.8742941176470582,0.2764705882352941,4,0,1,24312,Free,Medium,Medium,0,2,High,3.8742941176470582,61.738016262975776,0.2764705882352941,0.0,0.0,14.0,0.0,14.0,0.0,33.0,0.0,33.0,0.0,72.0,0.0,0.0714285714285714,0.0,1,-2.4492935982947064e-16,1.0,1.0,0,1,0,0,0,0,0,0,0,0,0,0,1,0,0,0,0,1,0,0,0,0,1,1,15,0.0
CR00014,2025,1,January,2025-01,15,0.0,15,0.0,Sales Mastery,Business,Free,Advanced,0.0,22.29,3.15,18,15.695906432748538,3.769298245614035,0.2982456140350877,1,1,0,24301,Free,Medium,Good,0,2,High,3.769298245614035,59.16255258028111,0.2982456140350877,0.0,0.0,0.0,0.0,0.0,0.0,0.0,0.0,0.0,0.0,0.0,0.0,0.0,0.0,0,0.49999999999999994,0.8660254037844387,0.0,0,1,0,0,0,0,0,0,0,0,0,0,1,0,0,0,0,1,0,0,1,0,0,1,15,0.0
CR00014,2025,2,February,2025-02,14,0.0,14,0.0,Sales Mastery,Business,Free,Advanced,0.0,22.29,3.15,18,15.695906432748538,3.769298245614035,0.2982456140350877,1,0,0,24302,Free,Medium,Good,0,2,High,3.769298245614035,59.16255258028111,0.2982456140350877,0.0,0.0,15.0,0.0,15.0,0.0,15.0,0.0,15.0,0.0,15.0,0.0,-0.06666666666666665,0.0,1,0.8660254037844386,0.5000000000000001,0.09090909090909091,0,1,0,0,0,0,0,0,0,0,0,0,1,0,0,0,0,1,0,0,1,0,0,1,14,0.0
CR00014,2025,3,March,2025-03,17,0.0,17,0.0,Sales Mastery,Business,Free,Advanced,0.0,22.29,3.15,18,15.695906432748538,3.769298245614035,0.2982456140350877,1,0,1,24303,Free,Medium,Good,0,2,High,3.769298245614035,59.16255258028111,0.2982456140350877,0.0,0.0,14.0,0.0,14.0,0.0,29.0,0.0,29.0,0.0,29.0,0.0,0.2142857142857142,0.0,1,1.0,6.123233995736766e-17,0.18181818181818182,0,1,0,0,0,0,0,0,0,0,0,0,1,0,0,0,0,1,0,0,1,0,0,1,17,0.0
CR00014,2025,4,April,2025-04,12,0.0,12,0.0,Sales Mastery,Business,Free,Advanced,0.0,22.29,3.15,18,15.695906432748538,3.769298245614035,0.2982456140350877,2,1,0,24304,Free,Medium,Good,0,2,High,3.769298245614035,59.16255258028111,0.2982456140350877,0.0,0.0,17.0,0.0,17.0,0.0,46.0,0.0,46.0,0.0,46.0,0.0,-0.2941176470588235,0.0,1,0.8660254037844387,-0.4999999999999998,0.2727272727272727,0,1,0,0,0,0,0,0,0,0,0,0,1,0,0,0,0,1,0,0,1,0,0,1,12,0.0
CR00014,2025,5,May,2025-05,14,0.0,14,0.0,Sales Mastery,Business,Free,Advanced,0.0,22.29,3.15,18,15.695906432748538,3.769298245614035,0.2982456140350877,2,0,0,24305,Free,Medium,Good,0,2,High,3.769298245614035,59.16255258028111,0.2982456140350877,0.0,0.0,12.0,0.0,12.0,0.0,43.0,0.0,43.0,0.0,58.0,0.0,0.16666666666666674,0.0,1,0.49999999999999994,-0.8660254037844387,0.36363636363636365,0,1,0,0,0,0,0,0,0,0,0,0,1,0,0,0,0,1,0,0,1,0,0,1,14,0.0
CR00014,2025,6,June,2025-06,15,0.0,15,0.0,Sales Mastery,Business,Free,Advanced,0.0,22.29,3.15,18,15.695906432748538,3.769298245614035,0.2982456140350877,2,0,1,24306,Free,Medium,Good,0,2,High,3.769298245614035,59.16255258028111,0.2982456140350877,0.0,0.0,14.0,0.0,14.0,0.0,43.0,0.0,43.0,0.0,72.0,0.0,0.0714285714285714,0.0,1,1.2246467991473532e-16,-1.0,0.45454545454545453,0,1,0,0,0,0,0,0,0,0,0,0,1,0,0,0,0,1,0,0,1,0,0,1,15,0.0
CR00014,2025,7,July,2025-07,8,0.0,8,0.0,Sales Mastery,Business,Free,Advanced,0.0,22.29,3.15,18,15.695906432748538,3.769298245614035,0.2982456140350877,3,1,0,24307,Free,Medium,Good,0,2,High,3.769298245614035,59.16255258028111,0.2982456140350877,0.0,0.0,15.0,0.0,15.0,0.0,41.0,0.0,41.0,0.0,87.0,0.0,-0.4666666666666667,0.0,1,-0.4999999999999997,-0.8660254037844388,0.5454545454545454,0,1,0,0,0,0,0,0,0,0,0,0,1,0,0,0,0,1,0,0,1,0,0,1,8,0.0
CR00014,2025,8,August,2025-08,14,0.0,14,0.0,Sales Mastery,Business,Free,Advanced,0.0,22.29,3.15,18,15.695906432748538,3.769298245614035,0.2982456140350877,3,0,0,24308,Free,Medium,Good,0,2,High,3.769298245614035,59.16255258028111,0.2982456140350877,0.0,0.0,8.0,0.0,8.0,0.0,37.0,0.0,37.0,0.0,80.0,0.0,0.75,0.0,1,-0.8660254037844385,-0.5000000000000004,0.6363636363636364,0,1,0,0,0,0,0,0,0,0,0,0,1,0,0,0,0,1,0,0,1,0,0,1,14,0.0
CR00014,2025,9,September,2025-09,18,0.0,18,0.0,Sales Mastery,Business,Free,Advanced,0.0,22.29,3.15,18,15.695906432748538,3.769298245614035,0.2982456140350877,3,0,1,24309,Free,Medium,Good,0,2,High,3.769298245614035,59.16255258028111,0.2982456140350877,0.0,0.0,14.0,0.0,14.0,0.0,37.0,0.0,37.0,0.0,80.0,0.0,0.2857142857142858,0.0,1,-1.0,-1.8369701987210297e-16,0.7272727272727273,0,1,0,0,0,0,0,0,0,0,0,0,1,0,0,0,0,1,0,0,1,0,0,1,18,0.0
CR00014,2025,10,October,2025-10,16,0.0,16,0.0,Sales Mastery,Business,Free,Advanced,0.0,22.29,3.15,18,15.695906432748538,3.769298245614035,0.2982456140350877,4,1,0,24310,Free,Medium,Good,0,2,High,3.769298245614035,59.16255258028111,0.2982456140350877,0.0,0.0,18.0,0.0,18.0,0.0,40.0,0.0,40.0,0.0,81.0,0.0,-0.11111111111111116,0.0,1,-0.8660254037844386,0.5000000000000001,0.8181818181818182,0,1,0,0,0,0,0,0,0,0,0,0,1,0,0,0,0,1,0,0,1,0,0,1,16,0.0
CR00014,2025,11,November,2025-11,21,0.0,21,0.0,Sales Mastery,Business,Free,Advanced,0.0,22.29,3.15,18,15.695906432748538,3.769298245614035,0.2982456140350877,4,0,0,24311,Free,Medium,Good,0,2,High,3.769298245614035,59.16255258028111,0.2982456140350877,0.0,0.0,16.0,0.0,16.0,0.0,48.0,0.0,48.0,0.0,85.0,0.0,0.3125,0.0,1,-0.5000000000000004,0.8660254037844384,0.9090909090909091,0,1,0,0,0,0,0,0,0,0,0,0,1,0,0,0,0,1,0,0,1,0,0,1,21,0.0
CR00014,2025,12,December,2025-12,7,0.0,7,0.0,Sales Mastery,Business,Free,Advanced,0.0,22.29,3.15,18,15.695906432748538,3.769298245614035,0.2982456140350877,4,0,1,24312,Free,Medium,Good,0,2,High,3.769298245614035,59.16255258028111,0.2982456140350877,0.0,0.0,21.0,0.0,21.0,0.0,55.0,0.0,55.0,0.0,92.0,0.0,-0.6666666666666667,0.0,1,-2.4492935982947064e-16,1.0,1.0,0,1,0,0,0,0,0,0,0,0,0,0,1,0,0,0,0,1,0,0,1,0,0,1,7,0.0
CR00015,2025,1,January,2025-01,13,3705.65,13,285.05,Leadership Essentials,Business,Paid,Beginner,285.05,34.78,1.96,19,16.708333333333332,4.004285714285714,0.2321428571428571,1,1,0,24301,Medium,Long,Low,1,0,High,4.004285714285714,66.90494047619046,0.2321428571428571,13.0,285.05,0.0,0.0,0.0,0.0,0.0,0.0,0.0,0.0,0.0,0.0,0.0,0.0,0,0.49999999999999994,0.8660254037844387,0.0,0,1,0,0,0,0,0,0,0,0,0,0,0,0,0,1,1,0,0,0,0,1,0,1,13,3705.65
CR00015,2025,2,February,2025-02,11,3135.55,11,285.05,Leadership Essentials,Business,Paid,Beginner,285.05,34.78,1.96,19,16.708333333333332,4.004285714285714,0.2321428571428571,1,0,0,24302,Medium,Long,Low,1,0,High,4.004285714285714,66.90494047619046,0.2321428571428571,11.0,285.05,13.0,3705.65,13.0,285.05,13.0,3705.65,13.0,3705.65,13.0,3705.65,-0.15384615384615385,-0.15384615384615385,1,0.8660254037844386,0.5000000000000001,0.09090909090909091,0,1,0,0,0,0,0,0,0,0,0,0,0,0,0,1,1,0,0,0,0,1,0,1,11,3135.55
CR00015,2025,3,March,2025-03,11,3135.55,11,285.05,Leadership Essentials,Business,Paid,Beginner,285.05,34.78,1.96,19,16.708333333333332,4.004285714285714,0.2321428571428571,1,0,1,24303,Medium,Long,Low,1,0,High,4.004285714285714,66.90494047619046,0.2321428571428571,11.0,285.05,11.0,3135.55,11.0,285.05,24.0,6841.200000000001,24.0,6841.200000000001,24.0,6841.200000000001,0.0,0.0,1,1.0,6.123233995736766e-17,0.18181818181818182,0,1,0,0,0,0,0,0,0,0,0,0,0,0,0,1,1,0,0,0,0,1,0,1,11,3135.55
CR00015,2025,4,April,2025-04,16,4560.8,16,285.05,Leadership Essentials,Business,Paid,Beginner,285.05,34.78,1.96,19,16.708333333333332,4.004285714285714,0.2321428571428571,2,1,0,24304,Medium,Long,Low,1,0,High,4.004285714285714,66.90494047619046,0.2321428571428571,16.0,285.05,11.0,3135.55,11.0,285.05,35.0,9976.75,35.0,9976.75,35.0,9976.75,0.4545454545454546,0.4545454545454546,1,0.8660254037844387,-0.4999999999999998,0.2727272727272727,0,1,0,0,0,0,0,0,0,0,0,0,0,0,0,1,1,0,0,0,0,1,0,1,16,4560.8
CR00015,2025,5,May,2025-05,14,3990.7,14,285.05,Leadership Essentials,Business,Paid,Beginner,285.05,34.78,1.96,19,16.708333333333332,4.004285714285714,0.2321428571428571,2,0,0,24305,Medium,Long,Low,1,0,High,4.004285714285714,66.90494047619046,0.2321428571428571,13.999999999999998,285.05,16.0,4560.8,16.0,285.05,38.0,10831.900000000001,38.0,10831.900000000001,51.0,14537.550000000001,-0.125,-0.1250000000000001,1,0.49999999999999994,-0.8660254037844387,0.36363636363636365,0,1,0,0,0,0,0,0,0,0,0,0,0,0,0,1,1,0,0,0,0,1,0,1,14,3990.7
CR00015,2025,6,June,2025-06,19,5415.95,19,285.05,Leadership Essentials,Business,Paid,Beginner,285.05,34.78,1.96,19,16.708333333333332,4.004285714285714,0.2321428571428571,2,0,1,24306,Medium,Long,Low,1,0,High,4.004285714285714,66.90494047619046,0.2321428571428571,19.0,285.05,14.0,3990.7,14.0,285.05,41.0,11687.05,41.0,11687.05,65.0,18528.25,0.3571428571428572,0.3571428571428572,1,1.2246467991473532e-16,-1.0,0.45454545454545453,0,1,0,0,0,0,0,0,0,0,0,0,0,0,0,1,1,0,0,0,0,1,0,1,19,5415.95
CR00015,2025,7,July,2025-07,13,3705.65,13,285.05,Leadership Essentials,Business,Paid,Beginner,285.05,34.78,1.96,19,16.708333333333332,4.004285714285714,0.2321428571428571,3,1,0,24307,Medium,Long,Low,1,0,High,4.004285714285714,66.90494047619046,0.2321428571428571,13.0,285.05,19.0,5415.95,19.0,285.05,49.0,13967.45,49.0,13967.45,84.0,23944.2,-0.3157894736842105,-0.3157894736842105,1,-0.4999999999999997,-0.8660254037844388,0.5454545454545454,0,1,0,0,0,0,0,0,0,0,0,0,0,0,0,1,1,0,0,0,0,1,0,1,13,3705.65
CR00015,2025,8,August,2025-08,10,2850.5,10,285.05,Leadership Essentials,Business,Paid,Beginner,285.05,34.78,1.96,19,16.708333333333332,4.004285714285714,0.2321428571428571,3,0,0,24308,Medium,Long,Low,1,0,High,4.004285714285714,66.90494047619046,0.2321428571428571,10.0,285.05,13.0,3705.65,13.0,285.05,46.0,13112.3,46.0,13112.3,84.0,23944.2,-0.23076923076923073,-0.23076923076923084,1,-0.8660254037844385,-0.5000000000000004,0.6363636363636364,0,1,0,0,0,0,0,0,0,0,0,0,0,0,0,1,1,0,0,0,0,1,0,1,10,2850.5
CR00015,2025,9,September,2025-09,18,5130.900000000001,18,285.05,Leadership Essentials,Business,Paid,Beginner,285.05,34.78,1.96,19,16.708333333333332,4.004285714285714,0.2321428571428571,3,0,1,24309,Medium,Long,Low,1,0,High,4.004285714285714,66.90494047619046,0.2321428571428571,18.0,285.05,10.0,2850.5,10.0,285.05,42.0,11972.099999999999,42.0,11972.099999999999,83.0,23659.15,0.8,0.8000000000000003,1,-1.0,-1.8369701987210297e-16,0.7272727272727273,0,1,0,0,0,0,0,0,0,0,0,0,0,0,0,1,1,0,0,0,0,1,0,1,18,5130.900000000001
CR00015,2025,10,October,2025-10,13,3705.65,13,285.05,Leadership Essentials,Business,Paid,Beginner,285.05,34.78,1.96,19,16.708333333333332,4.004285714285714,0.2321428571428571,4,1,0,24310,Medium,Long,Low,1,0,High,4.004285714285714,66.90494047619046,0.2321428571428571,13.0,285.05,18.0,5130.900000000001,18.0,285.05,41.0,11687.050000000001,41.0,11687.050000000001,90.0,25654.5,-0.2777777777777778,-0.2777777777777778,1,-0.8660254037844386,0.5000000000000001,0.8181818181818182,0,1,0,0,0,0,0,0,0,0,0,0,0,0,0,1,1,0,0,0,0,1,0,1,13,3705.65
CR00015,2025,11,November,2025-11,13,3705.65,13,285.05,Leadership Essentials,Business,Paid,Beginner,285.05,34.78,1.96,19,16.708333333333332,4.004285714285714,0.2321428571428571,4,0,0,24311,Medium,Long,Low,1,0,High,4.004285714285714,66.90494047619046,0.2321428571428571,13.0,285.05,13.0,3705.65,13.0,285.05,41.0,11687.050000000001,41.0,11687.050000000001,87.0,24799.35,0.0,0.0,1,-0.5000000000000004,0.8660254037844384,0.9090909090909091,0,1,0,0,0,0,0,0,0,0,0,0,0,0,0,1,1,0,0,0,0,1,0,1,13,3705.65
CR00015,2025,12,December,2025-12,17,4845.85,17,285.05,Leadership Essentials,Business,Paid,Beginner,285.05,34.78,1.96,19,16.708333333333332,4.004285714285714,0.2321428571428571,4,0,1,24312,Medium,Long,Low,1,0,High,4.004285714285714,66.90494047619046,0.2321428571428571,17.0,285.05,13.0,3705.65,13.0,285.05,44.0,12542.2,44.0,12542.2,86.0,24514.300000000003,0.3076923076923077,0.3076923076923077,1,-2.4492935982947064e-16,1.0,1.0,0,1,0,0,0,0,0,0,0,0,0,0,0,0,0,1,1,0,0,0,0,1,0,1,17,4845.85
CR00016,2025,1,January,2025-01,13,0.0,13,0.0,Digital Marketing,Marketing,Free,Intermediate,0.0,42.68,4.72,30,16.372549019607842,4.160065359477124,0.1045751633986928,1,1,0,24301,Free,Long,Excellent,0,1,High,4.160065359477124,68.11087402281173,0.1045751633986928,0.0,0.0,0.0,0.0,0.0,0.0,0.0,0.0,0.0,0.0,0.0,0.0,0.0,0.0,0,0.49999999999999994,0.8660254037844387,0.0,0,0,0,0,0,0,0,0,1,0,0,0,1,0,0,0,1,0,0,1,0,0,0,1,13,0.0
CR00016,2025,2,February,2025-02,15,0.0,15,0.0,Digital Marketing,Marketing,Free,Intermediate,0.0,42.68,4.72,30,16.372549019607842,4.160065359477124,0.1045751633986928,1,0,0,24302,Free,Long,Excellent,0,1,High,4.160065359477124,68.11087402281173,0.1045751633986928,0.0,0.0,13.0,0.0,13.0,0.0,13.0,0.0,13.0,0.0,13.0,0.0,0.15384615384615374,0.0,1,0.8660254037844386,0.5000000000000001,0.09090909090909091,0,0,0,0,0,0,0,0,1,0,0,0,1,0,0,0,1,0,0,1,0,0,0,1,15,0.0
CR00016,2025,3,March,2025-03,9,0.0,9,0.0,Digital Marketing,Marketing,Free,Intermediate,0.0,42.68,4.72,30,16.372549019607842,4.160065359477124,0.1045751633986928,1,0,1,24303,Free,Long,Excellent,0,1,High,4.160065359477124,68.11087402281173,0.1045751633986928,0.0,0.0,15.0,0.0,15.0,0.0,28.0,0.0,28.0,0.0,28.0,0.0,-0.4,0.0,1,1.0,6.123233995736766e-17,0.18181818181818182,0,0,0,0,0,0,0,0,1,0,0,0,1,0,0,0,1,0,0,1,0,0,0,1,9,0.0
CR00016,2025,4,April,2025-04,9,0.0,9,0.0,Digital Marketing,Marketing,Free,Intermediate,0.0,42.68,4.72,30,16.372549019607842,4.160065359477124,0.1045751633986928,2,1,0,24304,Free,Long,Excellent,0,1,High,4.160065359477124,68.11087402281173,0.1045751633986928,0.0,0.0,9.0,0.0,9.0,0.0,37.0,0.0,37.0,0.0,37.0,0.0,0.0,0.0,1,0.8660254037844387,-0.4999999999999998,0.2727272727272727,0,0,0,0,0,0,0,0,1,0,0,0,1,0,0,0,1,0,0,1,0,0,0,1,9,0.0
CR00016,2025,5,May,2025-05,7,0.0,7,0.0,Digital Marketing,Marketing,Free,Intermediate,0.0,42.68,4.72,30,16.372549019607842,4.160065359477124,0.1045751633986928,2,0,0,24305,Free,Long,Excellent,0,1,High,4.160065359477124,68.11087402281173,0.1045751633986928,0.0,0.0,9.0,0.0,9.0,0.0,33.0,0.0,33.0,0.0,46.0,0.0,-0.2222222222222222,0.0,1,0.49999999999999994,-0.8660254037844387,0.36363636363636365,0,0,0,0,0,0,0,0,1,0,0,0,1,0,0,0,1,0,0,1,0,0,0,1,7,0.0
CR00016,2025,6,June,2025-06,11,0.0,11,0.0,Digital Marketing,Marketing,Free,Intermediate,0.0,42.68,4.72,30,16.372549019607842,4.160065359477124,0.1045751633986928,2,0,1,24306,Free,Long,Excellent,0,1,High,4.160065359477124,68.11087402281173,0.1045751633986928,0.0,0.0,7.0,0.0,7.0,0.0,25.0,0.0,25.0,0.0,53.0,0.0,0.5714285714285714,0.0,1,1.2246467991473532e-16,-1.0,0.45454545454545453,0,0,0,0,0,0,0,0,1,0,0,0,1,0,0,0,1,0,0,1,0,0,0,1,11,0.0
CR00016,2025,7,July,2025-07,15,0.0,15,0.0,Digital Marketing,Marketing,Free,Intermediate,0.0,42.68,4.72,30,16.372549019607842,4.160065359477124,0.1045751633986928,3,1,0,24307,Free,Long,Excellent,0,1,High,4.160065359477124,68.11087402281173,0.1045751633986928,0.0,0.0,11.0,0.0,11.0,0.0,27.0,0.0,27.0,0.0,64.0,0.0,0.36363636363636354,0.0,1,-0.4999999999999997,-0.8660254037844388,0.5454545454545454,0,0,0,0,0,0,0,0,1,0,0,0,1,0,0,0,1,0,0,1,0,0,0,1,15,0.0
CR00016,2025,8,August,2025-08,16,0.0,16,0.0,Digital Marketing,Marketing,Free,Intermediate,0.0,42.68,4.72,30,16.372549019607842,4.160065359477124,0.1045751633986928,3,0,0,24308,Free,Long,Excellent,0,1,High,4.160065359477124,68.11087402281173,0.1045751633986928,0.0,0.0,15.0,0.0,15.0,0.0,33.0,0.0,33.0,0.0,66.0,0.0,0.06666666666666665,0.0,1,-0.8660254037844385,-0.5000000000000004,0.6363636363636364,0,0,0,0,0,0,0,0,1,0,0,0,1,0,0,0,1,0,0,1,0,0,0,1,16,0.0
CR00016,2025,9,September,2025-09,14,0.0,14,0.0,Digital Marketing,Marketing,Free,Intermediate,0.0,42.68,4.72,30,16.372549019607842,4.160065359477124,0.1045751633986928,3,0,1,24309,Free,Long,Excellent,0,1,High,4.160065359477124,68.11087402281173,0.1045751633986928,0.0,0.0,16.0,0.0,16.0,0.0,42.0,0.0,42.0,0.0,67.0,0.0,-0.125,0.0,1,-1.0,-1.8369701987210297e-16,0.7272727272727273,0,0,0,0,0,0,0,0,1,0,0,0,1,0,0,0,1,0,0,1,0,0,0,1,14,0.0
CR00016,2025,10,October,2025-10,15,0.0,15,0.0,Digital Marketing,Marketing,Free,Intermediate,0.0,42.68,4.72,30,16.372549019607842,4.160065359477124,0.1045751633986928,4,1,0,24310,Free,Long,Excellent,0,1,High,4.160065359477124,68.11087402281173,0.1045751633986928,0.0,0.0,14.0,0.0,14.0,0.0,45.0,0.0,45.0,0.0,72.0,0.0,0.0714285714285714,0.0,1,-0.8660254037844386,0.5000000000000001,0.8181818181818182,0,0,0,0,0,0,0,0,1,0,0,0,1,0,0,0,1,0,0,1,0,0,0,1,15,0.0
CR00016,2025,11,November,2025-11,21,0.0,21,0.0,Digital Marketing,Marketing,Free,Intermediate,0.0,42.68,4.72,30,16.372549019607842,4.160065359477124,0.1045751633986928,4,0,0,24311,Free,Long,Excellent,0,1,High,4.160065359477124,68.11087402281173,0.1045751633986928,0.0,0.0,15.0,0.0,15.0,0.0,45.0,0.0,45.0,0.0,78.0,0.0,0.3999999999999999,0.0,1,-0.5000000000000004,0.8660254037844384,0.9090909090909091,0,0,0,0,0,0,0,0,1,0,0,0,1,0,0,0,1,0,0,1,0,0,0,1,21,0.0
CR00016,2025,12,December,2025-12,8,0.0,8,0.0,Digital Marketing,Marketing,Free,Intermediate,0.0,42.68,4.72,30,16.372549019607842,4.160065359477124,0.1045751633986928,4,0,1,24312,Free,Long,Excellent,0,1,High,4.160065359477124,68.11087402281173,0.1045751633986928,0.0,0.0,21.0,0.0,21.0,0.0,50.0,0.0,50.0,0.0,92.0,0.0,-0.6190476190476191,0.0,1,-2.4492935982947064e-16,1.0,1.0,0,0,0,0,0,0,0,0,1,0,0,0,1,0,0,0,1,0,0,1,0,0,0,1,8,0.0
CR00017,2025,1,January,2025-01,15,0.0,15,0.0,SEO Mastery,Marketing,Free,Advanced,0.0,29.37,4.79,28,16.0126582278481,4.193291139240506,0.1645569620253164,1,1,0,24301,Free,Medium,Excellent,0,2,High,4.193291139240506,67.14573786252201,0.1645569620253164,0.0,0.0,0.0,0.0,0.0,0.0,0.0,0.0,0.0,0.0,0.0,0.0,0.0,0.0,0,0.49999999999999994,0.8660254037844387,0.0,0,0,0,0,0,0,0,0,1,0,0,0,1,0,0,0,0,1,0,1,0,0,0,1,15,0.0
CR00017,2025,2,February,2025-02,17,0.0,17,0.0,SEO Mastery,Marketing,Free,Advanced,0.0,29.37,4.79,28,16.0126582278481,4.193291139240506,0.1645569620253164,1,0,0,24302,Free,Medium,Excellent,0,2,High,4.193291139240506,67.14573786252201,0.1645569620253164,0.0,0.0,15.0,0.0,15.0,0.0,15.0,0.0,15.0,0.0,15.0,0.0,0.1333333333333333,0.0,1,0.8660254037844386,0.5000000000000001,0.09090909090909091,0,0,0,0,0,0,0,0,1,0,0,0,1,0,0,0,0,1,0,1,0,0,0,1,17,0.0
CR00017,2025,3,March,2025-03,11,0.0,11,0.0,SEO Mastery,Marketing,Free,Advanced,0.0,29.37,4.79,28,16.0126582278481,4.193291139240506,0.1645569620253164,1,0,1,24303,Free,Medium,Excellent,0,2,High,4.193291139240506,67.14573786252201,0.1645569620253164,0.0,0.0,17.0,0.0,17.0,0.0,32.0,0.0,32.0,0.0,32.0,0.0,-0.3529411764705882,0.0,1,1.0,6.123233995736766e-17,0.18181818181818182,0,0,0,0,0,0,0,0,1,0,0,0,1,0,0,0,0,1,0,1,0,0,0,1,11,0.0
CR00017,2025,4,April,2025-04,11,0.0,11,0.0,SEO Mastery,Marketing,Free,Advanced,0.0,29.37,4.79,28,16.0126582278481,4.193291139240506,0.1645569620253164,2,1,0,24304,Free,Medium,Excellent,0,2,High,4.193291139240506,67.14573786252201,0.1645569620253164,0.0,0.0,11.0,0.0,11.0,0.0,43.0,0.0,43.0,0.0,43.0,0.0,0.0,0.0,1,0.8660254037844387,-0.4999999999999998,0.2727272727272727,0,0,0,0,0,0,0,0,1,0,0,0,1,0,0,0,0,1,0,1,0,0,0,1,11,0.0
CR00017,2025,5,May,2025-05,7,0.0,7,0.0,SEO Mastery,Marketing,Free,Advanced,0.0,29.37,4.79,28,16.0126582278481,4.193291139240506,0.1645569620253164,2,0,0,24305,Free,Medium,Excellent,0,2,High,4.193291139240506,67.14573786252201,0.1645569620253164,0.0,0.0,11.0,0.0,11.0,0.0,39.0,0.0,39.0,0.0,54.0,0.0,-0.36363636363636365,0.0,1,0.49999999999999994,-0.8660254037844387,0.36363636363636365,0,0,0,0,0,0,0,0,1,0,0,0,1,0,0,0,0,1,0,1,0,0,0,1,7,0.0
CR00017,2025,6,June,2025-06,16,0.0,16,0.0,SEO Mastery,Marketing,Free,Advanced,0.0,29.37,4.79,28,16.0126582278481,4.193291139240506,0.1645569620253164,2,0,1,24306,Free,Medium,Excellent,0,2,High,4.193291139240506,67.14573786252201,0.1645569620253164,0.0,0.0,7.0,0.0,7.0,0.0,29.0,0.0,29.0,0.0,61.0,0.0,1.2857142857142856,0.0,1,1.2246467991473532e-16,-1.0,0.45454545454545453,0,0,0,0,0,0,0,0,1,0,0,0,1,0,0,0,0,1,0,1,0,0,0,1,16,0.0
CR00017,2025,7,July,2025-07,8,0.0,8,0.0,SEO Mastery,Marketing,Free,Advanced,0.0,29.37,4.79,28,16.0126582278481,4.193291139240506,0.1645569620253164,3,1,0,24307,Free,Medium,Excellent,0,2,High,4.193291139240506,67.14573786252201,0.1645569620253164,0.0,0.0,16.0,0.0,16.0,0.0,34.0,0.0,34.0,0.0,77.0,0.0,-0.5,0.0,1,-0.4999999999999997,-0.8660254037844388,0.5454545454545454,0,0,0,0,0,0,0,0,1,0,0,0,1,0,0,0,0,1,0,1,0,0,0,1,8,0.0
CR00017,2025,8,August,2025-08,18,0.0,18,0.0,SEO Mastery,Marketing,Free,Advanced,0.0,29.37,4.79,28,16.0126582278481,4.193291139240506,0.1645569620253164,3,0,0,24308,Free,Medium,Excellent,0,2,High,4.193291139240506,67.14573786252201,0.1645569620253164,0.0,0.0,8.0,0.0,8.0,0.0,31.0,0.0,31.0,0.0,70.0,0.0,1.25,0.0,1,-0.8660254037844385,-0.5000000000000004,0.6363636363636364,0,0,0,0,0,0,0,0,1,0,0,0,1,0,0,0,0,1,0,1,0,0,0,1,18,0.0
CR00017,2025,9,September,2025-09,18,0.0,18,0.0,SEO Mastery,Marketing,Free,Advanced,0.0,29.37,4.79,28,16.0126582278481,4.193291139240506,0.1645569620253164,3,0,1,24309,Free,Medium,Excellent,0,2,High,4.193291139240506,67.14573786252201,0.1645569620253164,0.0,0.0,18.0,0.0,18.0,0.0,42.0,0.0,42.0,0.0,71.0,0.0,0.0,0.0,1,-1.0,-1.8369701987210297e-16,0.7272727272727273,0,0,0,0,0,0,0,0,1,0,0,0,1,0,0,0,0,1,0,1,0,0,0,1,18,0.0
CR00017,2025,10,October,2025-10,10,0.0,10,0.0,SEO Mastery,Marketing,Free,Advanced,0.0,29.37,4.79,28,16.0126582278481,4.193291139240506,0.1645569620253164,4,1,0,24310,Free,Medium,Excellent,0,2,High,4.193291139240506,67.14573786252201,0.1645569620253164,0.0,0.0,18.0,0.0,18.0,0.0,44.0,0.0,44.0,0.0,78.0,0.0,-0.4444444444444444,0.0,1,-0.8660254037844386,0.5000000000000001,0.8181818181818182,0,0,0,0,0,0,0,0,1,0,0,0,1,0,0,0,0,1,0,1,0,0,0,1,10,0.0
CR00017,2025,11,November,2025-11,14,0.0,14,0.0,SEO Mastery,Marketing,Free,Advanced,0.0,29.37,4.79,28,16.0126582278481,4.193291139240506,0.1645569620253164,4,0,0,24311,Free,Medium,Excellent,0,2,High,4.193291139240506,67.14573786252201,0.1645569620253164,0.0,0.0,10.0,0.0,10.0,0.0,46.0,0.0,46.0,0.0,77.0,0.0,0.3999999999999999,0.0,1,-0.5000000000000004,0.8660254037844384,0.9090909090909091,0,0,0,0,0,0,0,0,1,0,0,0,1,0,0,0,0,1,0,1,0,0,0,1,14,0.0
CR00017,2025,12,December,2025-12,13,0.0,13,0.0,SEO Mastery,Marketing,Free,Advanced,0.0,29.37,4.79,28,16.0126582278481,4.193291139240506,0.1645569620253164,4,0,1,24312,Free,Medium,Excellent,0,2,High,4.193291139240506,67.14573786252201,0.1645569620253164,0.0,0.0,14.0,0.0,14.0,0.0,42.0,0.0,42.0,0.0,84.0,0.0,-0.0714285714285714,0.0,1,-2.4492935982947064e-16,1.0,1.0,0,0,0,0,0,0,0,0,1,0,0,0,1,0,0,0,0,1,0,1,0,0,0,1,13,0.0
CR00018,2025,1,January,2025-01,12,0.0,12,0.0,Social Media Marketing,Marketing,Free,Advanced,0.0,15.44,2.01,28,16.533742331288344,4.198159509202454,0.1288343558282208,1,1,0,24301,Free,Medium,Medium,0,2,High,4.198159509202454,69.41128759080131,0.1288343558282208,0.0,0.0,0.0,0.0,0.0,0.0,0.0,0.0,0.0,0.0,0.0,0.0,0.0,0.0,0,0.49999999999999994,0.8660254037844387,0.0,0,0,0,0,0,0,0,0,1,0,0,0,1,0,0,0,0,1,0,0,0,0,1,1,12,0.0
CR00018,2025,2,February,2025-02,8,0.0,8,0.0,Social Media Marketing,Marketing,Free,Advanced,0.0,15.44,2.01,28,16.533742331288344,4.198159509202454,0.1288343558282208,1,0,0,24302,Free,Medium,Medium,0,2,High,4.198159509202454,69.41128759080131,0.1288343558282208,0.0,0.0,12.0,0.0,12.0,0.0,12.0,0.0,12.0,0.0,12.0,0.0,-0.33333333333333337,0.0,1,0.8660254037844386,0.5000000000000001,0.09090909090909091,0,0,0,0,0,0,0,0,1,0,0,0,1,0,0,0,0,1,0,0,0,0,1,1,8,0.0
CR00018,2025,3,March,2025-03,12,0.0,12,0.0,Social Media Marketing,Marketing,Free,Advanced,0.0,15.44,2.01,28,16.533742331288344,4.198159509202454,0.1288343558282208,1,0,1,24303,Free,Medium,Medium,0,2,High,4.198159509202454,69.41128759080131,0.1288343558282208,0.0,0.0,8.0,0.0,8.0,0.0,20.0,0.0,20.0,0.0,20.0,0.0,0.5,0.0,1,1.0,6.123233995736766e-17,0.18181818181818182,0,0,0,0,0,0,0,0,1,0,0,0,1,0,0,0,0,1,0,0,0,0,1,1,12,0.0
CR00018,2025,4,April,2025-04,17,0.0,17,0.0,Social Media Marketing,Marketing,Free,Advanced,0.0,15.44,2.01,28,16.533742331288344,4.198159509202454,0.1288343558282208,2,1,0,24304,Free,Medium,Medium,0,2,High,4.198159509202454,69.41128759080131,0.1288343558282208,0.0,0.0,12.0,0.0,12.0,0.0,32.0,0.0,32.0,0.0,32.0,0.0,0.41666666666666674,0.0,1,0.8660254037844387,-0.4999999999999998,0.2727272727272727,0,0,0,0,0,0,0,0,1,0,0,0,1,0,0,0,0,1,0,0,0,0,1,1,17,0.0
CR00018,2025,5,May,2025-05,15,0.0,15,0.0,Social Media Marketing,Marketing,Free,Advanced,0.0,15.44,2.01,28,16.533742331288344,4.198159509202454,0.1288343558282208,2,0,0,24305,Free,Medium,Medium,0,2,High,4.198159509202454,69.41128759080131,0.1288343558282208,0.0,0.0,17.0,0.0,17.0,0.0,37.0,0.0,37.0,0.0,49.0,0.0,-0.11764705882352944,0.0,1,0.49999999999999994,-0.8660254037844387,0.36363636363636365,0,0,0,0,0,0,0,0,1,0,0,0,1,0,0,0,0,1,0,0,0,0,1,1,15,0.0
CR00018,2025,6,June,2025-06,17,0.0,17,0.0,Social Media Marketing,Marketing,Free,Advanced,0.0,15.44,2.01,28,16.533742331288344,4.198159509202454,0.1288343558282208,2,0,1,24306,Free,Medium,Medium,0,2,High,4.198159509202454,69.41128759080131,0.1288343558282208,0.0,0.0,15.0,0.0,15.0,0.0,44.0,0.0,44.0,0.0,64.0,0.0,0.1333333333333333,0.0,1,1.2246467991473532e-16,-1.0,0.45454545454545453,0,0,0,0,0,0,0,0,1,0,0,0,1,0,0,0,0,1,0,0,0,0,1,1,17,0.0
CR00018,2025,7,July,2025-07,13,0.0,13,0.0,Social Media Marketing,Marketing,Free,Advanced,0.0,15.44,2.01,28,16.533742331288344,4.198159509202454,0.1288343558282208,3,1,0,24307,Free,Medium,Medium,0,2,High,4.198159509202454,69.41128759080131,0.1288343558282208,0.0,0.0,17.0,0.0,17.0,0.0,49.0,0.0,49.0,0.0,81.0,0.0,-0.23529411764705888,0.0,1,-0.4999999999999997,-0.8660254037844388,0.5454545454545454,0,0,0,0,0,0,0,0,1,0,0,0,1,0,0,0,0,1,0,0,0,0,1,1,13,0.0
CR00018,2025,8,August,2025-08,16,0.0,16,0.0,Social Media Marketing,Marketing,Free,Advanced,0.0,15.44,2.01,28,16.533742331288344,4.198159509202454,0.1288343558282208,3,0,0,24308,Free,Medium,Medium,0,2,High,4.198159509202454,69.41128759080131,0.1288343558282208,0.0,0.0,13.0,0.0,13.0,0.0,45.0,0.0,45.0,0.0,82.0,0.0,0.23076923076923084,0.0,1,-0.8660254037844385,-0.5000000000000004,0.6363636363636364,0,0,0,0,0,0,0,0,1,0,0,0,1,0,0,0,0,1,0,0,0,0,1,1,16,0.0
CR00018,2025,9,September,2025-09,13,0.0,13,0.0,Social Media Marketing,Marketing,Free,Advanced,0.0,15.44,2.01,28,16.533742331288344,4.198159509202454,0.1288343558282208,3,0,1,24309,Free,Medium,Medium,0,2,High,4.198159509202454,69.41128759080131,0.1288343558282208,0.0,0.0,16.0,0.0,16.0,0.0,46.0,0.0,46.0,0.0,90.0,0.0,-0.1875,0.0,1,-1.0,-1.8369701987210297e-16,0.7272727272727273,0,0,0,0,0,0,0,0,1,0,0,0,1,0,0,0,0,1,0,0,0,0,1,1,13,0.0
CR00018,2025,10,October,2025-10,15,0.0,15,0.0,Social Media Marketing,Marketing,Free,Advanced,0.0,15.44,2.01,28,16.533742331288344,4.198159509202454,0.1288343558282208,4,1,0,24310,Free,Medium,Medium,0,2,High,4.198159509202454,69.41128759080131,0.1288343558282208,0.0,0.0,13.0,0.0,13.0,0.0,42.0,0.0,42.0,0.0,91.0,0.0,0.15384615384615374,0.0,1,-0.8660254037844386,0.5000000000000001,0.8181818181818182,0,0,0,0,0,0,0,0,1,0,0,0,1,0,0,0,0,1,0,0,0,0,1,1,15,0.0
CR00018,2025,11,November,2025-11,14,0.0,14,0.0,Social Media Marketing,Marketing,Free,Advanced,0.0,15.44,2.01,28,16.533742331288344,4.198159509202454,0.1288343558282208,4,0,0,24311,Free,Medium,Medium,0,2,High,4.198159509202454,69.41128759080131,0.1288343558282208,0.0,0.0,15.0,0.0,15.0,0.0,44.0,0.0,44.0,0.0,89.0,0.0,-0.06666666666666665,0.0,1,-0.5000000000000004,0.8660254037844384,0.9090909090909091,0,0,0,0,0,0,0,0,1,0,0,0,1,0,0,0,0,1,0,0,0,0,1,1,14,0.0
CR00018,2025,12,December,2025-12,11,0.0,11,0.0,Social Media Marketing,Marketing,Free,Advanced,0.0,15.44,2.01,28,16.533742331288344,4.198159509202454,0.1288343558282208,4,0,1,24312,Free,Medium,Medium,0,2,High,4.198159509202454,69.41128759080131,0.1288343558282208,0.0,0.0,14.0,0.0,14.0,0.0,42.0,0.0,42.0,0.0,88.0,0.0,-0.2142857142857143,0.0,1,-2.4492935982947064e-16,1.0,1.0,0,0,0,0,0,0,0,0,1,0,0,0,1,0,0,0,0,1,0,0,0,0,1,1,11,0.0
CR00019,2025,1,January,2025-01,15,0.0,15,0.0,Content Marketing,Marketing,Free,Advanced,0.0,18.0,2.98,28,16.497175141242938,4.2006214689265535,0.1412429378531073,1,1,0,24301,Free,Medium,Medium,0,2,High,4.2006214689265535,69.29838807494653,0.1412429378531073,0.0,0.0,0.0,0.0,0.0,0.0,0.0,0.0,0.0,0.0,0.0,0.0,0.0,0.0,0,0.49999999999999994,0.8660254037844387,0.0,0,0,0,0,0,0,0,0,1,0,0,0,1,0,0,0,0,1,0,0,0,0,1,1,15,0.0
CR00019,2025,2,February,2025-02,9,0.0,9,0.0,Content Marketing,Marketing,Free,Advanced,0.0,18.0,2.98,28,16.497175141242938,4.2006214689265535,0.1412429378531073,1,0,0,24302,Free,Medium,Medium,0,2,High,4.2006214689265535,69.29838807494653,0.1412429378531073,0.0,0.0,15.0,0.0,15.0,0.0,15.0,0.0,15.0,0.0,15.0,0.0,-0.4,0.0,1,0.8660254037844386,0.5000000000000001,0.09090909090909091,0,0,0,0,0,0,0,0,1,0,0,0,1,0,0,0,0,1,0,0,0,0,1,1,9,0.0
CR00019,2025,3,March,2025-03,15,0.0,15,0.0,Content Marketing,Marketing,Free,Advanced,0.0,18.0,2.98,28,16.497175141242938,4.2006214689265535,0.1412429378531073,1,0,1,24303,Free,Medium,Medium,0,2,High,4.2006214689265535,69.29838807494653,0.1412429378531073,0.0,0.0,9.0,0.0,9.0,0.0,24.0,0.0,24.0,0.0,24.0,0.0,0.6666666666666667,0.0,1,1.0,6.123233995736766e-17,0.18181818181818182,0,0,0,0,0,0,0,0,1,0,0,0,1,0,0,0,0,1,0,0,0,0,1,1,15,0.0
CR00019,2025,4,April,2025-04,13,0.0,13,0.0,Content Marketing,Marketing,Free,Advanced,0.0,18.0,2.98,28,16.497175141242938,4.2006214689265535,0.1412429378531073,2,1,0,24304,Free,Medium,Medium,0,2,High,4.2006214689265535,69.29838807494653,0.1412429378531073,0.0,0.0,15.0,0.0,15.0,0.0,39.0,0.0,39.0,0.0,39.0,0.0,-0.1333333333333333,0.0,1,0.8660254037844387,-0.4999999999999998,0.2727272727272727,0,0,0,0,0,0,0,0,1,0,0,0,1,0,0,0,0,1,0,0,0,0,1,1,13,0.0
CR00019,2025,5,May,2025-05,20,0.0,20,0.0,Content Marketing,Marketing,Free,Advanced,0.0,18.0,2.98,28,16.497175141242938,4.2006214689265535,0.1412429378531073,2,0,0,24305,Free,Medium,Medium,0,2,High,4.2006214689265535,69.29838807494653,0.1412429378531073,0.0,0.0,13.0,0.0,13.0,0.0,37.0,0.0,37.0,0.0,52.0,0.0,0.5384615384615385,0.0,1,0.49999999999999994,-0.8660254037844387,0.36363636363636365,0,0,0,0,0,0,0,0,1,0,0,0,1,0,0,0,0,1,0,0,0,0,1,1,20,0.0
CR00019,2025,6,June,2025-06,20,0.0,20,0.0,Content Marketing,Marketing,Free,Advanced,0.0,18.0,2.98,28,16.497175141242938,4.2006214689265535,0.1412429378531073,2,0,1,24306,Free,Medium,Medium,0,2,High,4.2006214689265535,69.29838807494653,0.1412429378531073,0.0,0.0,20.0,0.0,20.0,0.0,48.0,0.0,48.0,0.0,72.0,0.0,0.0,0.0,1,1.2246467991473532e-16,-1.0,0.45454545454545453,0,0,0,0,0,0,0,0,1,0,0,0,1,0,0,0,0,1,0,0,0,0,1,1,20,0.0
CR00019,2025,7,July,2025-07,15,0.0,15,0.0,Content Marketing,Marketing,Free,Advanced,0.0,18.0,2.98,28,16.497175141242938,4.2006214689265535,0.1412429378531073,3,1,0,24307,Free,Medium,Medium,0,2,High,4.2006214689265535,69.29838807494653,0.1412429378531073,0.0,0.0,20.0,0.0,20.0,0.0,53.0,0.0,53.0,0.0,92.0,0.0,-0.25,0.0,1,-0.4999999999999997,-0.8660254037844388,0.5454545454545454,0,0,0,0,0,0,0,0,1,0,0,0,1,0,0,0,0,1,0,0,0,0,1,1,15,0.0
CR00019,2025,8,August,2025-08,12,0.0,12,0.0,Content Marketing,Marketing,Free,Advanced,0.0,18.0,2.98,28,16.497175141242938,4.2006214689265535,0.1412429378531073,3,0,0,24308,Free,Medium,Medium,0,2,High,4.2006214689265535,69.29838807494653,0.1412429378531073,0.0,0.0,15.0,0.0,15.0,0.0,55.0,0.0,55.0,0.0,92.0,0.0,-0.19999999999999996,0.0,1,-0.8660254037844385,-0.5000000000000004,0.6363636363636364,0,0,0,0,0,0,0,0,1,0,0,0,1,0,0,0,0,1,0,0,0,0,1,1,12,0.0
CR00019,2025,9,September,2025-09,14,0.0,14,0.0,Content Marketing,Marketing,Free,Advanced,0.0,18.0,2.98,28,16.497175141242938,4.2006214689265535,0.1412429378531073,3,0,1,24309,Free,Medium,Medium,0,2,High,4.2006214689265535,69.29838807494653,0.1412429378531073,0.0,0.0,12.0,0.0,12.0,0.0,47.0,0.0,47.0,0.0,95.0,0.0,0.16666666666666674,0.0,1,-1.0,-1.8369701987210297e-16,0.7272727272727273,0,0,0,0,0,0,0,0,1,0,0,0,1,0,0,0,0,1,0,0,0,0,1,1,14,0.0
CR00019,2025,10,October,2025-10,13,0.0,13,0.0,Content Marketing,Marketing,Free,Advanced,0.0,18.0,2.98,28,16.497175141242938,4.2006214689265535,0.1412429378531073,4,1,0,24310,Free,Medium,Medium,0,2,High,4.2006214689265535,69.29838807494653,0.1412429378531073,0.0,0.0,14.0,0.0,14.0,0.0,41.0,0.0,41.0,0.0,94.0,0.0,-0.0714285714285714,0.0,1,-0.8660254037844386,0.5000000000000001,0.8181818181818182,0,0,0,0,0,0,0,0,1,0,0,0,1,0,0,0,0,1,0,0,0,0,1,1,13,0.0
CR00019,2025,11,November,2025-11,16,0.0,16,0.0,Content Marketing,Marketing,Free,Advanced,0.0,18.0,2.98,28,16.497175141242938,4.2006214689265535,0.1412429378531073,4,0,0,24311,Free,Medium,Medium,0,2,High,4.2006214689265535,69.29838807494653,0.1412429378531073,0.0,0.0,13.0,0.0,13.0,0.0,39.0,0.0,39.0,0.0,94.0,0.0,0.23076923076923084,0.0,1,-0.5000000000000004,0.8660254037844384,0.9090909090909091,0,0,0,0,0,0,0,0,1,0,0,0,1,0,0,0,0,1,0,0,0,0,1,1,16,0.0
CR00019,2025,12,December,2025-12,15,0.0,15,0.0,Content Marketing,Marketing,Free,Advanced,0.0,18.0,2.98,28,16.497175141242938,4.2006214689265535,0.1412429378531073,4,0,1,24312,Free,Medium,Medium,0,2,High,4.2006214689265535,69.29838807494653,0.1412429378531073,0.0,0.0,16.0,0.0,16.0,0.0,43.0,0.0,43.0,0.0,90.0,0.0,-0.0625,0.0,1,-2.4492935982947064e-16,1.0,1.0,0,0,0,0,0,0,0,0,1,0,0,0,1,0,0,0,0,1,0,0,0,0,1,1,15,0.0
CR00020,2025,1,January,2025-01,13,0.0,13,0.0,Email Marketing,Marketing,Free,Intermediate,0.0,46.25,4.11,25,16.16774193548387,4.090258064516129,0.1483870967741935,1,1,0,24301,Free,Long,Excellent,0,1,High,4.090258064516129,66.13023683662851,0.1483870967741935,0.0,0.0,0.0,0.0,0.0,0.0,0.0,0.0,0.0,0.0,0.0,0.0,0.0,0.0,0,0.49999999999999994,0.8660254037844387,0.0,0,0,0,0,0,0,0,0,1,0,0,0,1,0,0,0,1,0,0,1,0,0,0,1,13,0.0
CR00020,2025,2,February,2025-02,10,0.0,10,0.0,Email Marketing,Marketing,Free,Intermediate,0.0,46.25,4.11,25,16.16774193548387,4.090258064516129,0.1483870967741935,1,0,0,24302,Free,Long,Excellent,0,1,High,4.090258064516129,66.13023683662851,0.1483870967741935,0.0,0.0,13.0,0.0,13.0,0.0,13.0,0.0,13.0,0.0,13.0,0.0,-0.23076923076923073,0.0,1,0.8660254037844386,0.5000000000000001,0.09090909090909091,0,0,0,0,0,0,0,0,1,0,0,0,1,0,0,0,1,0,0,1,0,0,0,1,10,0.0
CR00020,2025,3,March,2025-03,13,0.0,13,0.0,Email Marketing,Marketing,Free,Intermediate,0.0,46.25,4.11,25,16.16774193548387,4.090258064516129,0.1483870967741935,1,0,1,24303,Free,Long,Excellent,0,1,High,4.090258064516129,66.13023683662851,0.1483870967741935,0.0,0.0,10.0,0.0,10.0,0.0,23.0,0.0,23.0,0.0,23.0,0.0,0.30000000000000004,0.0,1,1.0,6.123233995736766e-17,0.18181818181818182,0,0,0,0,0,0,0,0,1,0,0,0,1,0,0,0,1,0,0,1,0,0,0,1,13,0.0
CR00020,2025,4,April,2025-04,8,0.0,8,0.0,Email Marketing,Marketing,Free,Intermediate,0.0,46.25,4.11,25,16.16774193548387,4.090258064516129,0.1483870967741935,2,1,0,24304,Free,Long,Excellent,0,1,High,4.090258064516129,66.13023683662851,0.1483870967741935,0.0,0.0,13.0,0.0,13.0,0.0,36.0,0.0,36.0,0.0,36.0,0.0,-0.3846153846153846,0.0,1,0.8660254037844387,-0.4999999999999998,0.2727272727272727,0,0,0,0,0,0,0,0,1,0,0,0,1,0,0,0,1,0,0,1,0,0,0,1,8,0.0
CR00020,2025,5,May,2025-05,11,0.0,11,0.0,Email Marketing,Marketing,Free,Intermediate,0.0,46.25,4.11,25,16.16774193548387,4.090258064516129,0.1483870967741935,2,0,0,24305,Free,Long,Excellent,0,1,High,4.090258064516129,66.13023683662851,0.1483870967741935,0.0,0.0,8.0,0.0,8.0,0.0,31.0,0.0,31.0,0.0,44.0,0.0,0.375,0.0,1,0.49999999999999994,-0.8660254037844387,0.36363636363636365,0,0,0,0,0,0,0,0,1,0,0,0,1,0,0,0,1,0,0,1,0,0,0,1,11,0.0
CR00020,2025,6,June,2025-06,20,0.0,20,0.0,Email Marketing,Marketing,Free,Intermediate,0.0,46.25,4.11,25,16.16774193548387,4.090258064516129,0.1483870967741935,2,0,1,24306,Free,Long,Excellent,0,1,High,4.090258064516129,66.13023683662851,0.1483870967741935,0.0,0.0,11.0,0.0,11.0,0.0,32.0,0.0,32.0,0.0,55.0,0.0,0.8181818181818181,0.0,1,1.2246467991473532e-16,-1.0,0.45454545454545453,0,0,0,0,0,0,0,0,1,0,0,0,1,0,0,0,1,0,0,1,0,0,0,1,20,0.0
CR00020,2025,7,July,2025-07,9,0.0,9,0.0,Email Marketing,Marketing,Free,Intermediate,0.0,46.25,4.11,25,16.16774193548387,4.090258064516129,0.1483870967741935,3,1,0,24307,Free,Long,Excellent,0,1,High,4.090258064516129,66.13023683662851,0.1483870967741935,0.0,0.0,20.0,0.0,20.0,0.0,39.0,0.0,39.0,0.0,75.0,0.0,-0.55,0.0,1,-0.4999999999999997,-0.8660254037844388,0.5454545454545454,0,0,0,0,0,0,0,0,1,0,0,0,1,0,0,0,1,0,0,1,0,0,0,1,9,0.0
CR00020,2025,8,August,2025-08,14,0.0,14,0.0,Email Marketing,Marketing,Free,Intermediate,0.0,46.25,4.11,25,16.16774193548387,4.090258064516129,0.1483870967741935,3,0,0,24308,Free,Long,Excellent,0,1,High,4.090258064516129,66.13023683662851,0.1483870967741935,0.0,0.0,9.0,0.0,9.0,0.0,40.0,0.0,40.0,0.0,71.0,0.0,0.5555555555555556,0.0,1,-0.8660254037844385,-0.5000000000000004,0.6363636363636364,0,0,0,0,0,0,0,0,1,0,0,0,1,0,0,0,1,0,0,1,0,0,0,1,14,0.0
CR00020,2025,9,September,2025-09,15,0.0,15,0.0,Email Marketing,Marketing,Free,Intermediate,0.0,46.25,4.11,25,16.16774193548387,4.090258064516129,0.1483870967741935,3,0,1,24309,Free,Long,Excellent,0,1,High,4.090258064516129,66.13023683662851,0.1483870967741935,0.0,0.0,14.0,0.0,14.0,0.0,43.0,0.0,43.0,0.0,75.0,0.0,0.0714285714285714,0.0,1,-1.0,-1.8369701987210297e-16,0.7272727272727273,0,0,0,0,0,0,0,0,1,0,0,0,1,0,0,0,1,0,0,1,0,0,0,1,15,0.0
CR00020,2025,10,October,2025-10,13,0.0,13,0.0,Email Marketing,Marketing,Free,Intermediate,0.0,46.25,4.11,25,16.16774193548387,4.090258064516129,0.1483870967741935,4,1,0,24310,Free,Long,Excellent,0,1,High,4.090258064516129,66.13023683662851,0.1483870967741935,0.0,0.0,15.0,0.0,15.0,0.0,38.0,0.0,38.0,0.0,77.0,0.0,-0.1333333333333333,0.0,1,-0.8660254037844386,0.5000000000000001,0.8181818181818182,0,0,0,0,0,0,0,0,1,0,0,0,1,0,0,0,1,0,0,1,0,0,0,1,13,0.0
CR00020,2025,11,November,2025-11,16,0.0,16,0.0,Email Marketing,Marketing,Free,Intermediate,0.0,46.25,4.11,25,16.16774193548387,4.090258064516129,0.1483870967741935,4,0,0,24311,Free,Long,Excellent,0,1,High,4.090258064516129,66.13023683662851,0.1483870967741935,0.0,0.0,13.0,0.0,13.0,0.0,42.0,0.0,42.0,0.0,82.0,0.0,0.23076923076923084,0.0,1,-0.5000000000000004,0.8660254037844384,0.9090909090909091,0,0,0,0,0,0,0,0,1,0,0,0,1,0,0,0,1,0,0,1,0,0,0,1,16,0.0
CR00020,2025,12,December,2025-12,13,0.0,13,0.0,Email Marketing,Marketing,Free,Intermediate,0.0,46.25,4.11,25,16.16774193548387,4.090258064516129,0.1483870967741935,4,0,1,24312,Free,Long,Excellent,0,1,High,4.090258064516129,66.13023683662851,0.1483870967741935,0.0,0.0,16.0,0.0,16.0,0.0,44.0,0.0,44.0,0.0,87.0,0.0,-0.1875,0.0,1,-2.4492935982947064e-16,1.0,1.0,0,0,0,0,0,0,0,0,1,0,0,0,1,0,0,0,1,0,0,1,0,0,0,1,13,0.0
CR00021,2025,1,January,2025-01,17,0.0,17,0.0,Data Analysis with Python,Data Science,Free,Intermediate,0.0,1.2,3.6,7,17.168367346938776,4.152448979591837,0.3775510204081632,1,1,0,24301,Free,Short,Good,0,1,High,4.152448979591837,71.29076947105374,0.3775510204081632,0.0,0.0,0.0,0.0,0.0,0.0,0.0,0.0,0.0,0.0,0.0,0.0,0.0,0.0,0,0.49999999999999994,0.8660254037844387,0.0,0,0,0,1,0,0,0,0,0,0,0,0,1,0,0,0,0,0,1,0,1,0,0,1,17,0.0
CR00021,2025,2,February,2025-02,8,0.0,8,0.0,Data Analysis with Python,Data Science,Free,Intermediate,0.0,1.2,3.6,7,17.168367346938776,4.152448979591837,0.3775510204081632,1,0,0,24302,Free,Short,Good,0,1,High,4.152448979591837,71.29076947105374,0.3775510204081632,0.0,0.0,17.0,0.0,17.0,0.0,17.0,0.0,17.0,0.0,17.0,0.0,-0.5294117647058824,0.0,1,0.8660254037844386,0.5000000000000001,0.09090909090909091,0,0,0,1,0,0,0,0,0,0,0,0,1,0,0,0,0,0,1,0,1,0,0,1,8,0.0
CR00021,2025,3,March,2025-03,18,0.0,18,0.0,Data Analysis with Python,Data Science,Free,Intermediate,0.0,1.2,3.6,7,17.168367346938776,4.152448979591837,0.3775510204081632,1,0,1,24303,Free,Short,Good,0,1,High,4.152448979591837,71.29076947105374,0.3775510204081632,0.0,0.0,8.0,0.0,8.0,0.0,25.0,0.0,25.0,0.0,25.0,0.0,1.25,0.0,1,1.0,6.123233995736766e-17,0.18181818181818182,0,0,0,1,0,0,0,0,0,0,0,0,1,0,0,0,0,0,1,0,1,0,0,1,18,0.0
CR00021,2025,4,April,2025-04,17,0.0,17,0.0,Data Analysis with Python,Data Science,Free,Intermediate,0.0,1.2,3.6,7,17.168367346938776,4.152448979591837,0.3775510204081632,2,1,0,24304,Free,Short,Good,0,1,High,4.152448979591837,71.29076947105374,0.3775510204081632,0.0,0.0,18.0,0.0,18.0,0.0,43.0,0.0,43.0,0.0,43.0,0.0,-0.05555555555555558,0.0,1,0.8660254037844387,-0.4999999999999998,0.2727272727272727,0,0,0,1,0,0,0,0,0,0,0,0,1,0,0,0,0,0,1,0,1,0,0,1,17,0.0
CR00021,2025,5,May,2025-05,18,0.0,18,0.0,Data Analysis with Python,Data Science,Free,Intermediate,0.0,1.2,3.6,7,17.168367346938776,4.152448979591837,0.3775510204081632,2,0,0,24305,Free,Short,Good,0,1,High,4.152448979591837,71.29076947105374,0.3775510204081632,0.0,0.0,17.0,0.0,17.0,0.0,43.0,0.0,43.0,0.0,60.0,0.0,0.05882352941176472,0.0,1,0.49999999999999994,-0.8660254037844387,0.36363636363636365,0,0,0,1,0,0,0,0,0,0,0,0,1,0,0,0,0,0,1,0,1,0,0,1,18,0.0
CR00021,2025,6,June,2025-06,9,0.0,9,0.0,Data Analysis with Python,Data Science,Free,Intermediate,0.0,1.2,3.6,7,17.168367346938776,4.152448979591837,0.3775510204081632,2,0,1,24306,Free,Short,Good,0,1,High,4.152448979591837,71.29076947105374,0.3775510204081632,0.0,0.0,18.0,0.0,18.0,0.0,53.0,0.0,53.0,0.0,78.0,0.0,-0.5,0.0,1,1.2246467991473532e-16,-1.0,0.45454545454545453,0,0,0,1,0,0,0,0,0,0,0,0,1,0,0,0,0,0,1,0,1,0,0,1,9,0.0
CR00021,2025,7,July,2025-07,23,0.0,23,0.0,Data Analysis with Python,Data Science,Free,Intermediate,0.0,1.2,3.6,7,17.168367346938776,4.152448979591837,0.3775510204081632,3,1,0,24307,Free,Short,Good,0,1,High,4.152448979591837,71.29076947105374,0.3775510204081632,0.0,0.0,9.0,0.0,9.0,0.0,44.0,0.0,44.0,0.0,87.0,0.0,1.5555555555555554,0.0,1,-0.4999999999999997,-0.8660254037844388,0.5454545454545454,0,0,0,1,0,0,0,0,0,0,0,0,1,0,0,0,0,0,1,0,1,0,0,1,23,0.0
CR00021,2025,8,August,2025-08,18,0.0,18,0.0,Data Analysis with Python,Data Science,Free,Intermediate,0.0,1.2,3.6,7,17.168367346938776,4.152448979591837,0.3775510204081632,3,0,0,24308,Free,Short,Good,0,1,High,4.152448979591837,71.29076947105374,0.3775510204081632,0.0,0.0,23.0,0.0,23.0,0.0,50.0,0.0,50.0,0.0,93.0,0.0,-0.21739130434782605,0.0,1,-0.8660254037844385,-0.5000000000000004,0.6363636363636364,0,0,0,1,0,0,0,0,0,0,0,0,1,0,0,0,0,0,1,0,1,0,0,1,18,0.0
CR00021,2025,9,September,2025-09,19,0.0,19,0.0,Data Analysis with Python,Data Science,Free,Intermediate,0.0,1.2,3.6,7,17.168367346938776,4.152448979591837,0.3775510204081632,3,0,1,24309,Free,Short,Good,0,1,High,4.152448979591837,71.29076947105374,0.3775510204081632,0.0,0.0,18.0,0.0,18.0,0.0,50.0,0.0,50.0,0.0,103.0,0.0,0.05555555555555558,0.0,1,-1.0,-1.8369701987210297e-16,0.7272727272727273,0,0,0,1,0,0,0,0,0,0,0,0,1,0,0,0,0,0,1,0,1,0,0,1,19,0.0
CR00021,2025,10,October,2025-10,12,0.0,12,0.0,Data Analysis with Python,Data Science,Free,Intermediate,0.0,1.2,3.6,7,17.168367346938776,4.152448979591837,0.3775510204081632,4,1,0,24310,Free,Short,Good,0,1,High,4.152448979591837,71.29076947105374,0.3775510204081632,0.0,0.0,19.0,0.0,19.0,0.0,60.0,0.0,60.0,0.0,104.0,0.0,-0.368421052631579,0.0,1,-0.8660254037844386,0.5000000000000001,0.8181818181818182,0,0,0,1,0,0,0,0,0,0,0,0,1,0,0,0,0,0,1,0,1,0,0,1,12,0.0
CR00021,2025,11,November,2025-11,17,0.0,17,0.0,Data Analysis with Python,Data Science,Free,Intermediate,0.0,1.2,3.6,7,17.168367346938776,4.152448979591837,0.3775510204081632,4,0,0,24311,Free,Short,Good,0,1,High,4.152448979591837,71.29076947105374,0.3775510204081632,0.0,0.0,12.0,0.0,12.0,0.0,49.0,0.0,49.0,0.0,99.0,0.0,0.41666666666666674,0.0,1,-0.5000000000000004,0.8660254037844384,0.9090909090909091,0,0,0,1,0,0,0,0,0,0,0,0,1,0,0,0,0,0,1,0,1,0,0,1,17,0.0
CR00021,2025,12,December,2025-12,20,0.0,20,0.0,Data Analysis with Python,Data Science,Free,Intermediate,0.0,1.2,3.6,7,17.168367346938776,4.152448979591837,0.3775510204081632,4,0,1,24312,Free,Short,Good,0,1,High,4.152448979591837,71.29076947105374,0.3775510204081632,0.0,0.0,17.0,0.0,17.0,0.0,48.0,0.0,48.0,0.0,98.0,0.0,0.17647058823529416,0.0,1,-2.4492935982947064e-16,1.0,1.0,0,0,0,1,0,0,0,0,0,0,0,0,1,0,0,0,0,0,1,0,1,0,0,1,20,0.0
CR00022,2025,1,January,2025-01,19,0.0,19,0.0,Data Visualization,Data Science,Free,Beginner,0.0,32.64,3.65,7,17.305084745762713,4.157627118644068,0.3446327683615819,1,1,0,24301,Free,Long,Good,0,0,High,4.157627118644068,71.94808962941684,0.3446327683615819,0.0,0.0,0.0,0.0,0.0,0.0,0.0,0.0,0.0,0.0,0.0,0.0,0.0,0.0,0,0.49999999999999994,0.8660254037844387,0.0,0,0,0,1,0,0,0,0,0,0,0,0,1,0,0,0,1,0,0,0,1,0,0,1,19,0.0
CR00022,2025,2,February,2025-02,17,0.0,17,0.0,Data Visualization,Data Science,Free,Beginner,0.0,32.64,3.65,7,17.305084745762713,4.157627118644068,0.3446327683615819,1,0,0,24302,Free,Long,Good,0,0,High,4.157627118644068,71.94808962941684,0.3446327683615819,0.0,0.0,19.0,0.0,19.0,0.0,19.0,0.0,19.0,0.0,19.0,0.0,-0.10526315789473684,0.0,1,0.8660254037844386,0.5000000000000001,0.09090909090909091,0,0,0,1,0,0,0,0,0,0,0,0,1,0,0,0,1,0,0,0,1,0,0,1,17,0.0
CR00022,2025,3,March,2025-03,18,0.0,18,0.0,Data Visualization,Data Science,Free,Beginner,0.0,32.64,3.65,7,17.305084745762713,4.157627118644068,0.3446327683615819,1,0,1,24303,Free,Long,Good,0,0,High,4.157627118644068,71.94808962941684,0.3446327683615819,0.0,0.0,17.0,0.0,17.0,0.0,36.0,0.0,36.0,0.0,36.0,0.0,0.05882352941176472,0.0,1,1.0,6.123233995736766e-17,0.18181818181818182,0,0,0,1,0,0,0,0,0,0,0,0,1,0,0,0,1,0,0,0,1,0,0,1,18,0.0
CR00022,2025,4,April,2025-04,11,0.0,11,0.0,Data Visualization,Data Science,Free,Beginner,0.0,32.64,3.65,7,17.305084745762713,4.157627118644068,0.3446327683615819,2,1,0,24304,Free,Long,Good,0,0,High,4.157627118644068,71.94808962941684,0.3446327683615819,0.0,0.0,18.0,0.0,18.0,0.0,54.0,0.0,54.0,0.0,54.0,0.0,-0.38888888888888884,0.0,1,0.8660254037844387,-0.4999999999999998,0.2727272727272727,0,0,0,1,0,0,0,0,0,0,0,0,1,0,0,0,1,0,0,0,1,0,0,1,11,0.0
CR00022,2025,5,May,2025-05,13,0.0,13,0.0,Data Visualization,Data Science,Free,Beginner,0.0,32.64,3.65,7,17.305084745762713,4.157627118644068,0.3446327683615819,2,0,0,24305,Free,Long,Good,0,0,High,4.157627118644068,71.94808962941684,0.3446327683615819,0.0,0.0,11.0,0.0,11.0,0.0,46.0,0.0,46.0,0.0,65.0,0.0,0.18181818181818188,0.0,1,0.49999999999999994,-0.8660254037844387,0.36363636363636365,0,0,0,1,0,0,0,0,0,0,0,0,1,0,0,0,1,0,0,0,1,0,0,1,13,0.0
CR00022,2025,6,June,2025-06,14,0.0,14,0.0,Data Visualization,Data Science,Free,Beginner,0.0,32.64,3.65,7,17.305084745762713,4.157627118644068,0.3446327683615819,2,0,1,24306,Free,Long,Good,0,0,High,4.157627118644068,71.94808962941684,0.3446327683615819,0.0,0.0,13.0,0.0,13.0,0.0,42.0,0.0,42.0,0.0,78.0,0.0,0.07692307692307687,0.0,1,1.2246467991473532e-16,-1.0,0.45454545454545453,0,0,0,1,0,0,0,0,0,0,0,0,1,0,0,0,1,0,0,0,1,0,0,1,14,0.0
CR00022,2025,7,July,2025-07,11,0.0,11,0.0,Data Visualization,Data Science,Free,Beginner,0.0,32.64,3.65,7,17.305084745762713,4.157627118644068,0.3446327683615819,3,1,0,24307,Free,Long,Good,0,0,High,4.157627118644068,71.94808962941684,0.3446327683615819,0.0,0.0,14.0,0.0,14.0,0.0,38.0,0.0,38.0,0.0,92.0,0.0,-0.2142857142857143,0.0,1,-0.4999999999999997,-0.8660254037844388,0.5454545454545454,0,0,0,1,0,0,0,0,0,0,0,0,1,0,0,0,1,0,0,0,1,0,0,1,11,0.0
CR00022,2025,8,August,2025-08,15,0.0,15,0.0,Data Visualization,Data Science,Free,Beginner,0.0,32.64,3.65,7,17.305084745762713,4.157627118644068,0.3446327683615819,3,0,0,24308,Free,Long,Good,0,0,High,4.157627118644068,71.94808962941684,0.3446327683615819,0.0,0.0,11.0,0.0,11.0,0.0,38.0,0.0,38.0,0.0,84.0,0.0,0.36363636363636354,0.0,1,-0.8660254037844385,-0.5000000000000004,0.6363636363636364,0,0,0,1,0,0,0,0,0,0,0,0,1,0,0,0,1,0,0,0,1,0,0,1,15,0.0
CR00022,2025,9,September,2025-09,18,0.0,18,0.0,Data Visualization,Data Science,Free,Beginner,0.0,32.64,3.65,7,17.305084745762713,4.157627118644068,0.3446327683615819,3,0,1,24309,Free,Long,Good,0,0,High,4.157627118644068,71.94808962941684,0.3446327683615819,0.0,0.0,15.0,0.0,15.0,0.0,40.0,0.0,40.0,0.0,82.0,0.0,0.19999999999999996,0.0,1,-1.0,-1.8369701987210297e-16,0.7272727272727273,0,0,0,1,0,0,0,0,0,0,0,0,1,0,0,0,1,0,0,0,1,0,0,1,18,0.0
CR00022,2025,10,October,2025-10,15,0.0,15,0.0,Data Visualization,Data Science,Free,Beginner,0.0,32.64,3.65,7,17.305084745762713,4.157627118644068,0.3446327683615819,4,1,0,24310,Free,Long,Good,0,0,High,4.157627118644068,71.94808962941684,0.3446327683615819,0.0,0.0,18.0,0.0,18.0,0.0,44.0,0.0,44.0,0.0,82.0,0.0,-0.16666666666666663,0.0,1,-0.8660254037844386,0.5000000000000001,0.8181818181818182,0,0,0,1,0,0,0,0,0,0,0,0,1,0,0,0,1,0,0,0,1,0,0,1,15,0.0
CR00022,2025,11,November,2025-11,12,0.0,12,0.0,Data Visualization,Data Science,Free,Beginner,0.0,32.64,3.65,7,17.305084745762713,4.157627118644068,0.3446327683615819,4,0,0,24311,Free,Long,Good,0,0,High,4.157627118644068,71.94808962941684,0.3446327683615819,0.0,0.0,15.0,0.0,15.0,0.0,48.0,0.0,48.0,0.0,86.0,0.0,-0.19999999999999996,0.0,1,-0.5000000000000004,0.8660254037844384,0.9090909090909091,0,0,0,1,0,0,0,0,0,0,0,0,1,0,0,0,1,0,0,0,1,0,0,1,12,0.0
CR00022,2025,12,December,2025-12,14,0.0,14,0.0,Data Visualization,Data Science,Free,Beginner,0.0,32.64,3.65,7,17.305084745762713,4.157627118644068,0.3446327683615819,4,0,1,24312,Free,Long,Good,0,0,High,4.157627118644068,71.94808962941684,0.3446327683615819,0.0,0.0,12.0,0.0,12.0,0.0,45.0,0.0,45.0,0.0,85.0,0.0,0.16666666666666674,0.0,1,-2.4492935982947064e-16,1.0,1.0,0,0,0,1,0,0,0,0,0,0,0,0,1,0,0,0,1,0,0,0,1,0,0,1,14,0.0
CR00023,2025,1,January,2025-01,15,0.0,15,0.0,Machine Learning Fundamentals,Data Science,Free,Intermediate,0.0,9.71,3.02,7,16.194594594594594,4.0725945945945945,0.3945945945945946,1,1,0,24301,Free,Short,Good,0,1,High,4.0725945945945945,65.95401840759678,0.3945945945945946,0.0,0.0,0.0,0.0,0.0,0.0,0.0,0.0,0.0,0.0,0.0,0.0,0.0,0.0,0,0.49999999999999994,0.8660254037844387,0.0,0,0,0,1,0,0,0,0,0,0,0,0,1,0,0,0,0,0,1,0,1,0,0,1,15,0.0
CR00023,2025,2,February,2025-02,18,0.0,18,0.0,Machine Learning Fundamentals,Data Science,Free,Intermediate,0.0,9.71,3.02,7,16.194594594594594,4.0725945945945945,0.3945945945945946,1,0,0,24302,Free,Short,Good,0,1,High,4.0725945945945945,65.95401840759678,0.3945945945945946,0.0,0.0,15.0,0.0,15.0,0.0,15.0,0.0,15.0,0.0,15.0,0.0,0.19999999999999996,0.0,1,0.8660254037844386,0.5000000000000001,0.09090909090909091,0,0,0,1,0,0,0,0,0,0,0,0,1,0,0,0,0,0,1,0,1,0,0,1,18,0.0
CR00023,2025,3,March,2025-03,15,0.0,15,0.0,Machine Learning Fundamentals,Data Science,Free,Intermediate,0.0,9.71,3.02,7,16.194594594594594,4.0725945945945945,0.3945945945945946,1,0,1,24303,Free,Short,Good,0,1,High,4.0725945945945945,65.95401840759678,0.3945945945945946,0.0,0.0,18.0,0.0,18.0,0.0,33.0,0.0,33.0,0.0,33.0,0.0,-0.16666666666666663,0.0,1,1.0,6.123233995736766e-17,0.18181818181818182,0,0,0,1,0,0,0,0,0,0,0,0,1,0,0,0,0,0,1,0,1,0,0,1,15,0.0
CR00023,2025,4,April,2025-04,18,0.0,18,0.0,Machine Learning Fundamentals,Data Science,Free,Intermediate,0.0,9.71,3.02,7,16.194594594594594,4.0725945945945945,0.3945945945945946,2,1,0,24304,Free,Short,Good,0,1,High,4.0725945945945945,65.95401840759678,0.3945945945945946,0.0,0.0,15.0,0.0,15.0,0.0,48.0,0.0,48.0,0.0,48.0,0.0,0.19999999999999996,0.0,1,0.8660254037844387,-0.4999999999999998,0.2727272727272727,0,0,0,1,0,0,0,0,0,0,0,0,1,0,0,0,0,0,1,0,1,0,0,1,18,0.0
CR00023,2025,5,May,2025-05,16,0.0,16,0.0,Machine Learning Fundamentals,Data Science,Free,Intermediate,0.0,9.71,3.02,7,16.194594594594594,4.0725945945945945,0.3945945945945946,2,0,0,24305,Free,Short,Good,0,1,High,4.0725945945945945,65.95401840759678,0.3945945945945946,0.0,0.0,18.0,0.0,18.0,0.0,51.0,0.0,51.0,0.0,66.0,0.0,-0.11111111111111116,0.0,1,0.49999999999999994,-0.8660254037844387,0.36363636363636365,0,0,0,1,0,0,0,0,0,0,0,0,1,0,0,0,0,0,1,0,1,0,0,1,16,0.0
CR00023,2025,6,June,2025-06,17,0.0,17,0.0,Machine Learning Fundamentals,Data Science,Free,Intermediate,0.0,9.71,3.02,7,16.194594594594594,4.0725945945945945,0.3945945945945946,2,0,1,24306,Free,Short,Good,0,1,High,4.0725945945945945,65.95401840759678,0.3945945945945946,0.0,0.0,16.0,0.0,16.0,0.0,49.0,0.0,49.0,0.0,82.0,0.0,0.0625,0.0,1,1.2246467991473532e-16,-1.0,0.45454545454545453,0,0,0,1,0,0,0,0,0,0,0,0,1,0,0,0,0,0,1,0,1,0,0,1,17,0.0
CR00023,2025,7,July,2025-07,22,0.0,22,0.0,Machine Learning Fundamentals,Data Science,Free,Intermediate,0.0,9.71,3.02,7,16.194594594594594,4.0725945945945945,0.3945945945945946,3,1,0,24307,Free,Short,Good,0,1,High,4.0725945945945945,65.95401840759678,0.3945945945945946,0.0,0.0,17.0,0.0,17.0,0.0,51.0,0.0,51.0,0.0,99.0,0.0,0.2941176470588236,0.0,1,-0.4999999999999997,-0.8660254037844388,0.5454545454545454,0,0,0,1,0,0,0,0,0,0,0,0,1,0,0,0,0,0,1,0,1,0,0,1,22,0.0
CR00023,2025,8,August,2025-08,11,0.0,11,0.0,Machine Learning Fundamentals,Data Science,Free,Intermediate,0.0,9.71,3.02,7,16.194594594594594,4.0725945945945945,0.3945945945945946,3,0,0,24308,Free,Short,Good,0,1,High,4.0725945945945945,65.95401840759678,0.3945945945945946,0.0,0.0,22.0,0.0,22.0,0.0,55.0,0.0,55.0,0.0,106.0,0.0,-0.5,0.0,1,-0.8660254037844385,-0.5000000000000004,0.6363636363636364,0,0,0,1,0,0,0,0,0,0,0,0,1,0,0,0,0,0,1,0,1,0,0,1,11,0.0
CR00023,2025,9,September,2025-09,11,0.0,11,0.0,Machine Learning Fundamentals,Data Science,Free,Intermediate,0.0,9.71,3.02,7,16.194594594594594,4.0725945945945945,0.3945945945945946,3,0,1,24309,Free,Short,Good,0,1,High,4.0725945945945945,65.95401840759678,0.3945945945945946,0.0,0.0,11.0,0.0,11.0,0.0,50.0,0.0,50.0,0.0,99.0,0.0,0.0,0.0,1,-1.0,-1.8369701987210297e-16,0.7272727272727273,0,0,0,1,0,0,0,0,0,0,0,0,1,0,0,0,0,0,1,0,1,0,0,1,11,0.0
CR00023,2025,10,October,2025-10,12,0.0,12,0.0,Machine Learning Fundamentals,Data Science,Free,Intermediate,0.0,9.71,3.02,7,16.194594594594594,4.0725945945945945,0.3945945945945946,4,1,0,24310,Free,Short,Good,0,1,High,4.0725945945945945,65.95401840759678,0.3945945945945946,0.0,0.0,11.0,0.0,11.0,0.0,44.0,0.0,44.0,0.0,95.0,0.0,0.09090909090909083,0.0,1,-0.8660254037844386,0.5000000000000001,0.8181818181818182,0,0,0,1,0,0,0,0,0,0,0,0,1,0,0,0,0,0,1,0,1,0,0,1,12,0.0
CR00023,2025,11,November,2025-11,13,0.0,13,0.0,Machine Learning Fundamentals,Data Science,Free,Intermediate,0.0,9.71,3.02,7,16.194594594594594,4.0725945945945945,0.3945945945945946,4,0,0,24311,Free,Short,Good,0,1,High,4.0725945945945945,65.95401840759678,0.3945945945945946,0.0,0.0,12.0,0.0,12.0,0.0,34.0,0.0,34.0,0.0,89.0,0.0,0.08333333333333326,0.0,1,-0.5000000000000004,0.8660254037844384,0.9090909090909091,0,0,0,1,0,0,0,0,0,0,0,0,1,0,0,0,0,0,1,0,1,0,0,1,13,0.0
CR00023,2025,12,December,2025-12,17,0.0,17,0.0,Machine Learning Fundamentals,Data Science,Free,Intermediate,0.0,9.71,3.02,7,16.194594594594594,4.0725945945945945,0.3945945945945946,4,0,1,24312,Free,Short,Good,0,1,High,4.0725945945945945,65.95401840759678,0.3945945945945946,0.0,0.0,13.0,0.0,13.0,0.0,36.0,0.0,36.0,0.0,86.0,0.0,0.3076923076923077,0.0,1,-2.4492935982947064e-16,1.0,1.0,0,0,0,1,0,0,0,0,0,0,0,0,1,0,0,0,0,0,1,0,1,0,0,1,17,0.0
CR00024,2025,1,January,2025-01,9,1059.12,9,117.68,Big Data Analytics,Data Science,Paid,Advanced,117.68,48.09,2.57,7,16.55421686746988,4.141867469879518,0.3855421686746988,1,1,0,24301,Medium,Long,Medium,1,2,High,4.141867469879518,68.56537233270431,0.3855421686746988,8.999999999999998,117.67999999999999,0.0,0.0,0.0,0.0,0.0,0.0,0.0,0.0,0.0,0.0,0.0,0.0,0,0.49999999999999994,0.8660254037844387,0.0,0,0,0,1,0,0,0,0,0,0,0,0,0,0,0,1,1,0,0,0,0,0,1,1,9,1059.12
CR00024,2025,2,February,2025-02,10,1176.8000000000002,10,117.68000000000002,Big Data Analytics,Data Science,Paid,Advanced,117.68,48.09,2.57,7,16.55421686746988,4.141867469879518,0.3855421686746988,1,0,0,24302,Medium,Long,Medium,1,2,High,4.141867469879518,68.56537233270431,0.3855421686746988,10.000000000000002,117.68000000000002,9.0,1059.12,9.0,117.68,9.0,1059.12,9.0,1059.12,9.0,1059.12,0.11111111111111116,0.11111111111111138,1,0.8660254037844386,0.5000000000000001,0.09090909090909091,0,0,0,1,0,0,0,0,0,0,0,0,0,0,0,1,1,0,0,0,0,0,1,1,10,1176.8000000000002
CR00024,2025,3,March,2025-03,12,1412.16,12,117.68,Big Data Analytics,Data Science,Paid,Advanced,117.68,48.09,2.57,7,16.55421686746988,4.141867469879518,0.3855421686746988,1,0,1,24303,Medium,Long,Medium,1,2,High,4.141867469879518,68.56537233270431,0.3855421686746988,12.0,117.68,10.0,1176.8000000000002,10.0,117.68000000000002,19.0,2235.92,19.0,2235.92,19.0,2235.92,0.19999999999999996,0.19999999999999996,1,1.0,6.123233995736766e-17,0.18181818181818182,0,0,0,1,0,0,0,0,0,0,0,0,0,0,0,1,1,0,0,0,0,0,1,1,12,1412.16
CR00024,2025,4,April,2025-04,11,1294.48,11,117.68,Big Data Analytics,Data Science,Paid,Advanced,117.68,48.09,2.57,7,16.55421686746988,4.141867469879518,0.3855421686746988,2,1,0,24304,Medium,Long,Medium,1,2,High,4.141867469879518,68.56537233270431,0.3855421686746988,11.0,117.68,12.0,1412.16,12.0,117.68,31.0,3648.08,31.0,3648.08,31.0,3648.08,-0.08333333333333337,-0.08333333333333337,1,0.8660254037844387,-0.4999999999999998,0.2727272727272727,0,0,0,1,0,0,0,0,0,0,0,0,0,0,0,1,1,0,0,0,0,0,1,1,11,1294.48
CR00024,2025,5,May,2025-05,14,1647.52,14,117.68,Big Data Analytics,Data Science,Paid,Advanced,117.68,48.09,2.57,7,16.55421686746988,4.141867469879518,0.3855421686746988,2,0,0,24305,Medium,Long,Medium,1,2,High,4.141867469879518,68.56537233270431,0.3855421686746988,13.999999999999998,117.67999999999999,11.0,1294.48,11.0,117.68,33.0,3883.4400000000005,33.0,3883.4400000000005,42.0,4942.56,0.2727272727272727,0.2727272727272727,1,0.49999999999999994,-0.8660254037844387,0.36363636363636365,0,0,0,1,0,0,0,0,0,0,0,0,0,0,0,1,1,0,0,0,0,0,1,1,14,1647.52
CR00024,2025,6,June,2025-06,24,2824.32,24,117.68,Big Data Analytics,Data Science,Paid,Advanced,117.68,48.09,2.57,7,16.55421686746988,4.141867469879518,0.3855421686746988,2,0,1,24306,Medium,Long,Medium,1,2,High,4.141867469879518,68.56537233270431,0.3855421686746988,24.0,117.68,14.0,1647.52,14.0,117.68,37.0,4354.16,37.0,4354.16,56.0,6590.08,0.7142857142857142,0.7142857142857144,1,1.2246467991473532e-16,-1.0,0.45454545454545453,0,0,0,1,0,0,0,0,0,0,0,0,0,0,0,1,1,0,0,0,0,0,1,1,24,2824.32
CR00024,2025,7,July,2025-07,16,1882.88,16,117.68,Big Data Analytics,Data Science,Paid,Advanced,117.68,48.09,2.57,7,16.55421686746988,4.141867469879518,0.3855421686746988,3,1,0,24307,Medium,Long,Medium,1,2,High,4.141867469879518,68.56537233270431,0.3855421686746988,16.0,117.68,24.0,2824.32,24.0,117.68,49.0,5766.320000000001,49.0,5766.320000000001,80.0,9414.400000000001,-0.33333333333333337,-0.33333333333333337,1,-0.4999999999999997,-0.8660254037844388,0.5454545454545454,0,0,0,1,0,0,0,0,0,0,0,0,0,0,0,1,1,0,0,0,0,0,1,1,16,1882.88
CR00024,2025,8,August,2025-08,8,941.44,8,117.68,Big Data Analytics,Data Science,Paid,Advanced,117.68,48.09,2.57,7,16.55421686746988,4.141867469879518,0.3855421686746988,3,0,0,24308,Medium,Long,Medium,1,2,High,4.141867469879518,68.56537233270431,0.3855421686746988,8.0,117.68,16.0,1882.88,16.0,117.68,54.0,6354.72,54.0,6354.72,87.0,10238.160000000002,-0.5,-0.5,1,-0.8660254037844385,-0.5000000000000004,0.6363636363636364,0,0,0,1,0,0,0,0,0,0,0,0,0,0,0,1,1,0,0,0,0,0,1,1,8,941.44
CR00024,2025,9,September,2025-09,17,2000.56,17,117.68,Big Data Analytics,Data Science,Paid,Advanced,117.68,48.09,2.57,7,16.55421686746988,4.141867469879518,0.3855421686746988,3,0,1,24309,Medium,Long,Medium,1,2,High,4.141867469879518,68.56537233270431,0.3855421686746988,17.0,117.67999999999999,8.0,941.44,8.0,117.68,48.0,5648.640000000001,48.0,5648.640000000001,85.0,10002.800000000001,1.125,1.125,1,-1.0,-1.8369701987210297e-16,0.7272727272727273,0,0,0,1,0,0,0,0,0,0,0,0,0,0,0,1,1,0,0,0,0,0,1,1,17,2000.56
CR00024,2025,10,October,2025-10,13,1529.84,13,117.68,Big Data Analytics,Data Science,Paid,Advanced,117.68,48.09,2.57,7,16.55421686746988,4.141867469879518,0.3855421686746988,4,1,0,24310,Medium,Long,Medium,1,2,High,4.141867469879518,68.56537233270431,0.3855421686746988,12.999999999999998,117.67999999999999,17.0,2000.56,17.0,117.68,41.0,4824.88,41.0,4824.88,90.0,10591.2,-0.23529411764705888,-0.23529411764705888,1,-0.8660254037844386,0.5000000000000001,0.8181818181818182,0,0,0,1,0,0,0,0,0,0,0,0,0,0,0,1,1,0,0,0,0,0,1,1,13,1529.84
CR00024,2025,11,November,2025-11,18,2118.24,18,117.68,Big Data Analytics,Data Science,Paid,Advanced,117.68,48.09,2.57,7,16.55421686746988,4.141867469879518,0.3855421686746988,4,0,0,24311,Medium,Long,Medium,1,2,High,4.141867469879518,68.56537233270431,0.3855421686746988,17.999999999999996,117.67999999999999,13.0,1529.84,13.0,117.68,38.0,4471.84,38.0,4471.84,92.0,10826.560000000001,0.3846153846153846,0.3846153846153846,1,-0.5000000000000004,0.8660254037844384,0.9090909090909091,0,0,0,1,0,0,0,0,0,0,0,0,0,0,0,1,1,0,0,0,0,0,1,1,18,2118.24
CR00024,2025,12,December,2025-12,14,1647.52,14,117.68,Big Data Analytics,Data Science,Paid,Advanced,117.68,48.09,2.57,7,16.55421686746988,4.141867469879518,0.3855421686746988,4,0,1,24312,Medium,Long,Medium,1,2,High,4.141867469879518,68.56537233270431,0.3855421686746988,13.999999999999998,117.67999999999999,18.0,2118.24,18.0,117.68,48.0,5648.639999999999,48.0,5648.639999999999,96.0,11297.28,-0.2222222222222222,-0.2222222222222221,1,-2.4492935982947064e-16,1.0,1.0,0,0,0,1,0,0,0,0,0,0,0,0,0,0,0,1,1,0,0,0,0,0,1,1,14,1647.52
CR00025,2025,1,January,2025-01,15,4493.55,15,299.57,Statistical Analysis,Data Science,Paid,Beginner,299.57,48.32,3.74,7,16.489583333333332,4.13109375,0.3854166666666667,1,1,0,24301,Medium,Long,Good,1,0,High,4.13109375,68.12001464843749,0.3854166666666667,15.000000000000002,299.57,0.0,0.0,0.0,0.0,0.0,0.0,0.0,0.0,0.0,0.0,0.0,0.0,0,0.49999999999999994,0.8660254037844387,0.0,0,0,0,1,0,0,0,0,0,0,0,0,0,0,0,1,1,0,0,0,1,0,0,1,15,4493.55
CR00025,2025,2,February,2025-02,16,4793.12,16,299.57,Statistical Analysis,Data Science,Paid,Beginner,299.57,48.32,3.74,7,16.489583333333332,4.13109375,0.3854166666666667,1,0,0,24302,Medium,Long,Good,1,0,High,4.13109375,68.12001464843749,0.3854166666666667,16.0,299.57,15.0,4493.55,15.0,299.57,15.0,4493.55,15.0,4493.55,15.0,4493.55,0.06666666666666665,0.06666666666666665,1,0.8660254037844386,0.5000000000000001,0.09090909090909091,0,0,0,1,0,0,0,0,0,0,0,0,0,0,0,1,1,0,0,0,1,0,0,1,16,4793.12
CR00025,2025,3,March,2025-03,19,5691.83,19,299.57,Statistical Analysis,Data Science,Paid,Beginner,299.57,48.32,3.74,7,16.489583333333332,4.13109375,0.3854166666666667,1,0,1,24303,Medium,Long,Good,1,0,High,4.13109375,68.12001464843749,0.3854166666666667,19.0,299.57,16.0,4793.12,16.0,299.57,31.0,9286.67,31.0,9286.67,31.0,9286.67,0.1875,0.1875,1,1.0,6.123233995736766e-17,0.18181818181818182,0,0,0,1,0,0,0,0,0,0,0,0,0,0,0,1,1,0,0,0,1,0,0,1,19,5691.83
CR00025,2025,4,April,2025-04,23,6890.11,23,299.57,Statistical Analysis,Data Science,Paid,Beginner,299.57,48.32,3.74,7,16.489583333333332,4.13109375,0.3854166666666667,2,1,0,24304,Medium,Long,Good,1,0,High,4.13109375,68.12001464843749,0.3854166666666667,23.0,299.57,19.0,5691.83,19.0,299.57,50.0,14978.5,50.0,14978.5,50.0,14978.5,0.21052631578947367,0.21052631578947367,1,0.8660254037844387,-0.4999999999999998,0.2727272727272727,0,0,0,1,0,0,0,0,0,0,0,0,0,0,0,1,1,0,0,0,1,0,0,1,23,6890.11
CR00025,2025,5,May,2025-05,24,7189.68,24,299.57,Statistical Analysis,Data Science,Paid,Beginner,299.57,48.32,3.74,7,16.489583333333332,4.13109375,0.3854166666666667,2,0,0,24305,Medium,Long,Good,1,0,High,4.13109375,68.12001464843749,0.3854166666666667,24.0,299.57,23.0,6890.11,23.0,299.57,58.0,17375.06,58.0,17375.06,73.0,21868.61,0.04347826086956519,0.04347826086956541,1,0.49999999999999994,-0.8660254037844387,0.36363636363636365,0,0,0,1,0,0,0,0,0,0,0,0,0,0,0,1,1,0,0,0,1,0,0,1,24,7189.68
CR00025,2025,6,June,2025-06,9,2696.13,9,299.57,Statistical Analysis,Data Science,Paid,Beginner,299.57,48.32,3.74,7,16.489583333333332,4.13109375,0.3854166666666667,2,0,1,24306,Medium,Long,Good,1,0,High,4.13109375,68.12001464843749,0.3854166666666667,9.0,299.57,24.0,7189.68,24.0,299.57,66.0,19771.62,66.0,19771.62,97.0,29058.29,-0.625,-0.625,1,1.2246467991473532e-16,-1.0,0.45454545454545453,0,0,0,1,0,0,0,0,0,0,0,0,0,0,0,1,1,0,0,0,1,0,0,1,9,2696.13
CR00025,2025,7,July,2025-07,10,2995.7,10,299.57,Statistical Analysis,Data Science,Paid,Beginner,299.57,48.32,3.74,7,16.489583333333332,4.13109375,0.3854166666666667,3,1,0,24307,Medium,Long,Good,1,0,High,4.13109375,68.12001464843749,0.3854166666666667,10.0,299.57,9.0,2696.13,9.0,299.57,56.0,16775.92,56.0,16775.92,106.0,31754.42,0.11111111111111116,0.11111111111111094,1,-0.4999999999999997,-0.8660254037844388,0.5454545454545454,0,0,0,1,0,0,0,0,0,0,0,0,0,0,0,1,1,0,0,0,1,0,0,1,10,2995.7
CR00025,2025,8,August,2025-08,15,4493.55,15,299.57,Statistical Analysis,Data Science,Paid,Beginner,299.57,48.32,3.74,7,16.489583333333332,4.13109375,0.3854166666666667,3,0,0,24308,Medium,Long,Good,1,0,High,4.13109375,68.12001464843749,0.3854166666666667,15.000000000000002,299.57,10.0,2995.7,10.0,299.57,43.0,12881.509999999998,43.0,12881.509999999998,101.0,30256.57,0.5,0.5000000000000002,1,-0.8660254037844385,-0.5000000000000004,0.6363636363636364,0,0,0,1,0,0,0,0,0,0,0,0,0,0,0,1,1,0,0,0,1,0,0,1,15,4493.55
CR00025,2025,9,September,2025-09,20,5991.4,20,299.57,Statistical Analysis,Data Science,Paid,Beginner,299.57,48.32,3.74,7,16.489583333333332,4.13109375,0.3854166666666667,3,0,1,24309,Medium,Long,Good,1,0,High,4.13109375,68.12001464843749,0.3854166666666667,20.0,299.57,15.0,4493.55,15.0,299.57,34.0,10185.380000000001,34.0,10185.380000000001,100.0,29957.0,0.33333333333333326,0.33333333333333326,1,-1.0,-1.8369701987210297e-16,0.7272727272727273,0,0,0,1,0,0,0,0,0,0,0,0,0,0,0,1,1,0,0,0,1,0,0,1,20,5991.4
CR00025,2025,10,October,2025-10,12,3594.84,12,299.57,Statistical Analysis,Data Science,Paid,Beginner,299.57,48.32,3.74,7,16.489583333333332,4.13109375,0.3854166666666667,4,1,0,24310,Medium,Long,Good,1,0,High,4.13109375,68.12001464843749,0.3854166666666667,12.0,299.57,20.0,5991.4,20.0,299.57,45.0,13480.65,45.0,13480.65,101.0,30256.57,-0.4,-0.3999999999999999,1,-0.8660254037844386,0.5000000000000001,0.8181818181818182,0,0,0,1,0,0,0,0,0,0,0,0,0,0,0,1,1,0,0,0,1,0,0,1,12,3594.84
CR00025,2025,11,November,2025-11,13,3894.41,13,299.57,Statistical Analysis,Data Science,Paid,Beginner,299.57,48.32,3.74,7,16.489583333333332,4.13109375,0.3854166666666667,4,0,0,24311,Medium,Long,Good,1,0,High,4.13109375,68.12001464843749,0.3854166666666667,13.0,299.57,12.0,3594.84,12.0,299.57,47.0,14079.79,47.0,14079.79,90.0,26961.3,0.08333333333333326,0.08333333333333326,1,-0.5000000000000004,0.8660254037844384,0.9090909090909091,0,0,0,1,0,0,0,0,0,0,0,0,0,0,0,1,1,0,0,0,1,0,0,1,13,3894.41
CR00025,2025,12,December,2025-12,16,4793.12,16,299.57,Statistical Analysis,Data Science,Paid,Beginner,299.57,48.32,3.74,7,16.489583333333332,4.13109375,0.3854166666666667,4,0,1,24312,Medium,Long,Good,1,0,High,4.13109375,68.12001464843749,0.3854166666666667,16.0,299.57,13.0,3894.41,13.0,299.57,45.0,13480.65,45.0,13480.65,79.0,23666.03,0.23076923076923084,0.23076923076923084,1,-2.4492935982947064e-16,1.0,1.0,0,0,0,1,0,0,0,0,0,0,0,0,0,0,0,1,1,0,0,0,1,0,0,1,16,4793.12
CR00026,2025,1,January,2025-01,14,0.0,14,0.0,Intro to Machine Learning,Machine Learning,Free,Intermediate,0.0,47.7,4.73,18,14.05813953488372,4.291627906976744,0.8430232558139535,1,1,0,24301,Free,Long,Excellent,0,1,High,4.291627906976744,60.33230394808003,0.8430232558139535,0.0,0.0,0.0,0.0,0.0,0.0,0.0,0.0,0.0,0.0,0.0,0.0,0.0,0.0,0,0.49999999999999994,0.8660254037844387,0.0,0,0,0,0,0,0,0,1,0,0,0,0,1,0,0,0,1,0,0,1,0,0,0,1,14,0.0
CR00026,2025,2,February,2025-02,16,0.0,16,0.0,Intro to Machine Learning,Machine Learning,Free,Intermediate,0.0,47.7,4.73,18,14.05813953488372,4.291627906976744,0.8430232558139535,1,0,0,24302,Free,Long,Excellent,0,1,High,4.291627906976744,60.33230394808003,0.8430232558139535,0.0,0.0,14.0,0.0,14.0,0.0,14.0,0.0,14.0,0.0,14.0,0.0,0.1428571428571428,0.0,1,0.8660254037844386,0.5000000000000001,0.09090909090909091,0,0,0,0,0,0,0,1,0,0,0,0,1,0,0,0,1,0,0,1,0,0,0,1,16,0.0
CR00026,2025,3,March,2025-03,11,0.0,11,0.0,Intro to Machine Learning,Machine Learning,Free,Intermediate,0.0,47.7,4.73,18,14.05813953488372,4.291627906976744,0.8430232558139535,1,0,1,24303,Free,Long,Excellent,0,1,High,4.291627906976744,60.33230394808003,0.8430232558139535,0.0,0.0,16.0,0.0,16.0,0.0,30.0,0.0,30.0,0.0,30.0,0.0,-0.3125,0.0,1,1.0,6.123233995736766e-17,0.18181818181818182,0,0,0,0,0,0,0,1,0,0,0,0,1,0,0,0,1,0,0,1,0,0,0,1,11,0.0
CR00026,2025,4,April,2025-04,14,0.0,14,0.0,Intro to Machine Learning,Machine Learning,Free,Intermediate,0.0,47.7,4.73,18,14.05813953488372,4.291627906976744,0.8430232558139535,2,1,0,24304,Free,Long,Excellent,0,1,High,4.291627906976744,60.33230394808003,0.8430232558139535,0.0,0.0,11.0,0.0,11.0,0.0,41.0,0.0,41.0,0.0,41.0,0.0,0.2727272727272727,0.0,1,0.8660254037844387,-0.4999999999999998,0.2727272727272727,0,0,0,0,0,0,0,1,0,0,0,0,1,0,0,0,1,0,0,1,0,0,0,1,14,0.0
CR00026,2025,5,May,2025-05,16,0.0,16,0.0,Intro to Machine Learning,Machine Learning,Free,Intermediate,0.0,47.7,4.73,18,14.05813953488372,4.291627906976744,0.8430232558139535,2,0,0,24305,Free,Long,Excellent,0,1,High,4.291627906976744,60.33230394808003,0.8430232558139535,0.0,0.0,14.0,0.0,14.0,0.0,41.0,0.0,41.0,0.0,55.0,0.0,0.1428571428571428,0.0,1,0.49999999999999994,-0.8660254037844387,0.36363636363636365,0,0,0,0,0,0,0,1,0,0,0,0,1,0,0,0,1,0,0,1,0,0,0,1,16,0.0
CR00026,2025,6,June,2025-06,15,0.0,15,0.0,Intro to Machine Learning,Machine Learning,Free,Intermediate,0.0,47.7,4.73,18,14.05813953488372,4.291627906976744,0.8430232558139535,2,0,1,24306,Free,Long,Excellent,0,1,High,4.291627906976744,60.33230394808003,0.8430232558139535,0.0,0.0,16.0,0.0,16.0,0.0,41.0,0.0,41.0,0.0,71.0,0.0,-0.0625,0.0,1,1.2246467991473532e-16,-1.0,0.45454545454545453,0,0,0,0,0,0,0,1,0,0,0,0,1,0,0,0,1,0,0,1,0,0,0,1,15,0.0
CR00026,2025,7,July,2025-07,15,0.0,15,0.0,Intro to Machine Learning,Machine Learning,Free,Intermediate,0.0,47.7,4.73,18,14.05813953488372,4.291627906976744,0.8430232558139535,3,1,0,24307,Free,Long,Excellent,0,1,High,4.291627906976744,60.33230394808003,0.8430232558139535,0.0,0.0,15.0,0.0,15.0,0.0,45.0,0.0,45.0,0.0,86.0,0.0,0.0,0.0,1,-0.4999999999999997,-0.8660254037844388,0.5454545454545454,0,0,0,0,0,0,0,1,0,0,0,0,1,0,0,0,1,0,0,1,0,0,0,1,15,0.0
CR00026,2025,8,August,2025-08,18,0.0,18,0.0,Intro to Machine Learning,Machine Learning,Free,Intermediate,0.0,47.7,4.73,18,14.05813953488372,4.291627906976744,0.8430232558139535,3,0,0,24308,Free,Long,Excellent,0,1,High,4.291627906976744,60.33230394808003,0.8430232558139535,0.0,0.0,15.0,0.0,15.0,0.0,46.0,0.0,46.0,0.0,87.0,0.0,0.19999999999999996,0.0,1,-0.8660254037844385,-0.5000000000000004,0.6363636363636364,0,0,0,0,0,0,0,1,0,0,0,0,1,0,0,0,1,0,0,1,0,0,0,1,18,0.0
CR00026,2025,9,September,2025-09,20,0.0,20,0.0,Intro to Machine Learning,Machine Learning,Free,Intermediate,0.0,47.7,4.73,18,14.05813953488372,4.291627906976744,0.8430232558139535,3,0,1,24309,Free,Long,Excellent,0,1,High,4.291627906976744,60.33230394808003,0.8430232558139535,0.0,0.0,18.0,0.0,18.0,0.0,48.0,0.0,48.0,0.0,89.0,0.0,0.11111111111111116,0.0,1,-1.0,-1.8369701987210297e-16,0.7272727272727273,0,0,0,0,0,0,0,1,0,0,0,0,1,0,0,0,1,0,0,1,0,0,0,1,20,0.0
CR00026,2025,10,October,2025-10,12,0.0,12,0.0,Intro to Machine Learning,Machine Learning,Free,Intermediate,0.0,47.7,4.73,18,14.05813953488372,4.291627906976744,0.8430232558139535,4,1,0,24310,Free,Long,Excellent,0,1,High,4.291627906976744,60.33230394808003,0.8430232558139535,0.0,0.0,20.0,0.0,20.0,0.0,53.0,0.0,53.0,0.0,98.0,0.0,-0.4,0.0,1,-0.8660254037844386,0.5000000000000001,0.8181818181818182,0,0,0,0,0,0,0,1,0,0,0,0,1,0,0,0,1,0,0,1,0,0,0,1,12,0.0
CR00026,2025,11,November,2025-11,11,0.0,11,0.0,Intro to Machine Learning,Machine Learning,Free,Intermediate,0.0,47.7,4.73,18,14.05813953488372,4.291627906976744,0.8430232558139535,4,0,0,24311,Free,Long,Excellent,0,1,High,4.291627906976744,60.33230394808003,0.8430232558139535,0.0,0.0,12.0,0.0,12.0,0.0,50.0,0.0,50.0,0.0,96.0,0.0,-0.08333333333333337,0.0,1,-0.5000000000000004,0.8660254037844384,0.9090909090909091,0,0,0,0,0,0,0,1,0,0,0,0,1,0,0,0,1,0,0,1,0,0,0,1,11,0.0
CR00026,2025,12,December,2025-12,10,0.0,10,0.0,Intro to Machine Learning,Machine Learning,Free,Intermediate,0.0,47.7,4.73,18,14.05813953488372,4.291627906976744,0.8430232558139535,4,0,1,24312,Free,Long,Excellent,0,1,High,4.291627906976744,60.33230394808003,0.8430232558139535,0.0,0.0,11.0,0.0,11.0,0.0,43.0,0.0,43.0,0.0,91.0,0.0,-0.09090909090909094,0.0,1,-2.4492935982947064e-16,1.0,1.0,0,0,0,0,0,0,0,1,0,0,0,0,1,0,0,0,1,0,0,1,0,0,0,1,10,0.0
CR00027,2025,1,January,2025-01,13,0.0,13,0.0,Neural Networks,Machine Learning,Free,Advanced,0.0,9.3,1.81,17,14.49342105263158,4.269934210526316,0.8618421052631579,1,1,0,24301,Free,Short,Low,0,2,High,4.269934210526316,61.88595438019391,0.8618421052631579,0.0,0.0,0.0,0.0,0.0,0.0,0.0,0.0,0.0,0.0,0.0,0.0,0.0,0.0,0,0.49999999999999994,0.8660254037844387,0.0,0,0,0,0,0,0,0,1,0,0,0,0,1,0,0,0,0,0,1,0,0,1,0,1,13,0.0
CR00027,2025,2,February,2025-02,12,0.0,12,0.0,Neural Networks,Machine Learning,Free,Advanced,0.0,9.3,1.81,17,14.49342105263158,4.269934210526316,0.8618421052631579,1,0,0,24302,Free,Short,Low,0,2,High,4.269934210526316,61.88595438019391,0.8618421052631579,0.0,0.0,13.0,0.0,13.0,0.0,13.0,0.0,13.0,0.0,13.0,0.0,-0.07692307692307687,0.0,1,0.8660254037844386,0.5000000000000001,0.09090909090909091,0,0,0,0,0,0,0,1,0,0,0,0,1,0,0,0,0,0,1,0,0,1,0,1,12,0.0
CR00027,2025,3,March,2025-03,8,0.0,8,0.0,Neural Networks,Machine Learning,Free,Advanced,0.0,9.3,1.81,17,14.49342105263158,4.269934210526316,0.8618421052631579,1,0,1,24303,Free,Short,Low,0,2,High,4.269934210526316,61.88595438019391,0.8618421052631579,0.0,0.0,12.0,0.0,12.0,0.0,25.0,0.0,25.0,0.0,25.0,0.0,-0.33333333333333337,0.0,1,1.0,6.123233995736766e-17,0.18181818181818182,0,0,0,0,0,0,0,1,0,0,0,0,1,0,0,0,0,0,1,0,0,1,0,1,8,0.0
CR00027,2025,4,April,2025-04,10,0.0,10,0.0,Neural Networks,Machine Learning,Free,Advanced,0.0,9.3,1.81,17,14.49342105263158,4.269934210526316,0.8618421052631579,2,1,0,24304,Free,Short,Low,0,2,High,4.269934210526316,61.88595438019391,0.8618421052631579,0.0,0.0,8.0,0.0,8.0,0.0,33.0,0.0,33.0,0.0,33.0,0.0,0.25,0.0,1,0.8660254037844387,-0.4999999999999998,0.2727272727272727,0,0,0,0,0,0,0,1,0,0,0,0,1,0,0,0,0,0,1,0,0,1,0,1,10,0.0
CR00027,2025,5,May,2025-05,16,0.0,16,0.0,Neural Networks,Machine Learning,Free,Advanced,0.0,9.3,1.81,17,14.49342105263158,4.269934210526316,0.8618421052631579,2,0,0,24305,Free,Short,Low,0,2,High,4.269934210526316,61.88595438019391,0.8618421052631579,0.0,0.0,10.0,0.0,10.0,0.0,30.0,0.0,30.0,0.0,43.0,0.0,0.6000000000000001,0.0,1,0.49999999999999994,-0.8660254037844387,0.36363636363636365,0,0,0,0,0,0,0,1,0,0,0,0,1,0,0,0,0,0,1,0,0,1,0,1,16,0.0
CR00027,2025,6,June,2025-06,13,0.0,13,0.0,Neural Networks,Machine Learning,Free,Advanced,0.0,9.3,1.81,17,14.49342105263158,4.269934210526316,0.8618421052631579,2,0,1,24306,Free,Short,Low,0,2,High,4.269934210526316,61.88595438019391,0.8618421052631579,0.0,0.0,16.0,0.0,16.0,0.0,34.0,0.0,34.0,0.0,59.0,0.0,-0.1875,0.0,1,1.2246467991473532e-16,-1.0,0.45454545454545453,0,0,0,0,0,0,0,1,0,0,0,0,1,0,0,0,0,0,1,0,0,1,0,1,13,0.0
CR00027,2025,7,July,2025-07,14,0.0,14,0.0,Neural Networks,Machine Learning,Free,Advanced,0.0,9.3,1.81,17,14.49342105263158,4.269934210526316,0.8618421052631579,3,1,0,24307,Free,Short,Low,0,2,High,4.269934210526316,61.88595438019391,0.8618421052631579,0.0,0.0,13.0,0.0,13.0,0.0,39.0,0.0,39.0,0.0,72.0,0.0,0.07692307692307687,0.0,1,-0.4999999999999997,-0.8660254037844388,0.5454545454545454,0,0,0,0,0,0,0,1,0,0,0,0,1,0,0,0,0,0,1,0,0,1,0,1,14,0.0
CR00027,2025,8,August,2025-08,18,0.0,18,0.0,Neural Networks,Machine Learning,Free,Advanced,0.0,9.3,1.81,17,14.49342105263158,4.269934210526316,0.8618421052631579,3,0,0,24308,Free,Short,Low,0,2,High,4.269934210526316,61.88595438019391,0.8618421052631579,0.0,0.0,14.0,0.0,14.0,0.0,43.0,0.0,43.0,0.0,73.0,0.0,0.2857142857142858,0.0,1,-0.8660254037844385,-0.5000000000000004,0.6363636363636364,0,0,0,0,0,0,0,1,0,0,0,0,1,0,0,0,0,0,1,0,0,1,0,1,18,0.0
CR00027,2025,9,September,2025-09,10,0.0,10,0.0,Neural Networks,Machine Learning,Free,Advanced,0.0,9.3,1.81,17,14.49342105263158,4.269934210526316,0.8618421052631579,3,0,1,24309,Free,Short,Low,0,2,High,4.269934210526316,61.88595438019391,0.8618421052631579,0.0,0.0,18.0,0.0,18.0,0.0,45.0,0.0,45.0,0.0,79.0,0.0,-0.4444444444444444,0.0,1,-1.0,-1.8369701987210297e-16,0.7272727272727273,0,0,0,0,0,0,0,1,0,0,0,0,1,0,0,0,0,0,1,0,0,1,0,1,10,0.0
CR00027,2025,10,October,2025-10,10,0.0,10,0.0,Neural Networks,Machine Learning,Free,Advanced,0.0,9.3,1.81,17,14.49342105263158,4.269934210526316,0.8618421052631579,4,1,0,24310,Free,Short,Low,0,2,High,4.269934210526316,61.88595438019391,0.8618421052631579,0.0,0.0,10.0,0.0,10.0,0.0,42.0,0.0,42.0,0.0,81.0,0.0,0.0,0.0,1,-0.8660254037844386,0.5000000000000001,0.8181818181818182,0,0,0,0,0,0,0,1,0,0,0,0,1,0,0,0,0,0,1,0,0,1,0,1,10,0.0
CR00027,2025,11,November,2025-11,18,0.0,18,0.0,Neural Networks,Machine Learning,Free,Advanced,0.0,9.3,1.81,17,14.49342105263158,4.269934210526316,0.8618421052631579,4,0,0,24311,Free,Short,Low,0,2,High,4.269934210526316,61.88595438019391,0.8618421052631579,0.0,0.0,10.0,0.0,10.0,0.0,38.0,0.0,38.0,0.0,81.0,0.0,0.8,0.0,1,-0.5000000000000004,0.8660254037844384,0.9090909090909091,0,0,0,0,0,0,0,1,0,0,0,0,1,0,0,0,0,0,1,0,0,1,0,1,18,0.0
CR00027,2025,12,December,2025-12,10,0.0,10,0.0,Neural Networks,Machine Learning,Free,Advanced,0.0,9.3,1.81,17,14.49342105263158,4.269934210526316,0.8618421052631579,4,0,1,24312,Free,Short,Low,0,2,High,4.269934210526316,61.88595438019391,0.8618421052631579,0.0,0.0,18.0,0.0,18.0,0.0,38.0,0.0,38.0,0.0,83.0,0.0,-0.4444444444444444,0.0,1,-2.4492935982947064e-16,1.0,1.0,0,0,0,0,0,0,0,1,0,0,0,0,1,0,0,0,0,0,1,0,0,1,0,1,10,0.0
CR00028,2025,1,January,2025-01,17,13.26,17,0.78,Deep Learning,Machine Learning,Paid,Advanced,0.78,44.96,3.89,21,13.83625730994152,4.208128654970761,0.8245614035087719,1,1,0,24301,Low,Long,Good,1,2,High,4.208128654970761,58.22475086351356,0.8245614035087719,17.0,0.78,0.0,0.0,0.0,0.0,0.0,0.0,0.0,0.0,0.0,0.0,0.0,0.0,0,0.49999999999999994,0.8660254037844387,0.0,0,0,0,0,0,0,0,1,0,0,0,0,0,0,1,0,1,0,0,0,1,0,0,1,17,13.26
CR00028,2025,2,February,2025-02,10,7.800000000000001,10,0.78,Deep Learning,Machine Learning,Paid,Advanced,0.78,44.96,3.89,21,13.83625730994152,4.208128654970761,0.8245614035087719,1,0,0,24302,Low,Long,Good,1,2,High,4.208128654970761,58.22475086351356,0.8245614035087719,10.0,0.78,17.0,13.26,17.0,0.78,17.0,13.26,17.0,13.26,17.0,13.26,-0.4117647058823529,-0.4117647058823529,1,0.8660254037844386,0.5000000000000001,0.09090909090909091,0,0,0,0,0,0,0,1,0,0,0,0,0,0,1,0,1,0,0,0,1,0,0,1,10,7.800000000000001
CR00028,2025,3,March,2025-03,20,15.6,20,0.78,Deep Learning,Machine Learning,Paid,Advanced,0.78,44.96,3.89,21,13.83625730994152,4.208128654970761,0.8245614035087719,1,0,1,24303,Low,Long,Good,1,2,High,4.208128654970761,58.22475086351356,0.8245614035087719,20.0,0.78,10.0,7.800000000000001,10.0,0.78,27.0,21.060000000000002,27.0,21.060000000000002,27.0,21.060000000000002,1.0,0.9999999999999998,1,1.0,6.123233995736766e-17,0.18181818181818182,0,0,0,0,0,0,0,1,0,0,0,0,0,0,1,0,1,0,0,0,1,0,0,1,20,15.6
CR00028,2025,4,April,2025-04,16,12.48,16,0.78,Deep Learning,Machine Learning,Paid,Advanced,0.78,44.96,3.89,21,13.83625730994152,4.208128654970761,0.8245614035087719,2,1,0,24304,Low,Long,Good,1,2,High,4.208128654970761,58.22475086351356,0.8245614035087719,16.0,0.78,20.0,15.6,20.0,0.78,47.0,36.66,47.0,36.66,47.0,36.66,-0.19999999999999996,-0.19999999999999996,1,0.8660254037844387,-0.4999999999999998,0.2727272727272727,0,0,0,0,0,0,0,1,0,0,0,0,0,0,1,0,1,0,0,0,1,0,0,1,16,12.48
CR00028,2025,5,May,2025-05,15,11.7,15,0.78,Deep Learning,Machine Learning,Paid,Advanced,0.78,44.96,3.89,21,13.83625730994152,4.208128654970761,0.8245614035087719,2,0,0,24305,Low,Long,Good,1,2,High,4.208128654970761,58.22475086351356,0.8245614035087719,14.999999999999998,0.7799999999999999,16.0,12.48,16.0,0.78,46.0,35.88,46.0,35.88,63.0,49.14,-0.0625,-0.06250000000000011,1,0.49999999999999994,-0.8660254037844387,0.36363636363636365,0,0,0,0,0,0,0,1,0,0,0,0,0,0,1,0,1,0,0,0,1,0,0,1,15,11.7
CR00028,2025,6,June,2025-06,16,12.48,16,0.78,Deep Learning,Machine Learning,Paid,Advanced,0.78,44.96,3.89,21,13.83625730994152,4.208128654970761,0.8245614035087719,2,0,1,24306,Low,Long,Good,1,2,High,4.208128654970761,58.22475086351356,0.8245614035087719,16.0,0.78,15.0,11.7,15.0,0.78,51.0,39.78,51.0,39.78,78.0,60.84,0.06666666666666665,0.06666666666666687,1,1.2246467991473532e-16,-1.0,0.45454545454545453,0,0,0,0,0,0,0,1,0,0,0,0,0,0,1,0,1,0,0,0,1,0,0,1,16,12.48
CR00028,2025,7,July,2025-07,16,12.48,16,0.78,Deep Learning,Machine Learning,Paid,Advanced,0.78,44.96,3.89,21,13.83625730994152,4.208128654970761,0.8245614035087719,3,1,0,24307,Low,Long,Good,1,2,High,4.208128654970761,58.22475086351356,0.8245614035087719,16.0,0.78,16.0,12.48,16.0,0.78,47.0,36.66,47.0,36.66,94.0,73.32,0.0,0.0,1,-0.4999999999999997,-0.8660254037844388,0.5454545454545454,0,0,0,0,0,0,0,1,0,0,0,0,0,0,1,0,1,0,0,0,1,0,0,1,16,12.48
CR00028,2025,8,August,2025-08,15,11.7,15,0.78,Deep Learning,Machine Learning,Paid,Advanced,0.78,44.96,3.89,21,13.83625730994152,4.208128654970761,0.8245614035087719,3,0,0,24308,Low,Long,Good,1,2,High,4.208128654970761,58.22475086351356,0.8245614035087719,14.999999999999998,0.7799999999999999,16.0,12.48,16.0,0.78,47.0,36.66,47.0,36.66,93.0,72.54,-0.0625,-0.06250000000000011,1,-0.8660254037844385,-0.5000000000000004,0.6363636363636364,0,0,0,0,0,0,0,1,0,0,0,0,0,0,1,0,1,0,0,0,1,0,0,1,15,11.7
CR00028,2025,9,September,2025-09,16,12.48,16,0.78,Deep Learning,Machine Learning,Paid,Advanced,0.78,44.96,3.89,21,13.83625730994152,4.208128654970761,0.8245614035087719,3,0,1,24309,Low,Long,Good,1,2,High,4.208128654970761,58.22475086351356,0.8245614035087719,16.0,0.78,15.0,11.7,15.0,0.78,47.0,36.66,47.0,36.66,98.0,76.44,0.06666666666666665,0.06666666666666687,1,-1.0,-1.8369701987210297e-16,0.7272727272727273,0,0,0,0,0,0,0,1,0,0,0,0,0,0,1,0,1,0,0,0,1,0,0,1,16,12.48
CR00028,2025,10,October,2025-10,10,7.800000000000001,10,0.78,Deep Learning,Machine Learning,Paid,Advanced,0.78,44.96,3.89,21,13.83625730994152,4.208128654970761,0.8245614035087719,4,1,0,24310,Low,Long,Good,1,2,High,4.208128654970761,58.22475086351356,0.8245614035087719,10.0,0.78,16.0,12.48,16.0,0.78,47.0,36.66,47.0,36.66,94.0,73.32,-0.375,-0.375,1,-0.8660254037844386,0.5000000000000001,0.8181818181818182,0,0,0,0,0,0,0,1,0,0,0,0,0,0,1,0,1,0,0,0,1,0,0,1,10,7.800000000000001
CR00028,2025,11,November,2025-11,9,7.0200000000000005,9,0.78,Deep Learning,Machine Learning,Paid,Advanced,0.78,44.96,3.89,21,13.83625730994152,4.208128654970761,0.8245614035087719,4,0,0,24311,Low,Long,Good,1,2,High,4.208128654970761,58.22475086351356,0.8245614035087719,9.0,0.78,10.0,7.800000000000001,10.0,0.78,41.0,31.98,41.0,31.98,88.0,68.64,-0.09999999999999998,-0.09999999999999998,1,-0.5000000000000004,0.8660254037844384,0.9090909090909091,0,0,0,0,0,0,0,1,0,0,0,0,0,0,1,0,1,0,0,0,1,0,0,1,9,7.0200000000000005
CR00028,2025,12,December,2025-12,11,8.58,11,0.78,Deep Learning,Machine Learning,Paid,Advanced,0.78,44.96,3.89,21,13.83625730994152,4.208128654970761,0.8245614035087719,4,0,1,24312,Low,Long,Good,1,2,High,4.208128654970761,58.22475086351356,0.8245614035087719,11.0,0.78,9.0,7.0200000000000005,9.0,0.78,35.0,27.3,35.0,27.3,82.0,63.96,0.22222222222222232,0.2222222222222221,1,-2.4492935982947064e-16,1.0,1.0,0,0,0,0,0,0,0,1,0,0,0,0,0,0,1,0,1,0,0,0,1,0,0,1,11,8.58
CR00029,2025,1,January,2025-01,14,0.0,14,0.0,Natural Language Processing,Machine Learning,Free,Beginner,0.0,16.33,1.13,20,14.36774193548387,4.360129032258064,0.8774193548387097,1,1,0,24301,Free,Medium,Low,0,0,High,4.360129032258064,62.645208740894894,0.8774193548387097,0.0,0.0,0.0,0.0,0.0,0.0,0.0,0.0,0.0,0.0,0.0,0.0,0.0,0.0,0,0.49999999999999994,0.8660254037844387,0.0,0,0,0,0,0,0,0,1,0,0,0,0,1,0,0,0,0,1,0,0,0,1,0,1,14,0.0
CR00029,2025,2,February,2025-02,9,0.0,9,0.0,Natural Language Processing,Machine Learning,Free,Beginner,0.0,16.33,1.13,20,14.36774193548387,4.360129032258064,0.8774193548387097,1,0,0,24302,Free,Medium,Low,0,0,High,4.360129032258064,62.645208740894894,0.8774193548387097,0.0,0.0,14.0,0.0,14.0,0.0,14.0,0.0,14.0,0.0,14.0,0.0,-0.3571428571428571,0.0,1,0.8660254037844386,0.5000000000000001,0.09090909090909091,0,0,0,0,0,0,0,1,0,0,0,0,1,0,0,0,0,1,0,0,0,1,0,1,9,0.0
CR00029,2025,3,March,2025-03,11,0.0,11,0.0,Natural Language Processing,Machine Learning,Free,Beginner,0.0,16.33,1.13,20,14.36774193548387,4.360129032258064,0.8774193548387097,1,0,1,24303,Free,Medium,Low,0,0,High,4.360129032258064,62.645208740894894,0.8774193548387097,0.0,0.0,9.0,0.0,9.0,0.0,23.0,0.0,23.0,0.0,23.0,0.0,0.22222222222222232,0.0,1,1.0,6.123233995736766e-17,0.18181818181818182,0,0,0,0,0,0,0,1,0,0,0,0,1,0,0,0,0,1,0,0,0,1,0,1,11,0.0
CR00029,2025,4,April,2025-04,15,0.0,15,0.0,Natural Language Processing,Machine Learning,Free,Beginner,0.0,16.33,1.13,20,14.36774193548387,4.360129032258064,0.8774193548387097,2,1,0,24304,Free,Medium,Low,0,0,High,4.360129032258064,62.645208740894894,0.8774193548387097,0.0,0.0,11.0,0.0,11.0,0.0,34.0,0.0,34.0,0.0,34.0,0.0,0.36363636363636354,0.0,1,0.8660254037844387,-0.4999999999999998,0.2727272727272727,0,0,0,0,0,0,0,1,0,0,0,0,1,0,0,0,0,1,0,0,0,1,0,1,15,0.0
CR00029,2025,5,May,2025-05,15,0.0,15,0.0,Natural Language Processing,Machine Learning,Free,Beginner,0.0,16.33,1.13,20,14.36774193548387,4.360129032258064,0.8774193548387097,2,0,0,24305,Free,Medium,Low,0,0,High,4.360129032258064,62.645208740894894,0.8774193548387097,0.0,0.0,15.0,0.0,15.0,0.0,35.0,0.0,35.0,0.0,49.0,0.0,0.0,0.0,1,0.49999999999999994,-0.8660254037844387,0.36363636363636365,0,0,0,0,0,0,0,1,0,0,0,0,1,0,0,0,0,1,0,0,0,1,0,1,15,0.0
CR00029,2025,6,June,2025-06,16,0.0,16,0.0,Natural Language Processing,Machine Learning,Free,Beginner,0.0,16.33,1.13,20,14.36774193548387,4.360129032258064,0.8774193548387097,2,0,1,24306,Free,Medium,Low,0,0,High,4.360129032258064,62.645208740894894,0.8774193548387097,0.0,0.0,15.0,0.0,15.0,0.0,41.0,0.0,41.0,0.0,64.0,0.0,0.06666666666666665,0.0,1,1.2246467991473532e-16,-1.0,0.45454545454545453,0,0,0,0,0,0,0,1,0,0,0,0,1,0,0,0,0,1,0,0,0,1,0,1,16,0.0
CR00029,2025,7,July,2025-07,9,0.0,9,0.0,Natural Language Processing,Machine Learning,Free,Beginner,0.0,16.33,1.13,20,14.36774193548387,4.360129032258064,0.8774193548387097,3,1,0,24307,Free,Medium,Low,0,0,High,4.360129032258064,62.645208740894894,0.8774193548387097,0.0,0.0,16.0,0.0,16.0,0.0,46.0,0.0,46.0,0.0,80.0,0.0,-0.4375,0.0,1,-0.4999999999999997,-0.8660254037844388,0.5454545454545454,0,0,0,0,0,0,0,1,0,0,0,0,1,0,0,0,0,1,0,0,0,1,0,1,9,0.0
CR00029,2025,8,August,2025-08,13,0.0,13,0.0,Natural Language Processing,Machine Learning,Free,Beginner,0.0,16.33,1.13,20,14.36774193548387,4.360129032258064,0.8774193548387097,3,0,0,24308,Free,Medium,Low,0,0,High,4.360129032258064,62.645208740894894,0.8774193548387097,0.0,0.0,9.0,0.0,9.0,0.0,40.0,0.0,40.0,0.0,75.0,0.0,0.4444444444444444,0.0,1,-0.8660254037844385,-0.5000000000000004,0.6363636363636364,0,0,0,0,0,0,0,1,0,0,0,0,1,0,0,0,0,1,0,0,0,1,0,1,13,0.0
CR00029,2025,9,September,2025-09,21,0.0,21,0.0,Natural Language Processing,Machine Learning,Free,Beginner,0.0,16.33,1.13,20,14.36774193548387,4.360129032258064,0.8774193548387097,3,0,1,24309,Free,Medium,Low,0,0,High,4.360129032258064,62.645208740894894,0.8774193548387097,0.0,0.0,13.0,0.0,13.0,0.0,38.0,0.0,38.0,0.0,79.0,0.0,0.6153846153846154,0.0,1,-1.0,-1.8369701987210297e-16,0.7272727272727273,0,0,0,0,0,0,0,1,0,0,0,0,1,0,0,0,0,1,0,0,0,1,0,1,21,0.0
CR00029,2025,10,October,2025-10,14,0.0,14,0.0,Natural Language Processing,Machine Learning,Free,Beginner,0.0,16.33,1.13,20,14.36774193548387,4.360129032258064,0.8774193548387097,4,1,0,24310,Free,Medium,Low,0,0,High,4.360129032258064,62.645208740894894,0.8774193548387097,0.0,0.0,21.0,0.0,21.0,0.0,43.0,0.0,43.0,0.0,89.0,0.0,-0.33333333333333337,0.0,1,-0.8660254037844386,0.5000000000000001,0.8181818181818182,0,0,0,0,0,0,0,1,0,0,0,0,1,0,0,0,0,1,0,0,0,1,0,1,14,0.0
CR00029,2025,11,November,2025-11,8,0.0,8,0.0,Natural Language Processing,Machine Learning,Free,Beginner,0.0,16.33,1.13,20,14.36774193548387,4.360129032258064,0.8774193548387097,4,0,0,24311,Free,Medium,Low,0,0,High,4.360129032258064,62.645208740894894,0.8774193548387097,0.0,0.0,14.0,0.0,14.0,0.0,48.0,0.0,48.0,0.0,88.0,0.0,-0.4285714285714286,0.0,1,-0.5000000000000004,0.8660254037844384,0.9090909090909091,0,0,0,0,0,0,0,1,0,0,0,0,1,0,0,0,0,1,0,0,0,1,0,1,8,0.0
CR00029,2025,12,December,2025-12,10,0.0,10,0.0,Natural Language Processing,Machine Learning,Free,Beginner,0.0,16.33,1.13,20,14.36774193548387,4.360129032258064,0.8774193548387097,4,0,1,24312,Free,Medium,Low,0,0,High,4.360129032258064,62.645208740894894,0.8774193548387097,0.0,0.0,8.0,0.0,8.0,0.0,43.0,0.0,43.0,0.0,81.0,0.0,0.25,0.0,1,-2.4492935982947064e-16,1.0,1.0,0,0,0,0,0,0,0,1,0,0,0,0,1,0,0,0,0,1,0,0,0,1,0,1,10,0.0
CR00030,2025,1,January,2025-01,12,0.0,12,0.0,Reinforcement Learning,Machine Learning,Free,Intermediate,0.0,38.49,1.73,21,14.91715976331361,4.302426035502958,0.8461538461538461,1,1,0,24301,Free,Long,Low,0,1,High,4.302426035502958,64.17997654143763,0.8461538461538461,0.0,0.0,0.0,0.0,0.0,0.0,0.0,0.0,0.0,0.0,0.0,0.0,0.0,0.0,0,0.49999999999999994,0.8660254037844387,0.0,0,0,0,0,0,0,0,1,0,0,0,0,1,0,0,0,1,0,0,0,0,1,0,1,12,0.0
CR00030,2025,2,February,2025-02,9,0.0,9,0.0,Reinforcement Learning,Machine Learning,Free,Intermediate,0.0,38.49,1.73,21,14.91715976331361,4.302426035502958,0.8461538461538461,1,0,0,24302,Free,Long,Low,0,1,High,4.302426035502958,64.17997654143763,0.8461538461538461,0.0,0.0,12.0,0.0,12.0,0.0,12.0,0.0,12.0,0.0,12.0,0.0,-0.25,0.0,1,0.8660254037844386,0.5000000000000001,0.09090909090909091,0,0,0,0,0,0,0,1,0,0,0,0,1,0,0,0,1,0,0,0,0,1,0,1,9,0.0
CR00030,2025,3,March,2025-03,12,0.0,12,0.0,Reinforcement Learning,Machine Learning,Free,Intermediate,0.0,38.49,1.73,21,14.91715976331361,4.302426035502958,0.8461538461538461,1,0,1,24303,Free,Long,Low,0,1,High,4.302426035502958,64.17997654143763,0.8461538461538461,0.0,0.0,9.0,0.0,9.0,0.0,21.0,0.0,21.0,0.0,21.0,0.0,0.33333333333333326,0.0,1,1.0,6.123233995736766e-17,0.18181818181818182,0,0,0,0,0,0,0,1,0,0,0,0,1,0,0,0,1,0,0,0,0,1,0,1,12,0.0
CR00030,2025,4,April,2025-04,13,0.0,13,0.0,Reinforcement Learning,Machine Learning,Free,Intermediate,0.0,38.49,1.73,21,14.91715976331361,4.302426035502958,0.8461538461538461,2,1,0,24304,Free,Long,Low,0,1,High,4.302426035502958,64.17997654143763,0.8461538461538461,0.0,0.0,12.0,0.0,12.0,0.0,33.0,0.0,33.0,0.0,33.0,0.0,0.08333333333333326,0.0,1,0.8660254037844387,-0.4999999999999998,0.2727272727272727,0,0,0,0,0,0,0,1,0,0,0,0,1,0,0,0,1,0,0,0,0,1,0,1,13,0.0
CR00030,2025,5,May,2025-05,12,0.0,12,0.0,Reinforcement Learning,Machine Learning,Free,Intermediate,0.0,38.49,1.73,21,14.91715976331361,4.302426035502958,0.8461538461538461,2,0,0,24305,Free,Long,Low,0,1,High,4.302426035502958,64.17997654143763,0.8461538461538461,0.0,0.0,13.0,0.0,13.0,0.0,34.0,0.0,34.0,0.0,46.0,0.0,-0.07692307692307687,0.0,1,0.49999999999999994,-0.8660254037844387,0.36363636363636365,0,0,0,0,0,0,0,1,0,0,0,0,1,0,0,0,1,0,0,0,0,1,0,1,12,0.0
CR00030,2025,6,June,2025-06,15,0.0,15,0.0,Reinforcement Learning,Machine Learning,Free,Intermediate,0.0,38.49,1.73,21,14.91715976331361,4.302426035502958,0.8461538461538461,2,0,1,24306,Free,Long,Low,0,1,High,4.302426035502958,64.17997654143763,0.8461538461538461,0.0,0.0,12.0,0.0,12.0,0.0,37.0,0.0,37.0,0.0,58.0,0.0,0.25,0.0,1,1.2246467991473532e-16,-1.0,0.45454545454545453,0,0,0,0,0,0,0,1,0,0,0,0,1,0,0,0,1,0,0,0,0,1,0,1,15,0.0
CR00030,2025,7,July,2025-07,10,0.0,10,0.0,Reinforcement Learning,Machine Learning,Free,Intermediate,0.0,38.49,1.73,21,14.91715976331361,4.302426035502958,0.8461538461538461,3,1,0,24307,Free,Long,Low,0,1,High,4.302426035502958,64.17997654143763,0.8461538461538461,0.0,0.0,15.0,0.0,15.0,0.0,40.0,0.0,40.0,0.0,73.0,0.0,-0.33333333333333337,0.0,1,-0.4999999999999997,-0.8660254037844388,0.5454545454545454,0,0,0,0,0,0,0,1,0,0,0,0,1,0,0,0,1,0,0,0,0,1,0,1,10,0.0
CR00030,2025,8,August,2025-08,16,0.0,16,0.0,Reinforcement Learning,Machine Learning,Free,Intermediate,0.0,38.49,1.73,21,14.91715976331361,4.302426035502958,0.8461538461538461,3,0,0,24308,Free,Long,Low,0,1,High,4.302426035502958,64.17997654143763,0.8461538461538461,0.0,0.0,10.0,0.0,10.0,0.0,37.0,0.0,37.0,0.0,71.0,0.0,0.6000000000000001,0.0,1,-0.8660254037844385,-0.5000000000000004,0.6363636363636364,0,0,0,0,0,0,0,1,0,0,0,0,1,0,0,0,1,0,0,0,0,1,0,1,16,0.0
CR00030,2025,9,September,2025-09,20,0.0,20,0.0,Reinforcement Learning,Machine Learning,Free,Intermediate,0.0,38.49,1.73,21,14.91715976331361,4.302426035502958,0.8461538461538461,3,0,1,24309,Free,Long,Low,0,1,High,4.302426035502958,64.17997654143763,0.8461538461538461,0.0,0.0,16.0,0.0,16.0,0.0,41.0,0.0,41.0,0.0,78.0,0.0,0.25,0.0,1,-1.0,-1.8369701987210297e-16,0.7272727272727273,0,0,0,0,0,0,0,1,0,0,0,0,1,0,0,0,1,0,0,0,0,1,0,1,20,0.0
CR00030,2025,10,October,2025-10,12,0.0,12,0.0,Reinforcement Learning,Machine Learning,Free,Intermediate,0.0,38.49,1.73,21,14.91715976331361,4.302426035502958,0.8461538461538461,4,1,0,24310,Free,Long,Low,0,1,High,4.302426035502958,64.17997654143763,0.8461538461538461,0.0,0.0,20.0,0.0,20.0,0.0,46.0,0.0,46.0,0.0,86.0,0.0,-0.4,0.0,1,-0.8660254037844386,0.5000000000000001,0.8181818181818182,0,0,0,0,0,0,0,1,0,0,0,0,1,0,0,0,1,0,0,0,0,1,0,1,12,0.0
CR00030,2025,11,November,2025-11,14,0.0,14,0.0,Reinforcement Learning,Machine Learning,Free,Intermediate,0.0,38.49,1.73,21,14.91715976331361,4.302426035502958,0.8461538461538461,4,0,0,24311,Free,Long,Low,0,1,High,4.302426035502958,64.17997654143763,0.8461538461538461,0.0,0.0,12.0,0.0,12.0,0.0,48.0,0.0,48.0,0.0,85.0,0.0,0.16666666666666674,0.0,1,-0.5000000000000004,0.8660254037844384,0.9090909090909091,0,0,0,0,0,0,0,1,0,0,0,0,1,0,0,0,1,0,0,0,0,1,0,1,14,0.0
CR00030,2025,12,December,2025-12,24,0.0,24,0.0,Reinforcement Learning,Machine Learning,Free,Intermediate,0.0,38.49,1.73,21,14.91715976331361,4.302426035502958,0.8461538461538461,4,0,1,24312,Free,Long,Low,0,1,High,4.302426035502958,64.17997654143763,0.8461538461538461,0.0,0.0,14.0,0.0,14.0,0.0,46.0,0.0,46.0,0.0,87.0,0.0,0.7142857142857142,0.0,1,-2.4492935982947064e-16,1.0,1.0,0,0,0,0,0,0,0,1,0,0,0,0,1,0,0,0,1,0,0,0,0,1,0,1,24,0.0
CR00031,2025,1,January,2025-01,10,0.0,10,0.0,Network Security,Cybersecurity,Free,Intermediate,0.0,26.52,1.91,9,15.33125,3.7743125,1.0,1,1,0,24301,Free,Medium,Low,0,1,High,3.7743125,57.864928515625,1.0,0.0,0.0,0.0,0.0,0.0,0.0,0.0,0.0,0.0,0.0,0.0,0.0,0.0,0.0,0,0.49999999999999994,0.8660254037844387,0.0,0,0,1,0,0,0,0,0,0,0,0,0,1,0,0,0,0,1,0,0,0,1,0,1,10,0.0
CR00031,2025,2,February,2025-02,12,0.0,12,0.0,Network Security,Cybersecurity,Free,Intermediate,0.0,26.52,1.91,9,15.33125,3.7743125,1.0,1,0,0,24302,Free,Medium,Low,0,1,High,3.7743125,57.864928515625,1.0,0.0,0.0,10.0,0.0,10.0,0.0,10.0,0.0,10.0,0.0,10.0,0.0,0.19999999999999996,0.0,1,0.8660254037844386,0.5000000000000001,0.09090909090909091,0,0,1,0,0,0,0,0,0,0,0,0,1,0,0,0,0,1,0,0,0,1,0,1,12,0.0
CR00031,2025,3,March,2025-03,9,0.0,9,0.0,Network Security,Cybersecurity,Free,Intermediate,0.0,26.52,1.91,9,15.33125,3.7743125,1.0,1,0,1,24303,Free,Medium,Low,0,1,High,3.7743125,57.864928515625,1.0,0.0,0.0,12.0,0.0,12.0,0.0,22.0,0.0,22.0,0.0,22.0,0.0,-0.25,0.0,1,1.0,6.123233995736766e-17,0.18181818181818182,0,0,1,0,0,0,0,0,0,0,0,0,1,0,0,0,0,1,0,0,0,1,0,1,9,0.0
CR00031,2025,4,April,2025-04,10,0.0,10,0.0,Network Security,Cybersecurity,Free,Intermediate,0.0,26.52,1.91,9,15.33125,3.7743125,1.0,2,1,0,24304,Free,Medium,Low,0,1,High,3.7743125,57.864928515625,1.0,0.0,0.0,9.0,0.0,9.0,0.0,31.0,0.0,31.0,0.0,31.0,0.0,0.11111111111111116,0.0,1,0.8660254037844387,-0.4999999999999998,0.2727272727272727,0,0,1,0,0,0,0,0,0,0,0,0,1,0,0,0,0,1,0,0,0,1,0,1,10,0.0
CR00031,2025,5,May,2025-05,13,0.0,13,0.0,Network Security,Cybersecurity,Free,Intermediate,0.0,26.52,1.91,9,15.33125,3.7743125,1.0,2,0,0,24305,Free,Medium,Low,0,1,High,3.7743125,57.864928515625,1.0,0.0,0.0,10.0,0.0,10.0,0.0,31.0,0.0,31.0,0.0,41.0,0.0,0.30000000000000004,0.0,1,0.49999999999999994,-0.8660254037844387,0.36363636363636365,0,0,1,0,0,0,0,0,0,0,0,0,1,0,0,0,0,1,0,0,0,1,0,1,13,0.0
CR00031,2025,6,June,2025-06,17,0.0,17,0.0,Network Security,Cybersecurity,Free,Intermediate,0.0,26.52,1.91,9,15.33125,3.7743125,1.0,2,0,1,24306,Free,Medium,Low,0,1,High,3.7743125,57.864928515625,1.0,0.0,0.0,13.0,0.0,13.0,0.0,32.0,0.0,32.0,0.0,54.0,0.0,0.3076923076923077,0.0,1,1.2246467991473532e-16,-1.0,0.45454545454545453,0,0,1,0,0,0,0,0,0,0,0,0,1,0,0,0,0,1,0,0,0,1,0,1,17,0.0
CR00031,2025,7,July,2025-07,18,0.0,18,0.0,Network Security,Cybersecurity,Free,Intermediate,0.0,26.52,1.91,9,15.33125,3.7743125,1.0,3,1,0,24307,Free,Medium,Low,0,1,High,3.7743125,57.864928515625,1.0,0.0,0.0,17.0,0.0,17.0,0.0,40.0,0.0,40.0,0.0,71.0,0.0,0.05882352941176472,0.0,1,-0.4999999999999997,-0.8660254037844388,0.5454545454545454,0,0,1,0,0,0,0,0,0,0,0,0,1,0,0,0,0,1,0,0,0,1,0,1,18,0.0
CR00031,2025,8,August,2025-08,14,0.0,14,0.0,Network Security,Cybersecurity,Free,Intermediate,0.0,26.52,1.91,9,15.33125,3.7743125,1.0,3,0,0,24308,Free,Medium,Low,0,1,High,3.7743125,57.864928515625,1.0,0.0,0.0,18.0,0.0,18.0,0.0,48.0,0.0,48.0,0.0,79.0,0.0,-0.2222222222222222,0.0,1,-0.8660254037844385,-0.5000000000000004,0.6363636363636364,0,0,1,0,0,0,0,0,0,0,0,0,1,0,0,0,0,1,0,0,0,1,0,1,14,0.0
CR00031,2025,9,September,2025-09,15,0.0,15,0.0,Network Security,Cybersecurity,Free,Intermediate,0.0,26.52,1.91,9,15.33125,3.7743125,1.0,3,0,1,24309,Free,Medium,Low,0,1,High,3.7743125,57.864928515625,1.0,0.0,0.0,14.0,0.0,14.0,0.0,49.0,0.0,49.0,0.0,81.0,0.0,0.0714285714285714,0.0,1,-1.0,-1.8369701987210297e-16,0.7272727272727273,0,0,1,0,0,0,0,0,0,0,0,0,1,0,0,0,0,1,0,0,0,1,0,1,15,0.0
CR00031,2025,10,October,2025-10,17,0.0,17,0.0,Network Security,Cybersecurity,Free,Intermediate,0.0,26.52,1.91,9,15.33125,3.7743125,1.0,4,1,0,24310,Free,Medium,Low,0,1,High,3.7743125,57.864928515625,1.0,0.0,0.0,15.0,0.0,15.0,0.0,47.0,0.0,47.0,0.0,87.0,0.0,0.1333333333333333,0.0,1,-0.8660254037844386,0.5000000000000001,0.8181818181818182,0,0,1,0,0,0,0,0,0,0,0,0,1,0,0,0,0,1,0,0,0,1,0,1,17,0.0
CR00031,2025,11,November,2025-11,13,0.0,13,0.0,Network Security,Cybersecurity,Free,Intermediate,0.0,26.52,1.91,9,15.33125,3.7743125,1.0,4,0,0,24311,Free,Medium,Low,0,1,High,3.7743125,57.864928515625,1.0,0.0,0.0,17.0,0.0,17.0,0.0,46.0,0.0,46.0,0.0,94.0,0.0,-0.23529411764705888,0.0,1,-0.5000000000000004,0.8660254037844384,0.9090909090909091,0,0,1,0,0,0,0,0,0,0,0,0,1,0,0,0,0,1,0,0,0,1,0,1,13,0.0
CR00031,2025,12,December,2025-12,12,0.0,12,0.0,Network Security,Cybersecurity,Free,Intermediate,0.0,26.52,1.91,9,15.33125,3.7743125,1.0,4,0,1,24312,Free,Medium,Low,0,1,High,3.7743125,57.864928515625,1.0,0.0,0.0,13.0,0.0,13.0,0.0,45.0,0.0,45.0,0.0,94.0,0.0,-0.07692307692307687,0.0,1,-2.4492935982947064e-16,1.0,1.0,0,0,1,0,0,0,0,0,0,0,0,0,1,0,0,0,0,1,0,0,0,1,0,1,12,0.0
CR00032,2025,1,January,2025-01,12,0.0,12,0.0,Ethical Hacking,Cybersecurity,Free,Advanced,0.0,16.74,2.38,9,15.88957055214724,3.8412883435582814,1.0,1,1,0,24301,Free,Medium,Medium,0,2,High,3.8412883435582814,61.03642214611012,1.0,0.0,0.0,0.0,0.0,0.0,0.0,0.0,0.0,0.0,0.0,0.0,0.0,0.0,0.0,0,0.49999999999999994,0.8660254037844387,0.0,0,0,1,0,0,0,0,0,0,0,0,0,1,0,0,0,0,1,0,0,0,0,1,1,12,0.0
CR00032,2025,2,February,2025-02,10,0.0,10,0.0,Ethical Hacking,Cybersecurity,Free,Advanced,0.0,16.74,2.38,9,15.88957055214724,3.8412883435582814,1.0,1,0,0,24302,Free,Medium,Medium,0,2,High,3.8412883435582814,61.03642214611012,1.0,0.0,0.0,12.0,0.0,12.0,0.0,12.0,0.0,12.0,0.0,12.0,0.0,-0.16666666666666663,0.0,1,0.8660254037844386,0.5000000000000001,0.09090909090909091,0,0,1,0,0,0,0,0,0,0,0,0,1,0,0,0,0,1,0,0,0,0,1,1,10,0.0
CR00032,2025,3,March,2025-03,13,0.0,13,0.0,Ethical Hacking,Cybersecurity,Free,Advanced,0.0,16.74,2.38,9,15.88957055214724,3.8412883435582814,1.0,1,0,1,24303,Free,Medium,Medium,0,2,High,3.8412883435582814,61.03642214611012,1.0,0.0,0.0,10.0,0.0,10.0,0.0,22.0,0.0,22.0,0.0,22.0,0.0,0.30000000000000004,0.0,1,1.0,6.123233995736766e-17,0.18181818181818182,0,0,1,0,0,0,0,0,0,0,0,0,1,0,0,0,0,1,0,0,0,0,1,1,13,0.0
CR00032,2025,4,April,2025-04,19,0.0,19,0.0,Ethical Hacking,Cybersecurity,Free,Advanced,0.0,16.74,2.38,9,15.88957055214724,3.8412883435582814,1.0,2,1,0,24304,Free,Medium,Medium,0,2,High,3.8412883435582814,61.03642214611012,1.0,0.0,0.0,13.0,0.0,13.0,0.0,35.0,0.0,35.0,0.0,35.0,0.0,0.46153846153846145,0.0,1,0.8660254037844387,-0.4999999999999998,0.2727272727272727,0,0,1,0,0,0,0,0,0,0,0,0,1,0,0,0,0,1,0,0,0,0,1,1,19,0.0
CR00032,2025,5,May,2025-05,11,0.0,11,0.0,Ethical Hacking,Cybersecurity,Free,Advanced,0.0,16.74,2.38,9,15.88957055214724,3.8412883435582814,1.0,2,0,0,24305,Free,Medium,Medium,0,2,High,3.8412883435582814,61.03642214611012,1.0,0.0,0.0,19.0,0.0,19.0,0.0,42.0,0.0,42.0,0.0,54.0,0.0,-0.42105263157894735,0.0,1,0.49999999999999994,-0.8660254037844387,0.36363636363636365,0,0,1,0,0,0,0,0,0,0,0,0,1,0,0,0,0,1,0,0,0,0,1,1,11,0.0
CR00032,2025,6,June,2025-06,15,0.0,15,0.0,Ethical Hacking,Cybersecurity,Free,Advanced,0.0,16.74,2.38,9,15.88957055214724,3.8412883435582814,1.0,2,0,1,24306,Free,Medium,Medium,0,2,High,3.8412883435582814,61.03642214611012,1.0,0.0,0.0,11.0,0.0,11.0,0.0,43.0,0.0,43.0,0.0,65.0,0.0,0.36363636363636354,0.0,1,1.2246467991473532e-16,-1.0,0.45454545454545453,0,0,1,0,0,0,0,0,0,0,0,0,1,0,0,0,0,1,0,0,0,0,1,1,15,0.0
CR00032,2025,7,July,2025-07,15,0.0,15,0.0,Ethical Hacking,Cybersecurity,Free,Advanced,0.0,16.74,2.38,9,15.88957055214724,3.8412883435582814,1.0,3,1,0,24307,Free,Medium,Medium,0,2,High,3.8412883435582814,61.03642214611012,1.0,0.0,0.0,15.0,0.0,15.0,0.0,45.0,0.0,45.0,0.0,80.0,0.0,0.0,0.0,1,-0.4999999999999997,-0.8660254037844388,0.5454545454545454,0,0,1,0,0,0,0,0,0,0,0,0,1,0,0,0,0,1,0,0,0,0,1,1,15,0.0
CR00032,2025,8,August,2025-08,15,0.0,15,0.0,Ethical Hacking,Cybersecurity,Free,Advanced,0.0,16.74,2.38,9,15.88957055214724,3.8412883435582814,1.0,3,0,0,24308,Free,Medium,Medium,0,2,High,3.8412883435582814,61.03642214611012,1.0,0.0,0.0,15.0,0.0,15.0,0.0,41.0,0.0,41.0,0.0,83.0,0.0,0.0,0.0,1,-0.8660254037844385,-0.5000000000000004,0.6363636363636364,0,0,1,0,0,0,0,0,0,0,0,0,1,0,0,0,0,1,0,0,0,0,1,1,15,0.0
CR00032,2025,9,September,2025-09,10,0.0,10,0.0,Ethical Hacking,Cybersecurity,Free,Advanced,0.0,16.74,2.38,9,15.88957055214724,3.8412883435582814,1.0,3,0,1,24309,Free,Medium,Medium,0,2,High,3.8412883435582814,61.03642214611012,1.0,0.0,0.0,15.0,0.0,15.0,0.0,45.0,0.0,45.0,0.0,88.0,0.0,-0.33333333333333337,0.0,1,-1.0,-1.8369701987210297e-16,0.7272727272727273,0,0,1,0,0,0,0,0,0,0,0,0,1,0,0,0,0,1,0,0,0,0,1,1,10,0.0
CR00032,2025,10,October,2025-10,16,0.0,16,0.0,Ethical Hacking,Cybersecurity,Free,Advanced,0.0,16.74,2.38,9,15.88957055214724,3.8412883435582814,1.0,4,1,0,24310,Free,Medium,Medium,0,2,High,3.8412883435582814,61.03642214611012,1.0,0.0,0.0,10.0,0.0,10.0,0.0,40.0,0.0,40.0,0.0,85.0,0.0,0.6000000000000001,0.0,1,-0.8660254037844386,0.5000000000000001,0.8181818181818182,0,0,1,0,0,0,0,0,0,0,0,0,1,0,0,0,0,1,0,0,0,0,1,1,16,0.0
CR00032,2025,11,November,2025-11,12,0.0,12,0.0,Ethical Hacking,Cybersecurity,Free,Advanced,0.0,16.74,2.38,9,15.88957055214724,3.8412883435582814,1.0,4,0,0,24311,Free,Medium,Medium,0,2,High,3.8412883435582814,61.03642214611012,1.0,0.0,0.0,16.0,0.0,16.0,0.0,41.0,0.0,41.0,0.0,82.0,0.0,-0.25,0.0,1,-0.5000000000000004,0.8660254037844384,0.9090909090909091,0,0,1,0,0,0,0,0,0,0,0,0,1,0,0,0,0,1,0,0,0,0,1,1,12,0.0
CR00032,2025,12,December,2025-12,15,0.0,15,0.0,Ethical Hacking,Cybersecurity,Free,Advanced,0.0,16.74,2.38,9,15.88957055214724,3.8412883435582814,1.0,4,0,1,24312,Free,Medium,Medium,0,2,High,3.8412883435582814,61.03642214611012,1.0,0.0,0.0,12.0,0.0,12.0,0.0,38.0,0.0,38.0,0.0,83.0,0.0,0.25,0.0,1,-2.4492935982947064e-16,1.0,1.0,0,0,1,0,0,0,0,0,0,0,0,0,1,0,0,0,0,1,0,0,0,0,1,1,15,0.0
CR00033,2025,1,January,2025-01,12,0.0,12,0.0,Cybersecurity Fundamentals,Cybersecurity,Free,Intermediate,0.0,48.25,3.93,9,15.766467065868264,3.814790419161677,1.0,1,1,0,24301,Free,Long,Good,0,1,High,3.814790419161677,60.14576750690237,1.0,0.0,0.0,0.0,0.0,0.0,0.0,0.0,0.0,0.0,0.0,0.0,0.0,0.0,0.0,0,0.49999999999999994,0.8660254037844387,0.0,0,0,1,0,0,0,0,0,0,0,0,0,1,0,0,0,1,0,0,0,1,0,0,1,12,0.0
CR00033,2025,2,February,2025-02,17,0.0,17,0.0,Cybersecurity Fundamentals,Cybersecurity,Free,Intermediate,0.0,48.25,3.93,9,15.766467065868264,3.814790419161677,1.0,1,0,0,24302,Free,Long,Good,0,1,High,3.814790419161677,60.14576750690237,1.0,0.0,0.0,12.0,0.0,12.0,0.0,12.0,0.0,12.0,0.0,12.0,0.0,0.41666666666666674,0.0,1,0.8660254037844386,0.5000000000000001,0.09090909090909091,0,0,1,0,0,0,0,0,0,0,0,0,1,0,0,0,1,0,0,0,1,0,0,1,17,0.0
CR00033,2025,3,March,2025-03,12,0.0,12,0.0,Cybersecurity Fundamentals,Cybersecurity,Free,Intermediate,0.0,48.25,3.93,9,15.766467065868264,3.814790419161677,1.0,1,0,1,24303,Free,Long,Good,0,1,High,3.814790419161677,60.14576750690237,1.0,0.0,0.0,17.0,0.0,17.0,0.0,29.0,0.0,29.0,0.0,29.0,0.0,-0.2941176470588235,0.0,1,1.0,6.123233995736766e-17,0.18181818181818182,0,0,1,0,0,0,0,0,0,0,0,0,1,0,0,0,1,0,0,0,1,0,0,1,12,0.0
CR00033,2025,4,April,2025-04,17,0.0,17,0.0,Cybersecurity Fundamentals,Cybersecurity,Free,Intermediate,0.0,48.25,3.93,9,15.766467065868264,3.814790419161677,1.0,2,1,0,24304,Free,Long,Good,0,1,High,3.814790419161677,60.14576750690237,1.0,0.0,0.0,12.0,0.0,12.0,0.0,41.0,0.0,41.0,0.0,41.0,0.0,0.41666666666666674,0.0,1,0.8660254037844387,-0.4999999999999998,0.2727272727272727,0,0,1,0,0,0,0,0,0,0,0,0,1,0,0,0,1,0,0,0,1,0,0,1,17,0.0
CR00033,2025,5,May,2025-05,17,0.0,17,0.0,Cybersecurity Fundamentals,Cybersecurity,Free,Intermediate,0.0,48.25,3.93,9,15.766467065868264,3.814790419161677,1.0,2,0,0,24305,Free,Long,Good,0,1,High,3.814790419161677,60.14576750690237,1.0,0.0,0.0,17.0,0.0,17.0,0.0,46.0,0.0,46.0,0.0,58.0,0.0,0.0,0.0,1,0.49999999999999994,-0.8660254037844387,0.36363636363636365,0,0,1,0,0,0,0,0,0,0,0,0,1,0,0,0,1,0,0,0,1,0,0,1,17,0.0
CR00033,2025,6,June,2025-06,16,0.0,16,0.0,Cybersecurity Fundamentals,Cybersecurity,Free,Intermediate,0.0,48.25,3.93,9,15.766467065868264,3.814790419161677,1.0,2,0,1,24306,Free,Long,Good,0,1,High,3.814790419161677,60.14576750690237,1.0,0.0,0.0,17.0,0.0,17.0,0.0,46.0,0.0,46.0,0.0,75.0,0.0,-0.05882352941176472,0.0,1,1.2246467991473532e-16,-1.0,0.45454545454545453,0,0,1,0,0,0,0,0,0,0,0,0,1,0,0,0,1,0,0,0,1,0,0,1,16,0.0
CR00033,2025,7,July,2025-07,14,0.0,14,0.0,Cybersecurity Fundamentals,Cybersecurity,Free,Intermediate,0.0,48.25,3.93,9,15.766467065868264,3.814790419161677,1.0,3,1,0,24307,Free,Long,Good,0,1,High,3.814790419161677,60.14576750690237,1.0,0.0,0.0,16.0,0.0,16.0,0.0,50.0,0.0,50.0,0.0,91.0,0.0,-0.125,0.0,1,-0.4999999999999997,-0.8660254037844388,0.5454545454545454,0,0,1,0,0,0,0,0,0,0,0,0,1,0,0,0,1,0,0,0,1,0,0,1,14,0.0
CR00033,2025,8,August,2025-08,17,0.0,17,0.0,Cybersecurity Fundamentals,Cybersecurity,Free,Intermediate,0.0,48.25,3.93,9,15.766467065868264,3.814790419161677,1.0,3,0,0,24308,Free,Long,Good,0,1,High,3.814790419161677,60.14576750690237,1.0,0.0,0.0,14.0,0.0,14.0,0.0,47.0,0.0,47.0,0.0,93.0,0.0,0.2142857142857142,0.0,1,-0.8660254037844385,-0.5000000000000004,0.6363636363636364,0,0,1,0,0,0,0,0,0,0,0,0,1,0,0,0,1,0,0,0,1,0,0,1,17,0.0
CR00033,2025,9,September,2025-09,13,0.0,13,0.0,Cybersecurity Fundamentals,Cybersecurity,Free,Intermediate,0.0,48.25,3.93,9,15.766467065868264,3.814790419161677,1.0,3,0,1,24309,Free,Long,Good,0,1,High,3.814790419161677,60.14576750690237,1.0,0.0,0.0,17.0,0.0,17.0,0.0,47.0,0.0,47.0,0.0,93.0,0.0,-0.23529411764705888,0.0,1,-1.0,-1.8369701987210297e-16,0.7272727272727273,0,0,1,0,0,0,0,0,0,0,0,0,1,0,0,0,1,0,0,0,1,0,0,1,13,0.0
CR00033,2025,10,October,2025-10,7,0.0,7,0.0,Cybersecurity Fundamentals,Cybersecurity,Free,Intermediate,0.0,48.25,3.93,9,15.766467065868264,3.814790419161677,1.0,4,1,0,24310,Free,Long,Good,0,1,High,3.814790419161677,60.14576750690237,1.0,0.0,0.0,13.0,0.0,13.0,0.0,44.0,0.0,44.0,0.0,94.0,0.0,-0.46153846153846156,0.0,1,-0.8660254037844386,0.5000000000000001,0.8181818181818182,0,0,1,0,0,0,0,0,0,0,0,0,1,0,0,0,1,0,0,0,1,0,0,1,7,0.0
CR00033,2025,11,November,2025-11,14,0.0,14,0.0,Cybersecurity Fundamentals,Cybersecurity,Free,Intermediate,0.0,48.25,3.93,9,15.766467065868264,3.814790419161677,1.0,4,0,0,24311,Free,Long,Good,0,1,High,3.814790419161677,60.14576750690237,1.0,0.0,0.0,7.0,0.0,7.0,0.0,37.0,0.0,37.0,0.0,84.0,0.0,1.0,0.0,1,-0.5000000000000004,0.8660254037844384,0.9090909090909091,0,0,1,0,0,0,0,0,0,0,0,0,1,0,0,0,1,0,0,0,1,0,0,1,14,0.0
CR00033,2025,12,December,2025-12,11,0.0,11,0.0,Cybersecurity Fundamentals,Cybersecurity,Free,Intermediate,0.0,48.25,3.93,9,15.766467065868264,3.814790419161677,1.0,4,0,1,24312,Free,Long,Good,0,1,High,3.814790419161677,60.14576750690237,1.0,0.0,0.0,14.0,0.0,14.0,0.0,34.0,0.0,34.0,0.0,81.0,0.0,-0.2142857142857143,0.0,1,-2.4492935982947064e-16,1.0,1.0,0,0,1,0,0,0,0,0,0,0,0,0,1,0,0,0,1,0,0,0,1,0,0,1,11,0.0
CR00034,2025,1,January,2025-01,12,4731.12,12,394.26,Data Encryption,Cybersecurity,Paid,Intermediate,394.26,47.44,1.35,9,16.733333333333334,3.943666666666666,1.0,1,1,0,24301,High,Long,Low,1,1,High,3.943666666666666,65.99068888888888,1.0,12.0,394.26,0.0,0.0,0.0,0.0,0.0,0.0,0.0,0.0,0.0,0.0,0.0,0.0,0,0.49999999999999994,0.8660254037844387,0.0,0,0,1,0,0,0,0,0,0,0,0,0,0,1,0,0,1,0,0,0,0,1,0,1,12,4731.12
CR00034,2025,2,February,2025-02,10,3942.6,10,394.26,Data Encryption,Cybersecurity,Paid,Intermediate,394.26,47.44,1.35,9,16.733333333333334,3.943666666666666,1.0,1,0,0,24302,High,Long,Low,1,1,High,3.943666666666666,65.99068888888888,1.0,10.0,394.26,12.0,4731.12,12.0,394.26,12.0,4731.12,12.0,4731.12,12.0,4731.12,-0.16666666666666663,-0.16666666666666663,1,0.8660254037844386,0.5000000000000001,0.09090909090909091,0,0,1,0,0,0,0,0,0,0,0,0,0,1,0,0,1,0,0,0,0,1,0,1,10,3942.6
CR00034,2025,3,March,2025-03,9,3548.34,9,394.26,Data Encryption,Cybersecurity,Paid,Intermediate,394.26,47.44,1.35,9,16.733333333333334,3.943666666666666,1.0,1,0,1,24303,High,Long,Low,1,1,High,3.943666666666666,65.99068888888888,1.0,9.0,394.26,10.0,3942.6,10.0,394.26,22.0,8673.72,22.0,8673.72,22.0,8673.72,-0.09999999999999998,-0.09999999999999998,1,1.0,6.123233995736766e-17,0.18181818181818182,0,0,1,0,0,0,0,0,0,0,0,0,0,1,0,0,1,0,0,0,0,1,0,1,9,3548.34
CR00034,2025,4,April,2025-04,13,5125.38,13,394.26,Data Encryption,Cybersecurity,Paid,Intermediate,394.26,47.44,1.35,9,16.733333333333334,3.943666666666666,1.0,2,1,0,24304,High,Long,Low,1,1,High,3.943666666666666,65.99068888888888,1.0,13.0,394.26,9.0,3548.34,9.0,394.26,31.0,12222.06,31.0,12222.06,31.0,12222.06,0.4444444444444444,0.4444444444444444,1,0.8660254037844387,-0.4999999999999998,0.2727272727272727,0,0,1,0,0,0,0,0,0,0,0,0,0,1,0,0,1,0,0,0,0,1,0,1,13,5125.38
CR00034,2025,5,May,2025-05,10,3942.6,10,394.26,Data Encryption,Cybersecurity,Paid,Intermediate,394.26,47.44,1.35,9,16.733333333333334,3.943666666666666,1.0,2,0,0,24305,High,Long,Low,1,1,High,3.943666666666666,65.99068888888888,1.0,10.0,394.26,13.0,5125.38,13.0,394.26,32.0,12616.32,32.0,12616.32,44.0,17347.440000000002,-0.23076923076923073,-0.23076923076923084,1,0.49999999999999994,-0.8660254037844387,0.36363636363636365,0,0,1,0,0,0,0,0,0,0,0,0,0,1,0,0,1,0,0,0,0,1,0,1,10,3942.6
CR00034,2025,6,June,2025-06,15,5913.9,15,394.26,Data Encryption,Cybersecurity,Paid,Intermediate,394.26,47.44,1.35,9,16.733333333333334,3.943666666666666,1.0,2,0,1,24306,High,Long,Low,1,1,High,3.943666666666666,65.99068888888888,1.0,15.0,394.26,10.0,3942.6,10.0,394.26,32.0,12616.32,32.0,12616.32,54.0,21290.04,0.5,0.5,1,1.2246467991473532e-16,-1.0,0.45454545454545453,0,0,1,0,0,0,0,0,0,0,0,0,0,1,0,0,1,0,0,0,0,1,0,1,15,5913.9
CR00034,2025,7,July,2025-07,9,3548.34,9,394.26,Data Encryption,Cybersecurity,Paid,Intermediate,394.26,47.44,1.35,9,16.733333333333334,3.943666666666666,1.0,3,1,0,24307,High,Long,Low,1,1,High,3.943666666666666,65.99068888888888,1.0,9.0,394.26,15.0,5913.9,15.0,394.26,38.0,14981.88,38.0,14981.88,69.0,27203.940000000002,-0.4,-0.3999999999999999,1,-0.4999999999999997,-0.8660254037844388,0.5454545454545454,0,0,1,0,0,0,0,0,0,0,0,0,0,1,0,0,1,0,0,0,0,1,0,1,9,3548.34
CR00034,2025,8,August,2025-08,16,6308.16,16,394.26,Data Encryption,Cybersecurity,Paid,Intermediate,394.26,47.44,1.35,9,16.733333333333334,3.943666666666666,1.0,3,0,0,24308,High,Long,Low,1,1,High,3.943666666666666,65.99068888888888,1.0,16.0,394.26,9.0,3548.34,9.0,394.26,34.0,13404.84,34.0,13404.84,66.0,26021.160000000003,0.7777777777777777,0.7777777777777777,1,-0.8660254037844385,-0.5000000000000004,0.6363636363636364,0,0,1,0,0,0,0,0,0,0,0,0,0,1,0,0,1,0,0,0,0,1,0,1,16,6308.16
CR00034,2025,9,September,2025-09,15,5913.9,15,394.26,Data Encryption,Cybersecurity,Paid,Intermediate,394.26,47.44,1.35,9,16.733333333333334,3.943666666666666,1.0,3,0,1,24309,High,Long,Low,1,1,High,3.943666666666666,65.99068888888888,1.0,15.0,394.26,16.0,6308.16,16.0,394.26,40.0,15770.4,40.0,15770.4,72.0,28386.72,-0.0625,-0.0625,1,-1.0,-1.8369701987210297e-16,0.7272727272727273,0,0,1,0,0,0,0,0,0,0,0,0,0,1,0,0,1,0,0,0,0,1,0,1,15,5913.9
CR00034,2025,10,October,2025-10,5,1971.3,5,394.26,Data Encryption,Cybersecurity,Paid,Intermediate,394.26,47.44,1.35,9,16.733333333333334,3.943666666666666,1.0,4,1,0,24310,High,Long,Low,1,1,High,3.943666666666666,65.99068888888888,1.0,5.0,394.26,15.0,5913.9,15.0,394.26,40.0,15770.4,40.0,15770.4,78.0,30752.28,-0.6666666666666667,-0.6666666666666666,1,-0.8660254037844386,0.5000000000000001,0.8181818181818182,0,0,1,0,0,0,0,0,0,0,0,0,0,1,0,0,1,0,0,0,0,1,0,1,5,1971.3
CR00034,2025,11,November,2025-11,21,8279.46,21,394.25999999999993,Data Encryption,Cybersecurity,Paid,Intermediate,394.26,47.44,1.35,9,16.733333333333334,3.943666666666666,1.0,4,0,0,24311,High,Long,Low,1,1,High,3.943666666666666,65.99068888888888,1.0,21.0,394.25999999999993,5.0,1971.3,5.0,394.26,36.0,14193.359999999999,36.0,14193.359999999999,70.0,27598.2,3.2,3.1999999999999993,1,-0.5000000000000004,0.8660254037844384,0.9090909090909091,0,0,1,0,0,0,0,0,0,0,0,0,0,1,0,0,1,0,0,0,0,1,0,1,21,8279.46
CR00034,2025,12,December,2025-12,15,5913.9,15,394.26,Data Encryption,Cybersecurity,Paid,Intermediate,394.26,47.44,1.35,9,16.733333333333334,3.943666666666666,1.0,4,0,1,24312,High,Long,Low,1,1,High,3.943666666666666,65.99068888888888,1.0,15.0,394.26,21.0,8279.46,21.0,394.25999999999993,41.0,16164.659999999998,41.0,16164.659999999998,81.0,31935.059999999998,-0.2857142857142857,-0.2857142857142857,1,-2.4492935982947064e-16,1.0,1.0,0,0,1,0,0,0,0,0,0,0,0,0,0,1,0,0,1,0,0,0,0,1,0,1,15,5913.9
CR00035,2025,1,January,2025-01,13,0.0,13,0.0,Cyber Threat Intelligence,Cybersecurity,Free,Beginner,0.0,42.59,4.94,9,15.614525139664805,3.869720670391062,1.0,1,1,0,24301,Free,Long,Excellent,0,0,High,3.869720670391062,60.42385069130177,1.0,0.0,0.0,0.0,0.0,0.0,0.0,0.0,0.0,0.0,0.0,0.0,0.0,0.0,0.0,0,0.49999999999999994,0.8660254037844387,0.0,0,0,1,0,0,0,0,0,0,0,0,0,1,0,0,0,1,0,0,1,0,0,0,1,13,0.0
CR00035,2025,2,February,2025-02,12,0.0,12,0.0,Cyber Threat Intelligence,Cybersecurity,Free,Beginner,0.0,42.59,4.94,9,15.614525139664805,3.869720670391062,1.0,1,0,0,24302,Free,Long,Excellent,0,0,High,3.869720670391062,60.42385069130177,1.0,0.0,0.0,13.0,0.0,13.0,0.0,13.0,0.0,13.0,0.0,13.0,0.0,-0.07692307692307687,0.0,1,0.8660254037844386,0.5000000000000001,0.09090909090909091,0,0,1,0,0,0,0,0,0,0,0,0,1,0,0,0,1,0,0,1,0,0,0,1,12,0.0
CR00035,2025,3,March,2025-03,19,0.0,19,0.0,Cyber Threat Intelligence,Cybersecurity,Free,Beginner,0.0,42.59,4.94,9,15.614525139664805,3.869720670391062,1.0,1,0,1,24303,Free,Long,Excellent,0,0,High,3.869720670391062,60.42385069130177,1.0,0.0,0.0,12.0,0.0,12.0,0.0,25.0,0.0,25.0,0.0,25.0,0.0,0.5833333333333333,0.0,1,1.0,6.123233995736766e-17,0.18181818181818182,0,0,1,0,0,0,0,0,0,0,0,0,1,0,0,0,1,0,0,1,0,0,0,1,19,0.0
CR00035,2025,4,April,2025-04,10,0.0,10,0.0,Cyber Threat Intelligence,Cybersecurity,Free,Beginner,0.0,42.59,4.94,9,15.614525139664805,3.869720670391062,1.0,2,1,0,24304,Free,Long,Excellent,0,0,High,3.869720670391062,60.42385069130177,1.0,0.0,0.0,19.0,0.0,19.0,0.0,44.0,0.0,44.0,0.0,44.0,0.0,-0.4736842105263158,0.0,1,0.8660254037844387,-0.4999999999999998,0.2727272727272727,0,0,1,0,0,0,0,0,0,0,0,0,1,0,0,0,1,0,0,1,0,0,0,1,10,0.0
CR00035,2025,5,May,2025-05,16,0.0,16,0.0,Cyber Threat Intelligence,Cybersecurity,Free,Beginner,0.0,42.59,4.94,9,15.614525139664805,3.869720670391062,1.0,2,0,0,24305,Free,Long,Excellent,0,0,High,3.869720670391062,60.42385069130177,1.0,0.0,0.0,10.0,0.0,10.0,0.0,41.0,0.0,41.0,0.0,54.0,0.0,0.6000000000000001,0.0,1,0.49999999999999994,-0.8660254037844387,0.36363636363636365,0,0,1,0,0,0,0,0,0,0,0,0,1,0,0,0,1,0,0,1,0,0,0,1,16,0.0
CR00035,2025,6,June,2025-06,12,0.0,12,0.0,Cyber Threat Intelligence,Cybersecurity,Free,Beginner,0.0,42.59,4.94,9,15.614525139664805,3.869720670391062,1.0,2,0,1,24306,Free,Long,Excellent,0,0,High,3.869720670391062,60.42385069130177,1.0,0.0,0.0,16.0,0.0,16.0,0.0,45.0,0.0,45.0,0.0,70.0,0.0,-0.25,0.0,1,1.2246467991473532e-16,-1.0,0.45454545454545453,0,0,1,0,0,0,0,0,0,0,0,0,1,0,0,0,1,0,0,1,0,0,0,1,12,0.0
CR00035,2025,7,July,2025-07,16,0.0,16,0.0,Cyber Threat Intelligence,Cybersecurity,Free,Beginner,0.0,42.59,4.94,9,15.614525139664805,3.869720670391062,1.0,3,1,0,24307,Free,Long,Excellent,0,0,High,3.869720670391062,60.42385069130177,1.0,0.0,0.0,12.0,0.0,12.0,0.0,38.0,0.0,38.0,0.0,82.0,0.0,0.33333333333333326,0.0,1,-0.4999999999999997,-0.8660254037844388,0.5454545454545454,0,0,1,0,0,0,0,0,0,0,0,0,1,0,0,0,1,0,0,1,0,0,0,1,16,0.0
CR00035,2025,8,August,2025-08,18,0.0,18,0.0,Cyber Threat Intelligence,Cybersecurity,Free,Beginner,0.0,42.59,4.94,9,15.614525139664805,3.869720670391062,1.0,3,0,0,24308,Free,Long,Excellent,0,0,High,3.869720670391062,60.42385069130177,1.0,0.0,0.0,16.0,0.0,16.0,0.0,44.0,0.0,44.0,0.0,85.0,0.0,0.125,0.0,1,-0.8660254037844385,-0.5000000000000004,0.6363636363636364,0,0,1,0,0,0,0,0,0,0,0,0,1,0,0,0,1,0,0,1,0,0,0,1,18,0.0
CR00035,2025,9,September,2025-09,20,0.0,20,0.0,Cyber Threat Intelligence,Cybersecurity,Free,Beginner,0.0,42.59,4.94,9,15.614525139664805,3.869720670391062,1.0,3,0,1,24309,Free,Long,Excellent,0,0,High,3.869720670391062,60.42385069130177,1.0,0.0,0.0,18.0,0.0,18.0,0.0,46.0,0.0,46.0,0.0,91.0,0.0,0.11111111111111116,0.0,1,-1.0,-1.8369701987210297e-16,0.7272727272727273,0,0,1,0,0,0,0,0,0,0,0,0,1,0,0,0,1,0,0,1,0,0,0,1,20,0.0
CR00035,2025,10,October,2025-10,15,0.0,15,0.0,Cyber Threat Intelligence,Cybersecurity,Free,Beginner,0.0,42.59,4.94,9,15.614525139664805,3.869720670391062,1.0,4,1,0,24310,Free,Long,Excellent,0,0,High,3.869720670391062,60.42385069130177,1.0,0.0,0.0,20.0,0.0,20.0,0.0,54.0,0.0,54.0,0.0,92.0,0.0,-0.25,0.0,1,-0.8660254037844386,0.5000000000000001,0.8181818181818182,0,0,1,0,0,0,0,0,0,0,0,0,1,0,0,0,1,0,0,1,0,0,0,1,15,0.0
CR00035,2025,11,November,2025-11,14,0.0,14,0.0,Cyber Threat Intelligence,Cybersecurity,Free,Beginner,0.0,42.59,4.94,9,15.614525139664805,3.869720670391062,1.0,4,0,0,24311,Free,Long,Excellent,0,0,High,3.869720670391062,60.42385069130177,1.0,0.0,0.0,15.0,0.0,15.0,0.0,53.0,0.0,53.0,0.0,97.0,0.0,-0.06666666666666665,0.0,1,-0.5000000000000004,0.8660254037844384,0.9090909090909091,0,0,1,0,0,0,0,0,0,0,0,0,1,0,0,0,1,0,0,1,0,0,0,1,14,0.0
CR00035,2025,12,December,2025-12,14,0.0,14,0.0,Cyber Threat Intelligence,Cybersecurity,Free,Beginner,0.0,42.59,4.94,9,15.614525139664805,3.869720670391062,1.0,4,0,1,24312,Free,Long,Excellent,0,0,High,3.869720670391062,60.42385069130177,1.0,0.0,0.0,14.0,0.0,14.0,0.0,49.0,0.0,49.0,0.0,95.0,0.0,0.0,0.0,1,-2.4492935982947064e-16,1.0,1.0,0,0,1,0,0,0,0,0,0,0,0,0,1,0,0,0,1,0,0,1,0,0,0,1,14,0.0
CR00036,2025,1,January,2025-01,15,0.0,15,0.0,Agile Project Management,Project Management,Free,Beginner,0.0,15.75,4.68,7,17.389830508474578,4.151299435028249,0.3615819209039548,1,1,0,24301,Free,Medium,Excellent,0,0,High,4.151299435028249,72.19039356506752,0.3615819209039548,0.0,0.0,0.0,0.0,0.0,0.0,0.0,0.0,0.0,0.0,0.0,0.0,0.0,0.0,0,0.49999999999999994,0.8660254037844387,0.0,0,0,0,0,0,0,0,0,0,0,1,0,1,0,0,0,0,1,0,1,0,0,0,1,15,0.0
CR00036,2025,2,February,2025-02,16,0.0,16,0.0,Agile Project Management,Project Management,Free,Beginner,0.0,15.75,4.68,7,17.389830508474578,4.151299435028249,0.3615819209039548,1,0,0,24302,Free,Medium,Excellent,0,0,High,4.151299435028249,72.19039356506752,0.3615819209039548,0.0,0.0,15.0,0.0,15.0,0.0,15.0,0.0,15.0,0.0,15.0,0.0,0.06666666666666665,0.0,1,0.8660254037844386,0.5000000000000001,0.09090909090909091,0,0,0,0,0,0,0,0,0,0,1,0,1,0,0,0,0,1,0,1,0,0,0,1,16,0.0
CR00036,2025,3,March,2025-03,16,0.0,16,0.0,Agile Project Management,Project Management,Free,Beginner,0.0,15.75,4.68,7,17.389830508474578,4.151299435028249,0.3615819209039548,1,0,1,24303,Free,Medium,Excellent,0,0,High,4.151299435028249,72.19039356506752,0.3615819209039548,0.0,0.0,16.0,0.0,16.0,0.0,31.0,0.0,31.0,0.0,31.0,0.0,0.0,0.0,1,1.0,6.123233995736766e-17,0.18181818181818182,0,0,0,0,0,0,0,0,0,0,1,0,1,0,0,0,0,1,0,1,0,0,0,1,16,0.0
CR00036,2025,4,April,2025-04,15,0.0,15,0.0,Agile Project Management,Project Management,Free,Beginner,0.0,15.75,4.68,7,17.389830508474578,4.151299435028249,0.3615819209039548,2,1,0,24304,Free,Medium,Excellent,0,0,High,4.151299435028249,72.19039356506752,0.3615819209039548,0.0,0.0,16.0,0.0,16.0,0.0,47.0,0.0,47.0,0.0,47.0,0.0,-0.0625,0.0,1,0.8660254037844387,-0.4999999999999998,0.2727272727272727,0,0,0,0,0,0,0,0,0,0,1,0,1,0,0,0,0,1,0,1,0,0,0,1,15,0.0
CR00036,2025,5,May,2025-05,19,0.0,19,0.0,Agile Project Management,Project Management,Free,Beginner,0.0,15.75,4.68,7,17.389830508474578,4.151299435028249,0.3615819209039548,2,0,0,24305,Free,Medium,Excellent,0,0,High,4.151299435028249,72.19039356506752,0.3615819209039548,0.0,0.0,15.0,0.0,15.0,0.0,47.0,0.0,47.0,0.0,62.0,0.0,0.2666666666666666,0.0,1,0.49999999999999994,-0.8660254037844387,0.36363636363636365,0,0,0,0,0,0,0,0,0,0,1,0,1,0,0,0,0,1,0,1,0,0,0,1,19,0.0
CR00036,2025,6,June,2025-06,8,0.0,8,0.0,Agile Project Management,Project Management,Free,Beginner,0.0,15.75,4.68,7,17.389830508474578,4.151299435028249,0.3615819209039548,2,0,1,24306,Free,Medium,Excellent,0,0,High,4.151299435028249,72.19039356506752,0.3615819209039548,0.0,0.0,19.0,0.0,19.0,0.0,50.0,0.0,50.0,0.0,81.0,0.0,-0.5789473684210527,0.0,1,1.2246467991473532e-16,-1.0,0.45454545454545453,0,0,0,0,0,0,0,0,0,0,1,0,1,0,0,0,0,1,0,1,0,0,0,1,8,0.0
CR00036,2025,7,July,2025-07,13,0.0,13,0.0,Agile Project Management,Project Management,Free,Beginner,0.0,15.75,4.68,7,17.389830508474578,4.151299435028249,0.3615819209039548,3,1,0,24307,Free,Medium,Excellent,0,0,High,4.151299435028249,72.19039356506752,0.3615819209039548,0.0,0.0,8.0,0.0,8.0,0.0,42.0,0.0,42.0,0.0,89.0,0.0,0.625,0.0,1,-0.4999999999999997,-0.8660254037844388,0.5454545454545454,0,0,0,0,0,0,0,0,0,0,1,0,1,0,0,0,0,1,0,1,0,0,0,1,13,0.0
CR00036,2025,8,August,2025-08,16,0.0,16,0.0,Agile Project Management,Project Management,Free,Beginner,0.0,15.75,4.68,7,17.389830508474578,4.151299435028249,0.3615819209039548,3,0,0,24308,Free,Medium,Excellent,0,0,High,4.151299435028249,72.19039356506752,0.3615819209039548,0.0,0.0,13.0,0.0,13.0,0.0,40.0,0.0,40.0,0.0,87.0,0.0,0.23076923076923084,0.0,1,-0.8660254037844385,-0.5000000000000004,0.6363636363636364,0,0,0,0,0,0,0,0,0,0,1,0,1,0,0,0,0,1,0,1,0,0,0,1,16,0.0
CR00036,2025,9,September,2025-09,12,0.0,12,0.0,Agile Project Management,Project Management,Free,Beginner,0.0,15.75,4.68,7,17.389830508474578,4.151299435028249,0.3615819209039548,3,0,1,24309,Free,Medium,Excellent,0,0,High,4.151299435028249,72.19039356506752,0.3615819209039548,0.0,0.0,16.0,0.0,16.0,0.0,37.0,0.0,37.0,0.0,87.0,0.0,-0.25,0.0,1,-1.0,-1.8369701987210297e-16,0.7272727272727273,0,0,0,0,0,0,0,0,0,0,1,0,1,0,0,0,0,1,0,1,0,0,0,1,12,0.0
CR00036,2025,10,October,2025-10,15,0.0,15,0.0,Agile Project Management,Project Management,Free,Beginner,0.0,15.75,4.68,7,17.389830508474578,4.151299435028249,0.3615819209039548,4,1,0,24310,Free,Medium,Excellent,0,0,High,4.151299435028249,72.19039356506752,0.3615819209039548,0.0,0.0,12.0,0.0,12.0,0.0,41.0,0.0,41.0,0.0,83.0,0.0,0.25,0.0,1,-0.8660254037844386,0.5000000000000001,0.8181818181818182,0,0,0,0,0,0,0,0,0,0,1,0,1,0,0,0,0,1,0,1,0,0,0,1,15,0.0
CR00036,2025,11,November,2025-11,16,0.0,16,0.0,Agile Project Management,Project Management,Free,Beginner,0.0,15.75,4.68,7,17.389830508474578,4.151299435028249,0.3615819209039548,4,0,0,24311,Free,Medium,Excellent,0,0,High,4.151299435028249,72.19039356506752,0.3615819209039548,0.0,0.0,15.0,0.0,15.0,0.0,43.0,0.0,43.0,0.0,83.0,0.0,0.06666666666666665,0.0,1,-0.5000000000000004,0.8660254037844384,0.9090909090909091,0,0,0,0,0,0,0,0,0,0,1,0,1,0,0,0,0,1,0,1,0,0,0,1,16,0.0
CR00036,2025,12,December,2025-12,16,0.0,16,0.0,Agile Project Management,Project Management,Free,Beginner,0.0,15.75,4.68,7,17.389830508474578,4.151299435028249,0.3615819209039548,4,0,1,24312,Free,Medium,Excellent,0,0,High,4.151299435028249,72.19039356506752,0.3615819209039548,0.0,0.0,16.0,0.0,16.0,0.0,43.0,0.0,43.0,0.0,80.0,0.0,0.0,0.0,1,-2.4492935982947064e-16,1.0,1.0,0,0,0,0,0,0,0,0,0,0,1,0,1,0,0,0,0,1,0,1,0,0,0,1,16,0.0
CR00037,2025,1,January,2025-01,15,0.0,15,0.0,Scrum Essentials,Project Management,Free,Intermediate,0.0,33.93,3.45,7,16.562091503267975,4.004313725490196,0.4052287581699346,1,1,0,24301,Free,Long,Good,0,1,High,4.004313725490196,66.31981032936051,0.4052287581699346,0.0,0.0,0.0,0.0,0.0,0.0,0.0,0.0,0.0,0.0,0.0,0.0,0.0,0.0,0,0.49999999999999994,0.8660254037844387,0.0,0,0,0,0,0,0,0,0,0,0,1,0,1,0,0,0,1,0,0,0,1,0,0,1,15,0.0
CR00037,2025,2,February,2025-02,19,0.0,19,0.0,Scrum Essentials,Project Management,Free,Intermediate,0.0,33.93,3.45,7,16.562091503267975,4.004313725490196,0.4052287581699346,1,0,0,24302,Free,Long,Good,0,1,High,4.004313725490196,66.31981032936051,0.4052287581699346,0.0,0.0,15.0,0.0,15.0,0.0,15.0,0.0,15.0,0.0,15.0,0.0,0.2666666666666666,0.0,1,0.8660254037844386,0.5000000000000001,0.09090909090909091,0,0,0,0,0,0,0,0,0,0,1,0,1,0,0,0,1,0,0,0,1,0,0,1,19,0.0
CR00037,2025,3,March,2025-03,9,0.0,9,0.0,Scrum Essentials,Project Management,Free,Intermediate,0.0,33.93,3.45,7,16.562091503267975,4.004313725490196,0.4052287581699346,1,0,1,24303,Free,Long,Good,0,1,High,4.004313725490196,66.31981032936051,0.4052287581699346,0.0,0.0,19.0,0.0,19.0,0.0,34.0,0.0,34.0,0.0,34.0,0.0,-0.5263157894736843,0.0,1,1.0,6.123233995736766e-17,0.18181818181818182,0,0,0,0,0,0,0,0,0,0,1,0,1,0,0,0,1,0,0,0,1,0,0,1,9,0.0
CR00037,2025,4,April,2025-04,15,0.0,15,0.0,Scrum Essentials,Project Management,Free,Intermediate,0.0,33.93,3.45,7,16.562091503267975,4.004313725490196,0.4052287581699346,2,1,0,24304,Free,Long,Good,0,1,High,4.004313725490196,66.31981032936051,0.4052287581699346,0.0,0.0,9.0,0.0,9.0,0.0,43.0,0.0,43.0,0.0,43.0,0.0,0.6666666666666667,0.0,1,0.8660254037844387,-0.4999999999999998,0.2727272727272727,0,0,0,0,0,0,0,0,0,0,1,0,1,0,0,0,1,0,0,0,1,0,0,1,15,0.0
CR00037,2025,5,May,2025-05,13,0.0,13,0.0,Scrum Essentials,Project Management,Free,Intermediate,0.0,33.93,3.45,7,16.562091503267975,4.004313725490196,0.4052287581699346,2,0,0,24305,Free,Long,Good,0,1,High,4.004313725490196,66.31981032936051,0.4052287581699346,0.0,0.0,15.0,0.0,15.0,0.0,43.0,0.0,43.0,0.0,58.0,0.0,-0.1333333333333333,0.0,1,0.49999999999999994,-0.8660254037844387,0.36363636363636365,0,0,0,0,0,0,0,0,0,0,1,0,1,0,0,0,1,0,0,0,1,0,0,1,13,0.0
CR00037,2025,6,June,2025-06,15,0.0,15,0.0,Scrum Essentials,Project Management,Free,Intermediate,0.0,33.93,3.45,7,16.562091503267975,4.004313725490196,0.4052287581699346,2,0,1,24306,Free,Long,Good,0,1,High,4.004313725490196,66.31981032936051,0.4052287581699346,0.0,0.0,13.0,0.0,13.0,0.0,37.0,0.0,37.0,0.0,71.0,0.0,0.15384615384615374,0.0,1,1.2246467991473532e-16,-1.0,0.45454545454545453,0,0,0,0,0,0,0,0,0,0,1,0,1,0,0,0,1,0,0,0,1,0,0,1,15,0.0
CR00037,2025,7,July,2025-07,13,0.0,13,0.0,Scrum Essentials,Project Management,Free,Intermediate,0.0,33.93,3.45,7,16.562091503267975,4.004313725490196,0.4052287581699346,3,1,0,24307,Free,Long,Good,0,1,High,4.004313725490196,66.31981032936051,0.4052287581699346,0.0,0.0,15.0,0.0,15.0,0.0,43.0,0.0,43.0,0.0,86.0,0.0,-0.1333333333333333,0.0,1,-0.4999999999999997,-0.8660254037844388,0.5454545454545454,0,0,0,0,0,0,0,0,0,0,1,0,1,0,0,0,1,0,0,0,1,0,0,1,13,0.0
CR00037,2025,8,August,2025-08,12,0.0,12,0.0,Scrum Essentials,Project Management,Free,Intermediate,0.0,33.93,3.45,7,16.562091503267975,4.004313725490196,0.4052287581699346,3,0,0,24308,Free,Long,Good,0,1,High,4.004313725490196,66.31981032936051,0.4052287581699346,0.0,0.0,13.0,0.0,13.0,0.0,41.0,0.0,41.0,0.0,84.0,0.0,-0.07692307692307687,0.0,1,-0.8660254037844385,-0.5000000000000004,0.6363636363636364,0,0,0,0,0,0,0,0,0,0,1,0,1,0,0,0,1,0,0,0,1,0,0,1,12,0.0
CR00037,2025,9,September,2025-09,12,0.0,12,0.0,Scrum Essentials,Project Management,Free,Intermediate,0.0,33.93,3.45,7,16.562091503267975,4.004313725490196,0.4052287581699346,3,0,1,24309,Free,Long,Good,0,1,High,4.004313725490196,66.31981032936051,0.4052287581699346,0.0,0.0,12.0,0.0,12.0,0.0,40.0,0.0,40.0,0.0,77.0,0.0,0.0,0.0,1,-1.0,-1.8369701987210297e-16,0.7272727272727273,0,0,0,0,0,0,0,0,0,0,1,0,1,0,0,0,1,0,0,0,1,0,0,1,12,0.0
CR00037,2025,10,October,2025-10,11,0.0,11,0.0,Scrum Essentials,Project Management,Free,Intermediate,0.0,33.93,3.45,7,16.562091503267975,4.004313725490196,0.4052287581699346,4,1,0,24310,Free,Long,Good,0,1,High,4.004313725490196,66.31981032936051,0.4052287581699346,0.0,0.0,12.0,0.0,12.0,0.0,37.0,0.0,37.0,0.0,80.0,0.0,-0.08333333333333337,0.0,1,-0.8660254037844386,0.5000000000000001,0.8181818181818182,0,0,0,0,0,0,0,0,0,0,1,0,1,0,0,0,1,0,0,0,1,0,0,1,11,0.0
CR00037,2025,11,November,2025-11,12,0.0,12,0.0,Scrum Essentials,Project Management,Free,Intermediate,0.0,33.93,3.45,7,16.562091503267975,4.004313725490196,0.4052287581699346,4,0,0,24311,Free,Long,Good,0,1,High,4.004313725490196,66.31981032936051,0.4052287581699346,0.0,0.0,11.0,0.0,11.0,0.0,35.0,0.0,35.0,0.0,76.0,0.0,0.09090909090909083,0.0,1,-0.5000000000000004,0.8660254037844384,0.9090909090909091,0,0,0,0,0,0,0,0,0,0,1,0,1,0,0,0,1,0,0,0,1,0,0,1,12,0.0
CR00037,2025,12,December,2025-12,7,0.0,7,0.0,Scrum Essentials,Project Management,Free,Intermediate,0.0,33.93,3.45,7,16.562091503267975,4.004313725490196,0.4052287581699346,4,0,1,24312,Free,Long,Good,0,1,High,4.004313725490196,66.31981032936051,0.4052287581699346,0.0,0.0,12.0,0.0,12.0,0.0,35.0,0.0,35.0,0.0,75.0,0.0,-0.41666666666666663,0.0,1,-2.4492935982947064e-16,1.0,1.0,0,0,0,0,0,0,0,0,0,0,1,0,1,0,0,0,1,0,0,0,1,0,0,1,7,0.0
CR00038,2025,1,January,2025-01,15,5139.150000000001,15,342.61,Risk Management,Project Management,Paid,Intermediate,342.61,17.14,4.84,7,17.29746835443038,4.165569620253164,0.3417721518987341,1,1,0,24301,High,Medium,Excellent,1,1,High,4.165569620253164,72.05380868450567,0.3417721518987341,15.000000000000002,342.61,0.0,0.0,0.0,0.0,0.0,0.0,0.0,0.0,0.0,0.0,0.0,0.0,0,0.49999999999999994,0.8660254037844387,0.0,0,0,0,0,0,0,0,0,0,0,1,0,0,1,0,0,0,1,0,1,0,0,0,1,15,5139.150000000001
CR00038,2025,2,February,2025-02,7,2398.27,7,342.61,Risk Management,Project Management,Paid,Intermediate,342.61,17.14,4.84,7,17.29746835443038,4.165569620253164,0.3417721518987341,1,0,0,24302,High,Medium,Excellent,1,1,High,4.165569620253164,72.05380868450567,0.3417721518987341,7.0,342.61,15.0,5139.150000000001,15.0,342.61,15.0,5139.150000000001,15.0,5139.150000000001,15.0,5139.150000000001,-0.5333333333333333,-0.5333333333333334,1,0.8660254037844386,0.5000000000000001,0.09090909090909091,0,0,0,0,0,0,0,0,0,0,1,0,0,1,0,0,0,1,0,1,0,0,0,1,7,2398.27
CR00038,2025,3,March,2025-03,12,4111.32,12,342.61,Risk Management,Project Management,Paid,Intermediate,342.61,17.14,4.84,7,17.29746835443038,4.165569620253164,0.3417721518987341,1,0,1,24303,High,Medium,Excellent,1,1,High,4.165569620253164,72.05380868450567,0.3417721518987341,11.999999999999998,342.60999999999996,7.0,2398.27,7.0,342.61,22.0,7537.42,22.0,7537.42,22.0,7537.42,0.7142857142857142,0.7142857142857142,1,1.0,6.123233995736766e-17,0.18181818181818182,0,0,0,0,0,0,0,0,0,0,1,0,0,1,0,0,0,1,0,1,0,0,0,1,12,4111.32
CR00038,2025,4,April,2025-04,19,6509.59,19,342.61,Risk Management,Project Management,Paid,Intermediate,342.61,17.14,4.84,7,17.29746835443038,4.165569620253164,0.3417721518987341,2,1,0,24304,High,Medium,Excellent,1,1,High,4.165569620253164,72.05380868450567,0.3417721518987341,19.0,342.61,12.0,4111.32,12.0,342.61,34.0,11648.74,34.0,11648.74,34.0,11648.74,0.5833333333333333,0.5833333333333335,1,0.8660254037844387,-0.4999999999999998,0.2727272727272727,0,0,0,0,0,0,0,0,0,0,1,0,0,1,0,0,0,1,0,1,0,0,0,1,19,6509.59
CR00038,2025,5,May,2025-05,13,4453.93,13,342.61,Risk Management,Project Management,Paid,Intermediate,342.61,17.14,4.84,7,17.29746835443038,4.165569620253164,0.3417721518987341,2,0,0,24305,High,Medium,Excellent,1,1,High,4.165569620253164,72.05380868450567,0.3417721518987341,13.0,342.61,19.0,6509.59,19.0,342.61,38.0,13019.18,38.0,13019.18,53.0,18158.33,-0.3157894736842105,-0.3157894736842105,1,0.49999999999999994,-0.8660254037844387,0.36363636363636365,0,0,0,0,0,0,0,0,0,0,1,0,0,1,0,0,0,1,0,1,0,0,0,1,13,4453.93
CR00038,2025,6,June,2025-06,18,6166.9800000000005,18,342.61,Risk Management,Project Management,Paid,Intermediate,342.61,17.14,4.84,7,17.29746835443038,4.165569620253164,0.3417721518987341,2,0,1,24306,High,Medium,Excellent,1,1,High,4.165569620253164,72.05380868450567,0.3417721518987341,18.0,342.61,13.0,4453.93,13.0,342.61,44.0,15074.84,44.0,15074.84,66.0,22612.260000000002,0.3846153846153846,0.3846153846153846,1,1.2246467991473532e-16,-1.0,0.45454545454545453,0,0,0,0,0,0,0,0,0,0,1,0,0,1,0,0,0,1,0,1,0,0,0,1,18,6166.9800000000005
CR00038,2025,7,July,2025-07,8,2740.88,8,342.61,Risk Management,Project Management,Paid,Intermediate,342.61,17.14,4.84,7,17.29746835443038,4.165569620253164,0.3417721518987341,3,1,0,24307,High,Medium,Excellent,1,1,High,4.165569620253164,72.05380868450567,0.3417721518987341,8.0,342.61,18.0,6166.9800000000005,18.0,342.61,50.0,17130.5,50.0,17130.5,84.0,28779.24,-0.5555555555555556,-0.5555555555555556,1,-0.4999999999999997,-0.8660254037844388,0.5454545454545454,0,0,0,0,0,0,0,0,0,0,1,0,0,1,0,0,0,1,0,1,0,0,0,1,8,2740.88
CR00038,2025,8,August,2025-08,10,3426.1000000000004,10,342.61,Risk Management,Project Management,Paid,Intermediate,342.61,17.14,4.84,7,17.29746835443038,4.165569620253164,0.3417721518987341,3,0,0,24308,High,Medium,Excellent,1,1,High,4.165569620253164,72.05380868450567,0.3417721518987341,10.0,342.61,8.0,2740.88,8.0,342.61,39.0,13361.79,39.0,13361.79,77.0,26380.97,0.25,0.25,1,-0.8660254037844385,-0.5000000000000004,0.6363636363636364,0,0,0,0,0,0,0,0,0,0,1,0,0,1,0,0,0,1,0,1,0,0,0,1,10,3426.1000000000004
CR00038,2025,9,September,2025-09,16,5481.76,16,342.61,Risk Management,Project Management,Paid,Intermediate,342.61,17.14,4.84,7,17.29746835443038,4.165569620253164,0.3417721518987341,3,0,1,24309,High,Medium,Excellent,1,1,High,4.165569620253164,72.05380868450567,0.3417721518987341,16.0,342.61,10.0,3426.1000000000004,10.0,342.61,36.0,12333.96,36.0,12333.96,80.0,27408.8,0.6000000000000001,0.5999999999999999,1,-1.0,-1.8369701987210297e-16,0.7272727272727273,0,0,0,0,0,0,0,0,0,0,1,0,0,1,0,0,0,1,0,1,0,0,0,1,16,5481.76
CR00038,2025,10,October,2025-10,8,2740.88,8,342.61,Risk Management,Project Management,Paid,Intermediate,342.61,17.14,4.84,7,17.29746835443038,4.165569620253164,0.3417721518987341,4,1,0,24310,High,Medium,Excellent,1,1,High,4.165569620253164,72.05380868450567,0.3417721518987341,8.0,342.61,16.0,5481.76,16.0,342.61,34.0,11648.74,34.0,11648.74,84.0,28779.240000000005,-0.5,-0.5,1,-0.8660254037844386,0.5000000000000001,0.8181818181818182,0,0,0,0,0,0,0,0,0,0,1,0,0,1,0,0,0,1,0,1,0,0,0,1,8,2740.88
CR00038,2025,11,November,2025-11,17,5824.37,17,342.61,Risk Management,Project Management,Paid,Intermediate,342.61,17.14,4.84,7,17.29746835443038,4.165569620253164,0.3417721518987341,4,0,0,24311,High,Medium,Excellent,1,1,High,4.165569620253164,72.05380868450567,0.3417721518987341,17.0,342.61,8.0,2740.88,8.0,342.61,34.0,11648.740000000002,34.0,11648.740000000002,73.0,25010.53,1.125,1.125,1,-0.5000000000000004,0.8660254037844384,0.9090909090909091,0,0,0,0,0,0,0,0,0,0,1,0,0,1,0,0,0,1,0,1,0,0,0,1,17,5824.37
CR00038,2025,12,December,2025-12,15,5139.150000000001,15,342.61,Risk Management,Project Management,Paid,Intermediate,342.61,17.14,4.84,7,17.29746835443038,4.165569620253164,0.3417721518987341,4,0,1,24312,High,Medium,Excellent,1,1,High,4.165569620253164,72.05380868450567,0.3417721518987341,15.000000000000002,342.61,17.0,5824.37,17.0,342.61,41.0,14047.009999999998,41.0,14047.009999999998,77.0,26380.97,-0.11764705882352944,-0.11764705882352933,1,-2.4492935982947064e-16,1.0,1.0,0,0,0,0,0,0,0,0,0,0,1,0,0,1,0,0,0,1,0,1,0,0,0,1,15,5139.150000000001
CR00039,2025,1,January,2025-01,7,2426.97,7,346.71,Project Planning,Project Management,Paid,Advanced,346.71,3.42,1.23,7,16.934131736526947,4.1438922155688624,0.3712574850299401,1,1,0,24301,High,Short,Low,1,2,High,4.1438922155688624,70.17321668041164,0.3712574850299401,7.0,346.71,0.0,0.0,0.0,0.0,0.0,0.0,0.0,0.0,0.0,0.0,0.0,0.0,0,0.49999999999999994,0.8660254037844387,0.0,0,0,0,0,0,0,0,0,0,0,1,0,0,1,0,0,0,0,1,0,0,1,0,1,7,2426.97
CR00039,2025,2,February,2025-02,11,3813.81,11,346.71,Project Planning,Project Management,Paid,Advanced,346.71,3.42,1.23,7,16.934131736526947,4.1438922155688624,0.3712574850299401,1,0,0,24302,High,Short,Low,1,2,High,4.1438922155688624,70.17321668041164,0.3712574850299401,11.0,346.71,7.0,2426.97,7.0,346.71,7.0,2426.97,7.0,2426.97,7.0,2426.97,0.5714285714285714,0.5714285714285716,1,0.8660254037844386,0.5000000000000001,0.09090909090909091,0,0,0,0,0,0,0,0,0,0,1,0,0,1,0,0,0,0,1,0,0,1,0,1,11,3813.81
CR00039,2025,3,March,2025-03,17,5894.07,17,346.71,Project Planning,Project Management,Paid,Advanced,346.71,3.42,1.23,7,16.934131736526947,4.1438922155688624,0.3712574850299401,1,0,1,24303,High,Short,Low,1,2,High,4.1438922155688624,70.17321668041164,0.3712574850299401,17.0,346.71,11.0,3813.81,11.0,346.71,18.0,6240.78,18.0,6240.78,18.0,6240.78,0.5454545454545454,0.5454545454545454,1,1.0,6.123233995736766e-17,0.18181818181818182,0,0,0,0,0,0,0,0,0,0,1,0,0,1,0,0,0,0,1,0,0,1,0,1,17,5894.07
CR00039,2025,4,April,2025-04,12,4160.52,12,346.71,Project Planning,Project Management,Paid,Advanced,346.71,3.42,1.23,7,16.934131736526947,4.1438922155688624,0.3712574850299401,2,1,0,24304,High,Short,Low,1,2,High,4.1438922155688624,70.17321668041164,0.3712574850299401,12.000000000000002,346.71000000000004,17.0,5894.07,17.0,346.71,35.0,12134.849999999999,35.0,12134.849999999999,35.0,12134.849999999999,-0.2941176470588235,-0.2941176470588234,1,0.8660254037844387,-0.4999999999999998,0.2727272727272727,0,0,0,0,0,0,0,0,0,0,1,0,0,1,0,0,0,0,1,0,0,1,0,1,12,4160.52
CR00039,2025,5,May,2025-05,14,4853.94,14,346.71,Project Planning,Project Management,Paid,Advanced,346.71,3.42,1.23,7,16.934131736526947,4.1438922155688624,0.3712574850299401,2,0,0,24305,High,Short,Low,1,2,High,4.1438922155688624,70.17321668041164,0.3712574850299401,14.0,346.71,12.0,4160.52,12.0,346.71,40.0,13868.400000000001,40.0,13868.400000000001,47.0,16295.369999999999,0.16666666666666674,0.16666666666666652,1,0.49999999999999994,-0.8660254037844387,0.36363636363636365,0,0,0,0,0,0,0,0,0,0,1,0,0,1,0,0,0,0,1,0,0,1,0,1,14,4853.94
CR00039,2025,6,June,2025-06,9,3120.39,9,346.71,Project Planning,Project Management,Paid,Advanced,346.71,3.42,1.23,7,16.934131736526947,4.1438922155688624,0.3712574850299401,2,0,1,24306,High,Short,Low,1,2,High,4.1438922155688624,70.17321668041164,0.3712574850299401,9.0,346.71,14.0,4853.94,14.0,346.71,43.0,14908.529999999999,43.0,14908.529999999999,61.0,21149.309999999998,-0.3571428571428571,-0.3571428571428571,1,1.2246467991473532e-16,-1.0,0.45454545454545453,0,0,0,0,0,0,0,0,0,0,1,0,0,1,0,0,0,0,1,0,0,1,0,1,9,3120.39
CR00039,2025,7,July,2025-07,14,4853.94,14,346.71,Project Planning,Project Management,Paid,Advanced,346.71,3.42,1.23,7,16.934131736526947,4.1438922155688624,0.3712574850299401,3,1,0,24307,High,Short,Low,1,2,High,4.1438922155688624,70.17321668041164,0.3712574850299401,14.0,346.71,9.0,3120.39,9.0,346.71,35.0,12134.849999999999,35.0,12134.849999999999,70.0,24269.7,0.5555555555555556,0.5555555555555556,1,-0.4999999999999997,-0.8660254037844388,0.5454545454545454,0,0,0,0,0,0,0,0,0,0,1,0,0,1,0,0,0,0,1,0,0,1,0,1,14,4853.94
CR00039,2025,8,August,2025-08,22,7627.62,22,346.71,Project Planning,Project Management,Paid,Advanced,346.71,3.42,1.23,7,16.934131736526947,4.1438922155688624,0.3712574850299401,3,0,0,24308,High,Short,Low,1,2,High,4.1438922155688624,70.17321668041164,0.3712574850299401,22.0,346.71,14.0,4853.94,14.0,346.71,37.0,12828.27,37.0,12828.27,77.0,26696.67,0.5714285714285714,0.5714285714285716,1,-0.8660254037844385,-0.5000000000000004,0.6363636363636364,0,0,0,0,0,0,0,0,0,0,1,0,0,1,0,0,0,0,1,0,0,1,0,1,22,7627.62
CR00039,2025,9,September,2025-09,18,6240.78,18,346.71,Project Planning,Project Management,Paid,Advanced,346.71,3.42,1.23,7,16.934131736526947,4.1438922155688624,0.3712574850299401,3,0,1,24309,High,Short,Low,1,2,High,4.1438922155688624,70.17321668041164,0.3712574850299401,18.0,346.71,22.0,7627.62,22.0,346.71,45.0,15601.95,45.0,15601.95,88.0,30510.48,-0.18181818181818177,-0.18181818181818188,1,-1.0,-1.8369701987210297e-16,0.7272727272727273,0,0,0,0,0,0,0,0,0,0,1,0,0,1,0,0,0,0,1,0,0,1,0,1,18,6240.78
CR00039,2025,10,October,2025-10,16,5547.36,16,346.71,Project Planning,Project Management,Paid,Advanced,346.71,3.42,1.23,7,16.934131736526947,4.1438922155688624,0.3712574850299401,4,1,0,24310,High,Short,Low,1,2,High,4.1438922155688624,70.17321668041164,0.3712574850299401,16.0,346.71,18.0,6240.78,18.0,346.71,54.0,18722.34,54.0,18722.34,89.0,30857.190000000002,-0.11111111111111116,-0.11111111111111116,1,-0.8660254037844386,0.5000000000000001,0.8181818181818182,0,0,0,0,0,0,0,0,0,0,1,0,0,1,0,0,0,0,1,0,0,1,0,1,16,5547.36
CR00039,2025,11,November,2025-11,14,4853.94,14,346.71,Project Planning,Project Management,Paid,Advanced,346.71,3.42,1.23,7,16.934131736526947,4.1438922155688624,0.3712574850299401,4,0,0,24311,High,Short,Low,1,2,High,4.1438922155688624,70.17321668041164,0.3712574850299401,14.0,346.71,16.0,5547.36,16.0,346.71,56.0,19415.76,56.0,19415.76,93.0,32244.03,-0.125,-0.125,1,-0.5000000000000004,0.8660254037844384,0.9090909090909091,0,0,0,0,0,0,0,0,0,0,1,0,0,1,0,0,0,0,1,0,0,1,0,1,14,4853.94
CR00039,2025,12,December,2025-12,13,4507.23,13,346.71,Project Planning,Project Management,Paid,Advanced,346.71,3.42,1.23,7,16.934131736526947,4.1438922155688624,0.3712574850299401,4,0,1,24312,High,Short,Low,1,2,High,4.1438922155688624,70.17321668041164,0.3712574850299401,13.0,346.71,14.0,4853.94,14.0,346.71,48.0,16642.08,48.0,16642.08,93.0,32244.03,-0.0714285714285714,-0.0714285714285714,1,-2.4492935982947064e-16,1.0,1.0,0,0,0,0,0,0,0,0,0,0,1,0,0,1,0,0,0,0,1,0,0,1,0,1,13,4507.23
CR00040,2025,1,January,2025-01,17,5575.83,17,327.99,Leadership in Projects,Project Management,Paid,Beginner,327.99,12.13,1.51,7,17.29310344827586,4.09528735632184,0.3563218390804598,1,1,0,24301,High,Medium,Low,1,0,High,4.09528735632184,70.82022790328975,0.3563218390804598,17.0,327.99,0.0,0.0,0.0,0.0,0.0,0.0,0.0,0.0,0.0,0.0,0.0,0.0,0,0.49999999999999994,0.8660254037844387,0.0,0,0,0,0,0,0,0,0,0,0,1,0,0,1,0,0,0,1,0,0,0,1,0,1,17,5575.83
CR00040,2025,2,February,2025-02,10,3279.9,10,327.99,Leadership in Projects,Project Management,Paid,Beginner,327.99,12.13,1.51,7,17.29310344827586,4.09528735632184,0.3563218390804598,1,0,0,24302,High,Medium,Low,1,0,High,4.09528735632184,70.82022790328975,0.3563218390804598,10.0,327.99,17.0,5575.83,17.0,327.99,17.0,5575.83,17.0,5575.83,17.0,5575.83,-0.4117647058823529,-0.4117647058823529,1,0.8660254037844386,0.5000000000000001,0.09090909090909091,0,0,0,0,0,0,0,0,0,0,1,0,0,1,0,0,0,1,0,0,0,1,0,1,10,3279.9
CR00040,2025,3,March,2025-03,20,6559.8,20,327.99,Leadership in Projects,Project Management,Paid,Beginner,327.99,12.13,1.51,7,17.29310344827586,4.09528735632184,0.3563218390804598,1,0,1,24303,High,Medium,Low,1,0,High,4.09528735632184,70.82022790328975,0.3563218390804598,20.0,327.99,10.0,3279.9,10.0,327.99,27.0,8855.73,27.0,8855.73,27.0,8855.73,1.0,1.0,1,1.0,6.123233995736766e-17,0.18181818181818182,0,0,0,0,0,0,0,0,0,0,1,0,0,1,0,0,0,1,0,0,0,1,0,1,20,6559.8
CR00040,2025,4,April,2025-04,11,3607.89,11,327.99,Leadership in Projects,Project Management,Paid,Beginner,327.99,12.13,1.51,7,17.29310344827586,4.09528735632184,0.3563218390804598,2,1,0,24304,High,Medium,Low,1,0,High,4.09528735632184,70.82022790328975,0.3563218390804598,11.0,327.99,20.0,6559.8,20.0,327.99,47.0,15415.53,47.0,15415.53,47.0,15415.53,-0.44999999999999996,-0.45000000000000007,1,0.8660254037844387,-0.4999999999999998,0.2727272727272727,0,0,0,0,0,0,0,0,0,0,1,0,0,1,0,0,0,1,0,0,0,1,0,1,11,3607.89
CR00040,2025,5,May,2025-05,14,4591.860000000001,14,327.99000000000007,Leadership in Projects,Project Management,Paid,Beginner,327.99,12.13,1.51,7,17.29310344827586,4.09528735632184,0.3563218390804598,2,0,0,24305,High,Medium,Low,1,0,High,4.09528735632184,70.82022790328975,0.3563218390804598,14.000000000000002,327.99000000000007,11.0,3607.89,11.0,327.99,41.0,13447.59,41.0,13447.59,58.0,19023.420000000002,0.2727272727272727,0.27272727272727293,1,0.49999999999999994,-0.8660254037844387,0.36363636363636365,0,0,0,0,0,0,0,0,0,0,1,0,0,1,0,0,0,1,0,0,0,1,0,1,14,4591.860000000001
CR00040,2025,6,June,2025-06,16,5247.84,16,327.99,Leadership in Projects,Project Management,Paid,Beginner,327.99,12.13,1.51,7,17.29310344827586,4.09528735632184,0.3563218390804598,2,0,1,24306,High,Medium,Low,1,0,High,4.09528735632184,70.82022790328975,0.3563218390804598,16.0,327.99,14.0,4591.860000000001,14.0,327.99000000000007,45.0,14759.550000000001,45.0,14759.550000000001,72.0,23615.28,0.1428571428571428,0.1428571428571428,1,1.2246467991473532e-16,-1.0,0.45454545454545453,0,0,0,0,0,0,0,0,0,0,1,0,0,1,0,0,0,1,0,0,0,1,0,1,16,5247.84
CR00040,2025,7,July,2025-07,15,4919.85,15,327.99,Leadership in Projects,Project Management,Paid,Beginner,327.99,12.13,1.51,7,17.29310344827586,4.09528735632184,0.3563218390804598,3,1,0,24307,High,Medium,Low,1,0,High,4.09528735632184,70.82022790328975,0.3563218390804598,15.0,327.99,16.0,5247.84,16.0,327.99,41.0,13447.59,41.0,13447.59,88.0,28863.120000000003,-0.0625,-0.0625,1,-0.4999999999999997,-0.8660254037844388,0.5454545454545454,0,0,0,0,0,0,0,0,0,0,1,0,0,1,0,0,0,1,0,0,0,1,0,1,15,4919.85
CR00040,2025,8,August,2025-08,14,4591.860000000001,14,327.99000000000007,Leadership in Projects,Project Management,Paid,Beginner,327.99,12.13,1.51,7,17.29310344827586,4.09528735632184,0.3563218390804598,3,0,0,24308,High,Medium,Low,1,0,High,4.09528735632184,70.82022790328975,0.3563218390804598,14.000000000000002,327.99000000000007,15.0,4919.85,15.0,327.99,45.0,14759.550000000001,45.0,14759.550000000001,86.0,28207.14,-0.06666666666666665,-0.06666666666666665,1,-0.8660254037844385,-0.5000000000000004,0.6363636363636364,0,0,0,0,0,0,0,0,0,0,1,0,0,1,0,0,0,1,0,0,0,1,0,1,14,4591.860000000001
CR00040,2025,9,September,2025-09,9,2951.91,9,327.99,Leadership in Projects,Project Management,Paid,Beginner,327.99,12.13,1.51,7,17.29310344827586,4.09528735632184,0.3563218390804598,3,0,1,24309,High,Medium,Low,1,0,High,4.09528735632184,70.82022790328975,0.3563218390804598,9.0,327.99,14.0,4591.860000000001,14.0,327.99000000000007,45.0,14759.550000000001,45.0,14759.550000000001,90.0,29519.100000000002,-0.3571428571428571,-0.3571428571428572,1,-1.0,-1.8369701987210297e-16,0.7272727272727273,0,0,0,0,0,0,0,0,0,0,1,0,0,1,0,0,0,1,0,0,0,1,0,1,9,2951.91
CR00040,2025,10,October,2025-10,15,4919.85,15,327.99,Leadership in Projects,Project Management,Paid,Beginner,327.99,12.13,1.51,7,17.29310344827586,4.09528735632184,0.3563218390804598,4,1,0,24310,High,Medium,Low,1,0,High,4.09528735632184,70.82022790328975,0.3563218390804598,15.0,327.99,9.0,2951.91,9.0,327.99,38.0,12463.62,38.0,12463.62,79.0,25911.210000000003,0.6666666666666667,0.666666666666667,1,-0.8660254037844386,0.5000000000000001,0.8181818181818182,0,0,0,0,0,0,0,0,0,0,1,0,0,1,0,0,0,1,0,0,0,1,0,1,15,4919.85
CR00040,2025,11,November,2025-11,18,5903.82,18,327.99,Leadership in Projects,Project Management,Paid,Beginner,327.99,12.13,1.51,7,17.29310344827586,4.09528735632184,0.3563218390804598,4,0,0,24311,High,Medium,Low,1,0,High,4.09528735632184,70.82022790328975,0.3563218390804598,18.0,327.99,15.0,4919.85,15.0,327.99,38.0,12463.62,38.0,12463.62,83.0,27223.17,0.19999999999999996,0.19999999999999996,1,-0.5000000000000004,0.8660254037844384,0.9090909090909091,0,0,0,0,0,0,0,0,0,0,1,0,0,1,0,0,0,1,0,0,0,1,0,1,18,5903.82
CR00040,2025,12,December,2025-12,15,4919.85,15,327.99,Leadership in Projects,Project Management,Paid,Beginner,327.99,12.13,1.51,7,17.29310344827586,4.09528735632184,0.3563218390804598,4,0,1,24312,High,Medium,Low,1,0,High,4.09528735632184,70.82022790328975,0.3563218390804598,15.0,327.99,18.0,5903.82,18.0,327.99,42.0,13775.58,42.0,13775.58,87.0,28535.129999999997,-0.16666666666666663,-0.16666666666666652,1,-2.4492935982947064e-16,1.0,1.0,0,0,0,0,0,0,0,0,0,0,1,0,0,1,0,0,0,1,0,0,0,1,0,1,15,4919.85
CR00041,2025,1,January,2025-01,14,754.04,14,53.86,Financial Accounting,Finance,Paid,Beginner,53.86,47.08,2.47,8,17.542168674698797,4.344879518072289,0.3012048192771084,1,1,0,24301,Low,Long,Medium,1,0,High,4.344879518072289,76.21860937726811,0.3012048192771084,14.0,53.86,0.0,0.0,0.0,0.0,0.0,0.0,0.0,0.0,0.0,0.0,0.0,0.0,0,0.49999999999999994,0.8660254037844387,0.0,0,0,0,0,0,0,1,0,0,0,0,0,0,0,1,0,1,0,0,0,0,0,1,1,14,754.04
CR00041,2025,2,February,2025-02,9,484.74,9,53.86,Financial Accounting,Finance,Paid,Beginner,53.86,47.08,2.47,8,17.542168674698797,4.344879518072289,0.3012048192771084,1,0,0,24302,Low,Long,Medium,1,0,High,4.344879518072289,76.21860937726811,0.3012048192771084,9.0,53.86,14.0,754.04,14.0,53.86,14.0,754.04,14.0,754.04,14.0,754.04,-0.3571428571428571,-0.3571428571428571,1,0.8660254037844386,0.5000000000000001,0.09090909090909091,0,0,0,0,0,0,1,0,0,0,0,0,0,0,1,0,1,0,0,0,0,0,1,1,9,484.74
CR00041,2025,3,March,2025-03,11,592.46,11,53.86000000000001,Financial Accounting,Finance,Paid,Beginner,53.86,47.08,2.47,8,17.542168674698797,4.344879518072289,0.3012048192771084,1,0,1,24303,Low,Long,Medium,1,0,High,4.344879518072289,76.21860937726811,0.3012048192771084,11.0,53.86000000000001,9.0,484.74,9.0,53.86,23.0,1238.78,23.0,1238.78,23.0,1238.78,0.22222222222222232,0.22222222222222232,1,1.0,6.123233995736766e-17,0.18181818181818182,0,0,0,0,0,0,1,0,0,0,0,0,0,0,1,0,1,0,0,0,0,0,1,1,11,592.46
CR00041,2025,4,April,2025-04,14,754.04,14,53.86,Financial Accounting,Finance,Paid,Beginner,53.86,47.08,2.47,8,17.542168674698797,4.344879518072289,0.3012048192771084,2,1,0,24304,Low,Long,Medium,1,0,High,4.344879518072289,76.21860937726811,0.3012048192771084,14.0,53.86,11.0,592.46,11.0,53.86000000000001,34.0,1831.24,34.0,1831.24,34.0,1831.24,0.2727272727272727,0.2727272727272725,1,0.8660254037844387,-0.4999999999999998,0.2727272727272727,0,0,0,0,0,0,1,0,0,0,0,0,0,0,1,0,1,0,0,0,0,0,1,1,14,754.04
CR00041,2025,5,May,2025-05,17,915.62,17,53.86,Financial Accounting,Finance,Paid,Beginner,53.86,47.08,2.47,8,17.542168674698797,4.344879518072289,0.3012048192771084,2,0,0,24305,Low,Long,Medium,1,0,High,4.344879518072289,76.21860937726811,0.3012048192771084,17.0,53.86,14.0,754.04,14.0,53.86,34.0,1831.24,34.0,1831.24,48.0,2585.2799999999997,0.2142857142857142,0.2142857142857144,1,0.49999999999999994,-0.8660254037844387,0.36363636363636365,0,0,0,0,0,0,1,0,0,0,0,0,0,0,1,0,1,0,0,0,0,0,1,1,17,915.62
CR00041,2025,6,June,2025-06,19,1023.34,19,53.86,Financial Accounting,Finance,Paid,Beginner,53.86,47.08,2.47,8,17.542168674698797,4.344879518072289,0.3012048192771084,2,0,1,24306,Low,Long,Medium,1,0,High,4.344879518072289,76.21860937726811,0.3012048192771084,19.0,53.86,17.0,915.62,17.0,53.86,42.0,2262.12,42.0,2262.12,65.0,3500.9,0.11764705882352944,0.11764705882352944,1,1.2246467991473532e-16,-1.0,0.45454545454545453,0,0,0,0,0,0,1,0,0,0,0,0,0,0,1,0,1,0,0,0,0,0,1,1,19,1023.34
CR00041,2025,7,July,2025-07,14,754.04,14,53.86,Financial Accounting,Finance,Paid,Beginner,53.86,47.08,2.47,8,17.542168674698797,4.344879518072289,0.3012048192771084,3,1,0,24307,Low,Long,Medium,1,0,High,4.344879518072289,76.21860937726811,0.3012048192771084,14.0,53.86,19.0,1023.34,19.0,53.86,50.0,2693.0,50.0,2693.0,84.0,4524.24,-0.26315789473684215,-0.26315789473684215,1,-0.4999999999999997,-0.8660254037844388,0.5454545454545454,0,0,0,0,0,0,1,0,0,0,0,0,0,0,1,0,1,0,0,0,0,0,1,1,14,754.04
CR00041,2025,8,August,2025-08,14,754.04,14,53.86,Financial Accounting,Finance,Paid,Beginner,53.86,47.08,2.47,8,17.542168674698797,4.344879518072289,0.3012048192771084,3,0,0,24308,Low,Long,Medium,1,0,High,4.344879518072289,76.21860937726811,0.3012048192771084,14.0,53.86,14.0,754.04,14.0,53.86,50.0,2693.0,50.0,2693.0,84.0,4524.24,0.0,0.0,1,-0.8660254037844385,-0.5000000000000004,0.6363636363636364,0,0,0,0,0,0,1,0,0,0,0,0,0,0,1,0,1,0,0,0,0,0,1,1,14,754.04
CR00041,2025,9,September,2025-09,10,538.6,10,53.86,Financial Accounting,Finance,Paid,Beginner,53.86,47.08,2.47,8,17.542168674698797,4.344879518072289,0.3012048192771084,3,0,1,24309,Low,Long,Medium,1,0,High,4.344879518072289,76.21860937726811,0.3012048192771084,10.0,53.86,14.0,754.04,14.0,53.86,47.0,2531.42,47.0,2531.42,89.0,4793.54,-0.2857142857142857,-0.2857142857142857,1,-1.0,-1.8369701987210297e-16,0.7272727272727273,0,0,0,0,0,0,1,0,0,0,0,0,0,0,1,0,1,0,0,0,0,0,1,1,10,538.6
CR00041,2025,10,October,2025-10,19,1023.34,19,53.86,Financial Accounting,Finance,Paid,Beginner,53.86,47.08,2.47,8,17.542168674698797,4.344879518072289,0.3012048192771084,4,1,0,24310,Low,Long,Medium,1,0,High,4.344879518072289,76.21860937726811,0.3012048192771084,19.0,53.86,10.0,538.6,10.0,53.86,38.0,2046.6799999999998,38.0,2046.6799999999998,88.0,4739.68,0.8999999999999999,0.8999999999999999,1,-0.8660254037844386,0.5000000000000001,0.8181818181818182,0,0,0,0,0,0,1,0,0,0,0,0,0,0,1,0,1,0,0,0,0,0,1,1,19,1023.34
CR00041,2025,11,November,2025-11,15,807.9,15,53.86,Financial Accounting,Finance,Paid,Beginner,53.86,47.08,2.47,8,17.542168674698797,4.344879518072289,0.3012048192771084,4,0,0,24311,Low,Long,Medium,1,0,High,4.344879518072289,76.21860937726811,0.3012048192771084,15.0,53.86,19.0,1023.34,19.0,53.86,43.0,2315.98,43.0,2315.98,93.0,5008.9800000000005,-0.21052631578947367,-0.21052631578947378,1,-0.5000000000000004,0.8660254037844384,0.9090909090909091,0,0,0,0,0,0,1,0,0,0,0,0,0,0,1,0,1,0,0,0,0,0,1,1,15,807.9
CR00041,2025,12,December,2025-12,10,538.6,10,53.86,Financial Accounting,Finance,Paid,Beginner,53.86,47.08,2.47,8,17.542168674698797,4.344879518072289,0.3012048192771084,4,0,1,24312,Low,Long,Medium,1,0,High,4.344879518072289,76.21860937726811,0.3012048192771084,10.0,53.86,15.0,807.9,15.0,53.86,44.0,2369.84,44.0,2369.84,91.0,4901.26,-0.33333333333333337,-0.33333333333333326,1,-2.4492935982947064e-16,1.0,1.0,0,0,0,0,0,0,1,0,0,0,0,0,0,0,1,0,1,0,0,0,0,0,1,1,10,538.6
CR00042,2025,1,January,2025-01,15,0.0,15,0.0,Investment Strategies,Finance,Free,Intermediate,0.0,34.83,4.1,8,14.612021857923498,4.150437158469945,0.4699453551912568,1,1,0,24301,Free,Long,Excellent,0,1,High,4.150437158469945,60.64627847950073,0.4699453551912568,0.0,0.0,0.0,0.0,0.0,0.0,0.0,0.0,0.0,0.0,0.0,0.0,0.0,0.0,0,0.49999999999999994,0.8660254037844387,0.0,0,0,0,0,0,0,1,0,0,0,0,0,1,0,0,0,1,0,0,1,0,0,0,1,15,0.0
CR00042,2025,2,February,2025-02,18,0.0,18,0.0,Investment Strategies,Finance,Free,Intermediate,0.0,34.83,4.1,8,14.612021857923498,4.150437158469945,0.4699453551912568,1,0,0,24302,Free,Long,Excellent,0,1,High,4.150437158469945,60.64627847950073,0.4699453551912568,0.0,0.0,15.0,0.0,15.0,0.0,15.0,0.0,15.0,0.0,15.0,0.0,0.19999999999999996,0.0,1,0.8660254037844386,0.5000000000000001,0.09090909090909091,0,0,0,0,0,0,1,0,0,0,0,0,1,0,0,0,1,0,0,1,0,0,0,1,18,0.0
CR00042,2025,3,March,2025-03,11,0.0,11,0.0,Investment Strategies,Finance,Free,Intermediate,0.0,34.83,4.1,8,14.612021857923498,4.150437158469945,0.4699453551912568,1,0,1,24303,Free,Long,Excellent,0,1,High,4.150437158469945,60.64627847950073,0.4699453551912568,0.0,0.0,18.0,0.0,18.0,0.0,33.0,0.0,33.0,0.0,33.0,0.0,-0.38888888888888884,0.0,1,1.0,6.123233995736766e-17,0.18181818181818182,0,0,0,0,0,0,1,0,0,0,0,0,1,0,0,0,1,0,0,1,0,0,0,1,11,0.0
CR00042,2025,4,April,2025-04,17,0.0,17,0.0,Investment Strategies,Finance,Free,Intermediate,0.0,34.83,4.1,8,14.612021857923498,4.150437158469945,0.4699453551912568,2,1,0,24304,Free,Long,Excellent,0,1,High,4.150437158469945,60.64627847950073,0.4699453551912568,0.0,0.0,11.0,0.0,11.0,0.0,44.0,0.0,44.0,0.0,44.0,0.0,0.5454545454545454,0.0,1,0.8660254037844387,-0.4999999999999998,0.2727272727272727,0,0,0,0,0,0,1,0,0,0,0,0,1,0,0,0,1,0,0,1,0,0,0,1,17,0.0
CR00042,2025,5,May,2025-05,18,0.0,18,0.0,Investment Strategies,Finance,Free,Intermediate,0.0,34.83,4.1,8,14.612021857923498,4.150437158469945,0.4699453551912568,2,0,0,24305,Free,Long,Excellent,0,1,High,4.150437158469945,60.64627847950073,0.4699453551912568,0.0,0.0,17.0,0.0,17.0,0.0,46.0,0.0,46.0,0.0,61.0,0.0,0.05882352941176472,0.0,1,0.49999999999999994,-0.8660254037844387,0.36363636363636365,0,0,0,0,0,0,1,0,0,0,0,0,1,0,0,0,1,0,0,1,0,0,0,1,18,0.0
CR00042,2025,6,June,2025-06,9,0.0,9,0.0,Investment Strategies,Finance,Free,Intermediate,0.0,34.83,4.1,8,14.612021857923498,4.150437158469945,0.4699453551912568,2,0,1,24306,Free,Long,Excellent,0,1,High,4.150437158469945,60.64627847950073,0.4699453551912568,0.0,0.0,18.0,0.0,18.0,0.0,46.0,0.0,46.0,0.0,79.0,0.0,-0.5,0.0,1,1.2246467991473532e-16,-1.0,0.45454545454545453,0,0,0,0,0,0,1,0,0,0,0,0,1,0,0,0,1,0,0,1,0,0,0,1,9,0.0
CR00042,2025,7,July,2025-07,20,0.0,20,0.0,Investment Strategies,Finance,Free,Intermediate,0.0,34.83,4.1,8,14.612021857923498,4.150437158469945,0.4699453551912568,3,1,0,24307,Free,Long,Excellent,0,1,High,4.150437158469945,60.64627847950073,0.4699453551912568,0.0,0.0,9.0,0.0,9.0,0.0,44.0,0.0,44.0,0.0,88.0,0.0,1.2222222222222223,0.0,1,-0.4999999999999997,-0.8660254037844388,0.5454545454545454,0,0,0,0,0,0,1,0,0,0,0,0,1,0,0,0,1,0,0,1,0,0,0,1,20,0.0
CR00042,2025,8,August,2025-08,20,0.0,20,0.0,Investment Strategies,Finance,Free,Intermediate,0.0,34.83,4.1,8,14.612021857923498,4.150437158469945,0.4699453551912568,3,0,0,24308,Free,Long,Excellent,0,1,High,4.150437158469945,60.64627847950073,0.4699453551912568,0.0,0.0,20.0,0.0,20.0,0.0,47.0,0.0,47.0,0.0,93.0,0.0,0.0,0.0,1,-0.8660254037844385,-0.5000000000000004,0.6363636363636364,0,0,0,0,0,0,1,0,0,0,0,0,1,0,0,0,1,0,0,1,0,0,0,1,20,0.0
CR00042,2025,9,September,2025-09,18,0.0,18,0.0,Investment Strategies,Finance,Free,Intermediate,0.0,34.83,4.1,8,14.612021857923498,4.150437158469945,0.4699453551912568,3,0,1,24309,Free,Long,Excellent,0,1,High,4.150437158469945,60.64627847950073,0.4699453551912568,0.0,0.0,20.0,0.0,20.0,0.0,49.0,0.0,49.0,0.0,95.0,0.0,-0.09999999999999998,0.0,1,-1.0,-1.8369701987210297e-16,0.7272727272727273,0,0,0,0,0,0,1,0,0,0,0,0,1,0,0,0,1,0,0,1,0,0,0,1,18,0.0
CR00042,2025,10,October,2025-10,10,0.0,10,0.0,Investment Strategies,Finance,Free,Intermediate,0.0,34.83,4.1,8,14.612021857923498,4.150437158469945,0.4699453551912568,4,1,0,24310,Free,Long,Excellent,0,1,High,4.150437158469945,60.64627847950073,0.4699453551912568,0.0,0.0,18.0,0.0,18.0,0.0,58.0,0.0,58.0,0.0,102.0,0.0,-0.4444444444444444,0.0,1,-0.8660254037844386,0.5000000000000001,0.8181818181818182,0,0,0,0,0,0,1,0,0,0,0,0,1,0,0,0,1,0,0,1,0,0,0,1,10,0.0
CR00042,2025,11,November,2025-11,11,0.0,11,0.0,Investment Strategies,Finance,Free,Intermediate,0.0,34.83,4.1,8,14.612021857923498,4.150437158469945,0.4699453551912568,4,0,0,24311,Free,Long,Excellent,0,1,High,4.150437158469945,60.64627847950073,0.4699453551912568,0.0,0.0,10.0,0.0,10.0,0.0,48.0,0.0,48.0,0.0,95.0,0.0,0.10000000000000009,0.0,1,-0.5000000000000004,0.8660254037844384,0.9090909090909091,0,0,0,0,0,0,1,0,0,0,0,0,1,0,0,0,1,0,0,1,0,0,0,1,11,0.0
CR00042,2025,12,December,2025-12,16,0.0,16,0.0,Investment Strategies,Finance,Free,Intermediate,0.0,34.83,4.1,8,14.612021857923498,4.150437158469945,0.4699453551912568,4,0,1,24312,Free,Long,Excellent,0,1,High,4.150437158469945,60.64627847950073,0.4699453551912568,0.0,0.0,11.0,0.0,11.0,0.0,39.0,0.0,39.0,0.0,88.0,0.0,0.4545454545454546,0.0,1,-2.4492935982947064e-16,1.0,1.0,0,0,0,0,0,0,1,0,0,0,0,0,1,0,0,0,1,0,0,1,0,0,0,1,16,0.0
CR00043,2025,1,January,2025-01,22,0.0,22,0.0,Corporate Finance,Finance,Free,Beginner,0.0,31.77,4.14,8,16.36813186813187,4.235659340659341,0.3736263736263736,1,1,0,24301,Free,Long,Excellent,0,0,High,4.235659340659341,69.32983063639658,0.3736263736263736,0.0,0.0,0.0,0.0,0.0,0.0,0.0,0.0,0.0,0.0,0.0,0.0,0.0,0.0,0,0.49999999999999994,0.8660254037844387,0.0,0,0,0,0,0,0,1,0,0,0,0,0,1,0,0,0,1,0,0,1,0,0,0,1,22,0.0
CR00043,2025,2,February,2025-02,12,0.0,12,0.0,Corporate Finance,Finance,Free,Beginner,0.0,31.77,4.14,8,16.36813186813187,4.235659340659341,0.3736263736263736,1,0,0,24302,Free,Long,Excellent,0,0,High,4.235659340659341,69.32983063639658,0.3736263736263736,0.0,0.0,22.0,0.0,22.0,0.0,22.0,0.0,22.0,0.0,22.0,0.0,-0.4545454545454546,0.0,1,0.8660254037844386,0.5000000000000001,0.09090909090909091,0,0,0,0,0,0,1,0,0,0,0,0,1,0,0,0,1,0,0,1,0,0,0,1,12,0.0
CR00043,2025,3,March,2025-03,11,0.0,11,0.0,Corporate Finance,Finance,Free,Beginner,0.0,31.77,4.14,8,16.36813186813187,4.235659340659341,0.3736263736263736,1,0,1,24303,Free,Long,Excellent,0,0,High,4.235659340659341,69.32983063639658,0.3736263736263736,0.0,0.0,12.0,0.0,12.0,0.0,34.0,0.0,34.0,0.0,34.0,0.0,-0.08333333333333337,0.0,1,1.0,6.123233995736766e-17,0.18181818181818182,0,0,0,0,0,0,1,0,0,0,0,0,1,0,0,0,1,0,0,1,0,0,0,1,11,0.0
CR00043,2025,4,April,2025-04,13,0.0,13,0.0,Corporate Finance,Finance,Free,Beginner,0.0,31.77,4.14,8,16.36813186813187,4.235659340659341,0.3736263736263736,2,1,0,24304,Free,Long,Excellent,0,0,High,4.235659340659341,69.32983063639658,0.3736263736263736,0.0,0.0,11.0,0.0,11.0,0.0,45.0,0.0,45.0,0.0,45.0,0.0,0.18181818181818188,0.0,1,0.8660254037844387,-0.4999999999999998,0.2727272727272727,0,0,0,0,0,0,1,0,0,0,0,0,1,0,0,0,1,0,0,1,0,0,0,1,13,0.0
CR00043,2025,5,May,2025-05,17,0.0,17,0.0,Corporate Finance,Finance,Free,Beginner,0.0,31.77,4.14,8,16.36813186813187,4.235659340659341,0.3736263736263736,2,0,0,24305,Free,Long,Excellent,0,0,High,4.235659340659341,69.32983063639658,0.3736263736263736,0.0,0.0,13.0,0.0,13.0,0.0,36.0,0.0,36.0,0.0,58.0,0.0,0.3076923076923077,0.0,1,0.49999999999999994,-0.8660254037844387,0.36363636363636365,0,0,0,0,0,0,1,0,0,0,0,0,1,0,0,0,1,0,0,1,0,0,0,1,17,0.0
CR00043,2025,6,June,2025-06,13,0.0,13,0.0,Corporate Finance,Finance,Free,Beginner,0.0,31.77,4.14,8,16.36813186813187,4.235659340659341,0.3736263736263736,2,0,1,24306,Free,Long,Excellent,0,0,High,4.235659340659341,69.32983063639658,0.3736263736263736,0.0,0.0,17.0,0.0,17.0,0.0,41.0,0.0,41.0,0.0,75.0,0.0,-0.23529411764705888,0.0,1,1.2246467991473532e-16,-1.0,0.45454545454545453,0,0,0,0,0,0,1,0,0,0,0,0,1,0,0,0,1,0,0,1,0,0,0,1,13,0.0
CR00043,2025,7,July,2025-07,13,0.0,13,0.0,Corporate Finance,Finance,Free,Beginner,0.0,31.77,4.14,8,16.36813186813187,4.235659340659341,0.3736263736263736,3,1,0,24307,Free,Long,Excellent,0,0,High,4.235659340659341,69.32983063639658,0.3736263736263736,0.0,0.0,13.0,0.0,13.0,0.0,43.0,0.0,43.0,0.0,88.0,0.0,0.0,0.0,1,-0.4999999999999997,-0.8660254037844388,0.5454545454545454,0,0,0,0,0,0,1,0,0,0,0,0,1,0,0,0,1,0,0,1,0,0,0,1,13,0.0
CR00043,2025,8,August,2025-08,12,0.0,12,0.0,Corporate Finance,Finance,Free,Beginner,0.0,31.77,4.14,8,16.36813186813187,4.235659340659341,0.3736263736263736,3,0,0,24308,Free,Long,Excellent,0,0,High,4.235659340659341,69.32983063639658,0.3736263736263736,0.0,0.0,13.0,0.0,13.0,0.0,43.0,0.0,43.0,0.0,79.0,0.0,-0.07692307692307687,0.0,1,-0.8660254037844385,-0.5000000000000004,0.6363636363636364,0,0,0,0,0,0,1,0,0,0,0,0,1,0,0,0,1,0,0,1,0,0,0,1,12,0.0
CR00043,2025,9,September,2025-09,16,0.0,16,0.0,Corporate Finance,Finance,Free,Beginner,0.0,31.77,4.14,8,16.36813186813187,4.235659340659341,0.3736263736263736,3,0,1,24309,Free,Long,Excellent,0,0,High,4.235659340659341,69.32983063639658,0.3736263736263736,0.0,0.0,12.0,0.0,12.0,0.0,38.0,0.0,38.0,0.0,79.0,0.0,0.33333333333333326,0.0,1,-1.0,-1.8369701987210297e-16,0.7272727272727273,0,0,0,0,0,0,1,0,0,0,0,0,1,0,0,0,1,0,0,1,0,0,0,1,16,0.0
CR00043,2025,10,October,2025-10,19,0.0,19,0.0,Corporate Finance,Finance,Free,Beginner,0.0,31.77,4.14,8,16.36813186813187,4.235659340659341,0.3736263736263736,4,1,0,24310,Free,Long,Excellent,0,0,High,4.235659340659341,69.32983063639658,0.3736263736263736,0.0,0.0,16.0,0.0,16.0,0.0,41.0,0.0,41.0,0.0,84.0,0.0,0.1875,0.0,1,-0.8660254037844386,0.5000000000000001,0.8181818181818182,0,0,0,0,0,0,1,0,0,0,0,0,1,0,0,0,1,0,0,1,0,0,0,1,19,0.0
CR00043,2025,11,November,2025-11,14,0.0,14,0.0,Corporate Finance,Finance,Free,Beginner,0.0,31.77,4.14,8,16.36813186813187,4.235659340659341,0.3736263736263736,4,0,0,24311,Free,Long,Excellent,0,0,High,4.235659340659341,69.32983063639658,0.3736263736263736,0.0,0.0,19.0,0.0,19.0,0.0,47.0,0.0,47.0,0.0,90.0,0.0,-0.26315789473684215,0.0,1,-0.5000000000000004,0.8660254037844384,0.9090909090909091,0,0,0,0,0,0,1,0,0,0,0,0,1,0,0,0,1,0,0,1,0,0,0,1,14,0.0
CR00043,2025,12,December,2025-12,20,0.0,20,0.0,Corporate Finance,Finance,Free,Beginner,0.0,31.77,4.14,8,16.36813186813187,4.235659340659341,0.3736263736263736,4,0,1,24312,Free,Long,Excellent,0,0,High,4.235659340659341,69.32983063639658,0.3736263736263736,0.0,0.0,14.0,0.0,14.0,0.0,49.0,0.0,49.0,0.0,87.0,0.0,0.4285714285714286,0.0,1,-2.4492935982947064e-16,1.0,1.0,0,0,0,0,0,0,1,0,0,0,0,0,1,0,0,0,1,0,0,1,0,0,0,1,20,0.0
CR00044,2025,1,January,2025-01,10,1190.4,10,119.04,Personal Finance,Finance,Paid,Intermediate,119.04,23.41,2.75,7,16.96894409937888,4.379751552795031,0.3354037267080745,1,1,0,24301,Medium,Medium,Medium,1,1,High,4.379751552795031,74.31975926854673,0.3354037267080745,10.0,119.04,0.0,0.0,0.0,0.0,0.0,0.0,0.0,0.0,0.0,0.0,0.0,0.0,0,0.49999999999999994,0.8660254037844387,0.0,0,0,0,0,0,0,1,0,0,0,0,0,0,0,0,1,0,1,0,0,0,0,1,1,10,1190.4
CR00044,2025,2,February,2025-02,13,1547.52,13,119.04,Personal Finance,Finance,Paid,Intermediate,119.04,23.41,2.75,7,16.96894409937888,4.379751552795031,0.3354037267080745,1,0,0,24302,Medium,Medium,Medium,1,1,High,4.379751552795031,74.31975926854673,0.3354037267080745,13.0,119.03999999999999,10.0,1190.4,10.0,119.04,10.0,1190.4,10.0,1190.4,10.0,1190.4,0.30000000000000004,0.2999999999999998,1,0.8660254037844386,0.5000000000000001,0.09090909090909091,0,0,0,0,0,0,1,0,0,0,0,0,0,0,0,1,0,1,0,0,0,0,1,1,13,1547.52
CR00044,2025,3,March,2025-03,14,1666.5600000000002,14,119.04,Personal Finance,Finance,Paid,Intermediate,119.04,23.41,2.75,7,16.96894409937888,4.379751552795031,0.3354037267080745,1,0,1,24303,Medium,Medium,Medium,1,1,High,4.379751552795031,74.31975926854673,0.3354037267080745,14.0,119.04,13.0,1547.52,13.0,119.04,23.0,2737.92,23.0,2737.92,23.0,2737.92,0.07692307692307687,0.0769230769230771,1,1.0,6.123233995736766e-17,0.18181818181818182,0,0,0,0,0,0,1,0,0,0,0,0,0,0,0,1,0,1,0,0,0,0,1,1,14,1666.5600000000002
CR00044,2025,4,April,2025-04,8,952.32,8,119.04,Personal Finance,Finance,Paid,Intermediate,119.04,23.41,2.75,7,16.96894409937888,4.379751552795031,0.3354037267080745,2,1,0,24304,Medium,Medium,Medium,1,1,High,4.379751552795031,74.31975926854673,0.3354037267080745,8.0,119.04,14.0,1666.5600000000002,14.0,119.04,37.0,4404.4800000000005,37.0,4404.4800000000005,37.0,4404.4800000000005,-0.4285714285714286,-0.4285714285714286,1,0.8660254037844387,-0.4999999999999998,0.2727272727272727,0,0,0,0,0,0,1,0,0,0,0,0,0,0,0,1,0,1,0,0,0,0,1,1,8,952.32
CR00044,2025,5,May,2025-05,9,1071.36,9,119.04000000000002,Personal Finance,Finance,Paid,Intermediate,119.04,23.41,2.75,7,16.96894409937888,4.379751552795031,0.3354037267080745,2,0,0,24305,Medium,Medium,Medium,1,1,High,4.379751552795031,74.31975926854673,0.3354037267080745,8.999999999999998,119.03999999999999,8.0,952.32,8.0,119.04,35.0,4166.400000000001,35.0,4166.400000000001,45.0,5356.8,0.125,0.12499999999999978,1,0.49999999999999994,-0.8660254037844387,0.36363636363636365,0,0,0,0,0,0,1,0,0,0,0,0,0,0,0,1,0,1,0,0,0,0,1,1,9,1071.36
CR00044,2025,6,June,2025-06,22,2618.88,22,119.04,Personal Finance,Finance,Paid,Intermediate,119.04,23.41,2.75,7,16.96894409937888,4.379751552795031,0.3354037267080745,2,0,1,24306,Medium,Medium,Medium,1,1,High,4.379751552795031,74.31975926854673,0.3354037267080745,22.0,119.04,9.0,1071.36,9.0,119.04000000000002,31.0,3690.2400000000002,31.0,3690.2400000000002,54.0,6428.16,1.4444444444444446,1.4444444444444446,1,1.2246467991473532e-16,-1.0,0.45454545454545453,0,0,0,0,0,0,1,0,0,0,0,0,0,0,0,1,0,1,0,0,0,0,1,1,22,2618.88
CR00044,2025,7,July,2025-07,17,2023.68,17,119.04,Personal Finance,Finance,Paid,Intermediate,119.04,23.41,2.75,7,16.96894409937888,4.379751552795031,0.3354037267080745,3,1,0,24307,Medium,Medium,Medium,1,1,High,4.379751552795031,74.31975926854673,0.3354037267080745,17.0,119.04,22.0,2618.88,22.0,119.04,39.0,4642.56,39.0,4642.56,76.0,9047.04,-0.2272727272727273,-0.2272727272727273,1,-0.4999999999999997,-0.8660254037844388,0.5454545454545454,0,0,0,0,0,0,1,0,0,0,0,0,0,0,0,1,0,1,0,0,0,0,1,1,17,2023.68
CR00044,2025,8,August,2025-08,18,2142.7200000000003,18,119.04000000000002,Personal Finance,Finance,Paid,Intermediate,119.04,23.41,2.75,7,16.96894409937888,4.379751552795031,0.3354037267080745,3,0,0,24308,Medium,Medium,Medium,1,1,High,4.379751552795031,74.31975926854673,0.3354037267080745,18.0,119.04000000000002,17.0,2023.68,17.0,119.04,48.0,5713.92,48.0,5713.92,83.0,9880.320000000002,0.05882352941176472,0.05882352941176472,1,-0.8660254037844385,-0.5000000000000004,0.6363636363636364,0,0,0,0,0,0,1,0,0,0,0,0,0,0,0,1,0,1,0,0,0,0,1,1,18,2142.7200000000003
CR00044,2025,9,September,2025-09,15,1785.6,15,119.04,Personal Finance,Finance,Paid,Intermediate,119.04,23.41,2.75,7,16.96894409937888,4.379751552795031,0.3354037267080745,3,0,1,24309,Medium,Medium,Medium,1,1,High,4.379751552795031,74.31975926854673,0.3354037267080745,14.999999999999998,119.03999999999999,18.0,2142.7200000000003,18.0,119.04000000000002,57.0,6785.280000000001,57.0,6785.280000000001,88.0,10475.52,-0.16666666666666663,-0.16666666666666685,1,-1.0,-1.8369701987210297e-16,0.7272727272727273,0,0,0,0,0,0,1,0,0,0,0,0,0,0,0,1,0,1,0,0,0,0,1,1,15,1785.6
CR00044,2025,10,October,2025-10,9,1071.36,9,119.04000000000002,Personal Finance,Finance,Paid,Intermediate,119.04,23.41,2.75,7,16.96894409937888,4.379751552795031,0.3354037267080745,4,1,0,24310,Medium,Medium,Medium,1,1,High,4.379751552795031,74.31975926854673,0.3354037267080745,8.999999999999998,119.03999999999999,15.0,1785.6,15.0,119.04,50.0,5952.0,50.0,5952.0,89.0,10594.560000000001,-0.4,-0.4,1,-0.8660254037844386,0.5000000000000001,0.8181818181818182,0,0,0,0,0,0,1,0,0,0,0,0,0,0,0,1,0,1,0,0,0,0,1,1,9,1071.36
CR00044,2025,11,November,2025-11,13,1547.52,13,119.04,Personal Finance,Finance,Paid,Intermediate,119.04,23.41,2.75,7,16.96894409937888,4.379751552795031,0.3354037267080745,4,0,0,24311,Medium,Medium,Medium,1,1,High,4.379751552795031,74.31975926854673,0.3354037267080745,13.0,119.03999999999999,9.0,1071.36,9.0,119.04000000000002,42.0,4999.68,42.0,4999.68,90.0,10713.599999999999,0.4444444444444444,0.44444444444444464,1,-0.5000000000000004,0.8660254037844384,0.9090909090909091,0,0,0,0,0,0,1,0,0,0,0,0,0,0,0,1,0,1,0,0,0,0,1,1,13,1547.52
CR00044,2025,12,December,2025-12,13,1547.52,13,119.04,Personal Finance,Finance,Paid,Intermediate,119.04,23.41,2.75,7,16.96894409937888,4.379751552795031,0.3354037267080745,4,0,1,24312,Medium,Medium,Medium,1,1,High,4.379751552795031,74.31975926854673,0.3354037267080745,13.0,119.03999999999999,13.0,1547.52,13.0,119.04,37.0,4404.48,37.0,4404.48,94.0,11189.76,0.0,0.0,1,-2.4492935982947064e-16,1.0,1.0,0,0,0,0,0,0,1,0,0,0,0,0,0,0,0,1,0,1,0,0,0,0,1,1,13,1547.52
CR00045,2025,1,January,2025-01,14,0.0,14,0.0,Financial Modeling,Finance,Free,Advanced,0.0,6.36,1.59,8,16.424418604651162,4.2875,0.3546511627906977,1,1,0,24301,Free,Short,Low,0,2,High,4.2875,70.41969476744185,0.3546511627906977,0.0,0.0,0.0,0.0,0.0,0.0,0.0,0.0,0.0,0.0,0.0,0.0,0.0,0.0,0,0.49999999999999994,0.8660254037844387,0.0,0,0,0,0,0,0,1,0,0,0,0,0,1,0,0,0,0,0,1,0,0,1,0,1,14,0.0
CR00045,2025,2,February,2025-02,13,0.0,13,0.0,Financial Modeling,Finance,Free,Advanced,0.0,6.36,1.59,8,16.424418604651162,4.2875,0.3546511627906977,1,0,0,24302,Free,Short,Low,0,2,High,4.2875,70.41969476744185,0.3546511627906977,0.0,0.0,14.0,0.0,14.0,0.0,14.0,0.0,14.0,0.0,14.0,0.0,-0.0714285714285714,0.0,1,0.8660254037844386,0.5000000000000001,0.09090909090909091,0,0,0,0,0,0,1,0,0,0,0,0,1,0,0,0,0,0,1,0,0,1,0,1,13,0.0
CR00045,2025,3,March,2025-03,16,0.0,16,0.0,Financial Modeling,Finance,Free,Advanced,0.0,6.36,1.59,8,16.424418604651162,4.2875,0.3546511627906977,1,0,1,24303,Free,Short,Low,0,2,High,4.2875,70.41969476744185,0.3546511627906977,0.0,0.0,13.0,0.0,13.0,0.0,27.0,0.0,27.0,0.0,27.0,0.0,0.23076923076923084,0.0,1,1.0,6.123233995736766e-17,0.18181818181818182,0,0,0,0,0,0,1,0,0,0,0,0,1,0,0,0,0,0,1,0,0,1,0,1,16,0.0
CR00045,2025,4,April,2025-04,18,0.0,18,0.0,Financial Modeling,Finance,Free,Advanced,0.0,6.36,1.59,8,16.424418604651162,4.2875,0.3546511627906977,2,1,0,24304,Free,Short,Low,0,2,High,4.2875,70.41969476744185,0.3546511627906977,0.0,0.0,16.0,0.0,16.0,0.0,43.0,0.0,43.0,0.0,43.0,0.0,0.125,0.0,1,0.8660254037844387,-0.4999999999999998,0.2727272727272727,0,0,0,0,0,0,1,0,0,0,0,0,1,0,0,0,0,0,1,0,0,1,0,1,18,0.0
CR00045,2025,5,May,2025-05,9,0.0,9,0.0,Financial Modeling,Finance,Free,Advanced,0.0,6.36,1.59,8,16.424418604651162,4.2875,0.3546511627906977,2,0,0,24305,Free,Short,Low,0,2,High,4.2875,70.41969476744185,0.3546511627906977,0.0,0.0,18.0,0.0,18.0,0.0,47.0,0.0,47.0,0.0,61.0,0.0,-0.5,0.0,1,0.49999999999999994,-0.8660254037844387,0.36363636363636365,0,0,0,0,0,0,1,0,0,0,0,0,1,0,0,0,0,0,1,0,0,1,0,1,9,0.0
CR00045,2025,6,June,2025-06,16,0.0,16,0.0,Financial Modeling,Finance,Free,Advanced,0.0,6.36,1.59,8,16.424418604651162,4.2875,0.3546511627906977,2,0,1,24306,Free,Short,Low,0,2,High,4.2875,70.41969476744185,0.3546511627906977,0.0,0.0,9.0,0.0,9.0,0.0,43.0,0.0,43.0,0.0,70.0,0.0,0.7777777777777777,0.0,1,1.2246467991473532e-16,-1.0,0.45454545454545453,0,0,0,0,0,0,1,0,0,0,0,0,1,0,0,0,0,0,1,0,0,1,0,1,16,0.0
CR00045,2025,7,July,2025-07,18,0.0,18,0.0,Financial Modeling,Finance,Free,Advanced,0.0,6.36,1.59,8,16.424418604651162,4.2875,0.3546511627906977,3,1,0,24307,Free,Short,Low,0,2,High,4.2875,70.41969476744185,0.3546511627906977,0.0,0.0,16.0,0.0,16.0,0.0,43.0,0.0,43.0,0.0,86.0,0.0,0.125,0.0,1,-0.4999999999999997,-0.8660254037844388,0.5454545454545454,0,0,0,0,0,0,1,0,0,0,0,0,1,0,0,0,0,0,1,0,0,1,0,1,18,0.0
CR00045,2025,8,August,2025-08,12,0.0,12,0.0,Financial Modeling,Finance,Free,Advanced,0.0,6.36,1.59,8,16.424418604651162,4.2875,0.3546511627906977,3,0,0,24308,Free,Short,Low,0,2,High,4.2875,70.41969476744185,0.3546511627906977,0.0,0.0,18.0,0.0,18.0,0.0,43.0,0.0,43.0,0.0,90.0,0.0,-0.33333333333333337,0.0,1,-0.8660254037844385,-0.5000000000000004,0.6363636363636364,0,0,0,0,0,0,1,0,0,0,0,0,1,0,0,0,0,0,1,0,0,1,0,1,12,0.0
CR00045,2025,9,September,2025-09,15,0.0,15,0.0,Financial Modeling,Finance,Free,Advanced,0.0,6.36,1.59,8,16.424418604651162,4.2875,0.3546511627906977,3,0,1,24309,Free,Short,Low,0,2,High,4.2875,70.41969476744185,0.3546511627906977,0.0,0.0,12.0,0.0,12.0,0.0,46.0,0.0,46.0,0.0,89.0,0.0,0.25,0.0,1,-1.0,-1.8369701987210297e-16,0.7272727272727273,0,0,0,0,0,0,1,0,0,0,0,0,1,0,0,0,0,0,1,0,0,1,0,1,15,0.0
CR00045,2025,10,October,2025-10,15,0.0,15,0.0,Financial Modeling,Finance,Free,Advanced,0.0,6.36,1.59,8,16.424418604651162,4.2875,0.3546511627906977,4,1,0,24310,Free,Short,Low,0,2,High,4.2875,70.41969476744185,0.3546511627906977,0.0,0.0,15.0,0.0,15.0,0.0,45.0,0.0,45.0,0.0,88.0,0.0,0.0,0.0,1,-0.8660254037844386,0.5000000000000001,0.8181818181818182,0,0,0,0,0,0,1,0,0,0,0,0,1,0,0,0,0,0,1,0,0,1,0,1,15,0.0
CR00045,2025,11,November,2025-11,14,0.0,14,0.0,Financial Modeling,Finance,Free,Advanced,0.0,6.36,1.59,8,16.424418604651162,4.2875,0.3546511627906977,4,0,0,24311,Free,Short,Low,0,2,High,4.2875,70.41969476744185,0.3546511627906977,0.0,0.0,15.0,0.0,15.0,0.0,42.0,0.0,42.0,0.0,85.0,0.0,-0.06666666666666665,0.0,1,-0.5000000000000004,0.8660254037844384,0.9090909090909091,0,0,0,0,0,0,1,0,0,0,0,0,1,0,0,0,0,0,1,0,0,1,0,1,14,0.0
CR00045,2025,12,December,2025-12,12,0.0,12,0.0,Financial Modeling,Finance,Free,Advanced,0.0,6.36,1.59,8,16.424418604651162,4.2875,0.3546511627906977,4,0,1,24312,Free,Short,Low,0,2,High,4.2875,70.41969476744185,0.3546511627906977,0.0,0.0,14.0,0.0,14.0,0.0,44.0,0.0,44.0,0.0,90.0,0.0,-0.1428571428571429,0.0,1,-2.4492935982947064e-16,1.0,1.0,0,0,0,0,0,0,1,0,0,0,0,0,1,0,0,0,0,0,1,0,0,1,0,1,12,0.0
CR00046,2025,1,January,2025-01,12,2977.2,12,248.1,AI for Beginners,Artificial Intelligence,Paid,Beginner,248.1,9.4,1.2,8,16.514285714285716,4.051,0.3428571428571428,1,1,0,24301,Medium,Short,Low,1,0,High,4.051,66.89937142857144,0.3428571428571428,12.0,248.1,0.0,0.0,0.0,0.0,0.0,0.0,0.0,0.0,0.0,0.0,0.0,0.0,0,0.49999999999999994,0.8660254037844387,0.0,1,0,0,0,0,0,0,0,0,0,0,0,0,0,0,1,0,0,1,0,0,1,0,1,12,2977.2
CR00046,2025,2,February,2025-02,17,4217.7,17,248.1,AI for Beginners,Artificial Intelligence,Paid,Beginner,248.1,9.4,1.2,8,16.514285714285716,4.051,0.3428571428571428,1,0,0,24302,Medium,Short,Low,1,0,High,4.051,66.89937142857144,0.3428571428571428,17.0,248.1,12.0,2977.2,12.0,248.1,12.0,2977.2,12.0,2977.2,12.0,2977.2,0.41666666666666674,0.41666666666666674,1,0.8660254037844386,0.5000000000000001,0.09090909090909091,1,0,0,0,0,0,0,0,0,0,0,0,0,0,0,1,0,0,1,0,0,1,0,1,17,4217.7
CR00046,2025,3,March,2025-03,13,3225.3,13,248.1,AI for Beginners,Artificial Intelligence,Paid,Beginner,248.1,9.4,1.2,8,16.514285714285716,4.051,0.3428571428571428,1,0,1,24303,Medium,Short,Low,1,0,High,4.051,66.89937142857144,0.3428571428571428,13.000000000000002,248.10000000000002,17.0,4217.7,17.0,248.1,29.0,7194.9,29.0,7194.9,29.0,7194.9,-0.23529411764705888,-0.23529411764705876,1,1.0,6.123233995736766e-17,0.18181818181818182,1,0,0,0,0,0,0,0,0,0,0,0,0,0,0,1,0,0,1,0,0,1,0,1,13,3225.3
CR00046,2025,4,April,2025-04,14,3473.4,14,248.1,AI for Beginners,Artificial Intelligence,Paid,Beginner,248.1,9.4,1.2,8,16.514285714285716,4.051,0.3428571428571428,2,1,0,24304,Medium,Short,Low,1,0,High,4.051,66.89937142857144,0.3428571428571428,14.0,248.1,13.0,3225.3,13.0,248.1,42.0,10420.2,42.0,10420.2,42.0,10420.2,0.07692307692307687,0.07692307692307687,1,0.8660254037844387,-0.4999999999999998,0.2727272727272727,1,0,0,0,0,0,0,0,0,0,0,0,0,0,0,1,0,0,1,0,0,1,0,1,14,3473.4
CR00046,2025,5,May,2025-05,14,3473.4,14,248.1,AI for Beginners,Artificial Intelligence,Paid,Beginner,248.1,9.4,1.2,8,16.514285714285716,4.051,0.3428571428571428,2,0,0,24305,Medium,Short,Low,1,0,High,4.051,66.89937142857144,0.3428571428571428,14.0,248.1,14.0,3473.4,14.0,248.1,44.0,10916.4,44.0,10916.4,56.0,13893.6,0.0,0.0,1,0.49999999999999994,-0.8660254037844387,0.36363636363636365,1,0,0,0,0,0,0,0,0,0,0,0,0,0,0,1,0,0,1,0,0,1,0,1,14,3473.4
CR00046,2025,6,June,2025-06,11,2729.1,11,248.1,AI for Beginners,Artificial Intelligence,Paid,Beginner,248.1,9.4,1.2,8,16.514285714285716,4.051,0.3428571428571428,2,0,1,24306,Medium,Short,Low,1,0,High,4.051,66.89937142857144,0.3428571428571428,11.0,248.1,14.0,3473.4,14.0,248.1,41.0,10172.1,41.0,10172.1,70.0,17367.0,-0.2142857142857143,-0.2142857142857143,1,1.2246467991473532e-16,-1.0,0.45454545454545453,1,0,0,0,0,0,0,0,0,0,0,0,0,0,0,1,0,0,1,0,0,1,0,1,11,2729.1
CR00046,2025,7,July,2025-07,8,1984.8,8,248.1,AI for Beginners,Artificial Intelligence,Paid,Beginner,248.1,9.4,1.2,8,16.514285714285716,4.051,0.3428571428571428,3,1,0,24307,Medium,Short,Low,1,0,High,4.051,66.89937142857144,0.3428571428571428,8.0,248.1,11.0,2729.1,11.0,248.1,39.0,9675.9,39.0,9675.9,81.0,20096.1,-0.2727272727272727,-0.2727272727272727,1,-0.4999999999999997,-0.8660254037844388,0.5454545454545454,1,0,0,0,0,0,0,0,0,0,0,0,0,0,0,1,0,0,1,0,0,1,0,1,8,1984.8
CR00046,2025,8,August,2025-08,12,2977.2,12,248.1,AI for Beginners,Artificial Intelligence,Paid,Beginner,248.1,9.4,1.2,8,16.514285714285716,4.051,0.3428571428571428,3,0,0,24308,Medium,Short,Low,1,0,High,4.051,66.89937142857144,0.3428571428571428,12.0,248.1,8.0,1984.8,8.0,248.1,33.0,8187.3,33.0,8187.3,77.0,19103.7,0.5,0.5,1,-0.8660254037844385,-0.5000000000000004,0.6363636363636364,1,0,0,0,0,0,0,0,0,0,0,0,0,0,0,1,0,0,1,0,0,1,0,1,12,2977.2
CR00046,2025,9,September,2025-09,9,2232.9,9,248.1,AI for Beginners,Artificial Intelligence,Paid,Beginner,248.1,9.4,1.2,8,16.514285714285716,4.051,0.3428571428571428,3,0,1,24309,Medium,Short,Low,1,0,High,4.051,66.89937142857144,0.3428571428571428,9.0,248.10000000000002,12.0,2977.2,12.0,248.1,31.0,7691.099999999999,31.0,7691.099999999999,72.0,17863.2,-0.25,-0.2499999999999999,1,-1.0,-1.8369701987210297e-16,0.7272727272727273,1,0,0,0,0,0,0,0,0,0,0,0,0,0,0,1,0,0,1,0,0,1,0,1,9,2232.9
CR00046,2025,10,October,2025-10,10,2481.0,10,248.1,AI for Beginners,Artificial Intelligence,Paid,Beginner,248.1,9.4,1.2,8,16.514285714285716,4.051,0.3428571428571428,4,1,0,24310,Medium,Short,Low,1,0,High,4.051,66.89937142857144,0.3428571428571428,10.0,248.1,9.0,2232.9,9.0,248.1,29.0,7194.9,29.0,7194.9,68.0,16870.8,0.11111111111111116,0.11111111111111116,1,-0.8660254037844386,0.5000000000000001,0.8181818181818182,1,0,0,0,0,0,0,0,0,0,0,0,0,0,0,1,0,0,1,0,0,1,0,1,10,2481.0
CR00046,2025,11,November,2025-11,14,3473.4,14,248.1,AI for Beginners,Artificial Intelligence,Paid,Beginner,248.1,9.4,1.2,8,16.514285714285716,4.051,0.3428571428571428,4,0,0,24311,Medium,Short,Low,1,0,High,4.051,66.89937142857144,0.3428571428571428,14.0,248.1,10.0,2481.0,10.0,248.1,31.0,7691.1,31.0,7691.1,64.0,15878.4,0.3999999999999999,0.40000000000000013,1,-0.5000000000000004,0.8660254037844384,0.9090909090909091,1,0,0,0,0,0,0,0,0,0,0,0,0,0,0,1,0,0,1,0,0,1,0,1,14,3473.4
CR00046,2025,12,December,2025-12,6,1488.6,6,248.1,AI for Beginners,Artificial Intelligence,Paid,Beginner,248.1,9.4,1.2,8,16.514285714285716,4.051,0.3428571428571428,4,0,1,24312,Medium,Short,Low,1,0,High,4.051,66.89937142857144,0.3428571428571428,6.0,248.1,14.0,3473.4,14.0,248.1,33.0,8187.3,33.0,8187.3,64.0,15878.4,-0.5714285714285714,-0.5714285714285714,1,-2.4492935982947064e-16,1.0,1.0,1,0,0,0,0,0,0,0,0,0,0,0,0,0,0,1,0,0,1,0,0,1,0,1,6,1488.6
CR00047,2025,1,January,2025-01,18,1612.62,18,89.59,Natural Language Processing,Artificial Intelligence,Paid,Intermediate,89.59,1.55,2.68,8,15.265060240963855,3.9598795180722894,0.4096385542168674,1,1,0,24301,Low,Short,Medium,1,1,High,3.9598795180722894,60.44779939033242,0.4096385542168674,17.999999999999996,89.58999999999999,0.0,0.0,0.0,0.0,0.0,0.0,0.0,0.0,0.0,0.0,0.0,0.0,0,0.49999999999999994,0.8660254037844387,0.0,1,0,0,0,0,0,0,0,0,0,0,0,0,0,1,0,0,0,1,0,0,0,1,1,18,1612.62
CR00047,2025,2,February,2025-02,15,1343.85,15,89.59,Natural Language Processing,Artificial Intelligence,Paid,Intermediate,89.59,1.55,2.68,8,15.265060240963855,3.9598795180722894,0.4096385542168674,1,0,0,24302,Low,Short,Medium,1,1,High,3.9598795180722894,60.44779939033242,0.4096385542168674,14.999999999999998,89.58999999999999,18.0,1612.62,18.0,89.59,18.0,1612.62,18.0,1612.62,18.0,1612.62,-0.16666666666666663,-0.16666666666666663,1,0.8660254037844386,0.5000000000000001,0.09090909090909091,1,0,0,0,0,0,0,0,0,0,0,0,0,0,1,0,0,0,1,0,0,0,1,1,15,1343.85
CR00047,2025,3,March,2025-03,17,1523.03,17,89.59,Natural Language Processing,Artificial Intelligence,Paid,Intermediate,89.59,1.55,2.68,8,15.265060240963855,3.9598795180722894,0.4096385542168674,1,0,1,24303,Low,Short,Medium,1,1,High,3.9598795180722894,60.44779939033242,0.4096385542168674,17.0,89.59,15.0,1343.85,15.0,89.59,33.0,2956.47,33.0,2956.47,33.0,2956.47,0.1333333333333333,0.1333333333333333,1,1.0,6.123233995736766e-17,0.18181818181818182,1,0,0,0,0,0,0,0,0,0,0,0,0,0,1,0,0,0,1,0,0,0,1,1,17,1523.03
CR00047,2025,4,April,2025-04,9,806.3100000000001,9,89.59,Natural Language Processing,Artificial Intelligence,Paid,Intermediate,89.59,1.55,2.68,8,15.265060240963855,3.9598795180722894,0.4096385542168674,2,1,0,24304,Low,Short,Medium,1,1,High,3.9598795180722894,60.44779939033242,0.4096385542168674,9.0,89.59,17.0,1523.03,17.0,89.59,50.0,4479.5,50.0,4479.5,50.0,4479.5,-0.47058823529411764,-0.47058823529411764,1,0.8660254037844387,-0.4999999999999998,0.2727272727272727,1,0,0,0,0,0,0,0,0,0,0,0,0,0,1,0,0,0,1,0,0,0,1,1,9,806.3100000000001
CR00047,2025,5,May,2025-05,13,1164.67,13,89.59,Natural Language Processing,Artificial Intelligence,Paid,Intermediate,89.59,1.55,2.68,8,15.265060240963855,3.9598795180722894,0.4096385542168674,2,0,0,24305,Low,Short,Medium,1,1,High,3.9598795180722894,60.44779939033242,0.4096385542168674,13.0,89.59,9.0,806.3100000000001,9.0,89.59,41.0,3673.19,41.0,3673.19,59.0,5285.8099999999995,0.4444444444444444,0.4444444444444444,1,0.49999999999999994,-0.8660254037844387,0.36363636363636365,1,0,0,0,0,0,0,0,0,0,0,0,0,0,1,0,0,0,1,0,0,0,1,1,13,1164.67
CR00047,2025,6,June,2025-06,14,1254.26,14,89.59,Natural Language Processing,Artificial Intelligence,Paid,Intermediate,89.59,1.55,2.68,8,15.265060240963855,3.9598795180722894,0.4096385542168674,2,0,1,24306,Low,Short,Medium,1,1,High,3.9598795180722894,60.44779939033242,0.4096385542168674,14.0,89.59,13.0,1164.67,13.0,89.59,39.0,3494.01,39.0,3494.01,72.0,6450.48,0.07692307692307687,0.07692307692307687,1,1.2246467991473532e-16,-1.0,0.45454545454545453,1,0,0,0,0,0,0,0,0,0,0,0,0,0,1,0,0,0,1,0,0,0,1,1,14,1254.26
CR00047,2025,7,July,2025-07,16,1433.44,16,89.59,Natural Language Processing,Artificial Intelligence,Paid,Intermediate,89.59,1.55,2.68,8,15.265060240963855,3.9598795180722894,0.4096385542168674,3,1,0,24307,Low,Short,Medium,1,1,High,3.9598795180722894,60.44779939033242,0.4096385542168674,16.0,89.59,14.0,1254.26,14.0,89.59,36.0,3225.2400000000002,36.0,3225.2400000000002,86.0,7704.74,0.1428571428571428,0.14285714285714302,1,-0.4999999999999997,-0.8660254037844388,0.5454545454545454,1,0,0,0,0,0,0,0,0,0,0,0,0,0,1,0,0,0,1,0,0,0,1,1,16,1433.44
CR00047,2025,8,August,2025-08,10,895.9000000000001,10,89.59,Natural Language Processing,Artificial Intelligence,Paid,Intermediate,89.59,1.55,2.68,8,15.265060240963855,3.9598795180722894,0.4096385542168674,3,0,0,24308,Low,Short,Medium,1,1,High,3.9598795180722894,60.44779939033242,0.4096385542168674,10.0,89.59,16.0,1433.44,16.0,89.59,43.0,3852.3700000000003,43.0,3852.3700000000003,84.0,7525.56,-0.375,-0.375,1,-0.8660254037844385,-0.5000000000000004,0.6363636363636364,1,0,0,0,0,0,0,0,0,0,0,0,0,0,1,0,0,0,1,0,0,0,1,1,10,895.9000000000001
CR00047,2025,9,September,2025-09,10,895.9000000000001,10,89.59,Natural Language Processing,Artificial Intelligence,Paid,Intermediate,89.59,1.55,2.68,8,15.265060240963855,3.9598795180722894,0.4096385542168674,3,0,1,24309,Low,Short,Medium,1,1,High,3.9598795180722894,60.44779939033242,0.4096385542168674,10.0,89.59,10.0,895.9000000000001,10.0,89.59,40.0,3583.6000000000004,40.0,3583.6000000000004,79.0,7077.610000000001,0.0,0.0,1,-1.0,-1.8369701987210297e-16,0.7272727272727273,1,0,0,0,0,0,0,0,0,0,0,0,0,0,1,0,0,0,1,0,0,0,1,1,10,895.9000000000001
CR00047,2025,10,October,2025-10,13,1164.67,13,89.59,Natural Language Processing,Artificial Intelligence,Paid,Intermediate,89.59,1.55,2.68,8,15.265060240963855,3.9598795180722894,0.4096385542168674,4,1,0,24310,Low,Short,Medium,1,1,High,3.9598795180722894,60.44779939033242,0.4096385542168674,13.0,89.59,10.0,895.9000000000001,10.0,89.59,36.0,3225.2400000000002,36.0,3225.2400000000002,72.0,6450.4800000000005,0.30000000000000004,0.30000000000000004,1,-0.8660254037844386,0.5000000000000001,0.8181818181818182,1,0,0,0,0,0,0,0,0,0,0,0,0,0,1,0,0,0,1,0,0,0,1,1,13,1164.67
CR00047,2025,11,November,2025-11,18,1612.62,18,89.59,Natural Language Processing,Artificial Intelligence,Paid,Intermediate,89.59,1.55,2.68,8,15.265060240963855,3.9598795180722894,0.4096385542168674,4,0,0,24311,Low,Short,Medium,1,1,High,3.9598795180722894,60.44779939033242,0.4096385542168674,17.999999999999996,89.58999999999999,13.0,1164.67,13.0,89.59,33.0,2956.4700000000003,33.0,2956.4700000000003,76.0,6808.840000000001,0.3846153846153846,0.38461538461538436,1,-0.5000000000000004,0.8660254037844384,0.9090909090909091,1,0,0,0,0,0,0,0,0,0,0,0,0,0,1,0,0,0,1,0,0,0,1,1,18,1612.62
CR00047,2025,12,December,2025-12,13,1164.67,13,89.59,Natural Language Processing,Artificial Intelligence,Paid,Intermediate,89.59,1.55,2.68,8,15.265060240963855,3.9598795180722894,0.4096385542168674,4,0,1,24312,Low,Short,Medium,1,1,High,3.9598795180722894,60.44779939033242,0.4096385542168674,13.0,89.59,18.0,1612.62,18.0,89.59,41.0,3673.1900000000005,41.0,3673.1900000000005,81.0,7256.79,-0.2777777777777778,-0.2777777777777777,1,-2.4492935982947064e-16,1.0,1.0,1,0,0,0,0,0,0,0,0,0,0,0,0,0,1,0,0,0,1,0,0,0,1,1,13,1164.67
CR00048,2025,1,January,2025-01,13,0.0,13,0.0,AI Ethics,Artificial Intelligence,Free,Beginner,0.0,42.7,3.64,8,15.844086021505376,4.057526881720429,0.3655913978494624,1,1,0,24301,Free,Long,Good,0,0,High,4.057526881720429,64.28780494854895,0.3655913978494624,0.0,0.0,0.0,0.0,0.0,0.0,0.0,0.0,0.0,0.0,0.0,0.0,0.0,0.0,0,0.49999999999999994,0.8660254037844387,0.0,1,0,0,0,0,0,0,0,0,0,0,0,1,0,0,0,1,0,0,0,1,0,0,1,13,0.0
CR00048,2025,2,February,2025-02,19,0.0,19,0.0,AI Ethics,Artificial Intelligence,Free,Beginner,0.0,42.7,3.64,8,15.844086021505376,4.057526881720429,0.3655913978494624,1,0,0,24302,Free,Long,Good,0,0,High,4.057526881720429,64.28780494854895,0.3655913978494624,0.0,0.0,13.0,0.0,13.0,0.0,13.0,0.0,13.0,0.0,13.0,0.0,0.46153846153846145,0.0,1,0.8660254037844386,0.5000000000000001,0.09090909090909091,1,0,0,0,0,0,0,0,0,0,0,0,1,0,0,0,1,0,0,0,1,0,0,1,19,0.0
CR00048,2025,3,March,2025-03,19,0.0,19,0.0,AI Ethics,Artificial Intelligence,Free,Beginner,0.0,42.7,3.64,8,15.844086021505376,4.057526881720429,0.3655913978494624,1,0,1,24303,Free,Long,Good,0,0,High,4.057526881720429,64.28780494854895,0.3655913978494624,0.0,0.0,19.0,0.0,19.0,0.0,32.0,0.0,32.0,0.0,32.0,0.0,0.0,0.0,1,1.0,6.123233995736766e-17,0.18181818181818182,1,0,0,0,0,0,0,0,0,0,0,0,1,0,0,0,1,0,0,0,1,0,0,1,19,0.0
CR00048,2025,4,April,2025-04,13,0.0,13,0.0,AI Ethics,Artificial Intelligence,Free,Beginner,0.0,42.7,3.64,8,15.844086021505376,4.057526881720429,0.3655913978494624,2,1,0,24304,Free,Long,Good,0,0,High,4.057526881720429,64.28780494854895,0.3655913978494624,0.0,0.0,19.0,0.0,19.0,0.0,51.0,0.0,51.0,0.0,51.0,0.0,-0.3157894736842105,0.0,1,0.8660254037844387,-0.4999999999999998,0.2727272727272727,1,0,0,0,0,0,0,0,0,0,0,0,1,0,0,0,1,0,0,0,1,0,0,1,13,0.0
CR00048,2025,5,May,2025-05,16,0.0,16,0.0,AI Ethics,Artificial Intelligence,Free,Beginner,0.0,42.7,3.64,8,15.844086021505376,4.057526881720429,0.3655913978494624,2,0,0,24305,Free,Long,Good,0,0,High,4.057526881720429,64.28780494854895,0.3655913978494624,0.0,0.0,13.0,0.0,13.0,0.0,51.0,0.0,51.0,0.0,64.0,0.0,0.23076923076923084,0.0,1,0.49999999999999994,-0.8660254037844387,0.36363636363636365,1,0,0,0,0,0,0,0,0,0,0,0,1,0,0,0,1,0,0,0,1,0,0,1,16,0.0
CR00048,2025,6,June,2025-06,15,0.0,15,0.0,AI Ethics,Artificial Intelligence,Free,Beginner,0.0,42.7,3.64,8,15.844086021505376,4.057526881720429,0.3655913978494624,2,0,1,24306,Free,Long,Good,0,0,High,4.057526881720429,64.28780494854895,0.3655913978494624,0.0,0.0,16.0,0.0,16.0,0.0,48.0,0.0,48.0,0.0,80.0,0.0,-0.0625,0.0,1,1.2246467991473532e-16,-1.0,0.45454545454545453,1,0,0,0,0,0,0,0,0,0,0,0,1,0,0,0,1,0,0,0,1,0,0,1,15,0.0
CR00048,2025,7,July,2025-07,14,0.0,14,0.0,AI Ethics,Artificial Intelligence,Free,Beginner,0.0,42.7,3.64,8,15.844086021505376,4.057526881720429,0.3655913978494624,3,1,0,24307,Free,Long,Good,0,0,High,4.057526881720429,64.28780494854895,0.3655913978494624,0.0,0.0,15.0,0.0,15.0,0.0,44.0,0.0,44.0,0.0,95.0,0.0,-0.06666666666666665,0.0,1,-0.4999999999999997,-0.8660254037844388,0.5454545454545454,1,0,0,0,0,0,0,0,0,0,0,0,1,0,0,0,1,0,0,0,1,0,0,1,14,0.0
CR00048,2025,8,August,2025-08,22,0.0,22,0.0,AI Ethics,Artificial Intelligence,Free,Beginner,0.0,42.7,3.64,8,15.844086021505376,4.057526881720429,0.3655913978494624,3,0,0,24308,Free,Long,Good,0,0,High,4.057526881720429,64.28780494854895,0.3655913978494624,0.0,0.0,14.0,0.0,14.0,0.0,45.0,0.0,45.0,0.0,96.0,0.0,0.5714285714285714,0.0,1,-0.8660254037844385,-0.5000000000000004,0.6363636363636364,1,0,0,0,0,0,0,0,0,0,0,0,1,0,0,0,1,0,0,0,1,0,0,1,22,0.0
CR00048,2025,9,September,2025-09,12,0.0,12,0.0,AI Ethics,Artificial Intelligence,Free,Beginner,0.0,42.7,3.64,8,15.844086021505376,4.057526881720429,0.3655913978494624,3,0,1,24309,Free,Long,Good,0,0,High,4.057526881720429,64.28780494854895,0.3655913978494624,0.0,0.0,22.0,0.0,22.0,0.0,51.0,0.0,51.0,0.0,99.0,0.0,-0.4545454545454546,0.0,1,-1.0,-1.8369701987210297e-16,0.7272727272727273,1,0,0,0,0,0,0,0,0,0,0,0,1,0,0,0,1,0,0,0,1,0,0,1,12,0.0
CR00048,2025,10,October,2025-10,8,0.0,8,0.0,AI Ethics,Artificial Intelligence,Free,Beginner,0.0,42.7,3.64,8,15.844086021505376,4.057526881720429,0.3655913978494624,4,1,0,24310,Free,Long,Good,0,0,High,4.057526881720429,64.28780494854895,0.3655913978494624,0.0,0.0,12.0,0.0,12.0,0.0,48.0,0.0,48.0,0.0,92.0,0.0,-0.33333333333333337,0.0,1,-0.8660254037844386,0.5000000000000001,0.8181818181818182,1,0,0,0,0,0,0,0,0,0,0,0,1,0,0,0,1,0,0,0,1,0,0,1,8,0.0
CR00048,2025,11,November,2025-11,13,0.0,13,0.0,AI Ethics,Artificial Intelligence,Free,Beginner,0.0,42.7,3.64,8,15.844086021505376,4.057526881720429,0.3655913978494624,4,0,0,24311,Free,Long,Good,0,0,High,4.057526881720429,64.28780494854895,0.3655913978494624,0.0,0.0,8.0,0.0,8.0,0.0,42.0,0.0,42.0,0.0,87.0,0.0,0.625,0.0,1,-0.5000000000000004,0.8660254037844384,0.9090909090909091,1,0,0,0,0,0,0,0,0,0,0,0,1,0,0,0,1,0,0,0,1,0,0,1,13,0.0
CR00048,2025,12,December,2025-12,22,0.0,22,0.0,AI Ethics,Artificial Intelligence,Free,Beginner,0.0,42.7,3.64,8,15.844086021505376,4.057526881720429,0.3655913978494624,4,0,1,24312,Free,Long,Good,0,0,High,4.057526881720429,64.28780494854895,0.3655913978494624,0.0,0.0,13.0,0.0,13.0,0.0,33.0,0.0,33.0,0.0,84.0,0.0,0.6923076923076923,0.0,1,-2.4492935982947064e-16,1.0,1.0,1,0,0,0,0,0,0,0,0,0,0,0,1,0,0,0,1,0,0,0,1,0,0,1,22,0.0
CR00049,2025,1,January,2025-01,22,9141.22,22,415.51,Deep Learning,Artificial Intelligence,Paid,Intermediate,415.51,28.33,3.11,8,15.39877300613497,4.038711656441717,0.3926380368098159,1,1,0,24301,High,Medium,Good,1,1,High,4.038711656441717,62.191204034777364,0.3926380368098159,22.0,415.51,0.0,0.0,0.0,0.0,0.0,0.0,0.0,0.0,0.0,0.0,0.0,0.0,0,0.49999999999999994,0.8660254037844387,0.0,1,0,0,0,0,0,0,0,0,0,0,0,0,1,0,0,0,1,0,0,1,0,0,1,22,9141.22
CR00049,2025,2,February,2025-02,11,4570.61,11,415.51,Deep Learning,Artificial Intelligence,Paid,Intermediate,415.51,28.33,3.11,8,15.39877300613497,4.038711656441717,0.3926380368098159,1,0,0,24302,High,Medium,Good,1,1,High,4.038711656441717,62.191204034777364,0.3926380368098159,11.0,415.51,22.0,9141.22,22.0,415.51,22.0,9141.22,22.0,9141.22,22.0,9141.22,-0.5,-0.5,1,0.8660254037844386,0.5000000000000001,0.09090909090909091,1,0,0,0,0,0,0,0,0,0,0,0,0,1,0,0,0,1,0,0,1,0,0,1,11,4570.61
CR00049,2025,3,March,2025-03,12,4986.12,12,415.51,Deep Learning,Artificial Intelligence,Paid,Intermediate,415.51,28.33,3.11,8,15.39877300613497,4.038711656441717,0.3926380368098159,1,0,1,24303,High,Medium,Good,1,1,High,4.038711656441717,62.191204034777364,0.3926380368098159,12.0,415.51,11.0,4570.61,11.0,415.51,33.0,13711.829999999998,33.0,13711.829999999998,33.0,13711.829999999998,0.09090909090909083,0.09090909090909105,1,1.0,6.123233995736766e-17,0.18181818181818182,1,0,0,0,0,0,0,0,0,0,0,0,0,1,0,0,0,1,0,0,1,0,0,1,12,4986.12
CR00049,2025,4,April,2025-04,10,4155.1,10,415.5100000000001,Deep Learning,Artificial Intelligence,Paid,Intermediate,415.51,28.33,3.11,8,15.39877300613497,4.038711656441717,0.3926380368098159,2,1,0,24304,High,Medium,Good,1,1,High,4.038711656441717,62.191204034777364,0.3926380368098159,10.000000000000002,415.51000000000005,12.0,4986.12,12.0,415.51,45.0,18697.949999999997,45.0,18697.949999999997,45.0,18697.949999999997,-0.16666666666666663,-0.16666666666666663,1,0.8660254037844387,-0.4999999999999998,0.2727272727272727,1,0,0,0,0,0,0,0,0,0,0,0,0,1,0,0,0,1,0,0,1,0,0,1,10,4155.1
CR00049,2025,5,May,2025-05,10,4155.1,10,415.5100000000001,Deep Learning,Artificial Intelligence,Paid,Intermediate,415.51,28.33,3.11,8,15.39877300613497,4.038711656441717,0.3926380368098159,2,0,0,24305,High,Medium,Good,1,1,High,4.038711656441717,62.191204034777364,0.3926380368098159,10.000000000000002,415.51000000000005,10.0,4155.1,10.0,415.5100000000001,33.0,13711.83,33.0,13711.83,55.0,22853.05,0.0,0.0,1,0.49999999999999994,-0.8660254037844387,0.36363636363636365,1,0,0,0,0,0,0,0,0,0,0,0,0,1,0,0,0,1,0,0,1,0,0,1,10,4155.1
CR00049,2025,6,June,2025-06,13,5401.63,13,415.51,Deep Learning,Artificial Intelligence,Paid,Intermediate,415.51,28.33,3.11,8,15.39877300613497,4.038711656441717,0.3926380368098159,2,0,1,24306,High,Medium,Good,1,1,High,4.038711656441717,62.191204034777364,0.3926380368098159,13.0,415.51,10.0,4155.1,10.0,415.5100000000001,32.0,13296.320000000002,32.0,13296.320000000002,65.0,27008.15,0.30000000000000004,0.2999999999999998,1,1.2246467991473532e-16,-1.0,0.45454545454545453,1,0,0,0,0,0,0,0,0,0,0,0,0,1,0,0,0,1,0,0,1,0,0,1,13,5401.63
CR00049,2025,7,July,2025-07,15,6232.65,15,415.51,Deep Learning,Artificial Intelligence,Paid,Intermediate,415.51,28.33,3.11,8,15.39877300613497,4.038711656441717,0.3926380368098159,3,1,0,24307,High,Medium,Good,1,1,High,4.038711656441717,62.191204034777364,0.3926380368098159,15.0,415.51,13.0,5401.63,13.0,415.51,33.0,13711.830000000002,33.0,13711.830000000002,78.0,32409.78,0.15384615384615374,0.15384615384615374,1,-0.4999999999999997,-0.8660254037844388,0.5454545454545454,1,0,0,0,0,0,0,0,0,0,0,0,0,1,0,0,0,1,0,0,1,0,0,1,15,6232.65
CR00049,2025,8,August,2025-08,11,4570.61,11,415.51,Deep Learning,Artificial Intelligence,Paid,Intermediate,415.51,28.33,3.11,8,15.39877300613497,4.038711656441717,0.3926380368098159,3,0,0,24308,High,Medium,Good,1,1,High,4.038711656441717,62.191204034777364,0.3926380368098159,11.0,415.51,15.0,6232.65,15.0,415.51,38.0,15789.380000000001,38.0,15789.380000000001,71.0,29501.21,-0.2666666666666667,-0.2666666666666667,1,-0.8660254037844385,-0.5000000000000004,0.6363636363636364,1,0,0,0,0,0,0,0,0,0,0,0,0,1,0,0,0,1,0,0,1,0,0,1,11,4570.61
CR00049,2025,9,September,2025-09,11,4570.61,11,415.51,Deep Learning,Artificial Intelligence,Paid,Intermediate,415.51,28.33,3.11,8,15.39877300613497,4.038711656441717,0.3926380368098159,3,0,1,24309,High,Medium,Good,1,1,High,4.038711656441717,62.191204034777364,0.3926380368098159,11.0,415.51,11.0,4570.61,11.0,415.51,39.0,16204.89,39.0,16204.89,71.0,29501.21,0.0,0.0,1,-1.0,-1.8369701987210297e-16,0.7272727272727273,1,0,0,0,0,0,0,0,0,0,0,0,0,1,0,0,0,1,0,0,1,0,0,1,11,4570.61
CR00049,2025,10,October,2025-10,15,6232.65,15,415.51,Deep Learning,Artificial Intelligence,Paid,Intermediate,415.51,28.33,3.11,8,15.39877300613497,4.038711656441717,0.3926380368098159,4,1,0,24310,High,Medium,Good,1,1,High,4.038711656441717,62.191204034777364,0.3926380368098159,15.0,415.51,11.0,4570.61,11.0,415.51,37.0,15373.869999999999,37.0,15373.869999999999,70.0,29085.699999999997,0.36363636363636354,0.36363636363636376,1,-0.8660254037844386,0.5000000000000001,0.8181818181818182,1,0,0,0,0,0,0,0,0,0,0,0,0,1,0,0,0,1,0,0,1,0,0,1,15,6232.65
CR00049,2025,11,November,2025-11,17,7063.67,17,415.51,Deep Learning,Artificial Intelligence,Paid,Intermediate,415.51,28.33,3.11,8,15.39877300613497,4.038711656441717,0.3926380368098159,4,0,0,24311,High,Medium,Good,1,1,High,4.038711656441717,62.191204034777364,0.3926380368098159,17.0,415.51,15.0,6232.65,15.0,415.51,37.0,15373.869999999999,37.0,15373.869999999999,75.0,31163.25,0.1333333333333333,0.1333333333333333,1,-0.5000000000000004,0.8660254037844384,0.9090909090909091,1,0,0,0,0,0,0,0,0,0,0,0,0,1,0,0,0,1,0,0,1,0,0,1,17,7063.67
CR00049,2025,12,December,2025-12,16,6648.16,16,415.51,Deep Learning,Artificial Intelligence,Paid,Intermediate,415.51,28.33,3.11,8,15.39877300613497,4.038711656441717,0.3926380368098159,4,0,1,24312,High,Medium,Good,1,1,High,4.038711656441717,62.191204034777364,0.3926380368098159,16.0,415.51,17.0,7063.67,17.0,415.51,43.0,17866.93,43.0,17866.93,82.0,34071.82,-0.05882352941176472,-0.05882352941176472,1,-2.4492935982947064e-16,1.0,1.0,1,0,0,0,0,0,0,0,0,0,0,0,0,1,0,0,0,1,0,0,1,0,0,1,16,6648.16
CR00050,2025,1,January,2025-01,15,7363.5,15,490.9,Computer Vision,Artificial Intelligence,Paid,Beginner,490.9,7.55,4.55,8,15.21264367816092,3.9402873563218392,0.4137931034482758,1,1,0,24301,High,Short,Excellent,1,0,High,3.9402873563218392,59.94218754128683,0.4137931034482758,15.0,490.9,0.0,0.0,0.0,0.0,0.0,0.0,0.0,0.0,0.0,0.0,0.0,0.0,0,0.49999999999999994,0.8660254037844387,0.0,1,0,0,0,0,0,0,0,0,0,0,0,0,1,0,0,0,0,1,1,0,0,0,1,15,7363.5
CR00050,2025,2,February,2025-02,19,9327.1,19,490.9,Computer Vision,Artificial Intelligence,Paid,Beginner,490.9,7.55,4.55,8,15.21264367816092,3.9402873563218392,0.4137931034482758,1,0,0,24302,High,Short,Excellent,1,0,High,3.9402873563218392,59.94218754128683,0.4137931034482758,19.0,490.90000000000003,15.0,7363.5,15.0,490.9,15.0,7363.5,15.0,7363.5,15.0,7363.5,0.2666666666666666,0.2666666666666666,1,0.8660254037844386,0.5000000000000001,0.09090909090909091,1,0,0,0,0,0,0,0,0,0,0,0,0,1,0,0,0,0,1,1,0,0,0,1,19,9327.1
CR00050,2025,3,March,2025-03,23,11290.7,23,490.9,Computer Vision,Artificial Intelligence,Paid,Beginner,490.9,7.55,4.55,8,15.21264367816092,3.9402873563218392,0.4137931034482758,1,0,1,24303,High,Short,Excellent,1,0,High,3.9402873563218392,59.94218754128683,0.4137931034482758,23.000000000000004,490.90000000000003,19.0,9327.1,19.0,490.9,34.0,16690.6,34.0,16690.6,34.0,16690.6,0.21052631578947367,0.21052631578947367,1,1.0,6.123233995736766e-17,0.18181818181818182,1,0,0,0,0,0,0,0,0,0,0,0,0,1,0,0,0,0,1,1,0,0,0,1,23,11290.7
CR00050,2025,4,April,2025-04,15,7363.5,15,490.9,Computer Vision,Artificial Intelligence,Paid,Beginner,490.9,7.55,4.55,8,15.21264367816092,3.9402873563218392,0.4137931034482758,2,1,0,24304,High,Short,Excellent,1,0,High,3.9402873563218392,59.94218754128683,0.4137931034482758,15.0,490.9,23.0,11290.7,23.0,490.9,57.0,27981.300000000003,57.0,27981.300000000003,57.0,27981.300000000003,-0.34782608695652173,-0.34782608695652173,1,0.8660254037844387,-0.4999999999999998,0.2727272727272727,1,0,0,0,0,0,0,0,0,0,0,0,0,1,0,0,0,0,1,1,0,0,0,1,15,7363.5
CR00050,2025,5,May,2025-05,10,4909.0,10,490.9,Computer Vision,Artificial Intelligence,Paid,Beginner,490.9,7.55,4.55,8,15.21264367816092,3.9402873563218392,0.4137931034482758,2,0,0,24305,High,Short,Excellent,1,0,High,3.9402873563218392,59.94218754128683,0.4137931034482758,10.0,490.9,15.0,7363.5,15.0,490.9,57.0,27981.300000000003,57.0,27981.300000000003,72.0,35344.8,-0.33333333333333337,-0.33333333333333337,1,0.49999999999999994,-0.8660254037844387,0.36363636363636365,1,0,0,0,0,0,0,0,0,0,0,0,0,1,0,0,0,0,1,1,0,0,0,1,10,4909.0
CR00050,2025,6,June,2025-06,16,7854.4,16,490.9,Computer Vision,Artificial Intelligence,Paid,Beginner,490.9,7.55,4.55,8,15.21264367816092,3.9402873563218392,0.4137931034482758,2,0,1,24306,High,Short,Excellent,1,0,High,3.9402873563218392,59.94218754128683,0.4137931034482758,16.0,490.9,10.0,4909.0,10.0,490.9,48.0,23563.200000000004,48.0,23563.200000000004,82.0,40253.8,0.6000000000000001,0.5999999999999999,1,1.2246467991473532e-16,-1.0,0.45454545454545453,1,0,0,0,0,0,0,0,0,0,0,0,0,1,0,0,0,0,1,1,0,0,0,1,16,7854.4
CR00050,2025,7,July,2025-07,13,6381.7,13,490.9,Computer Vision,Artificial Intelligence,Paid,Beginner,490.9,7.55,4.55,8,15.21264367816092,3.9402873563218392,0.4137931034482758,3,1,0,24307,High,Short,Excellent,1,0,High,3.9402873563218392,59.94218754128683,0.4137931034482758,13.0,490.9,16.0,7854.4,16.0,490.9,41.0,20126.9,41.0,20126.9,98.0,48108.2,-0.1875,-0.1875,1,-0.4999999999999997,-0.8660254037844388,0.5454545454545454,1,0,0,0,0,0,0,0,0,0,0,0,0,1,0,0,0,0,1,1,0,0,0,1,13,6381.7
CR00050,2025,8,August,2025-08,8,3927.2,8,490.9,Computer Vision,Artificial Intelligence,Paid,Beginner,490.9,7.55,4.55,8,15.21264367816092,3.9402873563218392,0.4137931034482758,3,0,0,24308,High,Short,Excellent,1,0,High,3.9402873563218392,59.94218754128683,0.4137931034482758,8.0,490.9,13.0,6381.7,13.0,490.9,39.0,19145.1,39.0,19145.1,96.0,47126.4,-0.3846153846153846,-0.3846153846153846,1,-0.8660254037844385,-0.5000000000000004,0.6363636363636364,1,0,0,0,0,0,0,0,0,0,0,0,0,1,0,0,0,0,1,1,0,0,0,1,8,3927.2
CR00050,2025,9,September,2025-09,12,5890.799999999999,12,490.8999999999999,Computer Vision,Artificial Intelligence,Paid,Beginner,490.9,7.55,4.55,8,15.21264367816092,3.9402873563218392,0.4137931034482758,3,0,1,24309,High,Short,Excellent,1,0,High,3.9402873563218392,59.94218754128683,0.4137931034482758,11.999999999999998,490.8999999999999,8.0,3927.2,8.0,490.9,37.0,18163.3,37.0,18163.3,85.0,41726.5,0.5,0.4999999999999998,1,-1.0,-1.8369701987210297e-16,0.7272727272727273,1,0,0,0,0,0,0,0,0,0,0,0,0,1,0,0,0,0,1,1,0,0,0,1,12,5890.799999999999
CR00050,2025,10,October,2025-10,13,6381.7,13,490.9,Computer Vision,Artificial Intelligence,Paid,Beginner,490.9,7.55,4.55,8,15.21264367816092,3.9402873563218392,0.4137931034482758,4,1,0,24310,High,Short,Excellent,1,0,High,3.9402873563218392,59.94218754128683,0.4137931034482758,13.0,490.9,12.0,5890.799999999999,12.0,490.8999999999999,33.0,16199.699999999999,33.0,16199.699999999999,74.0,36326.6,0.08333333333333326,0.08333333333333348,1,-0.8660254037844386,0.5000000000000001,0.8181818181818182,1,0,0,0,0,0,0,0,0,0,0,0,0,1,0,0,0,0,1,1,0,0,0,1,13,6381.7
CR00050,2025,11,November,2025-11,17,8345.3,17,490.9,Computer Vision,Artificial Intelligence,Paid,Beginner,490.9,7.55,4.55,8,15.21264367816092,3.9402873563218392,0.4137931034482758,4,0,0,24311,High,Short,Excellent,1,0,High,3.9402873563218392,59.94218754128683,0.4137931034482758,17.0,490.9,13.0,6381.7,13.0,490.9,33.0,16199.7,33.0,16199.7,72.0,35344.799999999996,0.3076923076923077,0.3076923076923077,1,-0.5000000000000004,0.8660254037844384,0.9090909090909091,1,0,0,0,0,0,0,0,0,0,0,0,0,1,0,0,0,0,1,1,0,0,0,1,17,8345.3
CR00050,2025,12,December,2025-12,13,6381.7,13,490.9,Computer Vision,Artificial Intelligence,Paid,Beginner,490.9,7.55,4.55,8,15.21264367816092,3.9402873563218392,0.4137931034482758,4,0,1,24312,High,Short,Excellent,1,0,High,3.9402873563218392,59.94218754128683,0.4137931034482758,13.0,490.9,17.0,8345.3,17.0,490.9,42.0,20617.8,42.0,20617.8,79.0,38781.09999999999,-0.23529411764705888,-0.23529411764705876,1,-2.4492935982947064e-16,1.0,1.0,1,0,0,0,0,0,0,0,0,0,0,0,0,1,0,0,0,0,1,1,0,0,0,1,13,6381.7
CR00051,2025,1,January,2025-01,10,378.9,10,37.89,HTML & CSS,Web Development,Paid,Advanced,37.89,24.11,1.3,20,15.690058479532164,4.0678947368421055,0.2923976608187134,1,1,0,24301,Low,Medium,Low,1,2,High,4.0678947368421055,63.82550630963374,0.2923976608187134,10.0,37.89,0.0,0.0,0.0,0.0,0.0,0.0,0.0,0.0,0.0,0.0,0.0,0.0,0,0.49999999999999994,0.8660254037844387,0.0,0,0,0,0,0,0,0,0,0,0,0,1,0,0,1,0,0,1,0,0,0,1,0,1,10,378.9
CR00051,2025,2,February,2025-02,15,568.35,15,37.89,HTML & CSS,Web Development,Paid,Advanced,37.89,24.11,1.3,20,15.690058479532164,4.0678947368421055,0.2923976608187134,1,0,0,24302,Low,Medium,Low,1,2,High,4.0678947368421055,63.82550630963374,0.2923976608187134,15.0,37.89,10.0,378.9,10.0,37.89,10.0,378.9,10.0,378.9,10.0,378.9,0.5,0.5000000000000002,1,0.8660254037844386,0.5000000000000001,0.09090909090909091,0,0,0,0,0,0,0,0,0,0,0,1,0,0,1,0,0,1,0,0,0,1,0,1,15,568.35
CR00051,2025,3,March,2025-03,24,909.36,24,37.89,HTML & CSS,Web Development,Paid,Advanced,37.89,24.11,1.3,20,15.690058479532164,4.0678947368421055,0.2923976608187134,1,0,1,24303,Low,Medium,Low,1,2,High,4.0678947368421055,63.82550630963374,0.2923976608187134,24.0,37.89,15.0,568.35,15.0,37.89,25.0,947.25,25.0,947.25,25.0,947.25,0.6000000000000001,0.5999999999999999,1,1.0,6.123233995736766e-17,0.18181818181818182,0,0,0,0,0,0,0,0,0,0,0,1,0,0,1,0,0,1,0,0,0,1,0,1,24,909.36
CR00051,2025,4,April,2025-04,11,416.79,11,37.89,HTML & CSS,Web Development,Paid,Advanced,37.89,24.11,1.3,20,15.690058479532164,4.0678947368421055,0.2923976608187134,2,1,0,24304,Low,Medium,Low,1,2,High,4.0678947368421055,63.82550630963374,0.2923976608187134,11.0,37.89,24.0,909.36,24.0,37.89,49.0,1856.6100000000001,49.0,1856.6100000000001,49.0,1856.6100000000001,-0.5416666666666667,-0.5416666666666666,1,0.8660254037844387,-0.4999999999999998,0.2727272727272727,0,0,0,0,0,0,0,0,0,0,0,1,0,0,1,0,0,1,0,0,0,1,0,1,11,416.79
CR00051,2025,5,May,2025-05,15,568.35,15,37.89,HTML & CSS,Web Development,Paid,Advanced,37.89,24.11,1.3,20,15.690058479532164,4.0678947368421055,0.2923976608187134,2,0,0,24305,Low,Medium,Low,1,2,High,4.0678947368421055,63.82550630963374,0.2923976608187134,15.0,37.89,11.0,416.79,11.0,37.89,50.0,1894.5,50.0,1894.5,60.0,2273.4,0.36363636363636354,0.36363636363636354,1,0.49999999999999994,-0.8660254037844387,0.36363636363636365,0,0,0,0,0,0,0,0,0,0,0,1,0,0,1,0,0,1,0,0,0,1,0,1,15,568.35
CR00051,2025,6,June,2025-06,13,492.57,13,37.89,HTML & CSS,Web Development,Paid,Advanced,37.89,24.11,1.3,20,15.690058479532164,4.0678947368421055,0.2923976608187134,2,0,1,24306,Low,Medium,Low,1,2,High,4.0678947368421055,63.82550630963374,0.2923976608187134,13.0,37.89,15.0,568.35,15.0,37.89,50.0,1894.5,50.0,1894.5,75.0,2841.75,-0.1333333333333333,-0.13333333333333341,1,1.2246467991473532e-16,-1.0,0.45454545454545453,0,0,0,0,0,0,0,0,0,0,0,1,0,0,1,0,0,1,0,0,0,1,0,1,13,492.57
CR00051,2025,7,July,2025-07,14,530.46,14,37.89,HTML & CSS,Web Development,Paid,Advanced,37.89,24.11,1.3,20,15.690058479532164,4.0678947368421055,0.2923976608187134,3,1,0,24307,Low,Medium,Low,1,2,High,4.0678947368421055,63.82550630963374,0.2923976608187134,14.0,37.89,13.0,492.57,13.0,37.89,39.0,1477.71,39.0,1477.71,88.0,3334.32,0.07692307692307687,0.0769230769230771,1,-0.4999999999999997,-0.8660254037844388,0.5454545454545454,0,0,0,0,0,0,0,0,0,0,0,1,0,0,1,0,0,1,0,0,0,1,0,1,14,530.46
CR00051,2025,8,August,2025-08,14,530.46,14,37.89,HTML & CSS,Web Development,Paid,Advanced,37.89,24.11,1.3,20,15.690058479532164,4.0678947368421055,0.2923976608187134,3,0,0,24308,Low,Medium,Low,1,2,High,4.0678947368421055,63.82550630963374,0.2923976608187134,14.0,37.89,14.0,530.46,14.0,37.89,42.0,1591.38,42.0,1591.38,92.0,3485.88,0.0,0.0,1,-0.8660254037844385,-0.5000000000000004,0.6363636363636364,0,0,0,0,0,0,0,0,0,0,0,1,0,0,1,0,0,1,0,0,0,1,0,1,14,530.46
CR00051,2025,9,September,2025-09,13,492.57,13,37.89,HTML & CSS,Web Development,Paid,Advanced,37.89,24.11,1.3,20,15.690058479532164,4.0678947368421055,0.2923976608187134,3,0,1,24309,Low,Medium,Low,1,2,High,4.0678947368421055,63.82550630963374,0.2923976608187134,13.0,37.89,14.0,530.46,14.0,37.89,41.0,1553.49,41.0,1553.49,91.0,3447.99,-0.0714285714285714,-0.07142857142857151,1,-1.0,-1.8369701987210297e-16,0.7272727272727273,0,0,0,0,0,0,0,0,0,0,0,1,0,0,1,0,0,1,0,0,0,1,0,1,13,492.57
CR00051,2025,10,October,2025-10,11,416.79,11,37.89,HTML & CSS,Web Development,Paid,Advanced,37.89,24.11,1.3,20,15.690058479532164,4.0678947368421055,0.2923976608187134,4,1,0,24310,Low,Medium,Low,1,2,High,4.0678947368421055,63.82550630963374,0.2923976608187134,11.0,37.89,13.0,492.57,13.0,37.89,41.0,1553.49,41.0,1553.49,80.0,3031.2,-0.15384615384615385,-0.15384615384615374,1,-0.8660254037844386,0.5000000000000001,0.8181818181818182,0,0,0,0,0,0,0,0,0,0,0,1,0,0,1,0,0,1,0,0,0,1,0,1,11,416.79
CR00051,2025,11,November,2025-11,15,568.35,15,37.89,HTML & CSS,Web Development,Paid,Advanced,37.89,24.11,1.3,20,15.690058479532164,4.0678947368421055,0.2923976608187134,4,0,0,24311,Low,Medium,Low,1,2,High,4.0678947368421055,63.82550630963374,0.2923976608187134,15.0,37.89,11.0,416.79,11.0,37.89,38.0,1439.8200000000002,38.0,1439.8200000000002,80.0,3031.2,0.36363636363636354,0.36363636363636354,1,-0.5000000000000004,0.8660254037844384,0.9090909090909091,0,0,0,0,0,0,0,0,0,0,0,1,0,0,1,0,0,1,0,0,0,1,0,1,15,568.35
CR00051,2025,12,December,2025-12,16,606.24,16,37.89,HTML & CSS,Web Development,Paid,Advanced,37.89,24.11,1.3,20,15.690058479532164,4.0678947368421055,0.2923976608187134,4,0,1,24312,Low,Medium,Low,1,2,High,4.0678947368421055,63.82550630963374,0.2923976608187134,16.0,37.89,15.0,568.35,15.0,37.89,39.0,1477.71,39.0,1477.71,80.0,3031.2,0.06666666666666665,0.06666666666666665,1,-2.4492935982947064e-16,1.0,1.0,0,0,0,0,0,0,0,0,0,0,0,1,0,0,1,0,0,1,0,0,0,1,0,1,16,606.24
CR00052,2025,1,January,2025-01,17,0.0,17,0.0,JavaScript Mastery,Web Development,Free,Beginner,0.0,40.76,2.2,15,15.2987012987013,4.05077922077922,0.3506493506493506,1,1,0,24301,Free,Long,Medium,0,0,High,4.05077922077922,61.97166132568729,0.3506493506493506,0.0,0.0,0.0,0.0,0.0,0.0,0.0,0.0,0.0,0.0,0.0,0.0,0.0,0.0,0,0.49999999999999994,0.8660254037844387,0.0,0,0,0,0,0,0,0,0,0,0,0,1,1,0,0,0,1,0,0,0,0,0,1,1,17,0.0
CR00052,2025,2,February,2025-02,14,0.0,14,0.0,JavaScript Mastery,Web Development,Free,Beginner,0.0,40.76,2.2,15,15.2987012987013,4.05077922077922,0.3506493506493506,1,0,0,24302,Free,Long,Medium,0,0,High,4.05077922077922,61.97166132568729,0.3506493506493506,0.0,0.0,17.0,0.0,17.0,0.0,17.0,0.0,17.0,0.0,17.0,0.0,-0.17647058823529416,0.0,1,0.8660254037844386,0.5000000000000001,0.09090909090909091,0,0,0,0,0,0,0,0,0,0,0,1,1,0,0,0,1,0,0,0,0,0,1,1,14,0.0
CR00052,2025,3,March,2025-03,13,0.0,13,0.0,JavaScript Mastery,Web Development,Free,Beginner,0.0,40.76,2.2,15,15.2987012987013,4.05077922077922,0.3506493506493506,1,0,1,24303,Free,Long,Medium,0,0,High,4.05077922077922,61.97166132568729,0.3506493506493506,0.0,0.0,14.0,0.0,14.0,0.0,31.0,0.0,31.0,0.0,31.0,0.0,-0.0714285714285714,0.0,1,1.0,6.123233995736766e-17,0.18181818181818182,0,0,0,0,0,0,0,0,0,0,0,1,1,0,0,0,1,0,0,0,0,0,1,1,13,0.0
CR00052,2025,4,April,2025-04,16,0.0,16,0.0,JavaScript Mastery,Web Development,Free,Beginner,0.0,40.76,2.2,15,15.2987012987013,4.05077922077922,0.3506493506493506,2,1,0,24304,Free,Long,Medium,0,0,High,4.05077922077922,61.97166132568729,0.3506493506493506,0.0,0.0,13.0,0.0,13.0,0.0,44.0,0.0,44.0,0.0,44.0,0.0,0.23076923076923084,0.0,1,0.8660254037844387,-0.4999999999999998,0.2727272727272727,0,0,0,0,0,0,0,0,0,0,0,1,1,0,0,0,1,0,0,0,0,0,1,1,16,0.0
CR00052,2025,5,May,2025-05,15,0.0,15,0.0,JavaScript Mastery,Web Development,Free,Beginner,0.0,40.76,2.2,15,15.2987012987013,4.05077922077922,0.3506493506493506,2,0,0,24305,Free,Long,Medium,0,0,High,4.05077922077922,61.97166132568729,0.3506493506493506,0.0,0.0,16.0,0.0,16.0,0.0,43.0,0.0,43.0,0.0,60.0,0.0,-0.0625,0.0,1,0.49999999999999994,-0.8660254037844387,0.36363636363636365,0,0,0,0,0,0,0,0,0,0,0,1,1,0,0,0,1,0,0,0,0,0,1,1,15,0.0
CR00052,2025,6,June,2025-06,13,0.0,13,0.0,JavaScript Mastery,Web Development,Free,Beginner,0.0,40.76,2.2,15,15.2987012987013,4.05077922077922,0.3506493506493506,2,0,1,24306,Free,Long,Medium,0,0,High,4.05077922077922,61.97166132568729,0.3506493506493506,0.0,0.0,15.0,0.0,15.0,0.0,44.0,0.0,44.0,0.0,75.0,0.0,-0.1333333333333333,0.0,1,1.2246467991473532e-16,-1.0,0.45454545454545453,0,0,0,0,0,0,0,0,0,0,0,1,1,0,0,0,1,0,0,0,0,0,1,1,13,0.0
CR00052,2025,7,July,2025-07,11,0.0,11,0.0,JavaScript Mastery,Web Development,Free,Beginner,0.0,40.76,2.2,15,15.2987012987013,4.05077922077922,0.3506493506493506,3,1,0,24307,Free,Long,Medium,0,0,High,4.05077922077922,61.97166132568729,0.3506493506493506,0.0,0.0,13.0,0.0,13.0,0.0,44.0,0.0,44.0,0.0,88.0,0.0,-0.15384615384615385,0.0,1,-0.4999999999999997,-0.8660254037844388,0.5454545454545454,0,0,0,0,0,0,0,0,0,0,0,1,1,0,0,0,1,0,0,0,0,0,1,1,11,0.0
CR00052,2025,8,August,2025-08,14,0.0,14,0.0,JavaScript Mastery,Web Development,Free,Beginner,0.0,40.76,2.2,15,15.2987012987013,4.05077922077922,0.3506493506493506,3,0,0,24308,Free,Long,Medium,0,0,High,4.05077922077922,61.97166132568729,0.3506493506493506,0.0,0.0,11.0,0.0,11.0,0.0,39.0,0.0,39.0,0.0,82.0,0.0,0.2727272727272727,0.0,1,-0.8660254037844385,-0.5000000000000004,0.6363636363636364,0,0,0,0,0,0,0,0,0,0,0,1,1,0,0,0,1,0,0,0,0,0,1,1,14,0.0
CR00052,2025,9,September,2025-09,12,0.0,12,0.0,JavaScript Mastery,Web Development,Free,Beginner,0.0,40.76,2.2,15,15.2987012987013,4.05077922077922,0.3506493506493506,3,0,1,24309,Free,Long,Medium,0,0,High,4.05077922077922,61.97166132568729,0.3506493506493506,0.0,0.0,14.0,0.0,14.0,0.0,38.0,0.0,38.0,0.0,82.0,0.0,-0.1428571428571429,0.0,1,-1.0,-1.8369701987210297e-16,0.7272727272727273,0,0,0,0,0,0,0,0,0,0,0,1,1,0,0,0,1,0,0,0,0,0,1,1,12,0.0
CR00052,2025,10,October,2025-10,8,0.0,8,0.0,JavaScript Mastery,Web Development,Free,Beginner,0.0,40.76,2.2,15,15.2987012987013,4.05077922077922,0.3506493506493506,4,1,0,24310,Free,Long,Medium,0,0,High,4.05077922077922,61.97166132568729,0.3506493506493506,0.0,0.0,12.0,0.0,12.0,0.0,37.0,0.0,37.0,0.0,81.0,0.0,-0.33333333333333337,0.0,1,-0.8660254037844386,0.5000000000000001,0.8181818181818182,0,0,0,0,0,0,0,0,0,0,0,1,1,0,0,0,1,0,0,0,0,0,1,1,8,0.0
CR00052,2025,11,November,2025-11,11,0.0,11,0.0,JavaScript Mastery,Web Development,Free,Beginner,0.0,40.76,2.2,15,15.2987012987013,4.05077922077922,0.3506493506493506,4,0,0,24311,Free,Long,Medium,0,0,High,4.05077922077922,61.97166132568729,0.3506493506493506,0.0,0.0,8.0,0.0,8.0,0.0,34.0,0.0,34.0,0.0,73.0,0.0,0.375,0.0,1,-0.5000000000000004,0.8660254037844384,0.9090909090909091,0,0,0,0,0,0,0,0,0,0,0,1,1,0,0,0,1,0,0,0,0,0,1,1,11,0.0
CR00052,2025,12,December,2025-12,10,0.0,10,0.0,JavaScript Mastery,Web Development,Free,Beginner,0.0,40.76,2.2,15,15.2987012987013,4.05077922077922,0.3506493506493506,4,0,1,24312,Free,Long,Medium,0,0,High,4.05077922077922,61.97166132568729,0.3506493506493506,0.0,0.0,11.0,0.0,11.0,0.0,31.0,0.0,31.0,0.0,69.0,0.0,-0.09090909090909094,0.0,1,-2.4492935982947064e-16,1.0,1.0,0,0,0,0,0,0,0,0,0,0,0,1,1,0,0,0,1,0,0,0,0,0,1,1,10,0.0
CR00053,2025,1,January,2025-01,14,0.0,14,0.0,React for Beginners,Web Development,Free,Advanced,0.0,40.07,2.67,17,15.276073619631902,3.9677914110429446,0.3435582822085889,1,1,0,24301,Free,Long,Medium,0,2,High,3.9677914110429446,60.61227370243517,0.3435582822085889,0.0,0.0,0.0,0.0,0.0,0.0,0.0,0.0,0.0,0.0,0.0,0.0,0.0,0.0,0,0.49999999999999994,0.8660254037844387,0.0,0,0,0,0,0,0,0,0,0,0,0,1,1,0,0,0,1,0,0,0,0,0,1,1,14,0.0
CR00053,2025,2,February,2025-02,13,0.0,13,0.0,React for Beginners,Web Development,Free,Advanced,0.0,40.07,2.67,17,15.276073619631902,3.9677914110429446,0.3435582822085889,1,0,0,24302,Free,Long,Medium,0,2,High,3.9677914110429446,60.61227370243517,0.3435582822085889,0.0,0.0,14.0,0.0,14.0,0.0,14.0,0.0,14.0,0.0,14.0,0.0,-0.0714285714285714,0.0,1,0.8660254037844386,0.5000000000000001,0.09090909090909091,0,0,0,0,0,0,0,0,0,0,0,1,1,0,0,0,1,0,0,0,0,0,1,1,13,0.0
CR00053,2025,3,March,2025-03,19,0.0,19,0.0,React for Beginners,Web Development,Free,Advanced,0.0,40.07,2.67,17,15.276073619631902,3.9677914110429446,0.3435582822085889,1,0,1,24303,Free,Long,Medium,0,2,High,3.9677914110429446,60.61227370243517,0.3435582822085889,0.0,0.0,13.0,0.0,13.0,0.0,27.0,0.0,27.0,0.0,27.0,0.0,0.46153846153846145,0.0,1,1.0,6.123233995736766e-17,0.18181818181818182,0,0,0,0,0,0,0,0,0,0,0,1,1,0,0,0,1,0,0,0,0,0,1,1,19,0.0
CR00053,2025,4,April,2025-04,10,0.0,10,0.0,React for Beginners,Web Development,Free,Advanced,0.0,40.07,2.67,17,15.276073619631902,3.9677914110429446,0.3435582822085889,2,1,0,24304,Free,Long,Medium,0,2,High,3.9677914110429446,60.61227370243517,0.3435582822085889,0.0,0.0,19.0,0.0,19.0,0.0,46.0,0.0,46.0,0.0,46.0,0.0,-0.4736842105263158,0.0,1,0.8660254037844387,-0.4999999999999998,0.2727272727272727,0,0,0,0,0,0,0,0,0,0,0,1,1,0,0,0,1,0,0,0,0,0,1,1,10,0.0
CR00053,2025,5,May,2025-05,13,0.0,13,0.0,React for Beginners,Web Development,Free,Advanced,0.0,40.07,2.67,17,15.276073619631902,3.9677914110429446,0.3435582822085889,2,0,0,24305,Free,Long,Medium,0,2,High,3.9677914110429446,60.61227370243517,0.3435582822085889,0.0,0.0,10.0,0.0,10.0,0.0,42.0,0.0,42.0,0.0,56.0,0.0,0.30000000000000004,0.0,1,0.49999999999999994,-0.8660254037844387,0.36363636363636365,0,0,0,0,0,0,0,0,0,0,0,1,1,0,0,0,1,0,0,0,0,0,1,1,13,0.0
CR00053,2025,6,June,2025-06,12,0.0,12,0.0,React for Beginners,Web Development,Free,Advanced,0.0,40.07,2.67,17,15.276073619631902,3.9677914110429446,0.3435582822085889,2,0,1,24306,Free,Long,Medium,0,2,High,3.9677914110429446,60.61227370243517,0.3435582822085889,0.0,0.0,13.0,0.0,13.0,0.0,42.0,0.0,42.0,0.0,69.0,0.0,-0.07692307692307687,0.0,1,1.2246467991473532e-16,-1.0,0.45454545454545453,0,0,0,0,0,0,0,0,0,0,0,1,1,0,0,0,1,0,0,0,0,0,1,1,12,0.0
CR00053,2025,7,July,2025-07,12,0.0,12,0.0,React for Beginners,Web Development,Free,Advanced,0.0,40.07,2.67,17,15.276073619631902,3.9677914110429446,0.3435582822085889,3,1,0,24307,Free,Long,Medium,0,2,High,3.9677914110429446,60.61227370243517,0.3435582822085889,0.0,0.0,12.0,0.0,12.0,0.0,35.0,0.0,35.0,0.0,81.0,0.0,0.0,0.0,1,-0.4999999999999997,-0.8660254037844388,0.5454545454545454,0,0,0,0,0,0,0,0,0,0,0,1,1,0,0,0,1,0,0,0,0,0,1,1,12,0.0
CR00053,2025,8,August,2025-08,16,0.0,16,0.0,React for Beginners,Web Development,Free,Advanced,0.0,40.07,2.67,17,15.276073619631902,3.9677914110429446,0.3435582822085889,3,0,0,24308,Free,Long,Medium,0,2,High,3.9677914110429446,60.61227370243517,0.3435582822085889,0.0,0.0,12.0,0.0,12.0,0.0,37.0,0.0,37.0,0.0,79.0,0.0,0.33333333333333326,0.0,1,-0.8660254037844385,-0.5000000000000004,0.6363636363636364,0,0,0,0,0,0,0,0,0,0,0,1,1,0,0,0,1,0,0,0,0,0,1,1,16,0.0
CR00053,2025,9,September,2025-09,14,0.0,14,0.0,React for Beginners,Web Development,Free,Advanced,0.0,40.07,2.67,17,15.276073619631902,3.9677914110429446,0.3435582822085889,3,0,1,24309,Free,Long,Medium,0,2,High,3.9677914110429446,60.61227370243517,0.3435582822085889,0.0,0.0,16.0,0.0,16.0,0.0,40.0,0.0,40.0,0.0,82.0,0.0,-0.125,0.0,1,-1.0,-1.8369701987210297e-16,0.7272727272727273,0,0,0,0,0,0,0,0,0,0,0,1,1,0,0,0,1,0,0,0,0,0,1,1,14,0.0
CR00053,2025,10,October,2025-10,14,0.0,14,0.0,React for Beginners,Web Development,Free,Advanced,0.0,40.07,2.67,17,15.276073619631902,3.9677914110429446,0.3435582822085889,4,1,0,24310,Free,Long,Medium,0,2,High,3.9677914110429446,60.61227370243517,0.3435582822085889,0.0,0.0,14.0,0.0,14.0,0.0,42.0,0.0,42.0,0.0,77.0,0.0,0.0,0.0,1,-0.8660254037844386,0.5000000000000001,0.8181818181818182,0,0,0,0,0,0,0,0,0,0,0,1,1,0,0,0,1,0,0,0,0,0,1,1,14,0.0
CR00053,2025,11,November,2025-11,12,0.0,12,0.0,React for Beginners,Web Development,Free,Advanced,0.0,40.07,2.67,17,15.276073619631902,3.9677914110429446,0.3435582822085889,4,0,0,24311,Free,Long,Medium,0,2,High,3.9677914110429446,60.61227370243517,0.3435582822085889,0.0,0.0,14.0,0.0,14.0,0.0,44.0,0.0,44.0,0.0,81.0,0.0,-0.1428571428571429,0.0,1,-0.5000000000000004,0.8660254037844384,0.9090909090909091,0,0,0,0,0,0,0,0,0,0,0,1,1,0,0,0,1,0,0,0,0,0,1,1,12,0.0
CR00053,2025,12,December,2025-12,14,0.0,14,0.0,React for Beginners,Web Development,Free,Advanced,0.0,40.07,2.67,17,15.276073619631902,3.9677914110429446,0.3435582822085889,4,0,1,24312,Free,Long,Medium,0,2,High,3.9677914110429446,60.61227370243517,0.3435582822085889,0.0,0.0,12.0,0.0,12.0,0.0,40.0,0.0,40.0,0.0,80.0,0.0,0.16666666666666674,0.0,1,-2.4492935982947064e-16,1.0,1.0,0,0,0,0,0,0,0,0,0,0,0,1,1,0,0,0,1,0,0,0,0,0,1,1,14,0.0
CR00054,2025,1,January,2025-01,14,0.0,14,0.0,Backend Development with Node.js,Web Development,Free,Beginner,0.0,48.57,3.32,21,15.50561797752809,4.133089887640449,0.2808988764044944,1,1,0,24301,Free,Long,Good,0,0,High,4.133089887640449,64.0861128645373,0.2808988764044944,0.0,0.0,0.0,0.0,0.0,0.0,0.0,0.0,0.0,0.0,0.0,0.0,0.0,0.0,0,0.49999999999999994,0.8660254037844387,0.0,0,0,0,0,0,0,0,0,0,0,0,1,1,0,0,0,1,0,0,0,1,0,0,1,14,0.0
CR00054,2025,2,February,2025-02,11,0.0,11,0.0,Backend Development with Node.js,Web Development,Free,Beginner,0.0,48.57,3.32,21,15.50561797752809,4.133089887640449,0.2808988764044944,1,0,0,24302,Free,Long,Good,0,0,High,4.133089887640449,64.0861128645373,0.2808988764044944,0.0,0.0,14.0,0.0,14.0,0.0,14.0,0.0,14.0,0.0,14.0,0.0,-0.2142857142857143,0.0,1,0.8660254037844386,0.5000000000000001,0.09090909090909091,0,0,0,0,0,0,0,0,0,0,0,1,1,0,0,0,1,0,0,0,1,0,0,1,11,0.0
CR00054,2025,3,March,2025-03,13,0.0,13,0.0,Backend Development with Node.js,Web Development,Free,Beginner,0.0,48.57,3.32,21,15.50561797752809,4.133089887640449,0.2808988764044944,1,0,1,24303,Free,Long,Good,0,0,High,4.133089887640449,64.0861128645373,0.2808988764044944,0.0,0.0,11.0,0.0,11.0,0.0,25.0,0.0,25.0,0.0,25.0,0.0,0.18181818181818188,0.0,1,1.0,6.123233995736766e-17,0.18181818181818182,0,0,0,0,0,0,0,0,0,0,0,1,1,0,0,0,1,0,0,0,1,0,0,1,13,0.0
CR00054,2025,4,April,2025-04,16,0.0,16,0.0,Backend Development with Node.js,Web Development,Free,Beginner,0.0,48.57,3.32,21,15.50561797752809,4.133089887640449,0.2808988764044944,2,1,0,24304,Free,Long,Good,0,0,High,4.133089887640449,64.0861128645373,0.2808988764044944,0.0,0.0,13.0,0.0,13.0,0.0,38.0,0.0,38.0,0.0,38.0,0.0,0.23076923076923084,0.0,1,0.8660254037844387,-0.4999999999999998,0.2727272727272727,0,0,0,0,0,0,0,0,0,0,0,1,1,0,0,0,1,0,0,0,1,0,0,1,16,0.0
CR00054,2025,5,May,2025-05,14,0.0,14,0.0,Backend Development with Node.js,Web Development,Free,Beginner,0.0,48.57,3.32,21,15.50561797752809,4.133089887640449,0.2808988764044944,2,0,0,24305,Free,Long,Good,0,0,High,4.133089887640449,64.0861128645373,0.2808988764044944,0.0,0.0,16.0,0.0,16.0,0.0,40.0,0.0,40.0,0.0,54.0,0.0,-0.125,0.0,1,0.49999999999999994,-0.8660254037844387,0.36363636363636365,0,0,0,0,0,0,0,0,0,0,0,1,1,0,0,0,1,0,0,0,1,0,0,1,14,0.0
CR00054,2025,6,June,2025-06,14,0.0,14,0.0,Backend Development with Node.js,Web Development,Free,Beginner,0.0,48.57,3.32,21,15.50561797752809,4.133089887640449,0.2808988764044944,2,0,1,24306,Free,Long,Good,0,0,High,4.133089887640449,64.0861128645373,0.2808988764044944,0.0,0.0,14.0,0.0,14.0,0.0,43.0,0.0,43.0,0.0,68.0,0.0,0.0,0.0,1,1.2246467991473532e-16,-1.0,0.45454545454545453,0,0,0,0,0,0,0,0,0,0,0,1,1,0,0,0,1,0,0,0,1,0,0,1,14,0.0
CR00054,2025,7,July,2025-07,12,0.0,12,0.0,Backend Development with Node.js,Web Development,Free,Beginner,0.0,48.57,3.32,21,15.50561797752809,4.133089887640449,0.2808988764044944,3,1,0,24307,Free,Long,Good,0,0,High,4.133089887640449,64.0861128645373,0.2808988764044944,0.0,0.0,14.0,0.0,14.0,0.0,44.0,0.0,44.0,0.0,82.0,0.0,-0.1428571428571429,0.0,1,-0.4999999999999997,-0.8660254037844388,0.5454545454545454,0,0,0,0,0,0,0,0,0,0,0,1,1,0,0,0,1,0,0,0,1,0,0,1,12,0.0
CR00054,2025,8,August,2025-08,18,0.0,18,0.0,Backend Development with Node.js,Web Development,Free,Beginner,0.0,48.57,3.32,21,15.50561797752809,4.133089887640449,0.2808988764044944,3,0,0,24308,Free,Long,Good,0,0,High,4.133089887640449,64.0861128645373,0.2808988764044944,0.0,0.0,12.0,0.0,12.0,0.0,40.0,0.0,40.0,0.0,80.0,0.0,0.5,0.0,1,-0.8660254037844385,-0.5000000000000004,0.6363636363636364,0,0,0,0,0,0,0,0,0,0,0,1,1,0,0,0,1,0,0,0,1,0,0,1,18,0.0
CR00054,2025,9,September,2025-09,17,0.0,17,0.0,Backend Development with Node.js,Web Development,Free,Beginner,0.0,48.57,3.32,21,15.50561797752809,4.133089887640449,0.2808988764044944,3,0,1,24309,Free,Long,Good,0,0,High,4.133089887640449,64.0861128645373,0.2808988764044944,0.0,0.0,18.0,0.0,18.0,0.0,44.0,0.0,44.0,0.0,87.0,0.0,-0.05555555555555558,0.0,1,-1.0,-1.8369701987210297e-16,0.7272727272727273,0,0,0,0,0,0,0,0,0,0,0,1,1,0,0,0,1,0,0,0,1,0,0,1,17,0.0
CR00054,2025,10,October,2025-10,16,0.0,16,0.0,Backend Development with Node.js,Web Development,Free,Beginner,0.0,48.57,3.32,21,15.50561797752809,4.133089887640449,0.2808988764044944,4,1,0,24310,Free,Long,Good,0,0,High,4.133089887640449,64.0861128645373,0.2808988764044944,0.0,0.0,17.0,0.0,17.0,0.0,47.0,0.0,47.0,0.0,91.0,0.0,-0.05882352941176472,0.0,1,-0.8660254037844386,0.5000000000000001,0.8181818181818182,0,0,0,0,0,0,0,0,0,0,0,1,1,0,0,0,1,0,0,0,1,0,0,1,16,0.0
CR00054,2025,11,November,2025-11,16,0.0,16,0.0,Backend Development with Node.js,Web Development,Free,Beginner,0.0,48.57,3.32,21,15.50561797752809,4.133089887640449,0.2808988764044944,4,0,0,24311,Free,Long,Good,0,0,High,4.133089887640449,64.0861128645373,0.2808988764044944,0.0,0.0,16.0,0.0,16.0,0.0,51.0,0.0,51.0,0.0,91.0,0.0,0.0,0.0,1,-0.5000000000000004,0.8660254037844384,0.9090909090909091,0,0,0,0,0,0,0,0,0,0,0,1,1,0,0,0,1,0,0,0,1,0,0,1,16,0.0
CR00054,2025,12,December,2025-12,17,0.0,17,0.0,Backend Development with Node.js,Web Development,Free,Beginner,0.0,48.57,3.32,21,15.50561797752809,4.133089887640449,0.2808988764044944,4,0,1,24312,Free,Long,Good,0,0,High,4.133089887640449,64.0861128645373,0.2808988764044944,0.0,0.0,16.0,0.0,16.0,0.0,49.0,0.0,49.0,0.0,93.0,0.0,0.0625,0.0,1,-2.4492935982947064e-16,1.0,1.0,0,0,0,0,0,0,0,0,0,0,0,1,1,0,0,0,1,0,0,0,1,0,0,1,17,0.0
CR00055,2025,1,January,2025-01,14,802.48,14,57.32,Full-Stack Web Development,Web Development,Paid,Advanced,57.32,43.95,4.74,18,16.03370786516854,4.106179775280899,0.2696629213483146,1,1,0,24301,Low,Long,Excellent,1,2,High,4.106179775280899,65.83728695871734,0.2696629213483146,14.0,57.32,0.0,0.0,0.0,0.0,0.0,0.0,0.0,0.0,0.0,0.0,0.0,0.0,0,0.49999999999999994,0.8660254037844387,0.0,0,0,0,0,0,0,0,0,0,0,0,1,0,0,1,0,1,0,0,1,0,0,0,1,14,802.48
CR00055,2025,2,February,2025-02,10,573.2,10,57.32000000000001,Full-Stack Web Development,Web Development,Paid,Advanced,57.32,43.95,4.74,18,16.03370786516854,4.106179775280899,0.2696629213483146,1,0,0,24302,Low,Long,Excellent,1,2,High,4.106179775280899,65.83728695871734,0.2696629213483146,10.0,57.32000000000001,14.0,802.48,14.0,57.32,14.0,802.48,14.0,802.48,14.0,802.48,-0.2857142857142857,-0.2857142857142857,1,0.8660254037844386,0.5000000000000001,0.09090909090909091,0,0,0,0,0,0,0,0,0,0,0,1,0,0,1,0,1,0,0,1,0,0,0,1,10,573.2
CR00055,2025,3,March,2025-03,15,859.8,15,57.32,Full-Stack Web Development,Web Development,Paid,Advanced,57.32,43.95,4.74,18,16.03370786516854,4.106179775280899,0.2696629213483146,1,0,1,24303,Low,Long,Excellent,1,2,High,4.106179775280899,65.83728695871734,0.2696629213483146,15.0,57.32,10.0,573.2,10.0,57.32000000000001,24.0,1375.68,24.0,1375.68,24.0,1375.68,0.5,0.4999999999999998,1,1.0,6.123233995736766e-17,0.18181818181818182,0,0,0,0,0,0,0,0,0,0,0,1,0,0,1,0,1,0,0,1,0,0,0,1,15,859.8
CR00055,2025,4,April,2025-04,14,802.48,14,57.32,Full-Stack Web Development,Web Development,Paid,Advanced,57.32,43.95,4.74,18,16.03370786516854,4.106179775280899,0.2696629213483146,2,1,0,24304,Low,Long,Excellent,1,2,High,4.106179775280899,65.83728695871734,0.2696629213483146,14.0,57.32,15.0,859.8,15.0,57.32,39.0,2235.48,39.0,2235.48,39.0,2235.48,-0.06666666666666665,-0.06666666666666654,1,0.8660254037844387,-0.4999999999999998,0.2727272727272727,0,0,0,0,0,0,0,0,0,0,0,1,0,0,1,0,1,0,0,1,0,0,0,1,14,802.48
CR00055,2025,5,May,2025-05,15,859.8,15,57.32,Full-Stack Web Development,Web Development,Paid,Advanced,57.32,43.95,4.74,18,16.03370786516854,4.106179775280899,0.2696629213483146,2,0,0,24305,Low,Long,Excellent,1,2,High,4.106179775280899,65.83728695871734,0.2696629213483146,15.0,57.32,14.0,802.48,14.0,57.32,39.0,2235.48,39.0,2235.48,53.0,3037.96,0.0714285714285714,0.0714285714285714,1,0.49999999999999994,-0.8660254037844387,0.36363636363636365,0,0,0,0,0,0,0,0,0,0,0,1,0,0,1,0,1,0,0,1,0,0,0,1,15,859.8
CR00055,2025,6,June,2025-06,22,1261.04,22,57.32,Full-Stack Web Development,Web Development,Paid,Advanced,57.32,43.95,4.74,18,16.03370786516854,4.106179775280899,0.2696629213483146,2,0,1,24306,Low,Long,Excellent,1,2,High,4.106179775280899,65.83728695871734,0.2696629213483146,22.0,57.32,15.0,859.8,15.0,57.32,44.0,2522.08,44.0,2522.08,68.0,3897.76,0.46666666666666656,0.4666666666666668,1,1.2246467991473532e-16,-1.0,0.45454545454545453,0,0,0,0,0,0,0,0,0,0,0,1,0,0,1,0,1,0,0,1,0,0,0,1,22,1261.04
CR00055,2025,7,July,2025-07,10,573.2,10,57.32000000000001,Full-Stack Web Development,Web Development,Paid,Advanced,57.32,43.95,4.74,18,16.03370786516854,4.106179775280899,0.2696629213483146,3,1,0,24307,Low,Long,Excellent,1,2,High,4.106179775280899,65.83728695871734,0.2696629213483146,10.0,57.32000000000001,22.0,1261.04,22.0,57.32,51.0,2923.3199999999997,51.0,2923.3199999999997,90.0,5158.8,-0.5454545454545454,-0.5454545454545454,1,-0.4999999999999997,-0.8660254037844388,0.5454545454545454,0,0,0,0,0,0,0,0,0,0,0,1,0,0,1,0,1,0,0,1,0,0,0,1,10,573.2
CR00055,2025,8,August,2025-08,14,802.48,14,57.32,Full-Stack Web Development,Web Development,Paid,Advanced,57.32,43.95,4.74,18,16.03370786516854,4.106179775280899,0.2696629213483146,3,0,0,24308,Low,Long,Excellent,1,2,High,4.106179775280899,65.83728695871734,0.2696629213483146,14.0,57.32,10.0,573.2,10.0,57.32000000000001,47.0,2694.04,47.0,2694.04,86.0,4929.5199999999995,0.3999999999999999,0.3999999999999999,1,-0.8660254037844385,-0.5000000000000004,0.6363636363636364,0,0,0,0,0,0,0,0,0,0,0,1,0,0,1,0,1,0,0,1,0,0,0,1,14,802.48
CR00055,2025,9,September,2025-09,18,1031.76,18,57.32,Full-Stack Web Development,Web Development,Paid,Advanced,57.32,43.95,4.74,18,16.03370786516854,4.106179775280899,0.2696629213483146,3,0,1,24309,Low,Long,Excellent,1,2,High,4.106179775280899,65.83728695871734,0.2696629213483146,18.0,57.32,14.0,802.48,14.0,57.32,46.0,2636.7200000000003,46.0,2636.7200000000003,90.0,5158.799999999999,0.2857142857142858,0.2857142857142856,1,-1.0,-1.8369701987210297e-16,0.7272727272727273,0,0,0,0,0,0,0,0,0,0,0,1,0,0,1,0,1,0,0,1,0,0,0,1,18,1031.76
CR00055,2025,10,October,2025-10,13,745.16,13,57.32,Full-Stack Web Development,Web Development,Paid,Advanced,57.32,43.95,4.74,18,16.03370786516854,4.106179775280899,0.2696629213483146,4,1,0,24310,Low,Long,Excellent,1,2,High,4.106179775280899,65.83728695871734,0.2696629213483146,13.0,57.32,18.0,1031.76,18.0,57.32,42.0,2407.44,42.0,2407.44,93.0,5330.76,-0.2777777777777778,-0.2777777777777778,1,-0.8660254037844386,0.5000000000000001,0.8181818181818182,0,0,0,0,0,0,0,0,0,0,0,1,0,0,1,0,1,0,0,1,0,0,0,1,13,745.16
CR00055,2025,11,November,2025-11,13,745.16,13,57.32,Full-Stack Web Development,Web Development,Paid,Advanced,57.32,43.95,4.74,18,16.03370786516854,4.106179775280899,0.2696629213483146,4,0,0,24311,Low,Long,Excellent,1,2,High,4.106179775280899,65.83728695871734,0.2696629213483146,13.0,57.32,13.0,745.16,13.0,57.32,45.0,2579.4,45.0,2579.4,92.0,5273.44,0.0,0.0,1,-0.5000000000000004,0.8660254037844384,0.9090909090909091,0,0,0,0,0,0,0,0,0,0,0,1,0,0,1,0,1,0,0,1,0,0,0,1,13,745.16
CR00055,2025,12,December,2025-12,20,1146.4,20,57.32000000000001,Full-Stack Web Development,Web Development,Paid,Advanced,57.32,43.95,4.74,18,16.03370786516854,4.106179775280899,0.2696629213483146,4,0,1,24312,Low,Long,Excellent,1,2,High,4.106179775280899,65.83728695871734,0.2696629213483146,20.0,57.32000000000001,13.0,745.16,13.0,57.32,44.0,2522.08,44.0,2522.08,90.0,5158.799999999999,0.5384615384615385,0.5384615384615385,1,-2.4492935982947064e-16,1.0,1.0,0,0,0,0,0,0,0,0,0,0,0,1,0,0,1,0,1,0,0,1,0,0,0,1,20,1146.4
CR00056,2025,1,January,2025-01,14,2973.46,14,212.39,Google Ads Mastery,Digital Marketing,Paid,Advanced,212.39,22.89,3.15,13,15.783783783783784,4.199391891891892,0.3986486486486486,1,1,0,24301,Medium,Medium,Good,1,2,High,4.199391891891892,66.28229364499636,0.3986486486486486,14.000000000000002,212.39000000000001,0.0,0.0,0.0,0.0,0.0,0.0,0.0,0.0,0.0,0.0,0.0,0.0,0,0.49999999999999994,0.8660254037844387,0.0,0,0,0,0,0,1,0,0,0,0,0,0,0,0,0,1,0,1,0,0,1,0,0,1,14,2973.46
CR00056,2025,2,February,2025-02,8,1699.12,8,212.39,Google Ads Mastery,Digital Marketing,Paid,Advanced,212.39,22.89,3.15,13,15.783783783783784,4.199391891891892,0.3986486486486486,1,0,0,24302,Medium,Medium,Good,1,2,High,4.199391891891892,66.28229364499636,0.3986486486486486,8.0,212.39,14.0,2973.46,14.0,212.39,14.0,2973.46,14.0,2973.46,14.0,2973.46,-0.4285714285714286,-0.4285714285714286,1,0.8660254037844386,0.5000000000000001,0.09090909090909091,0,0,0,0,0,1,0,0,0,0,0,0,0,0,0,1,0,1,0,0,1,0,0,1,8,1699.12
CR00056,2025,3,March,2025-03,16,3398.24,16,212.39,Google Ads Mastery,Digital Marketing,Paid,Advanced,212.39,22.89,3.15,13,15.783783783783784,4.199391891891892,0.3986486486486486,1,0,1,24303,Medium,Medium,Good,1,2,High,4.199391891891892,66.28229364499636,0.3986486486486486,16.0,212.39,8.0,1699.12,8.0,212.39,22.0,4672.58,22.0,4672.58,22.0,4672.58,1.0,1.0,1,1.0,6.123233995736766e-17,0.18181818181818182,0,0,0,0,0,1,0,0,0,0,0,0,0,0,0,1,0,1,0,0,1,0,0,1,16,3398.24
CR00056,2025,4,April,2025-04,12,2548.68,12,212.39,Google Ads Mastery,Digital Marketing,Paid,Advanced,212.39,22.89,3.15,13,15.783783783783784,4.199391891891892,0.3986486486486486,2,1,0,24304,Medium,Medium,Good,1,2,High,4.199391891891892,66.28229364499636,0.3986486486486486,12.0,212.39,16.0,3398.24,16.0,212.39,38.0,8070.82,38.0,8070.82,38.0,8070.82,-0.25,-0.25,1,0.8660254037844387,-0.4999999999999998,0.2727272727272727,0,0,0,0,0,1,0,0,0,0,0,0,0,0,0,1,0,1,0,0,1,0,0,1,12,2548.68
CR00056,2025,5,May,2025-05,13,2761.07,13,212.39,Google Ads Mastery,Digital Marketing,Paid,Advanced,212.39,22.89,3.15,13,15.783783783783784,4.199391891891892,0.3986486486486486,2,0,0,24305,Medium,Medium,Good,1,2,High,4.199391891891892,66.28229364499636,0.3986486486486486,13.000000000000002,212.39000000000001,12.0,2548.68,12.0,212.39,36.0,7646.039999999999,36.0,7646.039999999999,50.0,10619.5,0.08333333333333326,0.08333333333333348,1,0.49999999999999994,-0.8660254037844387,0.36363636363636365,0,0,0,0,0,1,0,0,0,0,0,0,0,0,0,1,0,1,0,0,1,0,0,1,13,2761.07
CR00056,2025,6,June,2025-06,19,4035.41,19,212.39,Google Ads Mastery,Digital Marketing,Paid,Advanced,212.39,22.89,3.15,13,15.783783783783784,4.199391891891892,0.3986486486486486,2,0,1,24306,Medium,Medium,Good,1,2,High,4.199391891891892,66.28229364499636,0.3986486486486486,19.0,212.39,13.0,2761.07,13.0,212.39,41.0,8707.99,41.0,8707.99,63.0,13380.57,0.46153846153846145,0.46153846153846145,1,1.2246467991473532e-16,-1.0,0.45454545454545453,0,0,0,0,0,1,0,0,0,0,0,0,0,0,0,1,0,1,0,0,1,0,0,1,19,4035.41
CR00056,2025,7,July,2025-07,14,2973.46,14,212.39,Google Ads Mastery,Digital Marketing,Paid,Advanced,212.39,22.89,3.15,13,15.783783783783784,4.199391891891892,0.3986486486486486,3,1,0,24307,Medium,Medium,Good,1,2,High,4.199391891891892,66.28229364499636,0.3986486486486486,14.000000000000002,212.39000000000001,19.0,4035.41,19.0,212.39,44.0,9345.16,44.0,9345.16,82.0,17415.98,-0.26315789473684215,-0.26315789473684204,1,-0.4999999999999997,-0.8660254037844388,0.5454545454545454,0,0,0,0,0,1,0,0,0,0,0,0,0,0,0,1,0,1,0,0,1,0,0,1,14,2973.46
CR00056,2025,8,August,2025-08,7,1486.73,7,212.39,Google Ads Mastery,Digital Marketing,Paid,Advanced,212.39,22.89,3.15,13,15.783783783783784,4.199391891891892,0.3986486486486486,3,0,0,24308,Medium,Medium,Good,1,2,High,4.199391891891892,66.28229364499636,0.3986486486486486,7.000000000000001,212.39000000000001,14.0,2973.46,14.0,212.39,46.0,9769.939999999999,46.0,9769.939999999999,82.0,17415.98,-0.5,-0.5,1,-0.8660254037844385,-0.5000000000000004,0.6363636363636364,0,0,0,0,0,1,0,0,0,0,0,0,0,0,0,1,0,1,0,0,1,0,0,1,7,1486.73
CR00056,2025,9,September,2025-09,12,2548.68,12,212.39,Google Ads Mastery,Digital Marketing,Paid,Advanced,212.39,22.89,3.15,13,15.783783783783784,4.199391891891892,0.3986486486486486,3,0,1,24309,Medium,Medium,Good,1,2,High,4.199391891891892,66.28229364499636,0.3986486486486486,12.0,212.39,7.0,1486.73,7.0,212.39,40.0,8495.6,40.0,8495.6,81.0,17203.59,0.7142857142857142,0.7142857142857142,1,-1.0,-1.8369701987210297e-16,0.7272727272727273,0,0,0,0,0,1,0,0,0,0,0,0,0,0,0,1,0,1,0,0,1,0,0,1,12,2548.68
CR00056,2025,10,October,2025-10,11,2336.29,11,212.39,Google Ads Mastery,Digital Marketing,Paid,Advanced,212.39,22.89,3.15,13,15.783783783783784,4.199391891891892,0.3986486486486486,4,1,0,24310,Medium,Medium,Good,1,2,High,4.199391891891892,66.28229364499636,0.3986486486486486,11.0,212.39,12.0,2548.68,12.0,212.39,33.0,7008.87,33.0,7008.87,77.0,16354.029999999999,-0.08333333333333337,-0.08333333333333326,1,-0.8660254037844386,0.5000000000000001,0.8181818181818182,0,0,0,0,0,1,0,0,0,0,0,0,0,0,0,1,0,1,0,0,1,0,0,1,11,2336.29
CR00056,2025,11,November,2025-11,15,3185.85,15,212.39,Google Ads Mastery,Digital Marketing,Paid,Advanced,212.39,22.89,3.15,13,15.783783783783784,4.199391891891892,0.3986486486486486,4,0,0,24311,Medium,Medium,Good,1,2,High,4.199391891891892,66.28229364499636,0.3986486486486486,15.0,212.39,11.0,2336.29,11.0,212.39,30.0,6371.7,30.0,6371.7,76.0,16141.64,0.36363636363636354,0.36363636363636354,1,-0.5000000000000004,0.8660254037844384,0.9090909090909091,0,0,0,0,0,1,0,0,0,0,0,0,0,0,0,1,0,1,0,0,1,0,0,1,15,3185.85
CR00056,2025,12,December,2025-12,7,1486.73,7,212.39,Google Ads Mastery,Digital Marketing,Paid,Advanced,212.39,22.89,3.15,13,15.783783783783784,4.199391891891892,0.3986486486486486,4,0,1,24312,Medium,Medium,Good,1,2,High,4.199391891891892,66.28229364499636,0.3986486486486486,7.000000000000001,212.39000000000001,15.0,3185.85,15.0,212.39,38.0,8070.82,38.0,8070.82,78.0,16566.42,-0.5333333333333333,-0.5333333333333333,1,-2.4492935982947064e-16,1.0,1.0,0,0,0,0,0,1,0,0,0,0,0,0,0,0,0,1,0,1,0,0,1,0,0,1,7,1486.73
CR00057,2025,1,January,2025-01,16,2837.44,16,177.34,SEO for E-commerce,Digital Marketing,Paid,Advanced,177.34,49.73,3.89,13,15.321428571428571,4.0996428571428565,0.4142857142857143,1,1,0,24301,Medium,Long,Good,1,2,High,4.0996428571428565,62.81238520408162,0.4142857142857143,16.0,177.34,0.0,0.0,0.0,0.0,0.0,0.0,0.0,0.0,0.0,0.0,0.0,0.0,0,0.49999999999999994,0.8660254037844387,0.0,0,0,0,0,0,1,0,0,0,0,0,0,0,0,0,1,1,0,0,0,1,0,0,1,16,2837.44
CR00057,2025,2,February,2025-02,9,1596.06,9,177.34,SEO for E-commerce,Digital Marketing,Paid,Advanced,177.34,49.73,3.89,13,15.321428571428571,4.0996428571428565,0.4142857142857143,1,0,0,24302,Medium,Long,Good,1,2,High,4.0996428571428565,62.81238520408162,0.4142857142857143,9.0,177.34,16.0,2837.44,16.0,177.34,16.0,2837.44,16.0,2837.44,16.0,2837.44,-0.4375,-0.4375,1,0.8660254037844386,0.5000000000000001,0.09090909090909091,0,0,0,0,0,1,0,0,0,0,0,0,0,0,0,1,1,0,0,0,1,0,0,1,9,1596.06
CR00057,2025,3,March,2025-03,8,1418.72,8,177.34,SEO for E-commerce,Digital Marketing,Paid,Advanced,177.34,49.73,3.89,13,15.321428571428571,4.0996428571428565,0.4142857142857143,1,0,1,24303,Medium,Long,Good,1,2,High,4.0996428571428565,62.81238520408162,0.4142857142857143,8.0,177.34,9.0,1596.06,9.0,177.34,25.0,4433.5,25.0,4433.5,25.0,4433.5,-0.11111111111111116,-0.11111111111111105,1,1.0,6.123233995736766e-17,0.18181818181818182,0,0,0,0,0,1,0,0,0,0,0,0,0,0,0,1,1,0,0,0,1,0,0,1,8,1418.72
CR00057,2025,4,April,2025-04,14,2482.76,14,177.34,SEO for E-commerce,Digital Marketing,Paid,Advanced,177.34,49.73,3.89,13,15.321428571428571,4.0996428571428565,0.4142857142857143,2,1,0,24304,Medium,Long,Good,1,2,High,4.0996428571428565,62.81238520408162,0.4142857142857143,14.000000000000002,177.34,8.0,1418.72,8.0,177.34,33.0,5852.22,33.0,5852.22,33.0,5852.22,0.75,0.7500000000000002,1,0.8660254037844387,-0.4999999999999998,0.2727272727272727,0,0,0,0,0,1,0,0,0,0,0,0,0,0,0,1,1,0,0,0,1,0,0,1,14,2482.76
CR00057,2025,5,May,2025-05,14,2482.76,14,177.34,SEO for E-commerce,Digital Marketing,Paid,Advanced,177.34,49.73,3.89,13,15.321428571428571,4.0996428571428565,0.4142857142857143,2,0,0,24305,Medium,Long,Good,1,2,High,4.0996428571428565,62.81238520408162,0.4142857142857143,14.000000000000002,177.34,14.0,2482.76,14.0,177.34,31.0,5497.540000000001,31.0,5497.540000000001,47.0,8334.98,0.0,0.0,1,0.49999999999999994,-0.8660254037844387,0.36363636363636365,0,0,0,0,0,1,0,0,0,0,0,0,0,0,0,1,1,0,0,0,1,0,0,1,14,2482.76
CR00057,2025,6,June,2025-06,18,3192.12,18,177.34,SEO for E-commerce,Digital Marketing,Paid,Advanced,177.34,49.73,3.89,13,15.321428571428571,4.0996428571428565,0.4142857142857143,2,0,1,24306,Medium,Long,Good,1,2,High,4.0996428571428565,62.81238520408162,0.4142857142857143,18.0,177.34,14.0,2482.76,14.0,177.34,36.0,6384.240000000001,36.0,6384.240000000001,61.0,10817.740000000002,0.2857142857142858,0.2857142857142856,1,1.2246467991473532e-16,-1.0,0.45454545454545453,0,0,0,0,0,1,0,0,0,0,0,0,0,0,0,1,1,0,0,0,1,0,0,1,18,3192.12
CR00057,2025,7,July,2025-07,13,2305.42,13,177.34,SEO for E-commerce,Digital Marketing,Paid,Advanced,177.34,49.73,3.89,13,15.321428571428571,4.0996428571428565,0.4142857142857143,3,1,0,24307,Medium,Long,Good,1,2,High,4.0996428571428565,62.81238520408162,0.4142857142857143,13.0,177.34,18.0,3192.12,18.0,177.34,46.0,8157.64,46.0,8157.64,79.0,14009.86,-0.2777777777777778,-0.2777777777777777,1,-0.4999999999999997,-0.8660254037844388,0.5454545454545454,0,0,0,0,0,1,0,0,0,0,0,0,0,0,0,1,1,0,0,0,1,0,0,1,13,2305.42
CR00057,2025,8,August,2025-08,12,2128.08,12,177.34,SEO for E-commerce,Digital Marketing,Paid,Advanced,177.34,49.73,3.89,13,15.321428571428571,4.0996428571428565,0.4142857142857143,3,0,0,24308,Medium,Long,Good,1,2,High,4.0996428571428565,62.81238520408162,0.4142857142857143,12.0,177.34,13.0,2305.42,13.0,177.34,45.0,7980.3,45.0,7980.3,76.0,13477.84,-0.07692307692307687,-0.07692307692307698,1,-0.8660254037844385,-0.5000000000000004,0.6363636363636364,0,0,0,0,0,1,0,0,0,0,0,0,0,0,0,1,1,0,0,0,1,0,0,1,12,2128.08
CR00057,2025,9,September,2025-09,14,2482.76,14,177.34,SEO for E-commerce,Digital Marketing,Paid,Advanced,177.34,49.73,3.89,13,15.321428571428571,4.0996428571428565,0.4142857142857143,3,0,1,24309,Medium,Long,Good,1,2,High,4.0996428571428565,62.81238520408162,0.4142857142857143,14.000000000000002,177.34,12.0,2128.08,12.0,177.34,43.0,7625.62,43.0,7625.62,79.0,14009.86,0.16666666666666674,0.16666666666666674,1,-1.0,-1.8369701987210297e-16,0.7272727272727273,0,0,0,0,0,1,0,0,0,0,0,0,0,0,0,1,1,0,0,0,1,0,0,1,14,2482.76
CR00057,2025,10,October,2025-10,4,709.36,4,177.34,SEO for E-commerce,Digital Marketing,Paid,Advanced,177.34,49.73,3.89,13,15.321428571428571,4.0996428571428565,0.4142857142857143,4,1,0,24310,Medium,Long,Good,1,2,High,4.0996428571428565,62.81238520408162,0.4142857142857143,4.0,177.34,14.0,2482.76,14.0,177.34,39.0,6916.26,39.0,6916.26,85.0,15073.900000000001,-0.7142857142857143,-0.7142857142857143,1,-0.8660254037844386,0.5000000000000001,0.8181818181818182,0,0,0,0,0,1,0,0,0,0,0,0,0,0,0,1,1,0,0,0,1,0,0,1,4,709.36
CR00057,2025,11,November,2025-11,12,2128.08,12,177.34,SEO for E-commerce,Digital Marketing,Paid,Advanced,177.34,49.73,3.89,13,15.321428571428571,4.0996428571428565,0.4142857142857143,4,0,0,24311,Medium,Long,Good,1,2,High,4.0996428571428565,62.81238520408162,0.4142857142857143,12.0,177.34,4.0,709.36,4.0,177.34,30.0,5320.2,30.0,5320.2,75.0,13300.5,2.0,2.0,1,-0.5000000000000004,0.8660254037844384,0.9090909090909091,0,0,0,0,0,1,0,0,0,0,0,0,0,0,0,1,1,0,0,0,1,0,0,1,12,2128.08
CR00057,2025,12,December,2025-12,6,1064.04,6,177.34,SEO for E-commerce,Digital Marketing,Paid,Advanced,177.34,49.73,3.89,13,15.321428571428571,4.0996428571428565,0.4142857142857143,4,0,1,24312,Medium,Long,Good,1,2,High,4.0996428571428565,62.81238520408162,0.4142857142857143,6.0,177.34,12.0,2128.08,12.0,177.34,30.0,5320.200000000001,30.0,5320.200000000001,73.0,12945.820000000002,-0.5,-0.5,1,-2.4492935982947064e-16,1.0,1.0,0,0,0,0,0,1,0,0,0,0,0,0,0,0,0,1,1,0,0,0,1,0,0,1,6,1064.04
CR00058,2025,1,January,2025-01,15,0.0,15,0.0,Social Media Strategy,Digital Marketing,Free,Beginner,0.0,1.46,4.44,13,16.242268041237114,4.192474226804124,0.3711340206185567,1,1,0,24301,Free,Short,Excellent,0,0,High,4.192474226804124,68.0952901477309,0.3711340206185567,0.0,0.0,0.0,0.0,0.0,0.0,0.0,0.0,0.0,0.0,0.0,0.0,0.0,0.0,0,0.49999999999999994,0.8660254037844387,0.0,0,0,0,0,0,1,0,0,0,0,0,0,1,0,0,0,0,0,1,1,0,0,0,1,15,0.0
CR00058,2025,2,February,2025-02,15,0.0,15,0.0,Social Media Strategy,Digital Marketing,Free,Beginner,0.0,1.46,4.44,13,16.242268041237114,4.192474226804124,0.3711340206185567,1,0,0,24302,Free,Short,Excellent,0,0,High,4.192474226804124,68.0952901477309,0.3711340206185567,0.0,0.0,15.0,0.0,15.0,0.0,15.0,0.0,15.0,0.0,15.0,0.0,0.0,0.0,1,0.8660254037844386,0.5000000000000001,0.09090909090909091,0,0,0,0,0,1,0,0,0,0,0,0,1,0,0,0,0,0,1,1,0,0,0,1,15,0.0
CR00058,2025,3,March,2025-03,16,0.0,16,0.0,Social Media Strategy,Digital Marketing,Free,Beginner,0.0,1.46,4.44,13,16.242268041237114,4.192474226804124,0.3711340206185567,1,0,1,24303,Free,Short,Excellent,0,0,High,4.192474226804124,68.0952901477309,0.3711340206185567,0.0,0.0,15.0,0.0,15.0,0.0,30.0,0.0,30.0,0.0,30.0,0.0,0.06666666666666665,0.0,1,1.0,6.123233995736766e-17,0.18181818181818182,0,0,0,0,0,1,0,0,0,0,0,0,1,0,0,0,0,0,1,1,0,0,0,1,16,0.0
CR00058,2025,4,April,2025-04,19,0.0,19,0.0,Social Media Strategy,Digital Marketing,Free,Beginner,0.0,1.46,4.44,13,16.242268041237114,4.192474226804124,0.3711340206185567,2,1,0,24304,Free,Short,Excellent,0,0,High,4.192474226804124,68.0952901477309,0.3711340206185567,0.0,0.0,16.0,0.0,16.0,0.0,46.0,0.0,46.0,0.0,46.0,0.0,0.1875,0.0,1,0.8660254037844387,-0.4999999999999998,0.2727272727272727,0,0,0,0,0,1,0,0,0,0,0,0,1,0,0,0,0,0,1,1,0,0,0,1,19,0.0
CR00058,2025,5,May,2025-05,12,0.0,12,0.0,Social Media Strategy,Digital Marketing,Free,Beginner,0.0,1.46,4.44,13,16.242268041237114,4.192474226804124,0.3711340206185567,2,0,0,24305,Free,Short,Excellent,0,0,High,4.192474226804124,68.0952901477309,0.3711340206185567,0.0,0.0,19.0,0.0,19.0,0.0,50.0,0.0,50.0,0.0,65.0,0.0,-0.368421052631579,0.0,1,0.49999999999999994,-0.8660254037844387,0.36363636363636365,0,0,0,0,0,1,0,0,0,0,0,0,1,0,0,0,0,0,1,1,0,0,0,1,12,0.0
CR00058,2025,6,June,2025-06,17,0.0,17,0.0,Social Media Strategy,Digital Marketing,Free,Beginner,0.0,1.46,4.44,13,16.242268041237114,4.192474226804124,0.3711340206185567,2,0,1,24306,Free,Short,Excellent,0,0,High,4.192474226804124,68.0952901477309,0.3711340206185567,0.0,0.0,12.0,0.0,12.0,0.0,47.0,0.0,47.0,0.0,77.0,0.0,0.41666666666666674,0.0,1,1.2246467991473532e-16,-1.0,0.45454545454545453,0,0,0,0,0,1,0,0,0,0,0,0,1,0,0,0,0,0,1,1,0,0,0,1,17,0.0
CR00058,2025,7,July,2025-07,10,0.0,10,0.0,Social Media Strategy,Digital Marketing,Free,Beginner,0.0,1.46,4.44,13,16.242268041237114,4.192474226804124,0.3711340206185567,3,1,0,24307,Free,Short,Excellent,0,0,High,4.192474226804124,68.0952901477309,0.3711340206185567,0.0,0.0,17.0,0.0,17.0,0.0,48.0,0.0,48.0,0.0,94.0,0.0,-0.4117647058823529,0.0,1,-0.4999999999999997,-0.8660254037844388,0.5454545454545454,0,0,0,0,0,1,0,0,0,0,0,0,1,0,0,0,0,0,1,1,0,0,0,1,10,0.0
CR00058,2025,8,August,2025-08,19,0.0,19,0.0,Social Media Strategy,Digital Marketing,Free,Beginner,0.0,1.46,4.44,13,16.242268041237114,4.192474226804124,0.3711340206185567,3,0,0,24308,Free,Short,Excellent,0,0,High,4.192474226804124,68.0952901477309,0.3711340206185567,0.0,0.0,10.0,0.0,10.0,0.0,39.0,0.0,39.0,0.0,89.0,0.0,0.8999999999999999,0.0,1,-0.8660254037844385,-0.5000000000000004,0.6363636363636364,0,0,0,0,0,1,0,0,0,0,0,0,1,0,0,0,0,0,1,1,0,0,0,1,19,0.0
CR00058,2025,9,September,2025-09,17,0.0,17,0.0,Social Media Strategy,Digital Marketing,Free,Beginner,0.0,1.46,4.44,13,16.242268041237114,4.192474226804124,0.3711340206185567,3,0,1,24309,Free,Short,Excellent,0,0,High,4.192474226804124,68.0952901477309,0.3711340206185567,0.0,0.0,19.0,0.0,19.0,0.0,46.0,0.0,46.0,0.0,93.0,0.0,-0.10526315789473684,0.0,1,-1.0,-1.8369701987210297e-16,0.7272727272727273,0,0,0,0,0,1,0,0,0,0,0,0,1,0,0,0,0,0,1,1,0,0,0,1,17,0.0
CR00058,2025,10,October,2025-10,18,0.0,18,0.0,Social Media Strategy,Digital Marketing,Free,Beginner,0.0,1.46,4.44,13,16.242268041237114,4.192474226804124,0.3711340206185567,4,1,0,24310,Free,Short,Excellent,0,0,High,4.192474226804124,68.0952901477309,0.3711340206185567,0.0,0.0,17.0,0.0,17.0,0.0,46.0,0.0,46.0,0.0,94.0,0.0,0.05882352941176472,0.0,1,-0.8660254037844386,0.5000000000000001,0.8181818181818182,0,0,0,0,0,1,0,0,0,0,0,0,1,0,0,0,0,0,1,1,0,0,0,1,18,0.0
CR00058,2025,11,November,2025-11,23,0.0,23,0.0,Social Media Strategy,Digital Marketing,Free,Beginner,0.0,1.46,4.44,13,16.242268041237114,4.192474226804124,0.3711340206185567,4,0,0,24311,Free,Short,Excellent,0,0,High,4.192474226804124,68.0952901477309,0.3711340206185567,0.0,0.0,18.0,0.0,18.0,0.0,54.0,0.0,54.0,0.0,93.0,0.0,0.2777777777777777,0.0,1,-0.5000000000000004,0.8660254037844384,0.9090909090909091,0,0,0,0,0,1,0,0,0,0,0,0,1,0,0,0,0,0,1,1,0,0,0,1,23,0.0
CR00058,2025,12,December,2025-12,13,0.0,13,0.0,Social Media Strategy,Digital Marketing,Free,Beginner,0.0,1.46,4.44,13,16.242268041237114,4.192474226804124,0.3711340206185567,4,0,1,24312,Free,Short,Excellent,0,0,High,4.192474226804124,68.0952901477309,0.3711340206185567,0.0,0.0,23.0,0.0,23.0,0.0,58.0,0.0,58.0,0.0,104.0,0.0,-0.4347826086956522,0.0,1,-2.4492935982947064e-16,1.0,1.0,0,0,0,0,0,1,0,0,0,0,0,0,1,0,0,0,0,0,1,1,0,0,0,1,13,0.0
CR00059,2025,1,January,2025-01,14,0.0,14,0.0,Affiliate Marketing,Digital Marketing,Free,Intermediate,0.0,5.95,4.66,12,14.73913043478261,3.998819875776397,0.453416149068323,1,1,0,24301,Free,Short,Excellent,0,1,High,3.998819875776397,58.939127734269505,0.453416149068323,0.0,0.0,0.0,0.0,0.0,0.0,0.0,0.0,0.0,0.0,0.0,0.0,0.0,0.0,0,0.49999999999999994,0.8660254037844387,0.0,0,0,0,0,0,1,0,0,0,0,0,0,1,0,0,0,0,0,1,1,0,0,0,1,14,0.0
CR00059,2025,2,February,2025-02,17,0.0,17,0.0,Affiliate Marketing,Digital Marketing,Free,Intermediate,0.0,5.95,4.66,12,14.73913043478261,3.998819875776397,0.453416149068323,1,0,0,24302,Free,Short,Excellent,0,1,High,3.998819875776397,58.939127734269505,0.453416149068323,0.0,0.0,14.0,0.0,14.0,0.0,14.0,0.0,14.0,0.0,14.0,0.0,0.2142857142857142,0.0,1,0.8660254037844386,0.5000000000000001,0.09090909090909091,0,0,0,0,0,1,0,0,0,0,0,0,1,0,0,0,0,0,1,1,0,0,0,1,17,0.0
CR00059,2025,3,March,2025-03,25,0.0,25,0.0,Affiliate Marketing,Digital Marketing,Free,Intermediate,0.0,5.95,4.66,12,14.73913043478261,3.998819875776397,0.453416149068323,1,0,1,24303,Free,Short,Excellent,0,1,High,3.998819875776397,58.939127734269505,0.453416149068323,0.0,0.0,17.0,0.0,17.0,0.0,31.0,0.0,31.0,0.0,31.0,0.0,0.47058823529411775,0.0,1,1.0,6.123233995736766e-17,0.18181818181818182,0,0,0,0,0,1,0,0,0,0,0,0,1,0,0,0,0,0,1,1,0,0,0,1,25,0.0
CR00059,2025,4,April,2025-04,12,0.0,12,0.0,Affiliate Marketing,Digital Marketing,Free,Intermediate,0.0,5.95,4.66,12,14.73913043478261,3.998819875776397,0.453416149068323,2,1,0,24304,Free,Short,Excellent,0,1,High,3.998819875776397,58.939127734269505,0.453416149068323,0.0,0.0,25.0,0.0,25.0,0.0,56.0,0.0,56.0,0.0,56.0,0.0,-0.52,0.0,1,0.8660254037844387,-0.4999999999999998,0.2727272727272727,0,0,0,0,0,1,0,0,0,0,0,0,1,0,0,0,0,0,1,1,0,0,0,1,12,0.0
CR00059,2025,5,May,2025-05,12,0.0,12,0.0,Affiliate Marketing,Digital Marketing,Free,Intermediate,0.0,5.95,4.66,12,14.73913043478261,3.998819875776397,0.453416149068323,2,0,0,24305,Free,Short,Excellent,0,1,High,3.998819875776397,58.939127734269505,0.453416149068323,0.0,0.0,12.0,0.0,12.0,0.0,54.0,0.0,54.0,0.0,68.0,0.0,0.0,0.0,1,0.49999999999999994,-0.8660254037844387,0.36363636363636365,0,0,0,0,0,1,0,0,0,0,0,0,1,0,0,0,0,0,1,1,0,0,0,1,12,0.0
CR00059,2025,6,June,2025-06,11,0.0,11,0.0,Affiliate Marketing,Digital Marketing,Free,Intermediate,0.0,5.95,4.66,12,14.73913043478261,3.998819875776397,0.453416149068323,2,0,1,24306,Free,Short,Excellent,0,1,High,3.998819875776397,58.939127734269505,0.453416149068323,0.0,0.0,12.0,0.0,12.0,0.0,49.0,0.0,49.0,0.0,80.0,0.0,-0.08333333333333337,0.0,1,1.2246467991473532e-16,-1.0,0.45454545454545453,0,0,0,0,0,1,0,0,0,0,0,0,1,0,0,0,0,0,1,1,0,0,0,1,11,0.0
CR00059,2025,7,July,2025-07,9,0.0,9,0.0,Affiliate Marketing,Digital Marketing,Free,Intermediate,0.0,5.95,4.66,12,14.73913043478261,3.998819875776397,0.453416149068323,3,1,0,24307,Free,Short,Excellent,0,1,High,3.998819875776397,58.939127734269505,0.453416149068323,0.0,0.0,11.0,0.0,11.0,0.0,35.0,0.0,35.0,0.0,91.0,0.0,-0.18181818181818177,0.0,1,-0.4999999999999997,-0.8660254037844388,0.5454545454545454,0,0,0,0,0,1,0,0,0,0,0,0,1,0,0,0,0,0,1,1,0,0,0,1,9,0.0
CR00059,2025,8,August,2025-08,19,0.0,19,0.0,Affiliate Marketing,Digital Marketing,Free,Intermediate,0.0,5.95,4.66,12,14.73913043478261,3.998819875776397,0.453416149068323,3,0,0,24308,Free,Short,Excellent,0,1,High,3.998819875776397,58.939127734269505,0.453416149068323,0.0,0.0,9.0,0.0,9.0,0.0,32.0,0.0,32.0,0.0,86.0,0.0,1.1111111111111112,0.0,1,-0.8660254037844385,-0.5000000000000004,0.6363636363636364,0,0,0,0,0,1,0,0,0,0,0,0,1,0,0,0,0,0,1,1,0,0,0,1,19,0.0
CR00059,2025,9,September,2025-09,13,0.0,13,0.0,Affiliate Marketing,Digital Marketing,Free,Intermediate,0.0,5.95,4.66,12,14.73913043478261,3.998819875776397,0.453416149068323,3,0,1,24309,Free,Short,Excellent,0,1,High,3.998819875776397,58.939127734269505,0.453416149068323,0.0,0.0,19.0,0.0,19.0,0.0,39.0,0.0,39.0,0.0,88.0,0.0,-0.3157894736842105,0.0,1,-1.0,-1.8369701987210297e-16,0.7272727272727273,0,0,0,0,0,1,0,0,0,0,0,0,1,0,0,0,0,0,1,1,0,0,0,1,13,0.0
CR00059,2025,10,October,2025-10,4,0.0,4,0.0,Affiliate Marketing,Digital Marketing,Free,Intermediate,0.0,5.95,4.66,12,14.73913043478261,3.998819875776397,0.453416149068323,4,1,0,24310,Free,Short,Excellent,0,1,High,3.998819875776397,58.939127734269505,0.453416149068323,0.0,0.0,13.0,0.0,13.0,0.0,41.0,0.0,41.0,0.0,76.0,0.0,-0.6923076923076923,0.0,1,-0.8660254037844386,0.5000000000000001,0.8181818181818182,0,0,0,0,0,1,0,0,0,0,0,0,1,0,0,0,0,0,1,1,0,0,0,1,4,0.0
CR00059,2025,11,November,2025-11,13,0.0,13,0.0,Affiliate Marketing,Digital Marketing,Free,Intermediate,0.0,5.95,4.66,12,14.73913043478261,3.998819875776397,0.453416149068323,4,0,0,24311,Free,Short,Excellent,0,1,High,3.998819875776397,58.939127734269505,0.453416149068323,0.0,0.0,4.0,0.0,4.0,0.0,36.0,0.0,36.0,0.0,68.0,0.0,2.25,0.0,1,-0.5000000000000004,0.8660254037844384,0.9090909090909091,0,0,0,0,0,1,0,0,0,0,0,0,1,0,0,0,0,0,1,1,0,0,0,1,13,0.0
CR00059,2025,12,December,2025-12,12,0.0,12,0.0,Affiliate Marketing,Digital Marketing,Free,Intermediate,0.0,5.95,4.66,12,14.73913043478261,3.998819875776397,0.453416149068323,4,0,1,24312,Free,Short,Excellent,0,1,High,3.998819875776397,58.939127734269505,0.453416149068323,0.0,0.0,13.0,0.0,13.0,0.0,30.0,0.0,30.0,0.0,69.0,0.0,-0.07692307692307687,0.0,1,-2.4492935982947064e-16,1.0,1.0,0,0,0,0,0,1,0,0,0,0,0,0,1,0,0,0,0,0,1,1,0,0,0,1,12,0.0
CR00060,2025,1,January,2025-01,6,0.0,6,0.0,Content Creation,Digital Marketing,Free,Beginner,0.0,8.95,2.14,13,15.915151515151516,4.096,0.3757575757575757,1,1,0,24301,Free,Short,Medium,0,0,High,4.096,65.18846060606062,0.3757575757575757,0.0,0.0,0.0,0.0,0.0,0.0,0.0,0.0,0.0,0.0,0.0,0.0,0.0,0.0,0,0.49999999999999994,0.8660254037844387,0.0,0,0,0,0,0,1,0,0,0,0,0,0,1,0,0,0,0,0,1,0,0,0,1,1,6,0.0
CR00060,2025,2,February,2025-02,20,0.0,20,0.0,Content Creation,Digital Marketing,Free,Beginner,0.0,8.95,2.14,13,15.915151515151516,4.096,0.3757575757575757,1,0,0,24302,Free,Short,Medium,0,0,High,4.096,65.18846060606062,0.3757575757575757,0.0,0.0,6.0,0.0,6.0,0.0,6.0,0.0,6.0,0.0,6.0,0.0,2.3333333333333335,0.0,1,0.8660254037844386,0.5000000000000001,0.09090909090909091,0,0,0,0,0,1,0,0,0,0,0,0,1,0,0,0,0,0,1,0,0,0,1,1,20,0.0
CR00060,2025,3,March,2025-03,13,0.0,13,0.0,Content Creation,Digital Marketing,Free,Beginner,0.0,8.95,2.14,13,15.915151515151516,4.096,0.3757575757575757,1,0,1,24303,Free,Short,Medium,0,0,High,4.096,65.18846060606062,0.3757575757575757,0.0,0.0,20.0,0.0,20.0,0.0,26.0,0.0,26.0,0.0,26.0,0.0,-0.35,0.0,1,1.0,6.123233995736766e-17,0.18181818181818182,0,0,0,0,0,1,0,0,0,0,0,0,1,0,0,0,0,0,1,0,0,0,1,1,13,0.0
CR00060,2025,4,April,2025-04,11,0.0,11,0.0,Content Creation,Digital Marketing,Free,Beginner,0.0,8.95,2.14,13,15.915151515151516,4.096,0.3757575757575757,2,1,0,24304,Free,Short,Medium,0,0,High,4.096,65.18846060606062,0.3757575757575757,0.0,0.0,13.0,0.0,13.0,0.0,39.0,0.0,39.0,0.0,39.0,0.0,-0.15384615384615385,0.0,1,0.8660254037844387,-0.4999999999999998,0.2727272727272727,0,0,0,0,0,1,0,0,0,0,0,0,1,0,0,0,0,0,1,0,0,0,1,1,11,0.0
CR00060,2025,5,May,2025-05,11,0.0,11,0.0,Content Creation,Digital Marketing,Free,Beginner,0.0,8.95,2.14,13,15.915151515151516,4.096,0.3757575757575757,2,0,0,24305,Free,Short,Medium,0,0,High,4.096,65.18846060606062,0.3757575757575757,0.0,0.0,11.0,0.0,11.0,0.0,44.0,0.0,44.0,0.0,50.0,0.0,0.0,0.0,1,0.49999999999999994,-0.8660254037844387,0.36363636363636365,0,0,0,0,0,1,0,0,0,0,0,0,1,0,0,0,0,0,1,0,0,0,1,1,11,0.0
CR00060,2025,6,June,2025-06,19,0.0,19,0.0,Content Creation,Digital Marketing,Free,Beginner,0.0,8.95,2.14,13,15.915151515151516,4.096,0.3757575757575757,2,0,1,24306,Free,Short,Medium,0,0,High,4.096,65.18846060606062,0.3757575757575757,0.0,0.0,11.0,0.0,11.0,0.0,35.0,0.0,35.0,0.0,61.0,0.0,0.7272727272727273,0.0,1,1.2246467991473532e-16,-1.0,0.45454545454545453,0,0,0,0,0,1,0,0,0,0,0,0,1,0,0,0,0,0,1,0,0,0,1,1,19,0.0
CR00060,2025,7,July,2025-07,11,0.0,11,0.0,Content Creation,Digital Marketing,Free,Beginner,0.0,8.95,2.14,13,15.915151515151516,4.096,0.3757575757575757,3,1,0,24307,Free,Short,Medium,0,0,High,4.096,65.18846060606062,0.3757575757575757,0.0,0.0,19.0,0.0,19.0,0.0,41.0,0.0,41.0,0.0,80.0,0.0,-0.42105263157894735,0.0,1,-0.4999999999999997,-0.8660254037844388,0.5454545454545454,0,0,0,0,0,1,0,0,0,0,0,0,1,0,0,0,0,0,1,0,0,0,1,1,11,0.0
CR00060,2025,8,August,2025-08,13,0.0,13,0.0,Content Creation,Digital Marketing,Free,Beginner,0.0,8.95,2.14,13,15.915151515151516,4.096,0.3757575757575757,3,0,0,24308,Free,Short,Medium,0,0,High,4.096,65.18846060606062,0.3757575757575757,0.0,0.0,11.0,0.0,11.0,0.0,41.0,0.0,41.0,0.0,85.0,0.0,0.18181818181818188,0.0,1,-0.8660254037844385,-0.5000000000000004,0.6363636363636364,0,0,0,0,0,1,0,0,0,0,0,0,1,0,0,0,0,0,1,0,0,0,1,1,13,0.0
CR00060,2025,9,September,2025-09,13,0.0,13,0.0,Content Creation,Digital Marketing,Free,Beginner,0.0,8.95,2.14,13,15.915151515151516,4.096,0.3757575757575757,3,0,1,24309,Free,Short,Medium,0,0,High,4.096,65.18846060606062,0.3757575757575757,0.0,0.0,13.0,0.0,13.0,0.0,43.0,0.0,43.0,0.0,78.0,0.0,0.0,0.0,1,-1.0,-1.8369701987210297e-16,0.7272727272727273,0,0,0,0,0,1,0,0,0,0,0,0,1,0,0,0,0,0,1,0,0,0,1,1,13,0.0
CR00060,2025,10,October,2025-10,15,0.0,15,0.0,Content Creation,Digital Marketing,Free,Beginner,0.0,8.95,2.14,13,15.915151515151516,4.096,0.3757575757575757,4,1,0,24310,Free,Short,Medium,0,0,High,4.096,65.18846060606062,0.3757575757575757,0.0,0.0,13.0,0.0,13.0,0.0,37.0,0.0,37.0,0.0,78.0,0.0,0.15384615384615374,0.0,1,-0.8660254037844386,0.5000000000000001,0.8181818181818182,0,0,0,0,0,1,0,0,0,0,0,0,1,0,0,0,0,0,1,0,0,0,1,1,15,0.0
CR00060,2025,11,November,2025-11,12,0.0,12,0.0,Content Creation,Digital Marketing,Free,Beginner,0.0,8.95,2.14,13,15.915151515151516,4.096,0.3757575757575757,4,0,0,24311,Free,Short,Medium,0,0,High,4.096,65.18846060606062,0.3757575757575757,0.0,0.0,15.0,0.0,15.0,0.0,41.0,0.0,41.0,0.0,82.0,0.0,-0.19999999999999996,0.0,1,-0.5000000000000004,0.8660254037844384,0.9090909090909091,0,0,0,0,0,1,0,0,0,0,0,0,1,0,0,0,0,0,1,0,0,0,1,1,12,0.0
CR00060,2025,12,December,2025-12,21,0.0,21,0.0,Content Creation,Digital Marketing,Free,Beginner,0.0,8.95,2.14,13,15.915151515151516,4.096,0.3757575757575757,4,0,1,24312,Free,Short,Medium,0,0,High,4.096,65.18846060606062,0.3757575757575757,0.0,0.0,12.0,0.0,12.0,0.0,40.0,0.0,40.0,0.0,83.0,0.0,0.75,0.0,1,-2.4492935982947064e-16,1.0,1.0,0,0,0,0,0,1,0,0,0,0,0,0,1,0,0,0,0,0,1,0,0,0,1,1,21,0.0
