CourseID,Year,Month,MonthName,YearMonth,MonthlyEnrollment,MonthlyRevenue,MonthlyTransactionCount,AverageTransactionAmount,CourseName,CourseCategory,CourseType,CourseLevel,CoursePrice,CourseDuration,CourseRating,TeacherCount,AvgTeacherExperience,AvgTeacherRating,ExpertiseMatchRate,Quarter,IsQuarterStart,IsQuarterEnd,TimeIndex
CR00001,2025,1,January,2025-01,18,8501.039999999999,18,472.28,Python Basics,Programming,Paid,Beginner,472.28,11.0,4.74,25,16.682926829268293,4.191646341463414,0.13414634146341464,1,1,0,24301
CR00001,2025,2,February,2025-02,11,5195.08,11,472.28,Python Basics,Programming,Paid,Beginner,472.28,11.0,4.74,25,16.682926829268293,4.191646341463414,0.13414634146341464,1,0,0,24302
CR00001,2025,3,March,2025-03,8,3778.24,8,472.28,Python Basics,Programming,Paid,Beginner,472.28,11.0,4.74,25,16.682926829268293,4.191646341463414,0.13414634146341464,1,0,1,24303
CR00001,2025,4,April,2025-04,14,6611.92,14,472.28000000000003,Python Basics,Programming,Paid,Beginner,472.28,11.0,4.74,25,16.682926829268293,4.191646341463414,0.13414634146341464,2,1,0,24304
CR00001,2025,5,May,2025-05,17,8028.759999999999,17,472.28,Python Basics,Programming,Paid,Beginner,472.28,11.0,4.74,25,16.682926829268293,4.191646341463414,0.13414634146341464,2,0,0,24305
CR00001,2025,6,June,2025-06,11,5195.08,11,472.28,Python Basics,Programming,Paid,Beginner,472.28,11.0,4.74,25,16.682926829268293,4.191646341463414,0.13414634146341464,2,0,1,24306
CR00001,2025,7,July,2025-07,12,5667.36,12,472.28,Python Basics,Programming,Paid,Beginner,472.28,11.0,4.74,25,16.682926829268293,4.191646341463414,0.13414634146341464,3,1,0,24307
CR00001,2025,8,August,2025-08,12,5667.36,12,472.28,Python Basics,Programming,Paid,Beginner,472.28,11.0,4.74,25,16.682926829268293,4.191646341463414,0.13414634146341464,3,0,0,24308
CR00001,2025,9,September,2025-09,23,10862.439999999999,23,472.2799999999999,Python Basics,Programming,Paid,Beginner,472.28,11.0,4.74,25,16.682926829268293,4.191646341463414,0.13414634146341464,3,0,1,24309
CR00001,2025,10,October,2025-10,13,6139.639999999999,13,472.28,Python Basics,Programming,Paid,Beginner,472.28,11.0,4.74,25,16.682926829268293,4.191646341463414,0.13414634146341464,4,1,0,24310
CR00001,2025,11,November,2025-11,13,6139.639999999999,13,472.28,Python Basics,Programming,Paid,Beginner,472.28,11.0,4.74,25,16.682926829268293,4.191646341463414,0.13414634146341464,4,0,0,24311
CR00001,2025,12,December,2025-12,12,5667.36,12,472.28,Python Basics,Programming,Paid,Beginner,472.28,11.0,4.74,25,16.682926829268293,4.191646341463414,0.13414634146341464,4,0,1,24312
CR00002,2025,1,January,2025-01,11,0.0,11,0.0,Java Programming,Programming,Free,Intermediate,0.0,37.7,2.43,20,17.013422818791945,4.2114093959731544,0.1610738255033557,1,1,0,24301
CR00002,2025,2,February,2025-02,10,0.0,10,0.0,Java Programming,Programming,Free,Intermediate,0.0,37.7,2.43,20,17.013422818791945,4.2114093959731544,0.1610738255033557,1,0,0,24302
CR00002,2025,3,March,2025-03,15,0.0,15,0.0,Java Programming,Programming,Free,Intermediate,0.0,37.7,2.43,20,17.013422818791945,4.2114093959731544,0.1610738255033557,1,0,1,24303
CR00002,2025,4,April,2025-04,20,0.0,20,0.0,Java Programming,Programming,Free,Intermediate,0.0,37.7,2.43,20,17.013422818791945,4.2114093959731544,0.1610738255033557,2,1,0,24304
CR00002,2025,5,May,2025-05,17,0.0,17,0.0,Java Programming,Programming,Free,Intermediate,0.0,37.7,2.43,20,17.013422818791945,4.2114093959731544,0.1610738255033557,2,0,0,24305
CR00002,2025,6,June,2025-06,12,0.0,12,0.0,Java Programming,Programming,Free,Intermediate,0.0,37.7,2.43,20,17.013422818791945,4.2114093959731544,0.1610738255033557,2,0,1,24306
CR00002,2025,7,July,2025-07,9,0.0,9,0.0,Java Programming,Programming,Free,Intermediate,0.0,37.7,2.43,20,17.013422818791945,4.2114093959731544,0.1610738255033557,3,1,0,24307
CR00002,2025,8,August,2025-08,17,0.0,17,0.0,Java Programming,Programming,Free,Intermediate,0.0,37.7,2.43,20,17.013422818791945,4.2114093959731544,0.1610738255033557,3,0,0,24308
CR00002,2025,9,September,2025-09,5,0.0,5,0.0,Java Programming,Programming,Free,Intermediate,0.0,37.7,2.43,20,17.013422818791945,4.2114093959731544,0.1610738255033557,3,0,1,24309
CR00002,2025,10,October,2025-10,9,0.0,9,0.0,Java Programming,Programming,Free,Intermediate,0.0,37.7,2.43,20,17.013422818791945,4.2114093959731544,0.1610738255033557,4,1,0,24310
CR00002,2025,11,November,2025-11,11,0.0,11,0.0,Java Programming,Programming,Free,Intermediate,0.0,37.7,2.43,20,17.013422818791945,4.2114093959731544,0.1610738255033557,4,0,0,24311
CR00002,2025,12,December,2025-12,13,0.0,13,0.0,Java Programming,Programming,Free,Intermediate,0.0,37.7,2.43,20,17.013422818791945,4.2114093959731544,0.1610738255033557,4,0,1,24312
CR00003,2025,1,January,2025-01,12,0.0,12,0.0,C++ for Beginners,Programming,Free,Beginner,0.0,19.53,3.85,27,16.589595375722542,4.079017341040462,0.13872832369942195,1,1,0,24301
CR00003,2025,2,February,2025-02,10,0.0,10,0.0,C++ for Beginners,Programming,Free,Beginner,0.0,19.53,3.85,27,16.589595375722542,4.079017341040462,0.13872832369942195,1,0,0,24302
CR00003,2025,3,March,2025-03,10,0.0,10,0.0,C++ for Beginners,Programming,Free,Beginner,0.0,19.53,3.85,27,16.589595375722542,4.079017341040462,0.13872832369942195,1,0,1,24303
CR00003,2025,4,April,2025-04,14,0.0,14,0.0,C++ for Beginners,Programming,Free,Beginner,0.0,19.53,3.85,27,16.589595375722542,4.079017341040462,0.13872832369942195,2,1,0,24304
CR00003,2025,5,May,2025-05,13,0.0,13,0.0,C++ for Beginners,Programming,Free,Beginner,0.0,19.53,3.85,27,16.589595375722542,4.079017341040462,0.13872832369942195,2,0,0,24305
CR00003,2025,6,June,2025-06,16,0.0,16,0.0,C++ for Beginners,Programming,Free,Beginner,0.0,19.53,3.85,27,16.589595375722542,4.079017341040462,0.13872832369942195,2,0,1,24306
CR00003,2025,7,July,2025-07,17,0.0,17,0.0,C++ for Beginners,Programming,Free,Beginner,0.0,19.53,3.85,27,16.589595375722542,4.079017341040462,0.13872832369942195,3,1,0,24307
CR00003,2025,8,August,2025-08,16,0.0,16,0.0,C++ for Beginners,Programming,Free,Beginner,0.0,19.53,3.85,27,16.589595375722542,4.079017341040462,0.13872832369942195,3,0,0,24308
CR00003,2025,9,September,2025-09,14,0.0,14,0.0,C++ for Beginners,Programming,Free,Beginner,0.0,19.53,3.85,27,16.589595375722542,4.079017341040462,0.13872832369942195,3,0,1,24309
CR00003,2025,10,October,2025-10,15,0.0,15,0.0,C++ for Beginners,Programming,Free,Beginner,0.0,19.53,3.85,27,16.589595375722542,4.079017341040462,0.13872832369942195,4,1,0,24310
CR00003,2025,11,November,2025-11,23,0.0,23,0.0,C++ for Beginners,Programming,Free,Beginner,0.0,19.53,3.85,27,16.589595375722542,4.079017341040462,0.13872832369942195,4,0,0,24311
CR00003,2025,12,December,2025-12,13,0.0,13,0.0,C++ for Beginners,Programming,Free,Beginner,0.0,19.53,3.85,27,16.589595375722542,4.079017341040462,0.13872832369942195,4,0,1,24312
CR00004,2025,1,January,2025-01,20,0.0,20,0.0,Advanced Python,Programming,Free,Beginner,0.0,45.13,2.88,27,15.896103896103897,4.097987012987013,0.16233766233766234,1,1,0,24301
CR00004,2025,2,February,2025-02,12,0.0,12,0.0,Advanced Python,Programming,Free,Beginner,0.0,45.13,2.88,27,15.896103896103897,4.097987012987013,0.16233766233766234,1,0,0,24302
CR00004,2025,3,March,2025-03,10,0.0,10,0.0,Advanced Python,Programming,Free,Beginner,0.0,45.13,2.88,27,15.896103896103897,4.097987012987013,0.16233766233766234,1,0,1,24303
CR00004,2025,4,April,2025-04,7,0.0,7,0.0,Advanced Python,Programming,Free,Beginner,0.0,45.13,2.88,27,15.896103896103897,4.097987012987013,0.16233766233766234,2,1,0,24304
CR00004,2025,5,May,2025-05,11,0.0,11,0.0,Advanced Python,Programming,Free,Beginner,0.0,45.13,2.88,27,15.896103896103897,4.097987012987013,0.16233766233766234,2,0,0,24305
CR00004,2025,6,June,2025-06,11,0.0,11,0.0,Advanced Python,Programming,Free,Beginner,0.0,45.13,2.88,27,15.896103896103897,4.097987012987013,0.16233766233766234,2,0,1,24306
CR00004,2025,7,July,2025-07,21,0.0,21,0.0,Advanced Python,Programming,Free,Beginner,0.0,45.13,2.88,27,15.896103896103897,4.097987012987013,0.16233766233766234,3,1,0,24307
CR00004,2025,8,August,2025-08,9,0.0,9,0.0,Advanced Python,Programming,Free,Beginner,0.0,45.13,2.88,27,15.896103896103897,4.097987012987013,0.16233766233766234,3,0,0,24308
CR00004,2025,9,September,2025-09,15,0.0,15,0.0,Advanced Python,Programming,Free,Beginner,0.0,45.13,2.88,27,15.896103896103897,4.097987012987013,0.16233766233766234,3,0,1,24309
CR00004,2025,10,October,2025-10,13,0.0,13,0.0,Advanced Python,Programming,Free,Beginner,0.0,45.13,2.88,27,15.896103896103897,4.097987012987013,0.16233766233766234,4,1,0,24310
CR00004,2025,11,November,2025-11,15,0.0,15,0.0,Advanced Python,Programming,Free,Beginner,0.0,45.13,2.88,27,15.896103896103897,4.097987012987013,0.16233766233766234,4,0,0,24311
CR00004,2025,12,December,2025-12,10,0.0,10,0.0,Advanced Python,Programming,Free,Beginner,0.0,45.13,2.88,27,15.896103896103897,4.097987012987013,0.16233766233766234,4,0,1,24312
CR00005,2025,1,January,2025-01,11,0.0,11,0.0,Full Stack Development,Programming,Free,Beginner,0.0,28.68,1.28,29,15.795180722891565,4.05855421686747,0.15060240963855423,1,1,0,24301
CR00005,2025,2,February,2025-02,15,0.0,15,0.0,Full Stack Development,Programming,Free,Beginner,0.0,28.68,1.28,29,15.795180722891565,4.05855421686747,0.15060240963855423,1,0,0,24302
CR00005,2025,3,March,2025-03,20,0.0,20,0.0,Full Stack Development,Programming,Free,Beginner,0.0,28.68,1.28,29,15.795180722891565,4.05855421686747,0.15060240963855423,1,0,1,24303
CR00005,2025,4,April,2025-04,10,0.0,10,0.0,Full Stack Development,Programming,Free,Beginner,0.0,28.68,1.28,29,15.795180722891565,4.05855421686747,0.15060240963855423,2,1,0,24304
CR00005,2025,5,May,2025-05,18,0.0,18,0.0,Full Stack Development,Programming,Free,Beginner,0.0,28.68,1.28,29,15.795180722891565,4.05855421686747,0.15060240963855423,2,0,0,24305
CR00005,2025,6,June,2025-06,16,0.0,16,0.0,Full Stack Development,Programming,Free,Beginner,0.0,28.68,1.28,29,15.795180722891565,4.05855421686747,0.15060240963855423,2,0,1,24306
CR00005,2025,7,July,2025-07,14,0.0,14,0.0,Full Stack Development,Programming,Free,Beginner,0.0,28.68,1.28,29,15.795180722891565,4.05855421686747,0.15060240963855423,3,1,0,24307
CR00005,2025,8,August,2025-08,11,0.0,11,0.0,Full Stack Development,Programming,Free,Beginner,0.0,28.68,1.28,29,15.795180722891565,4.05855421686747,0.15060240963855423,3,0,0,24308
CR00005,2025,9,September,2025-09,14,0.0,14,0.0,Full Stack Development,Programming,Free,Beginner,0.0,28.68,1.28,29,15.795180722891565,4.05855421686747,0.15060240963855423,3,0,1,24309
CR00005,2025,10,October,2025-10,13,0.0,13,0.0,Full Stack Development,Programming,Free,Beginner,0.0,28.68,1.28,29,15.795180722891565,4.05855421686747,0.15060240963855423,4,1,0,24310
CR00005,2025,11,November,2025-11,11,0.0,11,0.0,Full Stack Development,Programming,Free,Beginner,0.0,28.68,1.28,29,15.795180722891565,4.05855421686747,0.15060240963855423,4,0,0,24311
CR00005,2025,12,December,2025-12,13,0.0,13,0.0,Full Stack Development,Programming,Free,Beginner,0.0,28.68,1.28,29,15.795180722891565,4.05855421686747,0.15060240963855423,4,0,1,24312
CR00006,2025,1,January,2025-01,11,3040.07,11,276.37,Graphic Design Basics,Design,Paid,Advanced,276.37,48.84,2.72,15,16.75,4.133461538461538,0.30128205128205127,1,1,0,24301
CR00006,2025,2,February,2025-02,14,3869.1800000000003,14,276.37,Graphic Design Basics,Design,Paid,Advanced,276.37,48.84,2.72,15,16.75,4.133461538461538,0.30128205128205127,1,0,0,24302
CR00006,2025,3,March,2025-03,16,4421.92,16,276.37,Graphic Design Basics,Design,Paid,Advanced,276.37,48.84,2.72,15,16.75,4.133461538461538,0.30128205128205127,1,0,1,24303
CR00006,2025,4,April,2025-04,13,3592.81,13,276.37,Graphic Design Basics,Design,Paid,Advanced,276.37,48.84,2.72,15,16.75,4.133461538461538,0.30128205128205127,2,1,0,24304
CR00006,2025,5,May,2025-05,17,4698.29,17,276.37,Graphic Design Basics,Design,Paid,Advanced,276.37,48.84,2.72,15,16.75,4.133461538461538,0.30128205128205127,2,0,0,24305
CR00006,2025,6,June,2025-06,13,3592.81,13,276.37,Graphic Design Basics,Design,Paid,Advanced,276.37,48.84,2.72,15,16.75,4.133461538461538,0.30128205128205127,2,0,1,24306
CR00006,2025,7,July,2025-07,8,2210.96,8,276.37,Graphic Design Basics,Design,Paid,Advanced,276.37,48.84,2.72,15,16.75,4.133461538461538,0.30128205128205127,3,1,0,24307
CR00006,2025,8,August,2025-08,15,4145.55,15,276.37,Graphic Design Basics,Design,Paid,Advanced,276.37,48.84,2.72,15,16.75,4.133461538461538,0.30128205128205127,3,0,0,24308
CR00006,2025,9,September,2025-09,10,2763.7,10,276.37,Graphic Design Basics,Design,Paid,Advanced,276.37,48.84,2.72,15,16.75,4.133461538461538,0.30128205128205127,3,0,1,24309
CR00006,2025,10,October,2025-10,13,3592.81,13,276.37,Graphic Design Basics,Design,Paid,Advanced,276.37,48.84,2.72,15,16.75,4.133461538461538,0.30128205128205127,4,1,0,24310
CR00006,2025,11,November,2025-11,14,3869.1800000000003,14,276.37,Graphic Design Basics,Design,Paid,Advanced,276.37,48.84,2.72,15,16.75,4.133461538461538,0.30128205128205127,4,0,0,24311
CR00006,2025,12,December,2025-12,12,3316.44,12,276.37,Graphic Design Basics,Design,Paid,Advanced,276.37,48.84,2.72,15,16.75,4.133461538461538,0.30128205128205127,4,0,1,24312
CR00007,2025,1,January,2025-01,10,0.0,10,0.0,UI/UX Design,Design,Free,Advanced,0.0,48.68,2.61,16,16.02247191011236,3.932584269662921,0.34269662921348315,1,1,0,24301
CR00007,2025,2,February,2025-02,6,0.0,6,0.0,UI/UX Design,Design,Free,Advanced,0.0,48.68,2.61,16,16.02247191011236,3.932584269662921,0.34269662921348315,1,0,0,24302
CR00007,2025,3,March,2025-03,11,0.0,11,0.0,UI/UX Design,Design,Free,Advanced,0.0,48.68,2.61,16,16.02247191011236,3.932584269662921,0.34269662921348315,1,0,1,24303
CR00007,2025,4,April,2025-04,20,0.0,20,0.0,UI/UX Design,Design,Free,Advanced,0.0,48.68,2.61,16,16.02247191011236,3.932584269662921,0.34269662921348315,2,1,0,24304
CR00007,2025,5,May,2025-05,11,0.0,11,0.0,UI/UX Design,Design,Free,Advanced,0.0,48.68,2.61,16,16.02247191011236,3.932584269662921,0.34269662921348315,2,0,0,24305
CR00007,2025,6,June,2025-06,20,0.0,20,0.0,UI/UX Design,Design,Free,Advanced,0.0,48.68,2.61,16,16.02247191011236,3.932584269662921,0.34269662921348315,2,0,1,24306
CR00007,2025,7,July,2025-07,18,0.0,18,0.0,UI/UX Design,Design,Free,Advanced,0.0,48.68,2.61,16,16.02247191011236,3.932584269662921,0.34269662921348315,3,1,0,24307
CR00007,2025,8,August,2025-08,13,0.0,13,0.0,UI/UX Design,Design,Free,Advanced,0.0,48.68,2.61,16,16.02247191011236,3.932584269662921,0.34269662921348315,3,0,0,24308
CR00007,2025,9,September,2025-09,20,0.0,20,0.0,UI/UX Design,Design,Free,Advanced,0.0,48.68,2.61,16,16.02247191011236,3.932584269662921,0.34269662921348315,3,0,1,24309
CR00007,2025,10,October,2025-10,18,0.0,18,0.0,UI/UX Design,Design,Free,Advanced,0.0,48.68,2.61,16,16.02247191011236,3.932584269662921,0.34269662921348315,4,1,0,24310
CR00007,2025,11,November,2025-11,12,0.0,12,0.0,UI/UX Design,Design,Free,Advanced,0.0,48.68,2.61,16,16.02247191011236,3.932584269662921,0.34269662921348315,4,0,0,24311
CR00007,2025,12,December,2025-12,19,0.0,19,0.0,UI/UX Design,Design,Free,Advanced,0.0,48.68,2.61,16,16.02247191011236,3.932584269662921,0.34269662921348315,4,0,1,24312
CR00008,2025,1,January,2025-01,6,0.0,6,0.0,Photoshop Mastery,Design,Free,Advanced,0.0,2.87,1.52,15,16.329113924050635,3.999113924050633,0.3291139240506329,1,1,0,24301
CR00008,2025,2,February,2025-02,14,0.0,14,0.0,Photoshop Mastery,Design,Free,Advanced,0.0,2.87,1.52,15,16.329113924050635,3.999113924050633,0.3291139240506329,1,0,0,24302
CR00008,2025,3,March,2025-03,12,0.0,12,0.0,Photoshop Mastery,Design,Free,Advanced,0.0,2.87,1.52,15,16.329113924050635,3.999113924050633,0.3291139240506329,1,0,1,24303
CR00008,2025,4,April,2025-04,13,0.0,13,0.0,Photoshop Mastery,Design,Free,Advanced,0.0,2.87,1.52,15,16.329113924050635,3.999113924050633,0.3291139240506329,2,1,0,24304
CR00008,2025,5,May,2025-05,15,0.0,15,0.0,Photoshop Mastery,Design,Free,Advanced,0.0,2.87,1.52,15,16.329113924050635,3.999113924050633,0.3291139240506329,2,0,0,24305
CR00008,2025,6,June,2025-06,13,0.0,13,0.0,Photoshop Mastery,Design,Free,Advanced,0.0,2.87,1.52,15,16.329113924050635,3.999113924050633,0.3291139240506329,2,0,1,24306
CR00008,2025,7,July,2025-07,17,0.0,17,0.0,Photoshop Mastery,Design,Free,Advanced,0.0,2.87,1.52,15,16.329113924050635,3.999113924050633,0.3291139240506329,3,1,0,24307
CR00008,2025,8,August,2025-08,12,0.0,12,0.0,Photoshop Mastery,Design,Free,Advanced,0.0,2.87,1.52,15,16.329113924050635,3.999113924050633,0.3291139240506329,3,0,0,24308
CR00008,2025,9,September,2025-09,12,0.0,12,0.0,Photoshop Mastery,Design,Free,Advanced,0.0,2.87,1.52,15,16.329113924050635,3.999113924050633,0.3291139240506329,3,0,1,24309
CR00008,2025,10,October,2025-10,13,0.0,13,0.0,Photoshop Mastery,Design,Free,Advanced,0.0,2.87,1.52,15,16.329113924050635,3.999113924050633,0.3291139240506329,4,1,0,24310
CR00008,2025,11,November,2025-11,17,0.0,17,0.0,Photoshop Mastery,Design,Free,Advanced,0.0,2.87,1.52,15,16.329113924050635,3.999113924050633,0.3291139240506329,4,0,0,24311
CR00008,2025,12,December,2025-12,14,0.0,14,0.0,Photoshop Mastery,Design,Free,Advanced,0.0,2.87,1.52,15,16.329113924050635,3.999113924050633,0.3291139240506329,4,0,1,24312
CR00009,2025,1,January,2025-01,10,0.0,10,0.0,Web Design Fundamentals,Design,Free,Beginner,0.0,48.19,4.51,19,15.387096774193548,3.9562580645161294,0.3548387096774194,1,1,0,24301
CR00009,2025,2,February,2025-02,18,0.0,18,0.0,Web Design Fundamentals,Design,Free,Beginner,0.0,48.19,4.51,19,15.387096774193548,3.9562580645161294,0.3548387096774194,1,0,0,24302
CR00009,2025,3,March,2025-03,12,0.0,12,0.0,Web Design Fundamentals,Design,Free,Beginner,0.0,48.19,4.51,19,15.387096774193548,3.9562580645161294,0.3548387096774194,1,0,1,24303
CR00009,2025,4,April,2025-04,10,0.0,10,0.0,Web Design Fundamentals,Design,Free,Beginner,0.0,48.19,4.51,19,15.387096774193548,3.9562580645161294,0.3548387096774194,2,1,0,24304
CR00009,2025,5,May,2025-05,11,0.0,11,0.0,Web Design Fundamentals,Design,Free,Beginner,0.0,48.19,4.51,19,15.387096774193548,3.9562580645161294,0.3548387096774194,2,0,0,24305
CR00009,2025,6,June,2025-06,17,0.0,17,0.0,Web Design Fundamentals,Design,Free,Beginner,0.0,48.19,4.51,19,15.387096774193548,3.9562580645161294,0.3548387096774194,2,0,1,24306
CR00009,2025,7,July,2025-07,17,0.0,17,0.0,Web Design Fundamentals,Design,Free,Beginner,0.0,48.19,4.51,19,15.387096774193548,3.9562580645161294,0.3548387096774194,3,1,0,24307
CR00009,2025,8,August,2025-08,15,0.0,15,0.0,Web Design Fundamentals,Design,Free,Beginner,0.0,48.19,4.51,19,15.387096774193548,3.9562580645161294,0.3548387096774194,3,0,0,24308
CR00009,2025,9,September,2025-09,11,0.0,11,0.0,Web Design Fundamentals,Design,Free,Beginner,0.0,48.19,4.51,19,15.387096774193548,3.9562580645161294,0.3548387096774194,3,0,1,24309
CR00009,2025,10,October,2025-10,12,0.0,12,0.0,Web Design Fundamentals,Design,Free,Beginner,0.0,48.19,4.51,19,15.387096774193548,3.9562580645161294,0.3548387096774194,4,1,0,24310
CR00009,2025,11,November,2025-11,6,0.0,6,0.0,Web Design Fundamentals,Design,Free,Beginner,0.0,48.19,4.51,19,15.387096774193548,3.9562580645161294,0.3548387096774194,4,0,0,24311
CR00009,2025,12,December,2025-12,16,0.0,16,0.0,Web Design Fundamentals,Design,Free,Beginner,0.0,48.19,4.51,19,15.387096774193548,3.9562580645161294,0.3548387096774194,4,0,1,24312
CR00010,2025,1,January,2025-01,12,0.0,12,0.0,3D Modeling,Design,Free,Advanced,0.0,15.29,4.45,18,16.05,3.997055555555556,0.32222222222222224,1,1,0,24301
CR00010,2025,2,February,2025-02,9,0.0,9,0.0,3D Modeling,Design,Free,Advanced,0.0,15.29,4.45,18,16.05,3.997055555555556,0.32222222222222224,1,0,0,24302
CR00010,2025,3,March,2025-03,13,0.0,13,0.0,3D Modeling,Design,Free,Advanced,0.0,15.29,4.45,18,16.05,3.997055555555556,0.32222222222222224,1,0,1,24303
CR00010,2025,4,April,2025-04,20,0.0,20,0.0,3D Modeling,Design,Free,Advanced,0.0,15.29,4.45,18,16.05,3.997055555555556,0.32222222222222224,2,1,0,24304
CR00010,2025,5,May,2025-05,14,0.0,14,0.0,3D Modeling,Design,Free,Advanced,0.0,15.29,4.45,18,16.05,3.997055555555556,0.32222222222222224,2,0,0,24305
CR00010,2025,6,June,2025-06,19,0.0,19,0.0,3D Modeling,Design,Free,Advanced,0.0,15.29,4.45,18,16.05,3.997055555555556,0.32222222222222224,2,0,1,24306
CR00010,2025,7,July,2025-07,17,0.0,17,0.0,3D Modeling,Design,Free,Advanced,0.0,15.29,4.45,18,16.05,3.997055555555556,0.32222222222222224,3,1,0,24307
CR00010,2025,8,August,2025-08,9,0.0,9,0.0,3D Modeling,Design,Free,Advanced,0.0,15.29,4.45,18,16.05,3.997055555555556,0.32222222222222224,3,0,0,24308
CR00010,2025,9,September,2025-09,17,0.0,17,0.0,3D Modeling,Design,Free,Advanced,0.0,15.29,4.45,18,16.05,3.997055555555556,0.32222222222222224,3,0,1,24309
CR00010,2025,10,October,2025-10,10,0.0,10,0.0,3D Modeling,Design,Free,Advanced,0.0,15.29,4.45,18,16.05,3.997055555555556,0.32222222222222224,4,1,0,24310
CR00010,2025,11,November,2025-11,23,0.0,23,0.0,3D Modeling,Design,Free,Advanced,0.0,15.29,4.45,18,16.05,3.997055555555556,0.32222222222222224,4,0,0,24311
CR00010,2025,12,December,2025-12,17,0.0,17,0.0,3D Modeling,Design,Free,Advanced,0.0,15.29,4.45,18,16.05,3.997055555555556,0.32222222222222224,4,0,1,24312
CR00011,2025,1,January,2025-01,14,4564.28,14,326.02,Entrepreneurship 101,Business,Paid,Intermediate,326.02,11.31,2.69,16,16.52980132450331,3.9479470198675495,0.25165562913907286,1,1,0,24301
CR00011,2025,2,February,2025-02,14,4564.28,14,326.02,Entrepreneurship 101,Business,Paid,Intermediate,326.02,11.31,2.69,16,16.52980132450331,3.9479470198675495,0.25165562913907286,1,0,0,24302
CR00011,2025,3,March,2025-03,9,2934.18,9,326.02,Entrepreneurship 101,Business,Paid,Intermediate,326.02,11.31,2.69,16,16.52980132450331,3.9479470198675495,0.25165562913907286,1,0,1,24303
CR00011,2025,4,April,2025-04,16,5216.32,16,326.02,Entrepreneurship 101,Business,Paid,Intermediate,326.02,11.31,2.69,16,16.52980132450331,3.9479470198675495,0.25165562913907286,2,1,0,24304
CR00011,2025,5,May,2025-05,11,3586.22,11,326.02,Entrepreneurship 101,Business,Paid,Intermediate,326.02,11.31,2.69,16,16.52980132450331,3.9479470198675495,0.25165562913907286,2,0,0,24305
CR00011,2025,6,June,2025-06,11,3586.22,11,326.02,Entrepreneurship 101,Business,Paid,Intermediate,326.02,11.31,2.69,16,16.52980132450331,3.9479470198675495,0.25165562913907286,2,0,1,24306
CR00011,2025,7,July,2025-07,18,5868.36,18,326.02,Entrepreneurship 101,Business,Paid,Intermediate,326.02,11.31,2.69,16,16.52980132450331,3.9479470198675495,0.25165562913907286,3,1,0,24307
CR00011,2025,8,August,2025-08,6,1956.12,6,326.02,Entrepreneurship 101,Business,Paid,Intermediate,326.02,11.31,2.69,16,16.52980132450331,3.9479470198675495,0.25165562913907286,3,0,0,24308
CR00011,2025,9,September,2025-09,12,3912.24,12,326.02,Entrepreneurship 101,Business,Paid,Intermediate,326.02,11.31,2.69,16,16.52980132450331,3.9479470198675495,0.25165562913907286,3,0,1,24309
CR00011,2025,10,October,2025-10,16,5216.32,16,326.02,Entrepreneurship 101,Business,Paid,Intermediate,326.02,11.31,2.69,16,16.52980132450331,3.9479470198675495,0.25165562913907286,4,1,0,24310
CR00011,2025,11,November,2025-11,12,3912.24,12,326.02,Entrepreneurship 101,Business,Paid,Intermediate,326.02,11.31,2.69,16,16.52980132450331,3.9479470198675495,0.25165562913907286,4,0,0,24311
CR00011,2025,12,December,2025-12,12,3912.24,12,326.02,Entrepreneurship 101,Business,Paid,Intermediate,326.02,11.31,2.69,16,16.52980132450331,3.9479470198675495,0.25165562913907286,4,0,1,24312
CR00012,2025,1,January,2025-01,20,9758.4,20,487.91999999999996,Business Strategy,Business,Paid,Advanced,487.92,36.01,3.64,18,16.052023121387283,3.9091907514450863,0.2658959537572254,1,1,0,24301
CR00012,2025,2,February,2025-02,10,4879.2,10,487.91999999999996,Business Strategy,Business,Paid,Advanced,487.92,36.01,3.64,18,16.052023121387283,3.9091907514450863,0.2658959537572254,1,0,0,24302
CR00012,2025,3,March,2025-03,21,10246.32,21,487.91999999999996,Business Strategy,Business,Paid,Advanced,487.92,36.01,3.64,18,16.052023121387283,3.9091907514450863,0.2658959537572254,1,0,1,24303
CR00012,2025,4,April,2025-04,15,7318.8,15,487.92,Business Strategy,Business,Paid,Advanced,487.92,36.01,3.64,18,16.052023121387283,3.9091907514450863,0.2658959537572254,2,1,0,24304
CR00012,2025,5,May,2025-05,6,2927.52,6,487.92,Business Strategy,Business,Paid,Advanced,487.92,36.01,3.64,18,16.052023121387283,3.9091907514450863,0.2658959537572254,2,0,0,24305
CR00012,2025,6,June,2025-06,14,6830.88,14,487.92,Business Strategy,Business,Paid,Advanced,487.92,36.01,3.64,18,16.052023121387283,3.9091907514450863,0.2658959537572254,2,0,1,24306
CR00012,2025,7,July,2025-07,18,8782.56,18,487.91999999999996,Business Strategy,Business,Paid,Advanced,487.92,36.01,3.64,18,16.052023121387283,3.9091907514450863,0.2658959537572254,3,1,0,24307
CR00012,2025,8,August,2025-08,11,5367.12,11,487.92,Business Strategy,Business,Paid,Advanced,487.92,36.01,3.64,18,16.052023121387283,3.9091907514450863,0.2658959537572254,3,0,0,24308
CR00012,2025,9,September,2025-09,15,7318.8,15,487.92,Business Strategy,Business,Paid,Advanced,487.92,36.01,3.64,18,16.052023121387283,3.9091907514450863,0.2658959537572254,3,0,1,24309
CR00012,2025,10,October,2025-10,20,9758.4,20,487.91999999999996,Business Strategy,Business,Paid,Advanced,487.92,36.01,3.64,18,16.052023121387283,3.9091907514450863,0.2658959537572254,4,1,0,24310
CR00012,2025,11,November,2025-11,11,5367.12,11,487.92,Business Strategy,Business,Paid,Advanced,487.92,36.01,3.64,18,16.052023121387283,3.9091907514450863,0.2658959537572254,4,0,0,24311
CR00012,2025,12,December,2025-12,12,5855.04,12,487.92,Business Strategy,Business,Paid,Advanced,487.92,36.01,3.64,18,16.052023121387283,3.9091907514450863,0.2658959537572254,4,0,1,24312
CR00013,2025,1,January,2025-01,20,0.0,20,0.0,Finance for Startups,Business,Free,Advanced,0.0,15.84,2.0,20,15.935294117647059,3.8742941176470587,0.27647058823529413,1,1,0,24301
CR00013,2025,2,February,2025-02,12,0.0,12,0.0,Finance for Startups,Business,Free,Advanced,0.0,15.84,2.0,20,15.935294117647059,3.8742941176470587,0.27647058823529413,1,0,0,24302
CR00013,2025,3,March,2025-03,23,0.0,23,0.0,Finance for Startups,Business,Free,Advanced,0.0,15.84,2.0,20,15.935294117647059,3.8742941176470587,0.27647058823529413,1,0,1,24303
CR00013,2025,4,April,2025-04,18,0.0,18,0.0,Finance for Startups,Business,Free,Advanced,0.0,15.84,2.0,20,15.935294117647059,3.8742941176470587,0.27647058823529413,2,1,0,24304
CR00013,2025,5,May,2025-05,10,0.0,10,0.0,Finance for Startups,Business,Free,Advanced,0.0,15.84,2.0,20,15.935294117647059,3.8742941176470587,0.27647058823529413,2,0,0,24305
CR00013,2025,6,June,2025-06,13,0.0,13,0.0,Finance for Startups,Business,Free,Advanced,0.0,15.84,2.0,20,15.935294117647059,3.8742941176470587,0.27647058823529413,2,0,1,24306
CR00013,2025,7,July,2025-07,14,0.0,14,0.0,Finance for Startups,Business,Free,Advanced,0.0,15.84,2.0,20,15.935294117647059,3.8742941176470587,0.27647058823529413,3,1,0,24307
CR00013,2025,8,August,2025-08,12,0.0,12,0.0,Finance for Startups,Business,Free,Advanced,0.0,15.84,2.0,20,15.935294117647059,3.8742941176470587,0.27647058823529413,3,0,0,24308
CR00013,2025,9,September,2025-09,9,0.0,9,0.0,Finance for Startups,Business,Free,Advanced,0.0,15.84,2.0,20,15.935294117647059,3.8742941176470587,0.27647058823529413,3,0,1,24309
CR00013,2025,10,October,2025-10,10,0.0,10,0.0,Finance for Startups,Business,Free,Advanced,0.0,15.84,2.0,20,15.935294117647059,3.8742941176470587,0.27647058823529413,4,1,0,24310
CR00013,2025,11,November,2025-11,14,0.0,14,0.0,Finance for Startups,Business,Free,Advanced,0.0,15.84,2.0,20,15.935294117647059,3.8742941176470587,0.27647058823529413,4,0,0,24311
CR00013,2025,12,December,2025-12,15,0.0,15,0.0,Finance for Startups,Business,Free,Advanced,0.0,15.84,2.0,20,15.935294117647059,3.8742941176470587,0.27647058823529413,4,0,1,24312
CR00014,2025,1,January,2025-01,15,0.0,15,0.0,Sales Mastery,Business,Free,Advanced,0.0,22.29,3.15,18,15.695906432748538,3.769298245614035,0.2982456140350877,1,1,0,24301
CR00014,2025,2,February,2025-02,14,0.0,14,0.0,Sales Mastery,Business,Free,Advanced,0.0,22.29,3.15,18,15.695906432748538,3.769298245614035,0.2982456140350877,1,0,0,24302
CR00014,2025,3,March,2025-03,17,0.0,17,0.0,Sales Mastery,Business,Free,Advanced,0.0,22.29,3.15,18,15.695906432748538,3.769298245614035,0.2982456140350877,1,0,1,24303
CR00014,2025,4,April,2025-04,12,0.0,12,0.0,Sales Mastery,Business,Free,Advanced,0.0,22.29,3.15,18,15.695906432748538,3.769298245614035,0.2982456140350877,2,1,0,24304
CR00014,2025,5,May,2025-05,14,0.0,14,0.0,Sales Mastery,Business,Free,Advanced,0.0,22.29,3.15,18,15.695906432748538,3.769298245614035,0.2982456140350877,2,0,0,24305
CR00014,2025,6,June,2025-06,15,0.0,15,0.0,Sales Mastery,Business,Free,Advanced,0.0,22.29,3.15,18,15.695906432748538,3.769298245614035,0.2982456140350877,2,0,1,24306
CR00014,2025,7,July,2025-07,8,0.0,8,0.0,Sales Mastery,Business,Free,Advanced,0.0,22.29,3.15,18,15.695906432748538,3.769298245614035,0.2982456140350877,3,1,0,24307
CR00014,2025,8,August,2025-08,14,0.0,14,0.0,Sales Mastery,Business,Free,Advanced,0.0,22.29,3.15,18,15.695906432748538,3.769298245614035,0.2982456140350877,3,0,0,24308
CR00014,2025,9,September,2025-09,18,0.0,18,0.0,Sales Mastery,Business,Free,Advanced,0.0,22.29,3.15,18,15.695906432748538,3.769298245614035,0.2982456140350877,3,0,1,24309
CR00014,2025,10,October,2025-10,16,0.0,16,0.0,Sales Mastery,Business,Free,Advanced,0.0,22.29,3.15,18,15.695906432748538,3.769298245614035,0.2982456140350877,4,1,0,24310
CR00014,2025,11,November,2025-11,21,0.0,21,0.0,Sales Mastery,Business,Free,Advanced,0.0,22.29,3.15,18,15.695906432748538,3.769298245614035,0.2982456140350877,4,0,0,24311
CR00014,2025,12,December,2025-12,7,0.0,7,0.0,Sales Mastery,Business,Free,Advanced,0.0,22.29,3.15,18,15.695906432748538,3.769298245614035,0.2982456140350877,4,0,1,24312
CR00015,2025,1,January,2025-01,13,3705.65,13,285.05,Leadership Essentials,Business,Paid,Beginner,285.05,34.78,1.96,19,16.708333333333332,4.0042857142857144,0.23214285714285715,1,1,0,24301
CR00015,2025,2,February,2025-02,11,3135.55,11,285.05,Leadership Essentials,Business,Paid,Beginner,285.05,34.78,1.96,19,16.708333333333332,4.0042857142857144,0.23214285714285715,1,0,0,24302
CR00015,2025,3,March,2025-03,11,3135.55,11,285.05,Leadership Essentials,Business,Paid,Beginner,285.05,34.78,1.96,19,16.708333333333332,4.0042857142857144,0.23214285714285715,1,0,1,24303
CR00015,2025,4,April,2025-04,16,4560.8,16,285.05,Leadership Essentials,Business,Paid,Beginner,285.05,34.78,1.96,19,16.708333333333332,4.0042857142857144,0.23214285714285715,2,1,0,24304
CR00015,2025,5,May,2025-05,14,3990.7000000000003,14,285.05,Leadership Essentials,Business,Paid,Beginner,285.05,34.78,1.96,19,16.708333333333332,4.0042857142857144,0.23214285714285715,2,0,0,24305
CR00015,2025,6,June,2025-06,19,5415.95,19,285.05,Leadership Essentials,Business,Paid,Beginner,285.05,34.78,1.96,19,16.708333333333332,4.0042857142857144,0.23214285714285715,2,0,1,24306
CR00015,2025,7,July,2025-07,13,3705.65,13,285.05,Leadership Essentials,Business,Paid,Beginner,285.05,34.78,1.96,19,16.708333333333332,4.0042857142857144,0.23214285714285715,3,1,0,24307
CR00015,2025,8,August,2025-08,10,2850.5,10,285.05,Leadership Essentials,Business,Paid,Beginner,285.05,34.78,1.96,19,16.708333333333332,4.0042857142857144,0.23214285714285715,3,0,0,24308
CR00015,2025,9,September,2025-09,18,5130.900000000001,18,285.05,Leadership Essentials,Business,Paid,Beginner,285.05,34.78,1.96,19,16.708333333333332,4.0042857142857144,0.23214285714285715,3,0,1,24309
CR00015,2025,10,October,2025-10,13,3705.65,13,285.05,Leadership Essentials,Business,Paid,Beginner,285.05,34.78,1.96,19,16.708333333333332,4.0042857142857144,0.23214285714285715,4,1,0,24310
CR00015,2025,11,November,2025-11,13,3705.65,13,285.05,Leadership Essentials,Business,Paid,Beginner,285.05,34.78,1.96,19,16.708333333333332,4.0042857142857144,0.23214285714285715,4,0,0,24311
CR00015,2025,12,December,2025-12,17,4845.85,17,285.05,Leadership Essentials,Business,Paid,Beginner,285.05,34.78,1.96,19,16.708333333333332,4.0042857142857144,0.23214285714285715,4,0,1,24312
CR00016,2025,1,January,2025-01,13,0.0,13,0.0,Digital Marketing,Marketing,Free,Intermediate,0.0,42.68,4.72,30,16.372549019607842,4.160065359477124,0.10457516339869281,1,1,0,24301
CR00016,2025,2,February,2025-02,15,0.0,15,0.0,Digital Marketing,Marketing,Free,Intermediate,0.0,42.68,4.72,30,16.372549019607842,4.160065359477124,0.10457516339869281,1,0,0,24302
CR00016,2025,3,March,2025-03,9,0.0,9,0.0,Digital Marketing,Marketing,Free,Intermediate,0.0,42.68,4.72,30,16.372549019607842,4.160065359477124,0.10457516339869281,1,0,1,24303
CR00016,2025,4,April,2025-04,9,0.0,9,0.0,Digital Marketing,Marketing,Free,Intermediate,0.0,42.68,4.72,30,16.372549019607842,4.160065359477124,0.10457516339869281,2,1,0,24304
CR00016,2025,5,May,2025-05,7,0.0,7,0.0,Digital Marketing,Marketing,Free,Intermediate,0.0,42.68,4.72,30,16.372549019607842,4.160065359477124,0.10457516339869281,2,0,0,24305
CR00016,2025,6,June,2025-06,11,0.0,11,0.0,Digital Marketing,Marketing,Free,Intermediate,0.0,42.68,4.72,30,16.372549019607842,4.160065359477124,0.10457516339869281,2,0,1,24306
CR00016,2025,7,July,2025-07,15,0.0,15,0.0,Digital Marketing,Marketing,Free,Intermediate,0.0,42.68,4.72,30,16.372549019607842,4.160065359477124,0.10457516339869281,3,1,0,24307
CR00016,2025,8,August,2025-08,16,0.0,16,0.0,Digital Marketing,Marketing,Free,Intermediate,0.0,42.68,4.72,30,16.372549019607842,4.160065359477124,0.10457516339869281,3,0,0,24308
CR00016,2025,9,September,2025-09,14,0.0,14,0.0,Digital Marketing,Marketing,Free,Intermediate,0.0,42.68,4.72,30,16.372549019607842,4.160065359477124,0.10457516339869281,3,0,1,24309
CR00016,2025,10,October,2025-10,15,0.0,15,0.0,Digital Marketing,Marketing,Free,Intermediate,0.0,42.68,4.72,30,16.372549019607842,4.160065359477124,0.10457516339869281,4,1,0,24310
CR00016,2025,11,November,2025-11,21,0.0,21,0.0,Digital Marketing,Marketing,Free,Intermediate,0.0,42.68,4.72,30,16.372549019607842,4.160065359477124,0.10457516339869281,4,0,0,24311
CR00016,2025,12,December,2025-12,8,0.0,8,0.0,Digital Marketing,Marketing,Free,Intermediate,0.0,42.68,4.72,30,16.372549019607842,4.160065359477124,0.10457516339869281,4,0,1,24312
CR00017,2025,1,January,2025-01,15,0.0,15,0.0,SEO Mastery,Marketing,Free,Advanced,0.0,29.37,4.79,28,16.0126582278481,4.193291139240506,0.16455696202531644,1,1,0,24301
CR00017,2025,2,February,2025-02,17,0.0,17,0.0,SEO Mastery,Marketing,Free,Advanced,0.0,29.37,4.79,28,16.0126582278481,4.193291139240506,0.16455696202531644,1,0,0,24302
CR00017,2025,3,March,2025-03,11,0.0,11,0.0,SEO Mastery,Marketing,Free,Advanced,0.0,29.37,4.79,28,16.0126582278481,4.193291139240506,0.16455696202531644,1,0,1,24303
CR00017,2025,4,April,2025-04,11,0.0,11,0.0,SEO Mastery,Marketing,Free,Advanced,0.0,29.37,4.79,28,16.0126582278481,4.193291139240506,0.16455696202531644,2,1,0,24304
CR00017,2025,5,May,2025-05,7,0.0,7,0.0,SEO Mastery,Marketing,Free,Advanced,0.0,29.37,4.79,28,16.0126582278481,4.193291139240506,0.16455696202531644,2,0,0,24305
CR00017,2025,6,June,2025-06,16,0.0,16,0.0,SEO Mastery,Marketing,Free,Advanced,0.0,29.37,4.79,28,16.0126582278481,4.193291139240506,0.16455696202531644,2,0,1,24306
CR00017,2025,7,July,2025-07,8,0.0,8,0.0,SEO Mastery,Marketing,Free,Advanced,0.0,29.37,4.79,28,16.0126582278481,4.193291139240506,0.16455696202531644,3,1,0,24307
CR00017,2025,8,August,2025-08,18,0.0,18,0.0,SEO Mastery,Marketing,Free,Advanced,0.0,29.37,4.79,28,16.0126582278481,4.193291139240506,0.16455696202531644,3,0,0,24308
CR00017,2025,9,September,2025-09,18,0.0,18,0.0,SEO Mastery,Marketing,Free,Advanced,0.0,29.37,4.79,28,16.0126582278481,4.193291139240506,0.16455696202531644,3,0,1,24309
CR00017,2025,10,October,2025-10,10,0.0,10,0.0,SEO Mastery,Marketing,Free,Advanced,0.0,29.37,4.79,28,16.0126582278481,4.193291139240506,0.16455696202531644,4,1,0,24310
CR00017,2025,11,November,2025-11,14,0.0,14,0.0,SEO Mastery,Marketing,Free,Advanced,0.0,29.37,4.79,28,16.0126582278481,4.193291139240506,0.16455696202531644,4,0,0,24311
CR00017,2025,12,December,2025-12,13,0.0,13,0.0,SEO Mastery,Marketing,Free,Advanced,0.0,29.37,4.79,28,16.0126582278481,4.193291139240506,0.16455696202531644,4,0,1,24312
CR00018,2025,1,January,2025-01,12,0.0,12,0.0,Social Media Marketing,Marketing,Free,Advanced,0.0,15.44,2.01,28,16.533742331288344,4.198159509202454,0.12883435582822086,1,1,0,24301
CR00018,2025,2,February,2025-02,8,0.0,8,0.0,Social Media Marketing,Marketing,Free,Advanced,0.0,15.44,2.01,28,16.533742331288344,4.198159509202454,0.12883435582822086,1,0,0,24302
CR00018,2025,3,March,2025-03,12,0.0,12,0.0,Social Media Marketing,Marketing,Free,Advanced,0.0,15.44,2.01,28,16.533742331288344,4.198159509202454,0.12883435582822086,1,0,1,24303
CR00018,2025,4,April,2025-04,17,0.0,17,0.0,Social Media Marketing,Marketing,Free,Advanced,0.0,15.44,2.01,28,16.533742331288344,4.198159509202454,0.12883435582822086,2,1,0,24304
CR00018,2025,5,May,2025-05,15,0.0,15,0.0,Social Media Marketing,Marketing,Free,Advanced,0.0,15.44,2.01,28,16.533742331288344,4.198159509202454,0.12883435582822086,2,0,0,24305
CR00018,2025,6,June,2025-06,17,0.0,17,0.0,Social Media Marketing,Marketing,Free,Advanced,0.0,15.44,2.01,28,16.533742331288344,4.198159509202454,0.12883435582822086,2,0,1,24306
CR00018,2025,7,July,2025-07,13,0.0,13,0.0,Social Media Marketing,Marketing,Free,Advanced,0.0,15.44,2.01,28,16.533742331288344,4.198159509202454,0.12883435582822086,3,1,0,24307
CR00018,2025,8,August,2025-08,16,0.0,16,0.0,Social Media Marketing,Marketing,Free,Advanced,0.0,15.44,2.01,28,16.533742331288344,4.198159509202454,0.12883435582822086,3,0,0,24308
CR00018,2025,9,September,2025-09,13,0.0,13,0.0,Social Media Marketing,Marketing,Free,Advanced,0.0,15.44,2.01,28,16.533742331288344,4.198159509202454,0.12883435582822086,3,0,1,24309
CR00018,2025,10,October,2025-10,15,0.0,15,0.0,Social Media Marketing,Marketing,Free,Advanced,0.0,15.44,2.01,28,16.533742331288344,4.198159509202454,0.12883435582822086,4,1,0,24310
CR00018,2025,11,November,2025-11,14,0.0,14,0.0,Social Media Marketing,Marketing,Free,Advanced,0.0,15.44,2.01,28,16.533742331288344,4.198159509202454,0.12883435582822086,4,0,0,24311
CR00018,2025,12,December,2025-12,11,0.0,11,0.0,Social Media Marketing,Marketing,Free,Advanced,0.0,15.44,2.01,28,16.533742331288344,4.198159509202454,0.12883435582822086,4,0,1,24312
CR00019,2025,1,January,2025-01,15,0.0,15,0.0,Content Marketing,Marketing,Free,Advanced,0.0,18.0,2.98,28,16.497175141242938,4.2006214689265535,0.14124293785310735,1,1,0,24301
CR00019,2025,2,February,2025-02,9,0.0,9,0.0,Content Marketing,Marketing,Free,Advanced,0.0,18.0,2.98,28,16.497175141242938,4.2006214689265535,0.14124293785310735,1,0,0,24302
CR00019,2025,3,March,2025-03,15,0.0,15,0.0,Content Marketing,Marketing,Free,Advanced,0.0,18.0,2.98,28,16.497175141242938,4.2006214689265535,0.14124293785310735,1,0,1,24303
CR00019,2025,4,April,2025-04,13,0.0,13,0.0,Content Marketing,Marketing,Free,Advanced,0.0,18.0,2.98,28,16.497175141242938,4.2006214689265535,0.14124293785310735,2,1,0,24304
CR00019,2025,5,May,2025-05,20,0.0,20,0.0,Content Marketing,Marketing,Free,Advanced,0.0,18.0,2.98,28,16.497175141242938,4.2006214689265535,0.14124293785310735,2,0,0,24305
CR00019,2025,6,June,2025-06,20,0.0,20,0.0,Content Marketing,Marketing,Free,Advanced,0.0,18.0,2.98,28,16.497175141242938,4.2006214689265535,0.14124293785310735,2,0,1,24306
CR00019,2025,7,July,2025-07,15,0.0,15,0.0,Content Marketing,Marketing,Free,Advanced,0.0,18.0,2.98,28,16.497175141242938,4.2006214689265535,0.14124293785310735,3,1,0,24307
CR00019,2025,8,August,2025-08,12,0.0,12,0.0,Content Marketing,Marketing,Free,Advanced,0.0,18.0,2.98,28,16.497175141242938,4.2006214689265535,0.14124293785310735,3,0,0,24308
CR00019,2025,9,September,2025-09,14,0.0,14,0.0,Content Marketing,Marketing,Free,Advanced,0.0,18.0,2.98,28,16.497175141242938,4.2006214689265535,0.14124293785310735,3,0,1,24309
CR00019,2025,10,October,2025-10,13,0.0,13,0.0,Content Marketing,Marketing,Free,Advanced,0.0,18.0,2.98,28,16.497175141242938,4.2006214689265535,0.14124293785310735,4,1,0,24310
CR00019,2025,11,November,2025-11,16,0.0,16,0.0,Content Marketing,Marketing,Free,Advanced,0.0,18.0,2.98,28,16.497175141242938,4.2006214689265535,0.14124293785310735,4,0,0,24311
CR00019,2025,12,December,2025-12,15,0.0,15,0.0,Content Marketing,Marketing,Free,Advanced,0.0,18.0,2.98,28,16.497175141242938,4.2006214689265535,0.14124293785310735,4,0,1,24312
CR00020,2025,1,January,2025-01,13,0.0,13,0.0,Email Marketing,Marketing,Free,Intermediate,0.0,46.25,4.11,25,16.16774193548387,4.090258064516129,0.14838709677419354,1,1,0,24301
CR00020,2025,2,February,2025-02,10,0.0,10,0.0,Email Marketing,Marketing,Free,Intermediate,0.0,46.25,4.11,25,16.16774193548387,4.090258064516129,0.14838709677419354,1,0,0,24302
CR00020,2025,3,March,2025-03,13,0.0,13,0.0,Email Marketing,Marketing,Free,Intermediate,0.0,46.25,4.11,25,16.16774193548387,4.090258064516129,0.14838709677419354,1,0,1,24303
CR00020,2025,4,April,2025-04,8,0.0,8,0.0,Email Marketing,Marketing,Free,Intermediate,0.0,46.25,4.11,25,16.16774193548387,4.090258064516129,0.14838709677419354,2,1,0,24304
CR00020,2025,5,May,2025-05,11,0.0,11,0.0,Email Marketing,Marketing,Free,Intermediate,0.0,46.25,4.11,25,16.16774193548387,4.090258064516129,0.14838709677419354,2,0,0,24305
CR00020,2025,6,June,2025-06,20,0.0,20,0.0,Email Marketing,Marketing,Free,Intermediate,0.0,46.25,4.11,25,16.16774193548387,4.090258064516129,0.14838709677419354,2,0,1,24306
CR00020,2025,7,July,2025-07,9,0.0,9,0.0,Email Marketing,Marketing,Free,Intermediate,0.0,46.25,4.11,25,16.16774193548387,4.090258064516129,0.14838709677419354,3,1,0,24307
CR00020,2025,8,August,2025-08,14,0.0,14,0.0,Email Marketing,Marketing,Free,Intermediate,0.0,46.25,4.11,25,16.16774193548387,4.090258064516129,0.14838709677419354,3,0,0,24308
CR00020,2025,9,September,2025-09,15,0.0,15,0.0,Email Marketing,Marketing,Free,Intermediate,0.0,46.25,4.11,25,16.16774193548387,4.090258064516129,0.14838709677419354,3,0,1,24309
CR00020,2025,10,October,2025-10,13,0.0,13,0.0,Email Marketing,Marketing,Free,Intermediate,0.0,46.25,4.11,25,16.16774193548387,4.090258064516129,0.14838709677419354,4,1,0,24310
CR00020,2025,11,November,2025-11,16,0.0,16,0.0,Email Marketing,Marketing,Free,Intermediate,0.0,46.25,4.11,25,16.16774193548387,4.090258064516129,0.14838709677419354,4,0,0,24311
CR00020,2025,12,December,2025-12,13,0.0,13,0.0,Email Marketing,Marketing,Free,Intermediate,0.0,46.25,4.11,25,16.16774193548387,4.090258064516129,0.14838709677419354,4,0,1,24312
CR00021,2025,1,January,2025-01,17,0.0,17,0.0,Data Analysis with Python,Data Science,Free,Intermediate,0.0,1.2,3.6,7,17.168367346938776,4.152448979591837,0.37755102040816324,1,1,0,24301
CR00021,2025,2,February,2025-02,8,0.0,8,0.0,Data Analysis with Python,Data Science,Free,Intermediate,0.0,1.2,3.6,7,17.168367346938776,4.152448979591837,0.37755102040816324,1,0,0,24302
CR00021,2025,3,March,2025-03,18,0.0,18,0.0,Data Analysis with Python,Data Science,Free,Intermediate,0.0,1.2,3.6,7,17.168367346938776,4.152448979591837,0.37755102040816324,1,0,1,24303
CR00021,2025,4,April,2025-04,17,0.0,17,0.0,Data Analysis with Python,Data Science,Free,Intermediate,0.0,1.2,3.6,7,17.168367346938776,4.152448979591837,0.37755102040816324,2,1,0,24304
CR00021,2025,5,May,2025-05,18,0.0,18,0.0,Data Analysis with Python,Data Science,Free,Intermediate,0.0,1.2,3.6,7,17.168367346938776,4.152448979591837,0.37755102040816324,2,0,0,24305
CR00021,2025,6,June,2025-06,9,0.0,9,0.0,Data Analysis with Python,Data Science,Free,Intermediate,0.0,1.2,3.6,7,17.168367346938776,4.152448979591837,0.37755102040816324,2,0,1,24306
CR00021,2025,7,July,2025-07,23,0.0,23,0.0,Data Analysis with Python,Data Science,Free,Intermediate,0.0,1.2,3.6,7,17.168367346938776,4.152448979591837,0.37755102040816324,3,1,0,24307
CR00021,2025,8,August,2025-08,18,0.0,18,0.0,Data Analysis with Python,Data Science,Free,Intermediate,0.0,1.2,3.6,7,17.168367346938776,4.152448979591837,0.37755102040816324,3,0,0,24308
CR00021,2025,9,September,2025-09,19,0.0,19,0.0,Data Analysis with Python,Data Science,Free,Intermediate,0.0,1.2,3.6,7,17.168367346938776,4.152448979591837,0.37755102040816324,3,0,1,24309
CR00021,2025,10,October,2025-10,12,0.0,12,0.0,Data Analysis with Python,Data Science,Free,Intermediate,0.0,1.2,3.6,7,17.168367346938776,4.152448979591837,0.37755102040816324,4,1,0,24310
CR00021,2025,11,November,2025-11,17,0.0,17,0.0,Data Analysis with Python,Data Science,Free,Intermediate,0.0,1.2,3.6,7,17.168367346938776,4.152448979591837,0.37755102040816324,4,0,0,24311
CR00021,2025,12,December,2025-12,20,0.0,20,0.0,Data Analysis with Python,Data Science,Free,Intermediate,0.0,1.2,3.6,7,17.168367346938776,4.152448979591837,0.37755102040816324,4,0,1,24312
CR00022,2025,1,January,2025-01,19,0.0,19,0.0,Data Visualization,Data Science,Free,Beginner,0.0,32.64,3.65,7,17.305084745762713,4.157627118644068,0.3446327683615819,1,1,0,24301
CR00022,2025,2,February,2025-02,17,0.0,17,0.0,Data Visualization,Data Science,Free,Beginner,0.0,32.64,3.65,7,17.305084745762713,4.157627118644068,0.3446327683615819,1,0,0,24302
CR00022,2025,3,March,2025-03,18,0.0,18,0.0,Data Visualization,Data Science,Free,Beginner,0.0,32.64,3.65,7,17.305084745762713,4.157627118644068,0.3446327683615819,1,0,1,24303
CR00022,2025,4,April,2025-04,11,0.0,11,0.0,Data Visualization,Data Science,Free,Beginner,0.0,32.64,3.65,7,17.305084745762713,4.157627118644068,0.3446327683615819,2,1,0,24304
CR00022,2025,5,May,2025-05,13,0.0,13,0.0,Data Visualization,Data Science,Free,Beginner,0.0,32.64,3.65,7,17.305084745762713,4.157627118644068,0.3446327683615819,2,0,0,24305
CR00022,2025,6,June,2025-06,14,0.0,14,0.0,Data Visualization,Data Science,Free,Beginner,0.0,32.64,3.65,7,17.305084745762713,4.157627118644068,0.3446327683615819,2,0,1,24306
CR00022,2025,7,July,2025-07,11,0.0,11,0.0,Data Visualization,Data Science,Free,Beginner,0.0,32.64,3.65,7,17.305084745762713,4.157627118644068,0.3446327683615819,3,1,0,24307
CR00022,2025,8,August,2025-08,15,0.0,15,0.0,Data Visualization,Data Science,Free,Beginner,0.0,32.64,3.65,7,17.305084745762713,4.157627118644068,0.3446327683615819,3,0,0,24308
CR00022,2025,9,September,2025-09,18,0.0,18,0.0,Data Visualization,Data Science,Free,Beginner,0.0,32.64,3.65,7,17.305084745762713,4.157627118644068,0.3446327683615819,3,0,1,24309
CR00022,2025,10,October,2025-10,15,0.0,15,0.0,Data Visualization,Data Science,Free,Beginner,0.0,32.64,3.65,7,17.305084745762713,4.157627118644068,0.3446327683615819,4,1,0,24310
CR00022,2025,11,November,2025-11,12,0.0,12,0.0,Data Visualization,Data Science,Free,Beginner,0.0,32.64,3.65,7,17.305084745762713,4.157627118644068,0.3446327683615819,4,0,0,24311
CR00022,2025,12,December,2025-12,14,0.0,14,0.0,Data Visualization,Data Science,Free,Beginner,0.0,32.64,3.65,7,17.305084745762713,4.157627118644068,0.3446327683615819,4,0,1,24312
CR00023,2025,1,January,2025-01,15,0.0,15,0.0,Machine Learning Fundamentals,Data Science,Free,Intermediate,0.0,9.71,3.02,7,16.194594594594594,4.0725945945945945,0.3945945945945946,1,1,0,24301
CR00023,2025,2,February,2025-02,18,0.0,18,0.0,Machine Learning Fundamentals,Data Science,Free,Intermediate,0.0,9.71,3.02,7,16.194594594594594,4.0725945945945945,0.3945945945945946,1,0,0,24302
CR00023,2025,3,March,2025-03,15,0.0,15,0.0,Machine Learning Fundamentals,Data Science,Free,Intermediate,0.0,9.71,3.02,7,16.194594594594594,4.0725945945945945,0.3945945945945946,1,0,1,24303
CR00023,2025,4,April,2025-04,18,0.0,18,0.0,Machine Learning Fundamentals,Data Science,Free,Intermediate,0.0,9.71,3.02,7,16.194594594594594,4.0725945945945945,0.3945945945945946,2,1,0,24304
CR00023,2025,5,May,2025-05,16,0.0,16,0.0,Machine Learning Fundamentals,Data Science,Free,Intermediate,0.0,9.71,3.02,7,16.194594594594594,4.0725945945945945,0.3945945945945946,2,0,0,24305
CR00023,2025,6,June,2025-06,17,0.0,17,0.0,Machine Learning Fundamentals,Data Science,Free,Intermediate,0.0,9.71,3.02,7,16.194594594594594,4.0725945945945945,0.3945945945945946,2,0,1,24306
CR00023,2025,7,July,2025-07,22,0.0,22,0.0,Machine Learning Fundamentals,Data Science,Free,Intermediate,0.0,9.71,3.02,7,16.194594594594594,4.0725945945945945,0.3945945945945946,3,1,0,24307
CR00023,2025,8,August,2025-08,11,0.0,11,0.0,Machine Learning Fundamentals,Data Science,Free,Intermediate,0.0,9.71,3.02,7,16.194594594594594,4.0725945945945945,0.3945945945945946,3,0,0,24308
CR00023,2025,9,September,2025-09,11,0.0,11,0.0,Machine Learning Fundamentals,Data Science,Free,Intermediate,0.0,9.71,3.02,7,16.194594594594594,4.0725945945945945,0.3945945945945946,3,0,1,24309
CR00023,2025,10,October,2025-10,12,0.0,12,0.0,Machine Learning Fundamentals,Data Science,Free,Intermediate,0.0,9.71,3.02,7,16.194594594594594,4.0725945945945945,0.3945945945945946,4,1,0,24310
CR00023,2025,11,November,2025-11,13,0.0,13,0.0,Machine Learning Fundamentals,Data Science,Free,Intermediate,0.0,9.71,3.02,7,16.194594594594594,4.0725945945945945,0.3945945945945946,4,0,0,24311
CR00023,2025,12,December,2025-12,17,0.0,17,0.0,Machine Learning Fundamentals,Data Science,Free,Intermediate,0.0,9.71,3.02,7,16.194594594594594,4.0725945945945945,0.3945945945945946,4,0,1,24312
CR00024,2025,1,January,2025-01,9,1059.1200000000001,9,117.68,Big Data Analytics,Data Science,Paid,Advanced,117.68,48.09,2.57,7,16.55421686746988,4.141867469879518,0.3855421686746988,1,1,0,24301
CR00024,2025,2,February,2025-02,10,1176.8000000000002,10,117.68000000000002,Big Data Analytics,Data Science,Paid,Advanced,117.68,48.09,2.57,7,16.55421686746988,4.141867469879518,0.3855421686746988,1,0,0,24302
CR00024,2025,3,March,2025-03,12,1412.16,12,117.68,Big Data Analytics,Data Science,Paid,Advanced,117.68,48.09,2.57,7,16.55421686746988,4.141867469879518,0.3855421686746988,1,0,1,24303
CR00024,2025,4,April,2025-04,11,1294.48,11,117.68,Big Data Analytics,Data Science,Paid,Advanced,117.68,48.09,2.57,7,16.55421686746988,4.141867469879518,0.3855421686746988,2,1,0,24304
CR00024,2025,5,May,2025-05,14,1647.52,14,117.67999999999999,Big Data Analytics,Data Science,Paid,Advanced,117.68,48.09,2.57,7,16.55421686746988,4.141867469879518,0.3855421686746988,2,0,0,24305
CR00024,2025,6,June,2025-06,24,2824.32,24,117.68,Big Data Analytics,Data Science,Paid,Advanced,117.68,48.09,2.57,7,16.55421686746988,4.141867469879518,0.3855421686746988,2,0,1,24306
CR00024,2025,7,July,2025-07,16,1882.88,16,117.68,Big Data Analytics,Data Science,Paid,Advanced,117.68,48.09,2.57,7,16.55421686746988,4.141867469879518,0.3855421686746988,3,1,0,24307
CR00024,2025,8,August,2025-08,8,941.44,8,117.68,Big Data Analytics,Data Science,Paid,Advanced,117.68,48.09,2.57,7,16.55421686746988,4.141867469879518,0.3855421686746988,3,0,0,24308
CR00024,2025,9,September,2025-09,17,2000.5600000000002,17,117.68,Big Data Analytics,Data Science,Paid,Advanced,117.68,48.09,2.57,7,16.55421686746988,4.141867469879518,0.3855421686746988,3,0,1,24309
CR00024,2025,10,October,2025-10,13,1529.8400000000001,13,117.68,Big Data Analytics,Data Science,Paid,Advanced,117.68,48.09,2.57,7,16.55421686746988,4.141867469879518,0.3855421686746988,4,1,0,24310
CR00024,2025,11,November,2025-11,18,2118.2400000000002,18,117.68,Big Data Analytics,Data Science,Paid,Advanced,117.68,48.09,2.57,7,16.55421686746988,4.141867469879518,0.3855421686746988,4,0,0,24311
CR00024,2025,12,December,2025-12,14,1647.52,14,117.67999999999999,Big Data Analytics,Data Science,Paid,Advanced,117.68,48.09,2.57,7,16.55421686746988,4.141867469879518,0.3855421686746988,4,0,1,24312
CR00025,2025,1,January,2025-01,15,4493.55,15,299.57,Statistical Analysis,Data Science,Paid,Beginner,299.57,48.32,3.74,7,16.489583333333332,4.13109375,0.3854166666666667,1,1,0,24301
CR00025,2025,2,February,2025-02,16,4793.12,16,299.57,Statistical Analysis,Data Science,Paid,Beginner,299.57,48.32,3.74,7,16.489583333333332,4.13109375,0.3854166666666667,1,0,0,24302
CR00025,2025,3,March,2025-03,19,5691.83,19,299.57,Statistical Analysis,Data Science,Paid,Beginner,299.57,48.32,3.74,7,16.489583333333332,4.13109375,0.3854166666666667,1,0,1,24303
CR00025,2025,4,April,2025-04,23,6890.11,23,299.57,Statistical Analysis,Data Science,Paid,Beginner,299.57,48.32,3.74,7,16.489583333333332,4.13109375,0.3854166666666667,2,1,0,24304
CR00025,2025,5,May,2025-05,24,7189.68,24,299.57,Statistical Analysis,Data Science,Paid,Beginner,299.57,48.32,3.74,7,16.489583333333332,4.13109375,0.3854166666666667,2,0,0,24305
CR00025,2025,6,June,2025-06,9,2696.13,9,299.57,Statistical Analysis,Data Science,Paid,Beginner,299.57,48.32,3.74,7,16.489583333333332,4.13109375,0.3854166666666667,2,0,1,24306
CR00025,2025,7,July,2025-07,10,2995.7,10,299.57,Statistical Analysis,Data Science,Paid,Beginner,299.57,48.32,3.74,7,16.489583333333332,4.13109375,0.3854166666666667,3,1,0,24307
CR00025,2025,8,August,2025-08,15,4493.55,15,299.57,Statistical Analysis,Data Science,Paid,Beginner,299.57,48.32,3.74,7,16.489583333333332,4.13109375,0.3854166666666667,3,0,0,24308
CR00025,2025,9,September,2025-09,20,5991.4,20,299.57,Statistical Analysis,Data Science,Paid,Beginner,299.57,48.32,3.74,7,16.489583333333332,4.13109375,0.3854166666666667,3,0,1,24309
CR00025,2025,10,October,2025-10,12,3594.84,12,299.57,Statistical Analysis,Data Science,Paid,Beginner,299.57,48.32,3.74,7,16.489583333333332,4.13109375,0.3854166666666667,4,1,0,24310
CR00025,2025,11,November,2025-11,13,3894.41,13,299.57,Statistical Analysis,Data Science,Paid,Beginner,299.57,48.32,3.74,7,16.489583333333332,4.13109375,0.3854166666666667,4,0,0,24311
CR00025,2025,12,December,2025-12,16,4793.12,16,299.57,Statistical Analysis,Data Science,Paid,Beginner,299.57,48.32,3.74,7,16.489583333333332,4.13109375,0.3854166666666667,4,0,1,24312
CR00026,2025,1,January,2025-01,14,0.0,14,0.0,Intro to Machine Learning,Machine Learning,Free,Intermediate,0.0,47.7,4.73,18,14.05813953488372,4.291627906976744,0.8430232558139535,1,1,0,24301
CR00026,2025,2,February,2025-02,16,0.0,16,0.0,Intro to Machine Learning,Machine Learning,Free,Intermediate,0.0,47.7,4.73,18,14.05813953488372,4.291627906976744,0.8430232558139535,1,0,0,24302
CR00026,2025,3,March,2025-03,11,0.0,11,0.0,Intro to Machine Learning,Machine Learning,Free,Intermediate,0.0,47.7,4.73,18,14.05813953488372,4.291627906976744,0.8430232558139535,1,0,1,24303
CR00026,2025,4,April,2025-04,14,0.0,14,0.0,Intro to Machine Learning,Machine Learning,Free,Intermediate,0.0,47.7,4.73,18,14.05813953488372,4.291627906976744,0.8430232558139535,2,1,0,24304
CR00026,2025,5,May,2025-05,16,0.0,16,0.0,Intro to Machine Learning,Machine Learning,Free,Intermediate,0.0,47.7,4.73,18,14.05813953488372,4.291627906976744,0.8430232558139535,2,0,0,24305
CR00026,2025,6,June,2025-06,15,0.0,15,0.0,Intro to Machine Learning,Machine Learning,Free,Intermediate,0.0,47.7,4.73,18,14.05813953488372,4.291627906976744,0.8430232558139535,2,0,1,24306
CR00026,2025,7,July,2025-07,15,0.0,15,0.0,Intro to Machine Learning,Machine Learning,Free,Intermediate,0.0,47.7,4.73,18,14.05813953488372,4.291627906976744,0.8430232558139535,3,1,0,24307
CR00026,2025,8,August,2025-08,18,0.0,18,0.0,Intro to Machine Learning,Machine Learning,Free,Intermediate,0.0,47.7,4.73,18,14.05813953488372,4.291627906976744,0.8430232558139535,3,0,0,24308
CR00026,2025,9,September,2025-09,20,0.0,20,0.0,Intro to Machine Learning,Machine Learning,Free,Intermediate,0.0,47.7,4.73,18,14.05813953488372,4.291627906976744,0.8430232558139535,3,0,1,24309
CR00026,2025,10,October,2025-10,12,0.0,12,0.0,Intro to Machine Learning,Machine Learning,Free,Intermediate,0.0,47.7,4.73,18,14.05813953488372,4.291627906976744,0.8430232558139535,4,1,0,24310
CR00026,2025,11,November,2025-11,11,0.0,11,0.0,Intro to Machine Learning,Machine Learning,Free,Intermediate,0.0,47.7,4.73,18,14.05813953488372,4.291627906976744,0.8430232558139535,4,0,0,24311
CR00026,2025,12,December,2025-12,10,0.0,10,0.0,Intro to Machine Learning,Machine Learning,Free,Intermediate,0.0,47.7,4.73,18,14.05813953488372,4.291627906976744,0.8430232558139535,4,0,1,24312
CR00027,2025,1,January,2025-01,13,0.0,13,0.0,Neural Networks,Machine Learning,Free,Advanced,0.0,9.3,1.81,17,14.493421052631579,4.269934210526316,0.8618421052631579,1,1,0,24301
CR00027,2025,2,February,2025-02,12,0.0,12,0.0,Neural Networks,Machine Learning,Free,Advanced,0.0,9.3,1.81,17,14.493421052631579,4.269934210526316,0.8618421052631579,1,0,0,24302
CR00027,2025,3,March,2025-03,8,0.0,8,0.0,Neural Networks,Machine Learning,Free,Advanced,0.0,9.3,1.81,17,14.493421052631579,4.269934210526316,0.8618421052631579,1,0,1,24303
CR00027,2025,4,April,2025-04,10,0.0,10,0.0,Neural Networks,Machine Learning,Free,Advanced,0.0,9.3,1.81,17,14.493421052631579,4.269934210526316,0.8618421052631579,2,1,0,24304
CR00027,2025,5,May,2025-05,16,0.0,16,0.0,Neural Networks,Machine Learning,Free,Advanced,0.0,9.3,1.81,17,14.493421052631579,4.269934210526316,0.8618421052631579,2,0,0,24305
CR00027,2025,6,June,2025-06,13,0.0,13,0.0,Neural Networks,Machine Learning,Free,Advanced,0.0,9.3,1.81,17,14.493421052631579,4.269934210526316,0.8618421052631579,2,0,1,24306
CR00027,2025,7,July,2025-07,14,0.0,14,0.0,Neural Networks,Machine Learning,Free,Advanced,0.0,9.3,1.81,17,14.493421052631579,4.269934210526316,0.8618421052631579,3,1,0,24307
CR00027,2025,8,August,2025-08,18,0.0,18,0.0,Neural Networks,Machine Learning,Free,Advanced,0.0,9.3,1.81,17,14.493421052631579,4.269934210526316,0.8618421052631579,3,0,0,24308
CR00027,2025,9,September,2025-09,10,0.0,10,0.0,Neural Networks,Machine Learning,Free,Advanced,0.0,9.3,1.81,17,14.493421052631579,4.269934210526316,0.8618421052631579,3,0,1,24309
CR00027,2025,10,October,2025-10,10,0.0,10,0.0,Neural Networks,Machine Learning,Free,Advanced,0.0,9.3,1.81,17,14.493421052631579,4.269934210526316,0.8618421052631579,4,1,0,24310
CR00027,2025,11,November,2025-11,18,0.0,18,0.0,Neural Networks,Machine Learning,Free,Advanced,0.0,9.3,1.81,17,14.493421052631579,4.269934210526316,0.8618421052631579,4,0,0,24311
CR00027,2025,12,December,2025-12,10,0.0,10,0.0,Neural Networks,Machine Learning,Free,Advanced,0.0,9.3,1.81,17,14.493421052631579,4.269934210526316,0.8618421052631579,4,0,1,24312
CR00028,2025,1,January,2025-01,17,13.26,17,0.78,Deep Learning,Machine Learning,Paid,Advanced,0.78,44.96,3.89,21,13.836257309941521,4.208128654970761,0.8245614035087719,1,1,0,24301
CR00028,2025,2,February,2025-02,10,7.800000000000001,10,0.78,Deep Learning,Machine Learning,Paid,Advanced,0.78,44.96,3.89,21,13.836257309941521,4.208128654970761,0.8245614035087719,1,0,0,24302
CR00028,2025,3,March,2025-03,20,15.600000000000001,20,0.78,Deep Learning,Machine Learning,Paid,Advanced,0.78,44.96,3.89,21,13.836257309941521,4.208128654970761,0.8245614035087719,1,0,1,24303
CR00028,2025,4,April,2025-04,16,12.48,16,0.78,Deep Learning,Machine Learning,Paid,Advanced,0.78,44.96,3.89,21,13.836257309941521,4.208128654970761,0.8245614035087719,2,1,0,24304
CR00028,2025,5,May,2025-05,15,11.700000000000001,15,0.78,Deep Learning,Machine Learning,Paid,Advanced,0.78,44.96,3.89,21,13.836257309941521,4.208128654970761,0.8245614035087719,2,0,0,24305
CR00028,2025,6,June,2025-06,16,12.48,16,0.78,Deep Learning,Machine Learning,Paid,Advanced,0.78,44.96,3.89,21,13.836257309941521,4.208128654970761,0.8245614035087719,2,0,1,24306
CR00028,2025,7,July,2025-07,16,12.48,16,0.78,Deep Learning,Machine Learning,Paid,Advanced,0.78,44.96,3.89,21,13.836257309941521,4.208128654970761,0.8245614035087719,3,1,0,24307
CR00028,2025,8,August,2025-08,15,11.700000000000001,15,0.78,Deep Learning,Machine Learning,Paid,Advanced,0.78,44.96,3.89,21,13.836257309941521,4.208128654970761,0.8245614035087719,3,0,0,24308
CR00028,2025,9,September,2025-09,16,12.48,16,0.78,Deep Learning,Machine Learning,Paid,Advanced,0.78,44.96,3.89,21,13.836257309941521,4.208128654970761,0.8245614035087719,3,0,1,24309
CR00028,2025,10,October,2025-10,10,7.800000000000001,10,0.78,Deep Learning,Machine Learning,Paid,Advanced,0.78,44.96,3.89,21,13.836257309941521,4.208128654970761,0.8245614035087719,4,1,0,24310
CR00028,2025,11,November,2025-11,9,7.0200000000000005,9,0.78,Deep Learning,Machine Learning,Paid,Advanced,0.78,44.96,3.89,21,13.836257309941521,4.208128654970761,0.8245614035087719,4,0,0,24311
CR00028,2025,12,December,2025-12,11,8.58,11,0.78,Deep Learning,Machine Learning,Paid,Advanced,0.78,44.96,3.89,21,13.836257309941521,4.208128654970761,0.8245614035087719,4,0,1,24312
CR00029,2025,1,January,2025-01,14,0.0,14,0.0,Natural Language Processing,Machine Learning,Free,Beginner,0.0,16.33,1.13,20,14.36774193548387,4.360129032258064,0.8774193548387097,1,1,0,24301
CR00029,2025,2,February,2025-02,9,0.0,9,0.0,Natural Language Processing,Machine Learning,Free,Beginner,0.0,16.33,1.13,20,14.36774193548387,4.360129032258064,0.8774193548387097,1,0,0,24302
CR00029,2025,3,March,2025-03,11,0.0,11,0.0,Natural Language Processing,Machine Learning,Free,Beginner,0.0,16.33,1.13,20,14.36774193548387,4.360129032258064,0.8774193548387097,1,0,1,24303
CR00029,2025,4,April,2025-04,15,0.0,15,0.0,Natural Language Processing,Machine Learning,Free,Beginner,0.0,16.33,1.13,20,14.36774193548387,4.360129032258064,0.8774193548387097,2,1,0,24304
CR00029,2025,5,May,2025-05,15,0.0,15,0.0,Natural Language Processing,Machine Learning,Free,Beginner,0.0,16.33,1.13,20,14.36774193548387,4.360129032258064,0.8774193548387097,2,0,0,24305
CR00029,2025,6,June,2025-06,16,0.0,16,0.0,Natural Language Processing,Machine Learning,Free,Beginner,0.0,16.33,1.13,20,14.36774193548387,4.360129032258064,0.8774193548387097,2,0,1,24306
CR00029,2025,7,July,2025-07,9,0.0,9,0.0,Natural Language Processing,Machine Learning,Free,Beginner,0.0,16.33,1.13,20,14.36774193548387,4.360129032258064,0.8774193548387097,3,1,0,24307
CR00029,2025,8,August,2025-08,13,0.0,13,0.0,Natural Language Processing,Machine Learning,Free,Beginner,0.0,16.33,1.13,20,14.36774193548387,4.360129032258064,0.8774193548387097,3,0,0,24308
CR00029,2025,9,September,2025-09,21,0.0,21,0.0,Natural Language Processing,Machine Learning,Free,Beginner,0.0,16.33,1.13,20,14.36774193548387,4.360129032258064,0.8774193548387097,3,0,1,24309
CR00029,2025,10,October,2025-10,14,0.0,14,0.0,Natural Language Processing,Machine Learning,Free,Beginner,0.0,16.33,1.13,20,14.36774193548387,4.360129032258064,0.8774193548387097,4,1,0,24310
CR00029,2025,11,November,2025-11,8,0.0,8,0.0,Natural Language Processing,Machine Learning,Free,Beginner,0.0,16.33,1.13,20,14.36774193548387,4.360129032258064,0.8774193548387097,4,0,0,24311
CR00029,2025,12,December,2025-12,10,0.0,10,0.0,Natural Language Processing,Machine Learning,Free,Beginner,0.0,16.33,1.13,20,14.36774193548387,4.360129032258064,0.8774193548387097,4,0,1,24312
CR00030,2025,1,January,2025-01,12,0.0,12,0.0,Reinforcement Learning,Machine Learning,Free,Intermediate,0.0,38.49,1.73,21,14.91715976331361,4.302426035502958,0.8461538461538461,1,1,0,24301
CR00030,2025,2,February,2025-02,9,0.0,9,0.0,Reinforcement Learning,Machine Learning,Free,Intermediate,0.0,38.49,1.73,21,14.91715976331361,4.302426035502958,0.8461538461538461,1,0,0,24302
CR00030,2025,3,March,2025-03,12,0.0,12,0.0,Reinforcement Learning,Machine Learning,Free,Intermediate,0.0,38.49,1.73,21,14.91715976331361,4.302426035502958,0.8461538461538461,1,0,1,24303
CR00030,2025,4,April,2025-04,13,0.0,13,0.0,Reinforcement Learning,Machine Learning,Free,Intermediate,0.0,38.49,1.73,21,14.91715976331361,4.302426035502958,0.8461538461538461,2,1,0,24304
CR00030,2025,5,May,2025-05,12,0.0,12,0.0,Reinforcement Learning,Machine Learning,Free,Intermediate,0.0,38.49,1.73,21,14.91715976331361,4.302426035502958,0.8461538461538461,2,0,0,24305
CR00030,2025,6,June,2025-06,15,0.0,15,0.0,Reinforcement Learning,Machine Learning,Free,Intermediate,0.0,38.49,1.73,21,14.91715976331361,4.302426035502958,0.8461538461538461,2,0,1,24306
CR00030,2025,7,July,2025-07,10,0.0,10,0.0,Reinforcement Learning,Machine Learning,Free,Intermediate,0.0,38.49,1.73,21,14.91715976331361,4.302426035502958,0.8461538461538461,3,1,0,24307
CR00030,2025,8,August,2025-08,16,0.0,16,0.0,Reinforcement Learning,Machine Learning,Free,Intermediate,0.0,38.49,1.73,21,14.91715976331361,4.302426035502958,0.8461538461538461,3,0,0,24308
CR00030,2025,9,September,2025-09,20,0.0,20,0.0,Reinforcement Learning,Machine Learning,Free,Intermediate,0.0,38.49,1.73,21,14.91715976331361,4.302426035502958,0.8461538461538461,3,0,1,24309
CR00030,2025,10,October,2025-10,12,0.0,12,0.0,Reinforcement Learning,Machine Learning,Free,Intermediate,0.0,38.49,1.73,21,14.91715976331361,4.302426035502958,0.8461538461538461,4,1,0,24310
CR00030,2025,11,November,2025-11,14,0.0,14,0.0,Reinforcement Learning,Machine Learning,Free,Intermediate,0.0,38.49,1.73,21,14.91715976331361,4.302426035502958,0.8461538461538461,4,0,0,24311
CR00030,2025,12,December,2025-12,24,0.0,24,0.0,Reinforcement Learning,Machine Learning,Free,Intermediate,0.0,38.49,1.73,21,14.91715976331361,4.302426035502958,0.8461538461538461,4,0,1,24312
CR00031,2025,1,January,2025-01,10,0.0,10,0.0,Network Security,Cybersecurity,Free,Intermediate,0.0,26.52,1.91,9,15.33125,3.7743124999999997,1.0,1,1,0,24301
CR00031,2025,2,February,2025-02,12,0.0,12,0.0,Network Security,Cybersecurity,Free,Intermediate,0.0,26.52,1.91,9,15.33125,3.7743124999999997,1.0,1,0,0,24302
CR00031,2025,3,March,2025-03,9,0.0,9,0.0,Network Security,Cybersecurity,Free,Intermediate,0.0,26.52,1.91,9,15.33125,3.7743124999999997,1.0,1,0,1,24303
CR00031,2025,4,April,2025-04,10,0.0,10,0.0,Network Security,Cybersecurity,Free,Intermediate,0.0,26.52,1.91,9,15.33125,3.7743124999999997,1.0,2,1,0,24304
CR00031,2025,5,May,2025-05,13,0.0,13,0.0,Network Security,Cybersecurity,Free,Intermediate,0.0,26.52,1.91,9,15.33125,3.7743124999999997,1.0,2,0,0,24305
CR00031,2025,6,June,2025-06,17,0.0,17,0.0,Network Security,Cybersecurity,Free,Intermediate,0.0,26.52,1.91,9,15.33125,3.7743124999999997,1.0,2,0,1,24306
CR00031,2025,7,July,2025-07,18,0.0,18,0.0,Network Security,Cybersecurity,Free,Intermediate,0.0,26.52,1.91,9,15.33125,3.7743124999999997,1.0,3,1,0,24307
CR00031,2025,8,August,2025-08,14,0.0,14,0.0,Network Security,Cybersecurity,Free,Intermediate,0.0,26.52,1.91,9,15.33125,3.7743124999999997,1.0,3,0,0,24308
CR00031,2025,9,September,2025-09,15,0.0,15,0.0,Network Security,Cybersecurity,Free,Intermediate,0.0,26.52,1.91,9,15.33125,3.7743124999999997,1.0,3,0,1,24309
CR00031,2025,10,October,2025-10,17,0.0,17,0.0,Network Security,Cybersecurity,Free,Intermediate,0.0,26.52,1.91,9,15.33125,3.7743124999999997,1.0,4,1,0,24310
CR00031,2025,11,November,2025-11,13,0.0,13,0.0,Network Security,Cybersecurity,Free,Intermediate,0.0,26.52,1.91,9,15.33125,3.7743124999999997,1.0,4,0,0,24311
CR00031,2025,12,December,2025-12,12,0.0,12,0.0,Network Security,Cybersecurity,Free,Intermediate,0.0,26.52,1.91,9,15.33125,3.7743124999999997,1.0,4,0,1,24312
CR00032,2025,1,January,2025-01,12,0.0,12,0.0,Ethical Hacking,Cybersecurity,Free,Advanced,0.0,16.74,2.38,9,15.889570552147239,3.8412883435582823,1.0,1,1,0,24301
CR00032,2025,2,February,2025-02,10,0.0,10,0.0,Ethical Hacking,Cybersecurity,Free,Advanced,0.0,16.74,2.38,9,15.889570552147239,3.8412883435582823,1.0,1,0,0,24302
CR00032,2025,3,March,2025-03,13,0.0,13,0.0,Ethical Hacking,Cybersecurity,Free,Advanced,0.0,16.74,2.38,9,15.889570552147239,3.8412883435582823,1.0,1,0,1,24303
CR00032,2025,4,April,2025-04,19,0.0,19,0.0,Ethical Hacking,Cybersecurity,Free,Advanced,0.0,16.74,2.38,9,15.889570552147239,3.8412883435582823,1.0,2,1,0,24304
CR00032,2025,5,May,2025-05,11,0.0,11,0.0,Ethical Hacking,Cybersecurity,Free,Advanced,0.0,16.74,2.38,9,15.889570552147239,3.8412883435582823,1.0,2,0,0,24305
CR00032,2025,6,June,2025-06,15,0.0,15,0.0,Ethical Hacking,Cybersecurity,Free,Advanced,0.0,16.74,2.38,9,15.889570552147239,3.8412883435582823,1.0,2,0,1,24306
CR00032,2025,7,July,2025-07,15,0.0,15,0.0,Ethical Hacking,Cybersecurity,Free,Advanced,0.0,16.74,2.38,9,15.889570552147239,3.8412883435582823,1.0,3,1,0,24307
CR00032,2025,8,August,2025-08,15,0.0,15,0.0,Ethical Hacking,Cybersecurity,Free,Advanced,0.0,16.74,2.38,9,15.889570552147239,3.8412883435582823,1.0,3,0,0,24308
CR00032,2025,9,September,2025-09,10,0.0,10,0.0,Ethical Hacking,Cybersecurity,Free,Advanced,0.0,16.74,2.38,9,15.889570552147239,3.8412883435582823,1.0,3,0,1,24309
CR00032,2025,10,October,2025-10,16,0.0,16,0.0,Ethical Hacking,Cybersecurity,Free,Advanced,0.0,16.74,2.38,9,15.889570552147239,3.8412883435582823,1.0,4,1,0,24310
CR00032,2025,11,November,2025-11,12,0.0,12,0.0,Ethical Hacking,Cybersecurity,Free,Advanced,0.0,16.74,2.38,9,15.889570552147239,3.8412883435582823,1.0,4,0,0,24311
CR00032,2025,12,December,2025-12,15,0.0,15,0.0,Ethical Hacking,Cybersecurity,Free,Advanced,0.0,16.74,2.38,9,15.889570552147239,3.8412883435582823,1.0,4,0,1,24312
CR00033,2025,1,January,2025-01,12,0.0,12,0.0,Cybersecurity Fundamentals,Cybersecurity,Free,Intermediate,0.0,48.25,3.93,9,15.766467065868264,3.814790419161677,1.0,1,1,0,24301
CR00033,2025,2,February,2025-02,17,0.0,17,0.0,Cybersecurity Fundamentals,Cybersecurity,Free,Intermediate,0.0,48.25,3.93,9,15.766467065868264,3.814790419161677,1.0,1,0,0,24302
CR00033,2025,3,March,2025-03,12,0.0,12,0.0,Cybersecurity Fundamentals,Cybersecurity,Free,Intermediate,0.0,48.25,3.93,9,15.766467065868264,3.814790419161677,1.0,1,0,1,24303
CR00033,2025,4,April,2025-04,17,0.0,17,0.0,Cybersecurity Fundamentals,Cybersecurity,Free,Intermediate,0.0,48.25,3.93,9,15.766467065868264,3.814790419161677,1.0,2,1,0,24304
CR00033,2025,5,May,2025-05,17,0.0,17,0.0,Cybersecurity Fundamentals,Cybersecurity,Free,Intermediate,0.0,48.25,3.93,9,15.766467065868264,3.814790419161677,1.0,2,0,0,24305
CR00033,2025,6,June,2025-06,16,0.0,16,0.0,Cybersecurity Fundamentals,Cybersecurity,Free,Intermediate,0.0,48.25,3.93,9,15.766467065868264,3.814790419161677,1.0,2,0,1,24306
CR00033,2025,7,July,2025-07,14,0.0,14,0.0,Cybersecurity Fundamentals,Cybersecurity,Free,Intermediate,0.0,48.25,3.93,9,15.766467065868264,3.814790419161677,1.0,3,1,0,24307
CR00033,2025,8,August,2025-08,17,0.0,17,0.0,Cybersecurity Fundamentals,Cybersecurity,Free,Intermediate,0.0,48.25,3.93,9,15.766467065868264,3.814790419161677,1.0,3,0,0,24308
CR00033,2025,9,September,2025-09,13,0.0,13,0.0,Cybersecurity Fundamentals,Cybersecurity,Free,Intermediate,0.0,48.25,3.93,9,15.766467065868264,3.814790419161677,1.0,3,0,1,24309
CR00033,2025,10,October,2025-10,7,0.0,7,0.0,Cybersecurity Fundamentals,Cybersecurity,Free,Intermediate,0.0,48.25,3.93,9,15.766467065868264,3.814790419161677,1.0,4,1,0,24310
CR00033,2025,11,November,2025-11,14,0.0,14,0.0,Cybersecurity Fundamentals,Cybersecurity,Free,Intermediate,0.0,48.25,3.93,9,15.766467065868264,3.814790419161677,1.0,4,0,0,24311
CR00033,2025,12,December,2025-12,11,0.0,11,0.0,Cybersecurity Fundamentals,Cybersecurity,Free,Intermediate,0.0,48.25,3.93,9,15.766467065868264,3.814790419161677,1.0,4,0,1,24312
CR00034,2025,1,January,2025-01,12,4731.12,12,394.26,Data Encryption,Cybersecurity,Paid,Intermediate,394.26,47.44,1.35,9,16.733333333333334,3.943666666666666,1.0,1,1,0,24301
CR00034,2025,2,February,2025-02,10,3942.6,10,394.26,Data Encryption,Cybersecurity,Paid,Intermediate,394.26,47.44,1.35,9,16.733333333333334,3.943666666666666,1.0,1,0,0,24302
CR00034,2025,3,March,2025-03,9,3548.34,9,394.26,Data Encryption,Cybersecurity,Paid,Intermediate,394.26,47.44,1.35,9,16.733333333333334,3.943666666666666,1.0,1,0,1,24303
CR00034,2025,4,April,2025-04,13,5125.38,13,394.26,Data Encryption,Cybersecurity,Paid,Intermediate,394.26,47.44,1.35,9,16.733333333333334,3.943666666666666,1.0,2,1,0,24304
CR00034,2025,5,May,2025-05,10,3942.6,10,394.26,Data Encryption,Cybersecurity,Paid,Intermediate,394.26,47.44,1.35,9,16.733333333333334,3.943666666666666,1.0,2,0,0,24305
CR00034,2025,6,June,2025-06,15,5913.9,15,394.26,Data Encryption,Cybersecurity,Paid,Intermediate,394.26,47.44,1.35,9,16.733333333333334,3.943666666666666,1.0,2,0,1,24306
CR00034,2025,7,July,2025-07,9,3548.34,9,394.26,Data Encryption,Cybersecurity,Paid,Intermediate,394.26,47.44,1.35,9,16.733333333333334,3.943666666666666,1.0,3,1,0,24307
CR00034,2025,8,August,2025-08,16,6308.16,16,394.26,Data Encryption,Cybersecurity,Paid,Intermediate,394.26,47.44,1.35,9,16.733333333333334,3.943666666666666,1.0,3,0,0,24308
CR00034,2025,9,September,2025-09,15,5913.9,15,394.26,Data Encryption,Cybersecurity,Paid,Intermediate,394.26,47.44,1.35,9,16.733333333333334,3.943666666666666,1.0,3,0,1,24309
CR00034,2025,10,October,2025-10,5,1971.3,5,394.26,Data Encryption,Cybersecurity,Paid,Intermediate,394.26,47.44,1.35,9,16.733333333333334,3.943666666666666,1.0,4,1,0,24310
CR00034,2025,11,November,2025-11,21,8279.46,21,394.25999999999993,Data Encryption,Cybersecurity,Paid,Intermediate,394.26,47.44,1.35,9,16.733333333333334,3.943666666666666,1.0,4,0,0,24311
CR00034,2025,12,December,2025-12,15,5913.9,15,394.26,Data Encryption,Cybersecurity,Paid,Intermediate,394.26,47.44,1.35,9,16.733333333333334,3.943666666666666,1.0,4,0,1,24312
CR00035,2025,1,January,2025-01,13,0.0,13,0.0,Cyber Threat Intelligence,Cybersecurity,Free,Beginner,0.0,42.59,4.94,9,15.614525139664805,3.869720670391062,1.0,1,1,0,24301
CR00035,2025,2,February,2025-02,12,0.0,12,0.0,Cyber Threat Intelligence,Cybersecurity,Free,Beginner,0.0,42.59,4.94,9,15.614525139664805,3.869720670391062,1.0,1,0,0,24302
CR00035,2025,3,March,2025-03,19,0.0,19,0.0,Cyber Threat Intelligence,Cybersecurity,Free,Beginner,0.0,42.59,4.94,9,15.614525139664805,3.869720670391062,1.0,1,0,1,24303
CR00035,2025,4,April,2025-04,10,0.0,10,0.0,Cyber Threat Intelligence,Cybersecurity,Free,Beginner,0.0,42.59,4.94,9,15.614525139664805,3.869720670391062,1.0,2,1,0,24304
CR00035,2025,5,May,2025-05,16,0.0,16,0.0,Cyber Threat Intelligence,Cybersecurity,Free,Beginner,0.0,42.59,4.94,9,15.614525139664805,3.869720670391062,1.0,2,0,0,24305
CR00035,2025,6,June,2025-06,12,0.0,12,0.0,Cyber Threat Intelligence,Cybersecurity,Free,Beginner,0.0,42.59,4.94,9,15.614525139664805,3.869720670391062,1.0,2,0,1,24306
CR00035,2025,7,July,2025-07,16,0.0,16,0.0,Cyber Threat Intelligence,Cybersecurity,Free,Beginner,0.0,42.59,4.94,9,15.614525139664805,3.869720670391062,1.0,3,1,0,24307
CR00035,2025,8,August,2025-08,18,0.0,18,0.0,Cyber Threat Intelligence,Cybersecurity,Free,Beginner,0.0,42.59,4.94,9,15.614525139664805,3.869720670391062,1.0,3,0,0,24308
CR00035,2025,9,September,2025-09,20,0.0,20,0.0,Cyber Threat Intelligence,Cybersecurity,Free,Beginner,0.0,42.59,4.94,9,15.614525139664805,3.869720670391062,1.0,3,0,1,24309
CR00035,2025,10,October,2025-10,15,0.0,15,0.0,Cyber Threat Intelligence,Cybersecurity,Free,Beginner,0.0,42.59,4.94,9,15.614525139664805,3.869720670391062,1.0,4,1,0,24310
CR00035,2025,11,November,2025-11,14,0.0,14,0.0,Cyber Threat Intelligence,Cybersecurity,Free,Beginner,0.0,42.59,4.94,9,15.614525139664805,3.869720670391062,1.0,4,0,0,24311
CR00035,2025,12,December,2025-12,14,0.0,14,0.0,Cyber Threat Intelligence,Cybersecurity,Free,Beginner,0.0,42.59,4.94,9,15.614525139664805,3.869720670391062,1.0,4,0,1,24312
CR00036,2025,1,January,2025-01,15,0.0,15,0.0,Agile Project Management,Project Management,Free,Beginner,0.0,15.75,4.68,7,17.389830508474578,4.151299435028249,0.3615819209039548,1,1,0,24301
CR00036,2025,2,February,2025-02,16,0.0,16,0.0,Agile Project Management,Project Management,Free,Beginner,0.0,15.75,4.68,7,17.389830508474578,4.151299435028249,0.3615819209039548,1,0,0,24302
CR00036,2025,3,March,2025-03,16,0.0,16,0.0,Agile Project Management,Project Management,Free,Beginner,0.0,15.75,4.68,7,17.389830508474578,4.151299435028249,0.3615819209039548,1,0,1,24303
CR00036,2025,4,April,2025-04,15,0.0,15,0.0,Agile Project Management,Project Management,Free,Beginner,0.0,15.75,4.68,7,17.389830508474578,4.151299435028249,0.3615819209039548,2,1,0,24304
CR00036,2025,5,May,2025-05,19,0.0,19,0.0,Agile Project Management,Project Management,Free,Beginner,0.0,15.75,4.68,7,17.389830508474578,4.151299435028249,0.3615819209039548,2,0,0,24305
CR00036,2025,6,June,2025-06,8,0.0,8,0.0,Agile Project Management,Project Management,Free,Beginner,0.0,15.75,4.68,7,17.389830508474578,4.151299435028249,0.3615819209039548,2,0,1,24306
CR00036,2025,7,July,2025-07,13,0.0,13,0.0,Agile Project Management,Project Management,Free,Beginner,0.0,15.75,4.68,7,17.389830508474578,4.151299435028249,0.3615819209039548,3,1,0,24307
CR00036,2025,8,August,2025-08,16,0.0,16,0.0,Agile Project Management,Project Management,Free,Beginner,0.0,15.75,4.68,7,17.389830508474578,4.151299435028249,0.3615819209039548,3,0,0,24308
CR00036,2025,9,September,2025-09,12,0.0,12,0.0,Agile Project Management,Project Management,Free,Beginner,0.0,15.75,4.68,7,17.389830508474578,4.151299435028249,0.3615819209039548,3,0,1,24309
CR00036,2025,10,October,2025-10,15,0.0,15,0.0,Agile Project Management,Project Management,Free,Beginner,0.0,15.75,4.68,7,17.389830508474578,4.151299435028249,0.3615819209039548,4,1,0,24310
CR00036,2025,11,November,2025-11,16,0.0,16,0.0,Agile Project Management,Project Management,Free,Beginner,0.0,15.75,4.68,7,17.389830508474578,4.151299435028249,0.3615819209039548,4,0,0,24311
CR00036,2025,12,December,2025-12,16,0.0,16,0.0,Agile Project Management,Project Management,Free,Beginner,0.0,15.75,4.68,7,17.389830508474578,4.151299435028249,0.3615819209039548,4,0,1,24312
CR00037,2025,1,January,2025-01,15,0.0,15,0.0,Scrum Essentials,Project Management,Free,Intermediate,0.0,33.93,3.45,7,16.562091503267975,4.004313725490196,0.40522875816993464,1,1,0,24301
CR00037,2025,2,February,2025-02,19,0.0,19,0.0,Scrum Essentials,Project Management,Free,Intermediate,0.0,33.93,3.45,7,16.562091503267975,4.004313725490196,0.40522875816993464,1,0,0,24302
CR00037,2025,3,March,2025-03,9,0.0,9,0.0,Scrum Essentials,Project Management,Free,Intermediate,0.0,33.93,3.45,7,16.562091503267975,4.004313725490196,0.40522875816993464,1,0,1,24303
CR00037,2025,4,April,2025-04,15,0.0,15,0.0,Scrum Essentials,Project Management,Free,Intermediate,0.0,33.93,3.45,7,16.562091503267975,4.004313725490196,0.40522875816993464,2,1,0,24304
CR00037,2025,5,May,2025-05,13,0.0,13,0.0,Scrum Essentials,Project Management,Free,Intermediate,0.0,33.93,3.45,7,16.562091503267975,4.004313725490196,0.40522875816993464,2,0,0,24305
CR00037,2025,6,June,2025-06,15,0.0,15,0.0,Scrum Essentials,Project Management,Free,Intermediate,0.0,33.93,3.45,7,16.562091503267975,4.004313725490196,0.40522875816993464,2,0,1,24306
CR00037,2025,7,July,2025-07,13,0.0,13,0.0,Scrum Essentials,Project Management,Free,Intermediate,0.0,33.93,3.45,7,16.562091503267975,4.004313725490196,0.40522875816993464,3,1,0,24307
CR00037,2025,8,August,2025-08,12,0.0,12,0.0,Scrum Essentials,Project Management,Free,Intermediate,0.0,33.93,3.45,7,16.562091503267975,4.004313725490196,0.40522875816993464,3,0,0,24308
CR00037,2025,9,September,2025-09,12,0.0,12,0.0,Scrum Essentials,Project Management,Free,Intermediate,0.0,33.93,3.45,7,16.562091503267975,4.004313725490196,0.40522875816993464,3,0,1,24309
CR00037,2025,10,October,2025-10,11,0.0,11,0.0,Scrum Essentials,Project Management,Free,Intermediate,0.0,33.93,3.45,7,16.562091503267975,4.004313725490196,0.40522875816993464,4,1,0,24310
CR00037,2025,11,November,2025-11,12,0.0,12,0.0,Scrum Essentials,Project Management,Free,Intermediate,0.0,33.93,3.45,7,16.562091503267975,4.004313725490196,0.40522875816993464,4,0,0,24311
CR00037,2025,12,December,2025-12,7,0.0,7,0.0,Scrum Essentials,Project Management,Free,Intermediate,0.0,33.93,3.45,7,16.562091503267975,4.004313725490196,0.40522875816993464,4,0,1,24312
CR00038,2025,1,January,2025-01,15,5139.150000000001,15,342.61,Risk Management,Project Management,Paid,Intermediate,342.61,17.14,4.84,7,17.29746835443038,4.165569620253164,0.34177215189873417,1,1,0,24301
CR00038,2025,2,February,2025-02,7,2398.27,7,342.61,Risk Management,Project Management,Paid,Intermediate,342.61,17.14,4.84,7,17.29746835443038,4.165569620253164,0.34177215189873417,1,0,0,24302
CR00038,2025,3,March,2025-03,12,4111.32,12,342.60999999999996,Risk Management,Project Management,Paid,Intermediate,342.61,17.14,4.84,7,17.29746835443038,4.165569620253164,0.34177215189873417,1,0,1,24303
CR00038,2025,4,April,2025-04,19,6509.59,19,342.61,Risk Management,Project Management,Paid,Intermediate,342.61,17.14,4.84,7,17.29746835443038,4.165569620253164,0.34177215189873417,2,1,0,24304
CR00038,2025,5,May,2025-05,13,4453.93,13,342.61,Risk Management,Project Management,Paid,Intermediate,342.61,17.14,4.84,7,17.29746835443038,4.165569620253164,0.34177215189873417,2,0,0,24305
CR00038,2025,6,June,2025-06,18,6166.9800000000005,18,342.61,Risk Management,Project Management,Paid,Intermediate,342.61,17.14,4.84,7,17.29746835443038,4.165569620253164,0.34177215189873417,2,0,1,24306
CR00038,2025,7,July,2025-07,8,2740.88,8,342.61,Risk Management,Project Management,Paid,Intermediate,342.61,17.14,4.84,7,17.29746835443038,4.165569620253164,0.34177215189873417,3,1,0,24307
CR00038,2025,8,August,2025-08,10,3426.1000000000004,10,342.61,Risk Management,Project Management,Paid,Intermediate,342.61,17.14,4.84,7,17.29746835443038,4.165569620253164,0.34177215189873417,3,0,0,24308
CR00038,2025,9,September,2025-09,16,5481.76,16,342.61,Risk Management,Project Management,Paid,Intermediate,342.61,17.14,4.84,7,17.29746835443038,4.165569620253164,0.34177215189873417,3,0,1,24309
CR00038,2025,10,October,2025-10,8,2740.88,8,342.61,Risk Management,Project Management,Paid,Intermediate,342.61,17.14,4.84,7,17.29746835443038,4.165569620253164,0.34177215189873417,4,1,0,24310
CR00038,2025,11,November,2025-11,17,5824.37,17,342.61,Risk Management,Project Management,Paid,Intermediate,342.61,17.14,4.84,7,17.29746835443038,4.165569620253164,0.34177215189873417,4,0,0,24311
CR00038,2025,12,December,2025-12,15,5139.150000000001,15,342.61,Risk Management,Project Management,Paid,Intermediate,342.61,17.14,4.84,7,17.29746835443038,4.165569620253164,0.34177215189873417,4,0,1,24312
CR00039,2025,1,January,2025-01,7,2426.97,7,346.71,Project Planning,Project Management,Paid,Advanced,346.71,3.42,1.23,7,16.934131736526947,4.1438922155688624,0.3712574850299401,1,1,0,24301
CR00039,2025,2,February,2025-02,11,3813.81,11,346.71,Project Planning,Project Management,Paid,Advanced,346.71,3.42,1.23,7,16.934131736526947,4.1438922155688624,0.3712574850299401,1,0,0,24302
CR00039,2025,3,March,2025-03,17,5894.07,17,346.71,Project Planning,Project Management,Paid,Advanced,346.71,3.42,1.23,7,16.934131736526947,4.1438922155688624,0.3712574850299401,1,0,1,24303
CR00039,2025,4,April,2025-04,12,4160.5199999999995,12,346.71,Project Planning,Project Management,Paid,Advanced,346.71,3.42,1.23,7,16.934131736526947,4.1438922155688624,0.3712574850299401,2,1,0,24304
CR00039,2025,5,May,2025-05,14,4853.94,14,346.71,Project Planning,Project Management,Paid,Advanced,346.71,3.42,1.23,7,16.934131736526947,4.1438922155688624,0.3712574850299401,2,0,0,24305
CR00039,2025,6,June,2025-06,9,3120.39,9,346.71,Project Planning,Project Management,Paid,Advanced,346.71,3.42,1.23,7,16.934131736526947,4.1438922155688624,0.3712574850299401,2,0,1,24306
CR00039,2025,7,July,2025-07,14,4853.94,14,346.71,Project Planning,Project Management,Paid,Advanced,346.71,3.42,1.23,7,16.934131736526947,4.1438922155688624,0.3712574850299401,3,1,0,24307
CR00039,2025,8,August,2025-08,22,7627.62,22,346.71,Project Planning,Project Management,Paid,Advanced,346.71,3.42,1.23,7,16.934131736526947,4.1438922155688624,0.3712574850299401,3,0,0,24308
CR00039,2025,9,September,2025-09,18,6240.78,18,346.71,Project Planning,Project Management,Paid,Advanced,346.71,3.42,1.23,7,16.934131736526947,4.1438922155688624,0.3712574850299401,3,0,1,24309
CR00039,2025,10,October,2025-10,16,5547.36,16,346.71,Project Planning,Project Management,Paid,Advanced,346.71,3.42,1.23,7,16.934131736526947,4.1438922155688624,0.3712574850299401,4,1,0,24310
CR00039,2025,11,November,2025-11,14,4853.94,14,346.71,Project Planning,Project Management,Paid,Advanced,346.71,3.42,1.23,7,16.934131736526947,4.1438922155688624,0.3712574850299401,4,0,0,24311
CR00039,2025,12,December,2025-12,13,4507.23,13,346.71,Project Planning,Project Management,Paid,Advanced,346.71,3.42,1.23,7,16.934131736526947,4.1438922155688624,0.3712574850299401,4,0,1,24312
CR00040,2025,1,January,2025-01,17,5575.83,17,327.99,Leadership in Projects,Project Management,Paid,Beginner,327.99,12.13,1.51,7,17.29310344827586,4.0952873563218395,0.3563218390804598,1,1,0,24301
CR00040,2025,2,February,2025-02,10,3279.9,10,327.99,Leadership in Projects,Project Management,Paid,Beginner,327.99,12.13,1.51,7,17.29310344827586,4.0952873563218395,0.3563218390804598,1,0,0,24302
CR00040,2025,3,March,2025-03,20,6559.8,20,327.99,Leadership in Projects,Project Management,Paid,Beginner,327.99,12.13,1.51,7,17.29310344827586,4.0952873563218395,0.3563218390804598,1,0,1,24303
CR00040,2025,4,April,2025-04,11,3607.8900000000003,11,327.99,Leadership in Projects,Project Management,Paid,Beginner,327.99,12.13,1.51,7,17.29310344827586,4.0952873563218395,0.3563218390804598,2,1,0,24304
CR00040,2025,5,May,2025-05,14,4591.860000000001,14,327.99000000000007,Leadership in Projects,Project Management,Paid,Beginner,327.99,12.13,1.51,7,17.29310344827586,4.0952873563218395,0.3563218390804598,2,0,0,24305
CR00040,2025,6,June,2025-06,16,5247.84,16,327.99,Leadership in Projects,Project Management,Paid,Beginner,327.99,12.13,1.51,7,17.29310344827586,4.0952873563218395,0.3563218390804598,2,0,1,24306
CR00040,2025,7,July,2025-07,15,4919.85,15,327.99,Leadership in Projects,Project Management,Paid,Beginner,327.99,12.13,1.51,7,17.29310344827586,4.0952873563218395,0.3563218390804598,3,1,0,24307
CR00040,2025,8,August,2025-08,14,4591.860000000001,14,327.99000000000007,Leadership in Projects,Project Management,Paid,Beginner,327.99,12.13,1.51,7,17.29310344827586,4.0952873563218395,0.3563218390804598,3,0,0,24308
CR00040,2025,9,September,2025-09,9,2951.91,9,327.99,Leadership in Projects,Project Management,Paid,Beginner,327.99,12.13,1.51,7,17.29310344827586,4.0952873563218395,0.3563218390804598,3,0,1,24309
CR00040,2025,10,October,2025-10,15,4919.85,15,327.99,Leadership in Projects,Project Management,Paid,Beginner,327.99,12.13,1.51,7,17.29310344827586,4.0952873563218395,0.3563218390804598,4,1,0,24310
CR00040,2025,11,November,2025-11,18,5903.82,18,327.99,Leadership in Projects,Project Management,Paid,Beginner,327.99,12.13,1.51,7,17.29310344827586,4.0952873563218395,0.3563218390804598,4,0,0,24311
CR00040,2025,12,December,2025-12,15,4919.85,15,327.99,Leadership in Projects,Project Management,Paid,Beginner,327.99,12.13,1.51,7,17.29310344827586,4.0952873563218395,0.3563218390804598,4,0,1,24312
CR00041,2025,1,January,2025-01,14,754.04,14,53.86,Financial Accounting,Finance,Paid,Beginner,53.86,47.08,2.47,8,17.542168674698797,4.344879518072289,0.30120481927710846,1,1,0,24301
CR00041,2025,2,February,2025-02,9,484.74,9,53.86,Financial Accounting,Finance,Paid,Beginner,53.86,47.08,2.47,8,17.542168674698797,4.344879518072289,0.30120481927710846,1,0,0,24302
CR00041,2025,3,March,2025-03,11,592.46,11,53.86000000000001,Financial Accounting,Finance,Paid,Beginner,53.86,47.08,2.47,8,17.542168674698797,4.344879518072289,0.30120481927710846,1,0,1,24303
CR00041,2025,4,April,2025-04,14,754.04,14,53.86,Financial Accounting,Finance,Paid,Beginner,53.86,47.08,2.47,8,17.542168674698797,4.344879518072289,0.30120481927710846,2,1,0,24304
CR00041,2025,5,May,2025-05,17,915.62,17,53.86,Financial Accounting,Finance,Paid,Beginner,53.86,47.08,2.47,8,17.542168674698797,4.344879518072289,0.30120481927710846,2,0,0,24305
CR00041,2025,6,June,2025-06,19,1023.34,19,53.86,Financial Accounting,Finance,Paid,Beginner,53.86,47.08,2.47,8,17.542168674698797,4.344879518072289,0.30120481927710846,2,0,1,24306
CR00041,2025,7,July,2025-07,14,754.04,14,53.86,Financial Accounting,Finance,Paid,Beginner,53.86,47.08,2.47,8,17.542168674698797,4.344879518072289,0.30120481927710846,3,1,0,24307
CR00041,2025,8,August,2025-08,14,754.04,14,53.86,Financial Accounting,Finance,Paid,Beginner,53.86,47.08,2.47,8,17.542168674698797,4.344879518072289,0.30120481927710846,3,0,0,24308
CR00041,2025,9,September,2025-09,10,538.6,10,53.86,Financial Accounting,Finance,Paid,Beginner,53.86,47.08,2.47,8,17.542168674698797,4.344879518072289,0.30120481927710846,3,0,1,24309
CR00041,2025,10,October,2025-10,19,1023.34,19,53.86,Financial Accounting,Finance,Paid,Beginner,53.86,47.08,2.47,8,17.542168674698797,4.344879518072289,0.30120481927710846,4,1,0,24310
CR00041,2025,11,November,2025-11,15,807.9,15,53.86,Financial Accounting,Finance,Paid,Beginner,53.86,47.08,2.47,8,17.542168674698797,4.344879518072289,0.30120481927710846,4,0,0,24311
CR00041,2025,12,December,2025-12,10,538.6,10,53.86,Financial Accounting,Finance,Paid,Beginner,53.86,47.08,2.47,8,17.542168674698797,4.344879518072289,0.30120481927710846,4,0,1,24312
CR00042,2025,1,January,2025-01,15,0.0,15,0.0,Investment Strategies,Finance,Free,Intermediate,0.0,34.83,4.1,8,14.612021857923498,4.150437158469945,0.46994535519125685,1,1,0,24301
CR00042,2025,2,February,2025-02,18,0.0,18,0.0,Investment Strategies,Finance,Free,Intermediate,0.0,34.83,4.1,8,14.612021857923498,4.150437158469945,0.46994535519125685,1,0,0,24302
CR00042,2025,3,March,2025-03,11,0.0,11,0.0,Investment Strategies,Finance,Free,Intermediate,0.0,34.83,4.1,8,14.612021857923498,4.150437158469945,0.46994535519125685,1,0,1,24303
CR00042,2025,4,April,2025-04,17,0.0,17,0.0,Investment Strategies,Finance,Free,Intermediate,0.0,34.83,4.1,8,14.612021857923498,4.150437158469945,0.46994535519125685,2,1,0,24304
CR00042,2025,5,May,2025-05,18,0.0,18,0.0,Investment Strategies,Finance,Free,Intermediate,0.0,34.83,4.1,8,14.612021857923498,4.150437158469945,0.46994535519125685,2,0,0,24305
CR00042,2025,6,June,2025-06,9,0.0,9,0.0,Investment Strategies,Finance,Free,Intermediate,0.0,34.83,4.1,8,14.612021857923498,4.150437158469945,0.46994535519125685,2,0,1,24306
CR00042,2025,7,July,2025-07,20,0.0,20,0.0,Investment Strategies,Finance,Free,Intermediate,0.0,34.83,4.1,8,14.612021857923498,4.150437158469945,0.46994535519125685,3,1,0,24307
CR00042,2025,8,August,2025-08,20,0.0,20,0.0,Investment Strategies,Finance,Free,Intermediate,0.0,34.83,4.1,8,14.612021857923498,4.150437158469945,0.46994535519125685,3,0,0,24308
CR00042,2025,9,September,2025-09,18,0.0,18,0.0,Investment Strategies,Finance,Free,Intermediate,0.0,34.83,4.1,8,14.612021857923498,4.150437158469945,0.46994535519125685,3,0,1,24309
CR00042,2025,10,October,2025-10,10,0.0,10,0.0,Investment Strategies,Finance,Free,Intermediate,0.0,34.83,4.1,8,14.612021857923498,4.150437158469945,0.46994535519125685,4,1,0,24310
CR00042,2025,11,November,2025-11,11,0.0,11,0.0,Investment Strategies,Finance,Free,Intermediate,0.0,34.83,4.1,8,14.612021857923498,4.150437158469945,0.46994535519125685,4,0,0,24311
CR00042,2025,12,December,2025-12,16,0.0,16,0.0,Investment Strategies,Finance,Free,Intermediate,0.0,34.83,4.1,8,14.612021857923498,4.150437158469945,0.46994535519125685,4,0,1,24312
CR00043,2025,1,January,2025-01,22,0.0,22,0.0,Corporate Finance,Finance,Free,Beginner,0.0,31.77,4.14,8,16.36813186813187,4.235659340659341,0.37362637362637363,1,1,0,24301
CR00043,2025,2,February,2025-02,12,0.0,12,0.0,Corporate Finance,Finance,Free,Beginner,0.0,31.77,4.14,8,16.36813186813187,4.235659340659341,0.37362637362637363,1,0,0,24302
CR00043,2025,3,March,2025-03,11,0.0,11,0.0,Corporate Finance,Finance,Free,Beginner,0.0,31.77,4.14,8,16.36813186813187,4.235659340659341,0.37362637362637363,1,0,1,24303
CR00043,2025,4,April,2025-04,13,0.0,13,0.0,Corporate Finance,Finance,Free,Beginner,0.0,31.77,4.14,8,16.36813186813187,4.235659340659341,0.37362637362637363,2,1,0,24304
CR00043,2025,5,May,2025-05,17,0.0,17,0.0,Corporate Finance,Finance,Free,Beginner,0.0,31.77,4.14,8,16.36813186813187,4.235659340659341,0.37362637362637363,2,0,0,24305
CR00043,2025,6,June,2025-06,13,0.0,13,0.0,Corporate Finance,Finance,Free,Beginner,0.0,31.77,4.14,8,16.36813186813187,4.235659340659341,0.37362637362637363,2,0,1,24306
CR00043,2025,7,July,2025-07,13,0.0,13,0.0,Corporate Finance,Finance,Free,Beginner,0.0,31.77,4.14,8,16.36813186813187,4.235659340659341,0.37362637362637363,3,1,0,24307
CR00043,2025,8,August,2025-08,12,0.0,12,0.0,Corporate Finance,Finance,Free,Beginner,0.0,31.77,4.14,8,16.36813186813187,4.235659340659341,0.37362637362637363,3,0,0,24308
CR00043,2025,9,September,2025-09,16,0.0,16,0.0,Corporate Finance,Finance,Free,Beginner,0.0,31.77,4.14,8,16.36813186813187,4.235659340659341,0.37362637362637363,3,0,1,24309
CR00043,2025,10,October,2025-10,19,0.0,19,0.0,Corporate Finance,Finance,Free,Beginner,0.0,31.77,4.14,8,16.36813186813187,4.235659340659341,0.37362637362637363,4,1,0,24310
CR00043,2025,11,November,2025-11,14,0.0,14,0.0,Corporate Finance,Finance,Free,Beginner,0.0,31.77,4.14,8,16.36813186813187,4.235659340659341,0.37362637362637363,4,0,0,24311
CR00043,2025,12,December,2025-12,20,0.0,20,0.0,Corporate Finance,Finance,Free,Beginner,0.0,31.77,4.14,8,16.36813186813187,4.235659340659341,0.37362637362637363,4,0,1,24312
CR00044,2025,1,January,2025-01,10,1190.4,10,119.04,Personal Finance,Finance,Paid,Intermediate,119.04,23.41,2.75,7,16.96894409937888,4.379751552795031,0.33540372670807456,1,1,0,24301
CR00044,2025,2,February,2025-02,13,1547.52,13,119.03999999999999,Personal Finance,Finance,Paid,Intermediate,119.04,23.41,2.75,7,16.96894409937888,4.379751552795031,0.33540372670807456,1,0,0,24302
CR00044,2025,3,March,2025-03,14,1666.5600000000002,14,119.04,Personal Finance,Finance,Paid,Intermediate,119.04,23.41,2.75,7,16.96894409937888,4.379751552795031,0.33540372670807456,1,0,1,24303
CR00044,2025,4,April,2025-04,8,952.32,8,119.04,Personal Finance,Finance,Paid,Intermediate,119.04,23.41,2.75,7,16.96894409937888,4.379751552795031,0.33540372670807456,2,1,0,24304
CR00044,2025,5,May,2025-05,9,1071.3600000000001,9,119.04000000000002,Personal Finance,Finance,Paid,Intermediate,119.04,23.41,2.75,7,16.96894409937888,4.379751552795031,0.33540372670807456,2,0,0,24305
CR00044,2025,6,June,2025-06,22,2618.88,22,119.04,Personal Finance,Finance,Paid,Intermediate,119.04,23.41,2.75,7,16.96894409937888,4.379751552795031,0.33540372670807456,2,0,1,24306
CR00044,2025,7,July,2025-07,17,2023.68,17,119.04,Personal Finance,Finance,Paid,Intermediate,119.04,23.41,2.75,7,16.96894409937888,4.379751552795031,0.33540372670807456,3,1,0,24307
CR00044,2025,8,August,2025-08,18,2142.7200000000003,18,119.04000000000002,Personal Finance,Finance,Paid,Intermediate,119.04,23.41,2.75,7,16.96894409937888,4.379751552795031,0.33540372670807456,3,0,0,24308
CR00044,2025,9,September,2025-09,15,1785.6000000000001,15,119.04,Personal Finance,Finance,Paid,Intermediate,119.04,23.41,2.75,7,16.96894409937888,4.379751552795031,0.33540372670807456,3,0,1,24309
CR00044,2025,10,October,2025-10,9,1071.3600000000001,9,119.04000000000002,Personal Finance,Finance,Paid,Intermediate,119.04,23.41,2.75,7,16.96894409937888,4.379751552795031,0.33540372670807456,4,1,0,24310
CR00044,2025,11,November,2025-11,13,1547.52,13,119.03999999999999,Personal Finance,Finance,Paid,Intermediate,119.04,23.41,2.75,7,16.96894409937888,4.379751552795031,0.33540372670807456,4,0,0,24311
CR00044,2025,12,December,2025-12,13,1547.52,13,119.03999999999999,Personal Finance,Finance,Paid,Intermediate,119.04,23.41,2.75,7,16.96894409937888,4.379751552795031,0.33540372670807456,4,0,1,24312
CR00045,2025,1,January,2025-01,14,0.0,14,0.0,Financial Modeling,Finance,Free,Advanced,0.0,6.36,1.59,8,16.424418604651162,4.2875,0.3546511627906977,1,1,0,24301
CR00045,2025,2,February,2025-02,13,0.0,13,0.0,Financial Modeling,Finance,Free,Advanced,0.0,6.36,1.59,8,16.424418604651162,4.2875,0.3546511627906977,1,0,0,24302
CR00045,2025,3,March,2025-03,16,0.0,16,0.0,Financial Modeling,Finance,Free,Advanced,0.0,6.36,1.59,8,16.424418604651162,4.2875,0.3546511627906977,1,0,1,24303
CR00045,2025,4,April,2025-04,18,0.0,18,0.0,Financial Modeling,Finance,Free,Advanced,0.0,6.36,1.59,8,16.424418604651162,4.2875,0.3546511627906977,2,1,0,24304
CR00045,2025,5,May,2025-05,9,0.0,9,0.0,Financial Modeling,Finance,Free,Advanced,0.0,6.36,1.59,8,16.424418604651162,4.2875,0.3546511627906977,2,0,0,24305
CR00045,2025,6,June,2025-06,16,0.0,16,0.0,Financial Modeling,Finance,Free,Advanced,0.0,6.36,1.59,8,16.424418604651162,4.2875,0.3546511627906977,2,0,1,24306
CR00045,2025,7,July,2025-07,18,0.0,18,0.0,Financial Modeling,Finance,Free,Advanced,0.0,6.36,1.59,8,16.424418604651162,4.2875,0.3546511627906977,3,1,0,24307
CR00045,2025,8,August,2025-08,12,0.0,12,0.0,Financial Modeling,Finance,Free,Advanced,0.0,6.36,1.59,8,16.424418604651162,4.2875,0.3546511627906977,3,0,0,24308
CR00045,2025,9,September,2025-09,15,0.0,15,0.0,Financial Modeling,Finance,Free,Advanced,0.0,6.36,1.59,8,16.424418604651162,4.2875,0.3546511627906977,3,0,1,24309
CR00045,2025,10,October,2025-10,15,0.0,15,0.0,Financial Modeling,Finance,Free,Advanced,0.0,6.36,1.59,8,16.424418604651162,4.2875,0.3546511627906977,4,1,0,24310
CR00045,2025,11,November,2025-11,14,0.0,14,0.0,Financial Modeling,Finance,Free,Advanced,0.0,6.36,1.59,8,16.424418604651162,4.2875,0.3546511627906977,4,0,0,24311
CR00045,2025,12,December,2025-12,12,0.0,12,0.0,Financial Modeling,Finance,Free,Advanced,0.0,6.36,1.59,8,16.424418604651162,4.2875,0.3546511627906977,4,0,1,24312
CR00046,2025,1,January,2025-01,12,2977.2,12,248.1,AI for Beginners,Artificial Intelligence,Paid,Beginner,248.1,9.4,1.2,8,16.514285714285716,4.051,0.34285714285714286,1,1,0,24301
CR00046,2025,2,February,2025-02,17,4217.7,17,248.1,AI for Beginners,Artificial Intelligence,Paid,Beginner,248.1,9.4,1.2,8,16.514285714285716,4.051,0.34285714285714286,1,0,0,24302
CR00046,2025,3,March,2025-03,13,3225.2999999999997,13,248.09999999999997,AI for Beginners,Artificial Intelligence,Paid,Beginner,248.1,9.4,1.2,8,16.514285714285716,4.051,0.34285714285714286,1,0,1,24303
CR00046,2025,4,April,2025-04,14,3473.4,14,248.1,AI for Beginners,Artificial Intelligence,Paid,Beginner,248.1,9.4,1.2,8,16.514285714285716,4.051,0.34285714285714286,2,1,0,24304
CR00046,2025,5,May,2025-05,14,3473.4,14,248.1,AI for Beginners,Artificial Intelligence,Paid,Beginner,248.1,9.4,1.2,8,16.514285714285716,4.051,0.34285714285714286,2,0,0,24305
CR00046,2025,6,June,2025-06,11,2729.1,11,248.1,AI for Beginners,Artificial Intelligence,Paid,Beginner,248.1,9.4,1.2,8,16.514285714285716,4.051,0.34285714285714286,2,0,1,24306
CR00046,2025,7,July,2025-07,8,1984.8,8,248.1,AI for Beginners,Artificial Intelligence,Paid,Beginner,248.1,9.4,1.2,8,16.514285714285716,4.051,0.34285714285714286,3,1,0,24307
CR00046,2025,8,August,2025-08,12,2977.2,12,248.1,AI for Beginners,Artificial Intelligence,Paid,Beginner,248.1,9.4,1.2,8,16.514285714285716,4.051,0.34285714285714286,3,0,0,24308
CR00046,2025,9,September,2025-09,9,2232.9,9,248.10000000000002,AI for Beginners,Artificial Intelligence,Paid,Beginner,248.1,9.4,1.2,8,16.514285714285716,4.051,0.34285714285714286,3,0,1,24309
CR00046,2025,10,October,2025-10,10,2481.0,10,248.1,AI for Beginners,Artificial Intelligence,Paid,Beginner,248.1,9.4,1.2,8,16.514285714285716,4.051,0.34285714285714286,4,1,0,24310
CR00046,2025,11,November,2025-11,14,3473.4,14,248.1,AI for Beginners,Artificial Intelligence,Paid,Beginner,248.1,9.4,1.2,8,16.514285714285716,4.051,0.34285714285714286,4,0,0,24311
CR00046,2025,12,December,2025-12,6,1488.6,6,248.1,AI for Beginners,Artificial Intelligence,Paid,Beginner,248.1,9.4,1.2,8,16.514285714285716,4.051,0.34285714285714286,4,0,1,24312
CR00047,2025,1,January,2025-01,18,1612.6200000000001,18,89.59,Natural Language Processing,Artificial Intelligence,Paid,Intermediate,89.59,1.55,2.68,8,15.265060240963855,3.9598795180722894,0.40963855421686746,1,1,0,24301
CR00047,2025,2,February,2025-02,15,1343.8500000000001,15,89.59,Natural Language Processing,Artificial Intelligence,Paid,Intermediate,89.59,1.55,2.68,8,15.265060240963855,3.9598795180722894,0.40963855421686746,1,0,0,24302
CR00047,2025,3,March,2025-03,17,1523.03,17,89.59,Natural Language Processing,Artificial Intelligence,Paid,Intermediate,89.59,1.55,2.68,8,15.265060240963855,3.9598795180722894,0.40963855421686746,1,0,1,24303
CR00047,2025,4,April,2025-04,9,806.3100000000001,9,89.59,Natural Language Processing,Artificial Intelligence,Paid,Intermediate,89.59,1.55,2.68,8,15.265060240963855,3.9598795180722894,0.40963855421686746,2,1,0,24304
CR00047,2025,5,May,2025-05,13,1164.67,13,89.59,Natural Language Processing,Artificial Intelligence,Paid,Intermediate,89.59,1.55,2.68,8,15.265060240963855,3.9598795180722894,0.40963855421686746,2,0,0,24305
CR00047,2025,6,June,2025-06,14,1254.26,14,89.59,Natural Language Processing,Artificial Intelligence,Paid,Intermediate,89.59,1.55,2.68,8,15.265060240963855,3.9598795180722894,0.40963855421686746,2,0,1,24306
CR00047,2025,7,July,2025-07,16,1433.44,16,89.59,Natural Language Processing,Artificial Intelligence,Paid,Intermediate,89.59,1.55,2.68,8,15.265060240963855,3.9598795180722894,0.40963855421686746,3,1,0,24307
CR00047,2025,8,August,2025-08,10,895.9000000000001,10,89.59,Natural Language Processing,Artificial Intelligence,Paid,Intermediate,89.59,1.55,2.68,8,15.265060240963855,3.9598795180722894,0.40963855421686746,3,0,0,24308
CR00047,2025,9,September,2025-09,10,895.9000000000001,10,89.59,Natural Language Processing,Artificial Intelligence,Paid,Intermediate,89.59,1.55,2.68,8,15.265060240963855,3.9598795180722894,0.40963855421686746,3,0,1,24309
CR00047,2025,10,October,2025-10,13,1164.67,13,89.59,Natural Language Processing,Artificial Intelligence,Paid,Intermediate,89.59,1.55,2.68,8,15.265060240963855,3.9598795180722894,0.40963855421686746,4,1,0,24310
CR00047,2025,11,November,2025-11,18,1612.6200000000001,18,89.59,Natural Language Processing,Artificial Intelligence,Paid,Intermediate,89.59,1.55,2.68,8,15.265060240963855,3.9598795180722894,0.40963855421686746,4,0,0,24311
CR00047,2025,12,December,2025-12,13,1164.67,13,89.59,Natural Language Processing,Artificial Intelligence,Paid,Intermediate,89.59,1.55,2.68,8,15.265060240963855,3.9598795180722894,0.40963855421686746,4,0,1,24312
CR00048,2025,1,January,2025-01,13,0.0,13,0.0,AI Ethics,Artificial Intelligence,Free,Beginner,0.0,42.7,3.64,8,15.844086021505376,4.057526881720429,0.3655913978494624,1,1,0,24301
CR00048,2025,2,February,2025-02,19,0.0,19,0.0,AI Ethics,Artificial Intelligence,Free,Beginner,0.0,42.7,3.64,8,15.844086021505376,4.057526881720429,0.3655913978494624,1,0,0,24302
CR00048,2025,3,March,2025-03,19,0.0,19,0.0,AI Ethics,Artificial Intelligence,Free,Beginner,0.0,42.7,3.64,8,15.844086021505376,4.057526881720429,0.3655913978494624,1,0,1,24303
CR00048,2025,4,April,2025-04,13,0.0,13,0.0,AI Ethics,Artificial Intelligence,Free,Beginner,0.0,42.7,3.64,8,15.844086021505376,4.057526881720429,0.3655913978494624,2,1,0,24304
CR00048,2025,5,May,2025-05,16,0.0,16,0.0,AI Ethics,Artificial Intelligence,Free,Beginner,0.0,42.7,3.64,8,15.844086021505376,4.057526881720429,0.3655913978494624,2,0,0,24305
CR00048,2025,6,June,2025-06,15,0.0,15,0.0,AI Ethics,Artificial Intelligence,Free,Beginner,0.0,42.7,3.64,8,15.844086021505376,4.057526881720429,0.3655913978494624,2,0,1,24306
CR00048,2025,7,July,2025-07,14,0.0,14,0.0,AI Ethics,Artificial Intelligence,Free,Beginner,0.0,42.7,3.64,8,15.844086021505376,4.057526881720429,0.3655913978494624,3,1,0,24307
CR00048,2025,8,August,2025-08,22,0.0,22,0.0,AI Ethics,Artificial Intelligence,Free,Beginner,0.0,42.7,3.64,8,15.844086021505376,4.057526881720429,0.3655913978494624,3,0,0,24308
CR00048,2025,9,September,2025-09,12,0.0,12,0.0,AI Ethics,Artificial Intelligence,Free,Beginner,0.0,42.7,3.64,8,15.844086021505376,4.057526881720429,0.3655913978494624,3,0,1,24309
CR00048,2025,10,October,2025-10,8,0.0,8,0.0,AI Ethics,Artificial Intelligence,Free,Beginner,0.0,42.7,3.64,8,15.844086021505376,4.057526881720429,0.3655913978494624,4,1,0,24310
CR00048,2025,11,November,2025-11,13,0.0,13,0.0,AI Ethics,Artificial Intelligence,Free,Beginner,0.0,42.7,3.64,8,15.844086021505376,4.057526881720429,0.3655913978494624,4,0,0,24311
CR00048,2025,12,December,2025-12,22,0.0,22,0.0,AI Ethics,Artificial Intelligence,Free,Beginner,0.0,42.7,3.64,8,15.844086021505376,4.057526881720429,0.3655913978494624,4,0,1,24312
CR00049,2025,1,January,2025-01,22,9141.22,22,415.51,Deep Learning,Artificial Intelligence,Paid,Intermediate,415.51,28.33,3.11,8,15.39877300613497,4.038711656441717,0.39263803680981596,1,1,0,24301
CR00049,2025,2,February,2025-02,11,4570.61,11,415.51,Deep Learning,Artificial Intelligence,Paid,Intermediate,415.51,28.33,3.11,8,15.39877300613497,4.038711656441717,0.39263803680981596,1,0,0,24302
CR00049,2025,3,March,2025-03,12,4986.12,12,415.51,Deep Learning,Artificial Intelligence,Paid,Intermediate,415.51,28.33,3.11,8,15.39877300613497,4.038711656441717,0.39263803680981596,1,0,1,24303
CR00049,2025,4,April,2025-04,10,4155.1,10,415.51000000000005,Deep Learning,Artificial Intelligence,Paid,Intermediate,415.51,28.33,3.11,8,15.39877300613497,4.038711656441717,0.39263803680981596,2,1,0,24304
CR00049,2025,5,May,2025-05,10,4155.1,10,415.51000000000005,Deep Learning,Artificial Intelligence,Paid,Intermediate,415.51,28.33,3.11,8,15.39877300613497,4.038711656441717,0.39263803680981596,2,0,0,24305
CR00049,2025,6,June,2025-06,13,5401.63,13,415.51,Deep Learning,Artificial Intelligence,Paid,Intermediate,415.51,28.33,3.11,8,15.39877300613497,4.038711656441717,0.39263803680981596,2,0,1,24306
CR00049,2025,7,July,2025-07,15,6232.65,15,415.51,Deep Learning,Artificial Intelligence,Paid,Intermediate,415.51,28.33,3.11,8,15.39877300613497,4.038711656441717,0.39263803680981596,3,1,0,24307
CR00049,2025,8,August,2025-08,11,4570.61,11,415.51,Deep Learning,Artificial Intelligence,Paid,Intermediate,415.51,28.33,3.11,8,15.39877300613497,4.038711656441717,0.39263803680981596,3,0,0,24308
CR00049,2025,9,September,2025-09,11,4570.61,11,415.51,Deep Learning,Artificial Intelligence,Paid,Intermediate,415.51,28.33,3.11,8,15.39877300613497,4.038711656441717,0.39263803680981596,3,0,1,24309
CR00049,2025,10,October,2025-10,15,6232.65,15,415.51,Deep Learning,Artificial Intelligence,Paid,Intermediate,415.51,28.33,3.11,8,15.39877300613497,4.038711656441717,0.39263803680981596,4,1,0,24310
CR00049,2025,11,November,2025-11,17,7063.67,17,415.51,Deep Learning,Artificial Intelligence,Paid,Intermediate,415.51,28.33,3.11,8,15.39877300613497,4.038711656441717,0.39263803680981596,4,0,0,24311
CR00049,2025,12,December,2025-12,16,6648.16,16,415.51,Deep Learning,Artificial Intelligence,Paid,Intermediate,415.51,28.33,3.11,8,15.39877300613497,4.038711656441717,0.39263803680981596,4,0,1,24312
CR00050,2025,1,January,2025-01,15,7363.5,15,490.9,Computer Vision,Artificial Intelligence,Paid,Beginner,490.9,7.55,4.55,8,15.21264367816092,3.9402873563218392,0.41379310344827586,1,1,0,24301
CR00050,2025,2,February,2025-02,19,9327.1,19,490.90000000000003,Computer Vision,Artificial Intelligence,Paid,Beginner,490.9,7.55,4.55,8,15.21264367816092,3.9402873563218392,0.41379310344827586,1,0,0,24302
CR00050,2025,3,March,2025-03,23,11290.699999999999,23,490.9,Computer Vision,Artificial Intelligence,Paid,Beginner,490.9,7.55,4.55,8,15.21264367816092,3.9402873563218392,0.41379310344827586,1,0,1,24303
CR00050,2025,4,April,2025-04,15,7363.5,15,490.9,Computer Vision,Artificial Intelligence,Paid,Beginner,490.9,7.55,4.55,8,15.21264367816092,3.9402873563218392,0.41379310344827586,2,1,0,24304
CR00050,2025,5,May,2025-05,10,4909.0,10,490.9,Computer Vision,Artificial Intelligence,Paid,Beginner,490.9,7.55,4.55,8,15.21264367816092,3.9402873563218392,0.41379310344827586,2,0,0,24305
CR00050,2025,6,June,2025-06,16,7854.4,16,490.9,Computer Vision,Artificial Intelligence,Paid,Beginner,490.9,7.55,4.55,8,15.21264367816092,3.9402873563218392,0.41379310344827586,2,0,1,24306
CR00050,2025,7,July,2025-07,13,6381.7,13,490.9,Computer Vision,Artificial Intelligence,Paid,Beginner,490.9,7.55,4.55,8,15.21264367816092,3.9402873563218392,0.41379310344827586,3,1,0,24307
CR00050,2025,8,August,2025-08,8,3927.2,8,490.9,Computer Vision,Artificial Intelligence,Paid,Beginner,490.9,7.55,4.55,8,15.21264367816092,3.9402873563218392,0.41379310344827586,3,0,0,24308
CR00050,2025,9,September,2025-09,12,5890.799999999999,12,490.8999999999999,Computer Vision,Artificial Intelligence,Paid,Beginner,490.9,7.55,4.55,8,15.21264367816092,3.9402873563218392,0.41379310344827586,3,0,1,24309
CR00050,2025,10,October,2025-10,13,6381.7,13,490.9,Computer Vision,Artificial Intelligence,Paid,Beginner,490.9,7.55,4.55,8,15.21264367816092,3.9402873563218392,0.41379310344827586,4,1,0,24310
CR00050,2025,11,November,2025-11,17,8345.3,17,490.9,Computer Vision,Artificial Intelligence,Paid,Beginner,490.9,7.55,4.55,8,15.21264367816092,3.9402873563218392,0.41379310344827586,4,0,0,24311
CR00050,2025,12,December,2025-12,13,6381.7,13,490.9,Computer Vision,Artificial Intelligence,Paid,Beginner,490.9,7.55,4.55,8,15.21264367816092,3.9402873563218392,0.41379310344827586,4,0,1,24312
CR00051,2025,1,January,2025-01,10,378.9,10,37.89,HTML & CSS,Web Development,Paid,Advanced,37.89,24.11,1.3,20,15.690058479532164,4.0678947368421055,0.29239766081871343,1,1,0,24301
CR00051,2025,2,February,2025-02,15,568.35,15,37.89,HTML & CSS,Web Development,Paid,Advanced,37.89,24.11,1.3,20,15.690058479532164,4.0678947368421055,0.29239766081871343,1,0,0,24302
CR00051,2025,3,March,2025-03,24,909.36,24,37.89,HTML & CSS,Web Development,Paid,Advanced,37.89,24.11,1.3,20,15.690058479532164,4.0678947368421055,0.29239766081871343,1,0,1,24303
CR00051,2025,4,April,2025-04,11,416.79,11,37.89,HTML & CSS,Web Development,Paid,Advanced,37.89,24.11,1.3,20,15.690058479532164,4.0678947368421055,0.29239766081871343,2,1,0,24304
CR00051,2025,5,May,2025-05,15,568.35,15,37.89,HTML & CSS,Web Development,Paid,Advanced,37.89,24.11,1.3,20,15.690058479532164,4.0678947368421055,0.29239766081871343,2,0,0,24305
CR00051,2025,6,June,2025-06,13,492.57,13,37.89,HTML & CSS,Web Development,Paid,Advanced,37.89,24.11,1.3,20,15.690058479532164,4.0678947368421055,0.29239766081871343,2,0,1,24306
CR00051,2025,7,July,2025-07,14,530.46,14,37.89,HTML & CSS,Web Development,Paid,Advanced,37.89,24.11,1.3,20,15.690058479532164,4.0678947368421055,0.29239766081871343,3,1,0,24307
CR00051,2025,8,August,2025-08,14,530.46,14,37.89,HTML & CSS,Web Development,Paid,Advanced,37.89,24.11,1.3,20,15.690058479532164,4.0678947368421055,0.29239766081871343,3,0,0,24308
CR00051,2025,9,September,2025-09,13,492.57,13,37.89,HTML & CSS,Web Development,Paid,Advanced,37.89,24.11,1.3,20,15.690058479532164,4.0678947368421055,0.29239766081871343,3,0,1,24309
CR00051,2025,10,October,2025-10,11,416.79,11,37.89,HTML & CSS,Web Development,Paid,Advanced,37.89,24.11,1.3,20,15.690058479532164,4.0678947368421055,0.29239766081871343,4,1,0,24310
CR00051,2025,11,November,2025-11,15,568.35,15,37.89,HTML & CSS,Web Development,Paid,Advanced,37.89,24.11,1.3,20,15.690058479532164,4.0678947368421055,0.29239766081871343,4,0,0,24311
CR00051,2025,12,December,2025-12,16,606.24,16,37.89,HTML & CSS,Web Development,Paid,Advanced,37.89,24.11,1.3,20,15.690058479532164,4.0678947368421055,0.29239766081871343,4,0,1,24312
CR00052,2025,1,January,2025-01,17,0.0,17,0.0,JavaScript Mastery,Web Development,Free,Beginner,0.0,40.76,2.2,15,15.2987012987013,4.05077922077922,0.35064935064935066,1,1,0,24301
CR00052,2025,2,February,2025-02,14,0.0,14,0.0,JavaScript Mastery,Web Development,Free,Beginner,0.0,40.76,2.2,15,15.2987012987013,4.05077922077922,0.35064935064935066,1,0,0,24302
CR00052,2025,3,March,2025-03,13,0.0,13,0.0,JavaScript Mastery,Web Development,Free,Beginner,0.0,40.76,2.2,15,15.2987012987013,4.05077922077922,0.35064935064935066,1,0,1,24303
CR00052,2025,4,April,2025-04,16,0.0,16,0.0,JavaScript Mastery,Web Development,Free,Beginner,0.0,40.76,2.2,15,15.2987012987013,4.05077922077922,0.35064935064935066,2,1,0,24304
CR00052,2025,5,May,2025-05,15,0.0,15,0.0,JavaScript Mastery,Web Development,Free,Beginner,0.0,40.76,2.2,15,15.2987012987013,4.05077922077922,0.35064935064935066,2,0,0,24305
CR00052,2025,6,June,2025-06,13,0.0,13,0.0,JavaScript Mastery,Web Development,Free,Beginner,0.0,40.76,2.2,15,15.2987012987013,4.05077922077922,0.35064935064935066,2,0,1,24306
CR00052,2025,7,July,2025-07,11,0.0,11,0.0,JavaScript Mastery,Web Development,Free,Beginner,0.0,40.76,2.2,15,15.2987012987013,4.05077922077922,0.35064935064935066,3,1,0,24307
CR00052,2025,8,August,2025-08,14,0.0,14,0.0,JavaScript Mastery,Web Development,Free,Beginner,0.0,40.76,2.2,15,15.2987012987013,4.05077922077922,0.35064935064935066,3,0,0,24308
CR00052,2025,9,September,2025-09,12,0.0,12,0.0,JavaScript Mastery,Web Development,Free,Beginner,0.0,40.76,2.2,15,15.2987012987013,4.05077922077922,0.35064935064935066,3,0,1,24309
CR00052,2025,10,October,2025-10,8,0.0,8,0.0,JavaScript Mastery,Web Development,Free,Beginner,0.0,40.76,2.2,15,15.2987012987013,4.05077922077922,0.35064935064935066,4,1,0,24310
CR00052,2025,11,November,2025-11,11,0.0,11,0.0,JavaScript Mastery,Web Development,Free,Beginner,0.0,40.76,2.2,15,15.2987012987013,4.05077922077922,0.35064935064935066,4,0,0,24311
CR00052,2025,12,December,2025-12,10,0.0,10,0.0,JavaScript Mastery,Web Development,Free,Beginner,0.0,40.76,2.2,15,15.2987012987013,4.05077922077922,0.35064935064935066,4,0,1,24312
CR00053,2025,1,January,2025-01,14,0.0,14,0.0,React for Beginners,Web Development,Free,Advanced,0.0,40.07,2.67,17,15.276073619631902,3.9677914110429446,0.34355828220858897,1,1,0,24301
CR00053,2025,2,February,2025-02,13,0.0,13,0.0,React for Beginners,Web Development,Free,Advanced,0.0,40.07,2.67,17,15.276073619631902,3.9677914110429446,0.34355828220858897,1,0,0,24302
CR00053,2025,3,March,2025-03,19,0.0,19,0.0,React for Beginners,Web Development,Free,Advanced,0.0,40.07,2.67,17,15.276073619631902,3.9677914110429446,0.34355828220858897,1,0,1,24303
CR00053,2025,4,April,2025-04,10,0.0,10,0.0,React for Beginners,Web Development,Free,Advanced,0.0,40.07,2.67,17,15.276073619631902,3.9677914110429446,0.34355828220858897,2,1,0,24304
CR00053,2025,5,May,2025-05,13,0.0,13,0.0,React for Beginners,Web Development,Free,Advanced,0.0,40.07,2.67,17,15.276073619631902,3.9677914110429446,0.34355828220858897,2,0,0,24305
CR00053,2025,6,June,2025-06,12,0.0,12,0.0,React for Beginners,Web Development,Free,Advanced,0.0,40.07,2.67,17,15.276073619631902,3.9677914110429446,0.34355828220858897,2,0,1,24306
CR00053,2025,7,July,2025-07,12,0.0,12,0.0,React for Beginners,Web Development,Free,Advanced,0.0,40.07,2.67,17,15.276073619631902,3.9677914110429446,0.34355828220858897,3,1,0,24307
CR00053,2025,8,August,2025-08,16,0.0,16,0.0,React for Beginners,Web Development,Free,Advanced,0.0,40.07,2.67,17,15.276073619631902,3.9677914110429446,0.34355828220858897,3,0,0,24308
CR00053,2025,9,September,2025-09,14,0.0,14,0.0,React for Beginners,Web Development,Free,Advanced,0.0,40.07,2.67,17,15.276073619631902,3.9677914110429446,0.34355828220858897,3,0,1,24309
CR00053,2025,10,October,2025-10,14,0.0,14,0.0,React for Beginners,Web Development,Free,Advanced,0.0,40.07,2.67,17,15.276073619631902,3.9677914110429446,0.34355828220858897,4,1,0,24310
CR00053,2025,11,November,2025-11,12,0.0,12,0.0,React for Beginners,Web Development,Free,Advanced,0.0,40.07,2.67,17,15.276073619631902,3.9677914110429446,0.34355828220858897,4,0,0,24311
CR00053,2025,12,December,2025-12,14,0.0,14,0.0,React for Beginners,Web Development,Free,Advanced,0.0,40.07,2.67,17,15.276073619631902,3.9677914110429446,0.34355828220858897,4,0,1,24312
CR00054,2025,1,January,2025-01,14,0.0,14,0.0,Backend Development with Node.js,Web Development,Free,Beginner,0.0,48.57,3.32,21,15.50561797752809,4.133089887640449,0.2808988764044944,1,1,0,24301
CR00054,2025,2,February,2025-02,11,0.0,11,0.0,Backend Development with Node.js,Web Development,Free,Beginner,0.0,48.57,3.32,21,15.50561797752809,4.133089887640449,0.2808988764044944,1,0,0,24302
CR00054,2025,3,March,2025-03,13,0.0,13,0.0,Backend Development with Node.js,Web Development,Free,Beginner,0.0,48.57,3.32,21,15.50561797752809,4.133089887640449,0.2808988764044944,1,0,1,24303
CR00054,2025,4,April,2025-04,16,0.0,16,0.0,Backend Development with Node.js,Web Development,Free,Beginner,0.0,48.57,3.32,21,15.50561797752809,4.133089887640449,0.2808988764044944,2,1,0,24304
CR00054,2025,5,May,2025-05,14,0.0,14,0.0,Backend Development with Node.js,Web Development,Free,Beginner,0.0,48.57,3.32,21,15.50561797752809,4.133089887640449,0.2808988764044944,2,0,0,24305
CR00054,2025,6,June,2025-06,14,0.0,14,0.0,Backend Development with Node.js,Web Development,Free,Beginner,0.0,48.57,3.32,21,15.50561797752809,4.133089887640449,0.2808988764044944,2,0,1,24306
CR00054,2025,7,July,2025-07,12,0.0,12,0.0,Backend Development with Node.js,Web Development,Free,Beginner,0.0,48.57,3.32,21,15.50561797752809,4.133089887640449,0.2808988764044944,3,1,0,24307
CR00054,2025,8,August,2025-08,18,0.0,18,0.0,Backend Development with Node.js,Web Development,Free,Beginner,0.0,48.57,3.32,21,15.50561797752809,4.133089887640449,0.2808988764044944,3,0,0,24308
CR00054,2025,9,September,2025-09,17,0.0,17,0.0,Backend Development with Node.js,Web Development,Free,Beginner,0.0,48.57,3.32,21,15.50561797752809,4.133089887640449,0.2808988764044944,3,0,1,24309
CR00054,2025,10,October,2025-10,16,0.0,16,0.0,Backend Development with Node.js,Web Development,Free,Beginner,0.0,48.57,3.32,21,15.50561797752809,4.133089887640449,0.2808988764044944,4,1,0,24310
CR00054,2025,11,November,2025-11,16,0.0,16,0.0,Backend Development with Node.js,Web Development,Free,Beginner,0.0,48.57,3.32,21,15.50561797752809,4.133089887640449,0.2808988764044944,4,0,0,24311
CR00054,2025,12,December,2025-12,17,0.0,17,0.0,Backend Development with Node.js,Web Development,Free,Beginner,0.0,48.57,3.32,21,15.50561797752809,4.133089887640449,0.2808988764044944,4,0,1,24312
CR00055,2025,1,January,2025-01,14,802.48,14,57.32,Full-Stack Web Development,Web Development,Paid,Advanced,57.32,43.95,4.74,18,16.03370786516854,4.106179775280899,0.2696629213483146,1,1,0,24301
CR00055,2025,2,February,2025-02,10,573.2,10,57.32000000000001,Full-Stack Web Development,Web Development,Paid,Advanced,57.32,43.95,4.74,18,16.03370786516854,4.106179775280899,0.2696629213483146,1,0,0,24302
CR00055,2025,3,March,2025-03,15,859.8,15,57.32,Full-Stack Web Development,Web Development,Paid,Advanced,57.32,43.95,4.74,18,16.03370786516854,4.106179775280899,0.2696629213483146,1,0,1,24303
CR00055,2025,4,April,2025-04,14,802.48,14,57.32,Full-Stack Web Development,Web Development,Paid,Advanced,57.32,43.95,4.74,18,16.03370786516854,4.106179775280899,0.2696629213483146,2,1,0,24304
CR00055,2025,5,May,2025-05,15,859.8,15,57.32,Full-Stack Web Development,Web Development,Paid,Advanced,57.32,43.95,4.74,18,16.03370786516854,4.106179775280899,0.2696629213483146,2,0,0,24305
CR00055,2025,6,June,2025-06,22,1261.04,22,57.32,Full-Stack Web Development,Web Development,Paid,Advanced,57.32,43.95,4.74,18,16.03370786516854,4.106179775280899,0.2696629213483146,2,0,1,24306
CR00055,2025,7,July,2025-07,10,573.2,10,57.32000000000001,Full-Stack Web Development,Web Development,Paid,Advanced,57.32,43.95,4.74,18,16.03370786516854,4.106179775280899,0.2696629213483146,3,1,0,24307
CR00055,2025,8,August,2025-08,14,802.48,14,57.32,Full-Stack Web Development,Web Development,Paid,Advanced,57.32,43.95,4.74,18,16.03370786516854,4.106179775280899,0.2696629213483146,3,0,0,24308
CR00055,2025,9,September,2025-09,18,1031.76,18,57.32,Full-Stack Web Development,Web Development,Paid,Advanced,57.32,43.95,4.74,18,16.03370786516854,4.106179775280899,0.2696629213483146,3,0,1,24309
CR00055,2025,10,October,2025-10,13,745.16,13,57.32,Full-Stack Web Development,Web Development,Paid,Advanced,57.32,43.95,4.74,18,16.03370786516854,4.106179775280899,0.2696629213483146,4,1,0,24310
CR00055,2025,11,November,2025-11,13,745.16,13,57.32,Full-Stack Web Development,Web Development,Paid,Advanced,57.32,43.95,4.74,18,16.03370786516854,4.106179775280899,0.2696629213483146,4,0,0,24311
CR00055,2025,12,December,2025-12,20,1146.4,20,57.32000000000001,Full-Stack Web Development,Web Development,Paid,Advanced,57.32,43.95,4.74,18,16.03370786516854,4.106179775280899,0.2696629213483146,4,0,1,24312
CR00056,2025,1,January,2025-01,14,2973.46,14,212.39000000000001,Google Ads Mastery,Digital Marketing,Paid,Advanced,212.39,22.89,3.15,13,15.783783783783784,4.199391891891892,0.39864864864864863,1,1,0,24301
CR00056,2025,2,February,2025-02,8,1699.12,8,212.39,Google Ads Mastery,Digital Marketing,Paid,Advanced,212.39,22.89,3.15,13,15.783783783783784,4.199391891891892,0.39864864864864863,1,0,0,24302
CR00056,2025,3,March,2025-03,16,3398.24,16,212.39,Google Ads Mastery,Digital Marketing,Paid,Advanced,212.39,22.89,3.15,13,15.783783783783784,4.199391891891892,0.39864864864864863,1,0,1,24303
CR00056,2025,4,April,2025-04,12,2548.68,12,212.39,Google Ads Mastery,Digital Marketing,Paid,Advanced,212.39,22.89,3.15,13,15.783783783783784,4.199391891891892,0.39864864864864863,2,1,0,24304
CR00056,2025,5,May,2025-05,13,2761.0699999999997,13,212.39,Google Ads Mastery,Digital Marketing,Paid,Advanced,212.39,22.89,3.15,13,15.783783783783784,4.199391891891892,0.39864864864864863,2,0,0,24305
CR00056,2025,6,June,2025-06,19,4035.41,19,212.39,Google Ads Mastery,Digital Marketing,Paid,Advanced,212.39,22.89,3.15,13,15.783783783783784,4.199391891891892,0.39864864864864863,2,0,1,24306
CR00056,2025,7,July,2025-07,14,2973.46,14,212.39000000000001,Google Ads Mastery,Digital Marketing,Paid,Advanced,212.39,22.89,3.15,13,15.783783783783784,4.199391891891892,0.39864864864864863,3,1,0,24307
CR00056,2025,8,August,2025-08,7,1486.73,7,212.39000000000001,Google Ads Mastery,Digital Marketing,Paid,Advanced,212.39,22.89,3.15,13,15.783783783783784,4.199391891891892,0.39864864864864863,3,0,0,24308
CR00056,2025,9,September,2025-09,12,2548.68,12,212.39,Google Ads Mastery,Digital Marketing,Paid,Advanced,212.39,22.89,3.15,13,15.783783783783784,4.199391891891892,0.39864864864864863,3,0,1,24309
CR00056,2025,10,October,2025-10,11,2336.29,11,212.39,Google Ads Mastery,Digital Marketing,Paid,Advanced,212.39,22.89,3.15,13,15.783783783783784,4.199391891891892,0.39864864864864863,4,1,0,24310
CR00056,2025,11,November,2025-11,15,3185.85,15,212.39,Google Ads Mastery,Digital Marketing,Paid,Advanced,212.39,22.89,3.15,13,15.783783783783784,4.199391891891892,0.39864864864864863,4,0,0,24311
CR00056,2025,12,December,2025-12,7,1486.73,7,212.39000000000001,Google Ads Mastery,Digital Marketing,Paid,Advanced,212.39,22.89,3.15,13,15.783783783783784,4.199391891891892,0.39864864864864863,4,0,1,24312
CR00057,2025,1,January,2025-01,16,2837.44,16,177.34,SEO for E-commerce,Digital Marketing,Paid,Advanced,177.34,49.73,3.89,13,15.321428571428571,4.0996428571428565,0.4142857142857143,1,1,0,24301
CR00057,2025,2,February,2025-02,9,1596.06,9,177.34,SEO for E-commerce,Digital Marketing,Paid,Advanced,177.34,49.73,3.89,13,15.321428571428571,4.0996428571428565,0.4142857142857143,1,0,0,24302
CR00057,2025,3,March,2025-03,8,1418.72,8,177.34,SEO for E-commerce,Digital Marketing,Paid,Advanced,177.34,49.73,3.89,13,15.321428571428571,4.0996428571428565,0.4142857142857143,1,0,1,24303
CR00057,2025,4,April,2025-04,14,2482.76,14,177.34,SEO for E-commerce,Digital Marketing,Paid,Advanced,177.34,49.73,3.89,13,15.321428571428571,4.0996428571428565,0.4142857142857143,2,1,0,24304
CR00057,2025,5,May,2025-05,14,2482.76,14,177.34,SEO for E-commerce,Digital Marketing,Paid,Advanced,177.34,49.73,3.89,13,15.321428571428571,4.0996428571428565,0.4142857142857143,2,0,0,24305
CR00057,2025,6,June,2025-06,18,3192.12,18,177.34,SEO for E-commerce,Digital Marketing,Paid,Advanced,177.34,49.73,3.89,13,15.321428571428571,4.0996428571428565,0.4142857142857143,2,0,1,24306
CR00057,2025,7,July,2025-07,13,2305.42,13,177.34,SEO for E-commerce,Digital Marketing,Paid,Advanced,177.34,49.73,3.89,13,15.321428571428571,4.0996428571428565,0.4142857142857143,3,1,0,24307
CR00057,2025,8,August,2025-08,12,2128.08,12,177.34,SEO for E-commerce,Digital Marketing,Paid,Advanced,177.34,49.73,3.89,13,15.321428571428571,4.0996428571428565,0.4142857142857143,3,0,0,24308
CR00057,2025,9,September,2025-09,14,2482.76,14,177.34,SEO for E-commerce,Digital Marketing,Paid,Advanced,177.34,49.73,3.89,13,15.321428571428571,4.0996428571428565,0.4142857142857143,3,0,1,24309
CR00057,2025,10,October,2025-10,4,709.36,4,177.34,SEO for E-commerce,Digital Marketing,Paid,Advanced,177.34,49.73,3.89,13,15.321428571428571,4.0996428571428565,0.4142857142857143,4,1,0,24310
CR00057,2025,11,November,2025-11,12,2128.08,12,177.34,SEO for E-commerce,Digital Marketing,Paid,Advanced,177.34,49.73,3.89,13,15.321428571428571,4.0996428571428565,0.4142857142857143,4,0,0,24311
CR00057,2025,12,December,2025-12,6,1064.04,6,177.34,SEO for E-commerce,Digital Marketing,Paid,Advanced,177.34,49.73,3.89,13,15.321428571428571,4.0996428571428565,0.4142857142857143,4,0,1,24312
CR00058,2025,1,January,2025-01,15,0.0,15,0.0,Social Media Strategy,Digital Marketing,Free,Beginner,0.0,1.46,4.44,13,16.242268041237114,4.192474226804124,0.3711340206185567,1,1,0,24301
CR00058,2025,2,February,2025-02,15,0.0,15,0.0,Social Media Strategy,Digital Marketing,Free,Beginner,0.0,1.46,4.44,13,16.242268041237114,4.192474226804124,0.3711340206185567,1,0,0,24302
CR00058,2025,3,March,2025-03,16,0.0,16,0.0,Social Media Strategy,Digital Marketing,Free,Beginner,0.0,1.46,4.44,13,16.242268041237114,4.192474226804124,0.3711340206185567,1,0,1,24303
CR00058,2025,4,April,2025-04,19,0.0,19,0.0,Social Media Strategy,Digital Marketing,Free,Beginner,0.0,1.46,4.44,13,16.242268041237114,4.192474226804124,0.3711340206185567,2,1,0,24304
CR00058,2025,5,May,2025-05,12,0.0,12,0.0,Social Media Strategy,Digital Marketing,Free,Beginner,0.0,1.46,4.44,13,16.242268041237114,4.192474226804124,0.3711340206185567,2,0,0,24305
CR00058,2025,6,June,2025-06,17,0.0,17,0.0,Social Media Strategy,Digital Marketing,Free,Beginner,0.0,1.46,4.44,13,16.242268041237114,4.192474226804124,0.3711340206185567,2,0,1,24306
CR00058,2025,7,July,2025-07,10,0.0,10,0.0,Social Media Strategy,Digital Marketing,Free,Beginner,0.0,1.46,4.44,13,16.242268041237114,4.192474226804124,0.3711340206185567,3,1,0,24307
CR00058,2025,8,August,2025-08,19,0.0,19,0.0,Social Media Strategy,Digital Marketing,Free,Beginner,0.0,1.46,4.44,13,16.242268041237114,4.192474226804124,0.3711340206185567,3,0,0,24308
CR00058,2025,9,September,2025-09,17,0.0,17,0.0,Social Media Strategy,Digital Marketing,Free,Beginner,0.0,1.46,4.44,13,16.242268041237114,4.192474226804124,0.3711340206185567,3,0,1,24309
CR00058,2025,10,October,2025-10,18,0.0,18,0.0,Social Media Strategy,Digital Marketing,Free,Beginner,0.0,1.46,4.44,13,16.242268041237114,4.192474226804124,0.3711340206185567,4,1,0,24310
CR00058,2025,11,November,2025-11,23,0.0,23,0.0,Social Media Strategy,Digital Marketing,Free,Beginner,0.0,1.46,4.44,13,16.242268041237114,4.192474226804124,0.3711340206185567,4,0,0,24311
CR00058,2025,12,December,2025-12,13,0.0,13,0.0,Social Media Strategy,Digital Marketing,Free,Beginner,0.0,1.46,4.44,13,16.242268041237114,4.192474226804124,0.3711340206185567,4,0,1,24312
CR00059,2025,1,January,2025-01,14,0.0,14,0.0,Affiliate Marketing,Digital Marketing,Free,Intermediate,0.0,5.95,4.66,12,14.73913043478261,3.9988198757763973,0.453416149068323,1,1,0,24301
CR00059,2025,2,February,2025-02,17,0.0,17,0.0,Affiliate Marketing,Digital Marketing,Free,Intermediate,0.0,5.95,4.66,12,14.73913043478261,3.9988198757763973,0.453416149068323,1,0,0,24302
CR00059,2025,3,March,2025-03,25,0.0,25,0.0,Affiliate Marketing,Digital Marketing,Free,Intermediate,0.0,5.95,4.66,12,14.73913043478261,3.9988198757763973,0.453416149068323,1,0,1,24303
CR00059,2025,4,April,2025-04,12,0.0,12,0.0,Affiliate Marketing,Digital Marketing,Free,Intermediate,0.0,5.95,4.66,12,14.73913043478261,3.9988198757763973,0.453416149068323,2,1,0,24304
CR00059,2025,5,May,2025-05,12,0.0,12,0.0,Affiliate Marketing,Digital Marketing,Free,Intermediate,0.0,5.95,4.66,12,14.73913043478261,3.9988198757763973,0.453416149068323,2,0,0,24305
CR00059,2025,6,June,2025-06,11,0.0,11,0.0,Affiliate Marketing,Digital Marketing,Free,Intermediate,0.0,5.95,4.66,12,14.73913043478261,3.9988198757763973,0.453416149068323,2,0,1,24306
CR00059,2025,7,July,2025-07,9,0.0,9,0.0,Affiliate Marketing,Digital Marketing,Free,Intermediate,0.0,5.95,4.66,12,14.73913043478261,3.9988198757763973,0.453416149068323,3,1,0,24307
CR00059,2025,8,August,2025-08,19,0.0,19,0.0,Affiliate Marketing,Digital Marketing,Free,Intermediate,0.0,5.95,4.66,12,14.73913043478261,3.9988198757763973,0.453416149068323,3,0,0,24308
CR00059,2025,9,September,2025-09,13,0.0,13,0.0,Affiliate Marketing,Digital Marketing,Free,Intermediate,0.0,5.95,4.66,12,14.73913043478261,3.9988198757763973,0.453416149068323,3,0,1,24309
CR00059,2025,10,October,2025-10,4,0.0,4,0.0,Affiliate Marketing,Digital Marketing,Free,Intermediate,0.0,5.95,4.66,12,14.73913043478261,3.9988198757763973,0.453416149068323,4,1,0,24310
CR00059,2025,11,November,2025-11,13,0.0,13,0.0,Affiliate Marketing,Digital Marketing,Free,Intermediate,0.0,5.95,4.66,12,14.73913043478261,3.9988198757763973,0.453416149068323,4,0,0,24311
CR00059,2025,12,December,2025-12,12,0.0,12,0.0,Affiliate Marketing,Digital Marketing,Free,Intermediate,0.0,5.95,4.66,12,14.73913043478261,3.9988198757763973,0.453416149068323,4,0,1,24312
CR00060,2025,1,January,2025-01,6,0.0,6,0.0,Content Creation,Digital Marketing,Free,Beginner,0.0,8.95,2.14,13,15.915151515151516,4.096,0.37575757575757573,1,1,0,24301
CR00060,2025,2,February,2025-02,20,0.0,20,0.0,Content Creation,Digital Marketing,Free,Beginner,0.0,8.95,2.14,13,15.915151515151516,4.096,0.37575757575757573,1,0,0,24302
CR00060,2025,3,March,2025-03,13,0.0,13,0.0,Content Creation,Digital Marketing,Free,Beginner,0.0,8.95,2.14,13,15.915151515151516,4.096,0.37575757575757573,1,0,1,24303
CR00060,2025,4,April,2025-04,11,0.0,11,0.0,Content Creation,Digital Marketing,Free,Beginner,0.0,8.95,2.14,13,15.915151515151516,4.096,0.37575757575757573,2,1,0,24304
CR00060,2025,5,May,2025-05,11,0.0,11,0.0,Content Creation,Digital Marketing,Free,Beginner,0.0,8.95,2.14,13,15.915151515151516,4.096,0.37575757575757573,2,0,0,24305
CR00060,2025,6,June,2025-06,19,0.0,19,0.0,Content Creation,Digital Marketing,Free,Beginner,0.0,8.95,2.14,13,15.915151515151516,4.096,0.37575757575757573,2,0,1,24306
CR00060,2025,7,July,2025-07,11,0.0,11,0.0,Content Creation,Digital Marketing,Free,Beginner,0.0,8.95,2.14,13,15.915151515151516,4.096,0.37575757575757573,3,1,0,24307
CR00060,2025,8,August,2025-08,13,0.0,13,0.0,Content Creation,Digital Marketing,Free,Beginner,0.0,8.95,2.14,13,15.915151515151516,4.096,0.37575757575757573,3,0,0,24308
CR00060,2025,9,September,2025-09,13,0.0,13,0.0,Content Creation,Digital Marketing,Free,Beginner,0.0,8.95,2.14,13,15.915151515151516,4.096,0.37575757575757573,3,0,1,24309
CR00060,2025,10,October,2025-10,15,0.0,15,0.0,Content Creation,Digital Marketing,Free,Beginner,0.0,8.95,2.14,13,15.915151515151516,4.096,0.37575757575757573,4,1,0,24310
CR00060,2025,11,November,2025-11,12,0.0,12,0.0,Content Creation,Digital Marketing,Free,Beginner,0.0,8.95,2.14,13,15.915151515151516,4.096,0.37575757575757573,4,0,0,24311
CR00060,2025,12,December,2025-12,21,0.0,21,0.0,Content Creation,Digital Marketing,Free,Beginner,0.0,8.95,2.14,13,15.915151515151516,4.096,0.37575757575757573,4,0,1,24312
